YEAR,QUARTER,ORIGIN,DEST,OPERATING_CARRIER,PASSENGERS,MARKET_FARE
2025,2,FLL,LGA,NK,1.0,4.68
2025,2,FLL,LGA,NK,1.0,5.53
2025,2,FLL,LGA,NK,1.0,16.0
2025,2,FLL,LGA,NK,1.0,19.6
2025,2,FLL,LGA,NK,1.0,21.0
2025,2,FLL,LGA,NK,1.0,21.5
2025,2,FLL,LGA,NK,1.0,23.0
2025,2,FLL,LGA,NK,1.0,23.5
2025,2,FLL,LGA,NK,1.0,23.94
2025,2,FLL,LGA,NK,1.0,25.0
2025,2,FLL,LGA,NK,1.0,25.5
2025,2,FLL,LGA,NK,1.0,26.0
2025,2,FLL,LGA,NK,1.0,27.0
2025,2,FLL,LGA,NK,1.0,27.5
2025,2,FLL,LGA,NK,1.0,28.0
2025,2,FLL,LGA,NK,1.0,28.5
2025,2,FLL,LGA,NK,1.0,28.5
2025,2,FLL,LGA,NK,1.0,30.0
2025,2,FLL,LGA,NK,1.0,30.0
2025,2,FLL,LGA,NK,1.0,31.0
2025,2,FLL,LGA,NK,1.0,31.63
2025,2,FLL,LGA,NK,1.0,32.0
2025,2,FLL,LGA,NK,1.0,32.5
2025,2,FLL,LGA,NK,1.0,32.67
2025,2,FLL,LGA,NK,1.0,33.0
2025,2,FLL,LGA,NK,1.0,33.5
2025,2,FLL,LGA,NK,1.0,34.0
2025,2,FLL,LGA,NK,1.0,35.0
2025,2,FLL,LGA,NK,1.0,35.18
2025,2,FLL,LGA,NK,1.0,36.0
2025,2,FLL,LGA,NK,1.0,36.5
2025,2,FLL,LGA,NK,1.0,37.0
2025,2,FLL,LGA,NK,1.0,37.0
2025,2,FLL,LGA,NK,1.0,39.0
2025,2,FLL,LGA,NK,1.0,40.0
2025,2,FLL,LGA,NK,1.0,40.44
2025,2,FLL,LGA,NK,1.0,40.71
2025,2,FLL,LGA,NK,1.0,40.86
2025,2,FLL,LGA,NK,1.0,40.96
2025,2,FLL,LGA,NK,1.0,41.5
2025,2,FLL,LGA,NK,1.0,42.0
2025,2,FLL,LGA,NK,1.0,42.0
2025,2,FLL,LGA,NK,1.0,42.14
2025,2,FLL,LGA,NK,1.0,43.72
2025,2,FLL,LGA,NK,1.0,44.73
2025,2,FLL,LGA,NK,1.0,45.0
2025,2,FLL,LGA,NK,1.0,45.08
2025,2,FLL,LGA,NK,1.0,47.5
2025,2,FLL,LGA,NK,1.0,47.74
2025,2,FLL,LGA,NK,1.0,48.14
2025,2,FLL,LGA,NK,1.0,48.64
2025,2,FLL,LGA,NK,1.0,49.5
2025,2,FLL,LGA,NK,1.0,50.5
2025,2,FLL,LGA,NK,1.0,50.5
2025,2,FLL,LGA,NK,1.0,50.66
2025,2,FLL,LGA,NK,1.0,52.02
2025,2,FLL,LGA,NK,1.0,55.0
2025,2,FLL,LGA,NK,1.0,55.16
2025,2,FLL,LGA,NK,1.0,55.48
2025,2,FLL,LGA,NK,1.0,56.0
2025,2,FLL,LGA,NK,1.0,57.8
2025,2,FLL,LGA,NK,1.0,58.21
2025,2,FLL,LGA,NK,1.0,60.93
2025,2,FLL,LGA,NK,1.0,61.67
2025,2,FLL,LGA,NK,1.0,62.0
2025,2,FLL,LGA,NK,1.0,62.03
2025,2,FLL,LGA,NK,1.0,62.42
2025,2,FLL,LGA,NK,1.0,62.5
2025,2,FLL,LGA,NK,1.0,62.5
2025,2,FLL,LGA,NK,1.0,63.27
2025,2,FLL,LGA,NK,1.0,63.41
2025,2,FLL,LGA,NK,1.0,63.56
2025,2,FLL,LGA,NK,1.0,64.23
2025,2,FLL,LGA,NK,1.0,64.5
2025,2,FLL,LGA,NK,1.0,64.5
2025,2,FLL,LGA,NK,1.0,64.79
2025,2,FLL,LGA,NK,1.0,66.5
2025,2,FLL,LGA,NK,1.0,67.0
2025,2,FLL,LGA,NK,1.0,67.0
2025,2,FLL,LGA,NK,1.0,67.0
2025,2,FLL,LGA,NK,1.0,67.37
2025,2,FLL,LGA,NK,1.0,67.87
2025,2,FLL,LGA,NK,1.0,68.36
2025,2,FLL,LGA,NK,1.0,68.85
2025,2,FLL,LGA,NK,1.0,70.09
2025,2,FLL,LGA,NK,1.0,71.0
2025,2,FLL,LGA,NK,1.0,71.0
2025,2,FLL,LGA,NK,1.0,71.0
2025,2,FLL,LGA,NK,1.0,71.0
2025,2,FLL,LGA,NK,1.0,71.53
2025,2,FLL,LGA,NK,1.0,72.0
2025,2,FLL,LGA,NK,1.0,72.0
2025,2,FLL,LGA,NK,1.0,72.31
2025,2,FLL,LGA,NK,1.0,72.35
2025,2,FLL,LGA,NK,1.0,72.78
2025,2,FLL,LGA,NK,1.0,73.0
2025,2,FLL,LGA,NK,1.0,74.0
2025,2,FLL,LGA,NK,1.0,74.38
2025,2,FLL,LGA,NK,1.0,74.8
2025,2,FLL,LGA,NK,1.0,75.0
2025,2,FLL,LGA,NK,1.0,75.0
2025,2,FLL,LGA,NK,1.0,75.44
2025,2,FLL,LGA,NK,1.0,76.24
2025,2,FLL,LGA,NK,1.0,77.0
2025,2,FLL,LGA,NK,1.0,77.0
2025,2,FLL,LGA,NK,1.0,77.32
2025,2,FLL,LGA,NK,1.0,77.5
2025,2,FLL,LGA,NK,1.0,77.69
2025,2,FLL,LGA,NK,1.0,79.5
2025,2,FLL,LGA,NK,1.0,79.5
2025,2,FLL,LGA,NK,1.0,80.0
2025,2,FLL,LGA,NK,1.0,80.5
2025,2,FLL,LGA,NK,1.0,81.92
2025,2,FLL,LGA,NK,1.0,82.5
2025,2,FLL,LGA,NK,1.0,83.1
2025,2,FLL,LGA,NK,1.0,83.34
2025,2,FLL,LGA,NK,1.0,83.93
2025,2,FLL,LGA,NK,1.0,84.09
2025,2,FLL,LGA,NK,1.0,85.26
2025,2,FLL,LGA,NK,1.0,85.7
2025,2,FLL,LGA,NK,1.0,86.0
2025,2,FLL,LGA,NK,1.0,86.47
2025,2,FLL,LGA,NK,1.0,86.7
2025,2,FLL,LGA,NK,1.0,88.0
2025,2,FLL,LGA,NK,1.0,88.39
2025,2,FLL,LGA,NK,1.0,89.5
2025,2,FLL,LGA,NK,1.0,89.83
2025,2,FLL,LGA,NK,1.0,90.5
2025,2,FLL,LGA,NK,1.0,91.0
2025,2,FLL,LGA,NK,1.0,92.0
2025,2,FLL,LGA,NK,1.0,92.5
2025,2,FLL,LGA,NK,1.0,92.57
2025,2,FLL,LGA,NK,1.0,93.0
2025,2,FLL,LGA,NK,1.0,93.0
2025,2,FLL,LGA,NK,1.0,94.48
2025,2,FLL,LGA,NK,1.0,95.0
2025,2,FLL,LGA,NK,1.0,95.19
2025,2,FLL,LGA,NK,1.0,95.5
2025,2,FLL,LGA,NK,1.0,95.54
2025,2,FLL,LGA,NK,1.0,97.0
2025,2,FLL,LGA,NK,1.0,97.5
2025,2,FLL,LGA,NK,1.0,97.5
2025,2,FLL,LGA,NK,1.0,97.69
2025,2,FLL,LGA,NK,1.0,98.0
2025,2,FLL,LGA,NK,1.0,98.5
2025,2,FLL,LGA,NK,1.0,99.45
2025,2,FLL,LGA,NK,1.0,99.51
2025,2,FLL,LGA,NK,1.0,100.0
2025,2,FLL,LGA,NK,1.0,101.0
2025,2,FLL,LGA,NK,1.0,101.0
2025,2,FLL,LGA,NK,1.0,101.0
2025,2,FLL,LGA,NK,1.0,101.52
2025,2,FLL,LGA,NK,1.0,102.0
2025,2,FLL,LGA,NK,1.0,102.0
2025,2,FLL,LGA,NK,1.0,102.0
2025,2,FLL,LGA,NK,1.0,102.02
2025,2,FLL,LGA,NK,1.0,103.53
2025,2,FLL,LGA,NK,1.0,105.0
2025,2,FLL,LGA,NK,1.0,105.0
2025,2,FLL,LGA,NK,1.0,105.0
2025,2,FLL,LGA,NK,1.0,105.11
2025,2,FLL,LGA,NK,1.0,105.22
2025,2,FLL,LGA,NK,1.0,106.0
2025,2,FLL,LGA,NK,1.0,106.5
2025,2,FLL,LGA,NK,1.0,107.0
2025,2,FLL,LGA,NK,1.0,107.5
2025,2,FLL,LGA,NK,1.0,107.57
2025,2,FLL,LGA,NK,1.0,108.5
2025,2,FLL,LGA,NK,1.0,108.5
2025,2,FLL,LGA,NK,1.0,110.0
2025,2,FLL,LGA,NK,1.0,110.0
2025,2,FLL,LGA,NK,1.0,110.0
2025,2,FLL,LGA,NK,1.0,112.0
2025,2,FLL,LGA,NK,1.0,112.5
2025,2,FLL,LGA,NK,1.0,113.5
2025,2,FLL,LGA,NK,1.0,113.73
2025,2,FLL,LGA,NK,1.0,116.0
2025,2,FLL,LGA,NK,1.0,116.0
2025,2,FLL,LGA,NK,1.0,116.5
2025,2,FLL,LGA,NK,1.0,117.0
2025,2,FLL,LGA,NK,1.0,117.0
2025,2,FLL,LGA,NK,1.0,117.24
2025,2,FLL,LGA,NK,1.0,117.5
2025,2,FLL,LGA,NK,1.0,117.5
2025,2,FLL,LGA,NK,1.0,117.54
2025,2,FLL,LGA,NK,1.0,118.0
2025,2,FLL,LGA,NK,1.0,118.0
2025,2,FLL,LGA,NK,1.0,119.5
2025,2,FLL,LGA,NK,1.0,120.0
2025,2,FLL,LGA,NK,1.0,120.5
2025,2,FLL,LGA,NK,1.0,121.0
2025,2,FLL,LGA,NK,1.0,121.0
2025,2,FLL,LGA,NK,1.0,121.62
2025,2,FLL,LGA,NK,1.0,122.5
2025,2,FLL,LGA,NK,1.0,122.5
2025,2,FLL,LGA,NK,1.0,123.0
2025,2,FLL,LGA,NK,1.0,123.0
2025,2,FLL,LGA,NK,1.0,124.5
2025,2,FLL,LGA,NK,1.0,124.52
2025,2,FLL,LGA,NK,1.0,125.5
2025,2,FLL,LGA,NK,1.0,125.83
2025,2,FLL,LGA,NK,1.0,126.0
2025,2,FLL,LGA,NK,1.0,127.0
2025,2,FLL,LGA,NK,1.0,127.5
2025,2,FLL,LGA,NK,1.0,127.51
2025,2,FLL,LGA,NK,1.0,128.18
2025,2,FLL,LGA,NK,1.0,128.5
2025,2,FLL,LGA,NK,1.0,130.0
2025,2,FLL,LGA,NK,1.0,130.5
2025,2,FLL,LGA,NK,1.0,131.17
2025,2,FLL,LGA,NK,1.0,132.0
2025,2,FLL,LGA,NK,1.0,132.06
2025,2,FLL,LGA,NK,1.0,132.18
2025,2,FLL,LGA,NK,1.0,132.5
2025,2,FLL,LGA,NK,1.0,133.01
2025,2,FLL,LGA,NK,1.0,133.5
2025,2,FLL,LGA,NK,1.0,134.0
2025,2,FLL,LGA,NK,1.0,134.5
2025,2,FLL,LGA,NK,1.0,134.5
2025,2,FLL,LGA,NK,1.0,135.5
2025,2,FLL,LGA,NK,1.0,136.0
2025,2,FLL,LGA,NK,1.0,137.0
2025,2,FLL,LGA,NK,1.0,137.0
2025,2,FLL,LGA,NK,1.0,137.0
2025,2,FLL,LGA,NK,1.0,138.0
2025,2,FLL,LGA,NK,1.0,138.0
2025,2,FLL,LGA,NK,1.0,138.42
2025,2,FLL,LGA,NK,1.0,138.5
2025,2,FLL,LGA,NK,1.0,138.71
2025,2,FLL,LGA,NK,1.0,139.0
2025,2,FLL,LGA,NK,1.0,139.02
2025,2,FLL,LGA,NK,1.0,139.5
2025,2,FLL,LGA,NK,1.0,139.7
2025,2,FLL,LGA,NK,1.0,139.71
2025,2,FLL,LGA,NK,1.0,141.0
2025,2,FLL,LGA,NK,1.0,141.0
2025,2,FLL,LGA,NK,1.0,142.0
2025,2,FLL,LGA,NK,1.0,143.0
2025,2,FLL,LGA,NK,1.0,143.0
2025,2,FLL,LGA,NK,1.0,143.5
2025,2,FLL,LGA,NK,1.0,145.34
2025,2,FLL,LGA,NK,1.0,145.5
2025,2,FLL,LGA,NK,1.0,146.0
2025,2,FLL,LGA,NK,1.0,146.0
2025,2,FLL,LGA,NK,1.0,146.15
2025,2,FLL,LGA,NK,1.0,146.5
2025,2,FLL,LGA,NK,1.0,147.04
2025,2,FLL,LGA,NK,1.0,148.0
2025,2,FLL,LGA,NK,1.0,148.0
2025,2,FLL,LGA,NK,1.0,148.5
2025,2,FLL,LGA,NK,1.0,149.0
2025,2,FLL,LGA,NK,1.0,150.5
2025,2,FLL,LGA,NK,1.0,151.0
2025,2,FLL,LGA,NK,1.0,151.0
2025,2,FLL,LGA,NK,1.0,151.5
2025,2,FLL,LGA,NK,1.0,152.03
2025,2,FLL,LGA,NK,1.0,152.28
2025,2,FLL,LGA,NK,1.0,153.5
2025,2,FLL,LGA,NK,1.0,153.6
2025,2,FLL,LGA,NK,1.0,154.5
2025,2,FLL,LGA,NK,1.0,154.5
2025,2,FLL,LGA,NK,1.0,155.0
2025,2,FLL,LGA,NK,1.0,155.0
2025,2,FLL,LGA,NK,1.0,156.0
2025,2,FLL,LGA,NK,1.0,156.0
2025,2,FLL,LGA,NK,1.0,156.5
2025,2,FLL,LGA,NK,1.0,156.54
2025,2,FLL,LGA,NK,1.0,157.0
2025,2,FLL,LGA,NK,1.0,158.5
2025,2,FLL,LGA,NK,1.0,159.0
2025,2,FLL,LGA,NK,1.0,159.41
2025,2,FLL,LGA,NK,1.0,159.82
2025,2,FLL,LGA,NK,1.0,160.0
2025,2,FLL,LGA,NK,1.0,160.58
2025,2,FLL,LGA,NK,1.0,161.0
2025,2,FLL,LGA,NK,1.0,162.0
2025,2,FLL,LGA,NK,1.0,164.29
2025,2,FLL,LGA,NK,1.0,164.34
2025,2,FLL,LGA,NK,1.0,165.0
2025,2,FLL,LGA,NK,1.0,165.0
2025,2,FLL,LGA,NK,1.0,165.17
2025,2,FLL,LGA,NK,1.0,165.5
2025,2,FLL,LGA,NK,1.0,166.0
2025,2,FLL,LGA,NK,1.0,166.0
2025,2,FLL,LGA,NK,1.0,166.5
2025,2,FLL,LGA,NK,1.0,167.0
2025,2,FLL,LGA,NK,1.0,168.0
2025,2,FLL,LGA,NK,1.0,168.0
2025,2,FLL,LGA,NK,1.0,169.5
2025,2,FLL,LGA,NK,1.0,170.5
2025,2,FLL,LGA,NK,1.0,172.0
2025,2,FLL,LGA,NK,1.0,172.0
2025,2,FLL,LGA,NK,1.0,172.0
2025,2,FLL,LGA,NK,1.0,172.0
2025,2,FLL,LGA,NK,1.0,172.5
2025,2,FLL,LGA,NK,1.0,173.7
2025,2,FLL,LGA,NK,1.0,174.0
2025,2,FLL,LGA,NK,1.0,175.0
2025,2,FLL,LGA,NK,1.0,175.5
2025,2,FLL,LGA,NK,1.0,175.86
2025,2,FLL,LGA,NK,1.0,176.33
2025,2,FLL,LGA,NK,1.0,177.0
2025,2,FLL,LGA,NK,1.0,177.0
2025,2,FLL,LGA,NK,1.0,179.91
2025,2,FLL,LGA,NK,1.0,180.0
2025,2,FLL,LGA,NK,1.0,180.0
2025,2,FLL,LGA,NK,1.0,181.5
2025,2,FLL,LGA,NK,1.0,182.0
2025,2,FLL,LGA,NK,1.0,182.0
2025,2,FLL,LGA,NK,1.0,182.0
2025,2,FLL,LGA,NK,1.0,182.0
2025,2,FLL,LGA,NK,1.0,182.0
2025,2,FLL,LGA,NK,1.0,182.5
2025,2,FLL,LGA,NK,1.0,183.0
2025,2,FLL,LGA,NK,1.0,183.0
2025,2,FLL,LGA,NK,1.0,183.0
2025,2,FLL,LGA,NK,1.0,183.02
2025,2,FLL,LGA,NK,1.0,184.15
2025,2,FLL,LGA,NK,1.0,184.5
2025,2,FLL,LGA,NK,1.0,185.0
2025,2,FLL,LGA,NK,1.0,186.72
2025,2,FLL,LGA,NK,1.0,187.0
2025,2,FLL,LGA,NK,1.0,187.0
2025,2,FLL,LGA,NK,1.0,187.24
2025,2,FLL,LGA,NK,1.0,188.5
2025,2,FLL,LGA,NK,1.0,188.97
2025,2,FLL,LGA,NK,1.0,189.18
2025,2,FLL,LGA,NK,1.0,190.0
2025,2,FLL,LGA,NK,1.0,190.6
2025,2,FLL,LGA,NK,1.0,191.0
2025,2,FLL,LGA,NK,1.0,191.5
2025,2,FLL,LGA,NK,1.0,192.0
2025,2,FLL,LGA,NK,1.0,192.48
2025,2,FLL,LGA,NK,1.0,195.0
2025,2,FLL,LGA,NK,1.0,195.86
2025,2,FLL,LGA,NK,1.0,195.86
2025,2,FLL,LGA,NK,1.0,196.0
2025,2,FLL,LGA,NK,1.0,196.5
2025,2,FLL,LGA,NK,1.0,197.5
2025,2,FLL,LGA,NK,1.0,197.58
2025,2,FLL,LGA,NK,1.0,198.0
2025,2,FLL,LGA,NK,1.0,198.51
2025,2,FLL,LGA,NK,1.0,200.4
2025,2,FLL,LGA,NK,1.0,201.57
2025,2,FLL,LGA,NK,1.0,202.0
2025,2,FLL,LGA,NK,1.0,203.0
2025,2,FLL,LGA,NK,1.0,204.0
2025,2,FLL,LGA,NK,1.0,204.0
2025,2,FLL,LGA,NK,1.0,205.5
2025,2,FLL,LGA,NK,1.0,206.5
2025,2,FLL,LGA,NK,1.0,206.5
2025,2,FLL,LGA,NK,1.0,207.0
2025,2,FLL,LGA,NK,1.0,207.5
2025,2,FLL,LGA,NK,1.0,208.5
2025,2,FLL,LGA,NK,1.0,209.0
2025,2,FLL,LGA,NK,1.0,211.0
2025,2,FLL,LGA,NK,1.0,216.32
2025,2,FLL,LGA,NK,1.0,217.0
2025,2,FLL,LGA,NK,1.0,217.0
2025,2,FLL,LGA,NK,1.0,218.0
2025,2,FLL,LGA,NK,1.0,218.0
2025,2,FLL,LGA,NK,1.0,219.0
2025,2,FLL,LGA,NK,1.0,220.0
2025,2,FLL,LGA,NK,1.0,220.0
2025,2,FLL,LGA,NK,1.0,220.5
2025,2,FLL,LGA,NK,1.0,221.5
2025,2,FLL,LGA,NK,1.0,223.5
2025,2,FLL,LGA,NK,1.0,224.0
2025,2,FLL,LGA,NK,1.0,224.58
2025,2,FLL,LGA,NK,1.0,226.0
2025,2,FLL,LGA,NK,1.0,226.5
2025,2,FLL,LGA,NK,1.0,229.0
2025,2,FLL,LGA,NK,1.0,230.5
2025,2,FLL,LGA,NK,1.0,231.0
2025,2,FLL,LGA,NK,1.0,231.5
2025,2,FLL,LGA,NK,1.0,232.0
2025,2,FLL,LGA,NK,1.0,232.5
2025,2,FLL,LGA,NK,1.0,233.0
2025,2,FLL,LGA,NK,1.0,233.0
2025,2,FLL,LGA,NK,1.0,234.5
2025,2,FLL,LGA,NK,1.0,235.51
2025,2,FLL,LGA,NK,1.0,235.59
2025,2,FLL,LGA,NK,1.0,237.0
2025,2,FLL,LGA,NK,1.0,237.0
2025,2,FLL,LGA,NK,1.0,238.0
2025,2,FLL,LGA,NK,1.0,239.0
2025,2,FLL,LGA,NK,1.0,239.0
2025,2,FLL,LGA,NK,1.0,239.73
2025,2,FLL,LGA,NK,1.0,240.23
2025,2,FLL,LGA,NK,1.0,241.5
2025,2,FLL,LGA,NK,1.0,242.0
2025,2,FLL,LGA,NK,1.0,242.0
2025,2,FLL,LGA,NK,1.0,242.5
2025,2,FLL,LGA,NK,1.0,243.0
2025,2,FLL,LGA,NK,1.0,243.0
2025,2,FLL,LGA,NK,1.0,243.0
2025,2,FLL,LGA,NK,1.0,243.51
2025,2,FLL,LGA,NK,1.0,246.4
2025,2,FLL,LGA,NK,1.0,249.0
2025,2,FLL,LGA,NK,1.0,249.0
2025,2,FLL,LGA,NK,1.0,251.0
2025,2,FLL,LGA,NK,1.0,252.0
2025,2,FLL,LGA,NK,1.0,252.8
2025,2,FLL,LGA,NK,1.0,253.0
2025,2,FLL,LGA,NK,1.0,255.0
2025,2,FLL,LGA,NK,1.0,256.0
2025,2,FLL,LGA,NK,1.0,257.0
2025,2,FLL,LGA,NK,1.0,258.0
2025,2,FLL,LGA,NK,1.0,258.0
2025,2,FLL,LGA,NK,1.0,258.0
2025,2,FLL,LGA,NK,1.0,260.76
2025,2,FLL,LGA,NK,1.0,261.0
2025,2,FLL,LGA,NK,1.0,261.5
2025,2,FLL,LGA,NK,1.0,262.0
2025,2,FLL,LGA,NK,1.0,262.0
2025,2,FLL,LGA,NK,1.0,262.5
2025,2,FLL,LGA,NK,1.0,263.0
2025,2,FLL,LGA,NK,1.0,263.27
2025,2,FLL,LGA,NK,1.0,264.0
2025,2,FLL,LGA,NK,1.0,264.5
2025,2,FLL,LGA,NK,1.0,265.0
2025,2,FLL,LGA,NK,1.0,265.36
2025,2,FLL,LGA,NK,1.0,268.37
2025,2,FLL,LGA,NK,1.0,270.0
2025,2,FLL,LGA,NK,1.0,270.5
2025,2,FLL,LGA,NK,1.0,270.5
2025,2,FLL,LGA,NK,1.0,271.0
2025,2,FLL,LGA,NK,1.0,272.0
2025,2,FLL,LGA,NK,1.0,272.07
2025,2,FLL,LGA,NK,1.0,274.0
2025,2,FLL,LGA,NK,1.0,274.0
2025,2,FLL,LGA,NK,1.0,276.0
2025,2,FLL,LGA,NK,1.0,276.5
2025,2,FLL,LGA,NK,1.0,276.5
2025,2,FLL,LGA,NK,1.0,277.0
2025,2,FLL,LGA,NK,1.0,280.0
2025,2,FLL,LGA,NK,1.0,282.0
2025,2,FLL,LGA,NK,1.0,283.0
2025,2,FLL,LGA,NK,1.0,284.0
2025,2,FLL,LGA,NK,1.0,284.0
2025,2,FLL,LGA,NK,1.0,287.0
2025,2,FLL,LGA,NK,1.0,287.61
2025,2,FLL,LGA,NK,1.0,288.0
2025,2,FLL,LGA,NK,1.0,288.5
2025,2,FLL,LGA,NK,1.0,293.0
2025,2,FLL,LGA,NK,1.0,294.0
2025,2,FLL,LGA,NK,1.0,294.0
2025,2,FLL,LGA,NK,1.0,295.0
2025,2,FLL,LGA,NK,1.0,297.0
2025,2,FLL,LGA,NK,1.0,297.0
2025,2,FLL,LGA,NK,1.0,297.0
2025,2,FLL,LGA,NK,1.0,297.0
2025,2,FLL,LGA,NK,1.0,299.0
2025,2,FLL,LGA,NK,1.0,299.0
2025,2,FLL,LGA,NK,1.0,304.0
2025,2,FLL,LGA,NK,1.0,309.0
2025,2,FLL,LGA,NK,1.0,314.0
2025,2,FLL,LGA,NK,1.0,319.0
2025,2,FLL,LGA,NK,1.0,321.0
2025,2,FLL,LGA,NK,1.0,321.5
2025,2,FLL,LGA,NK,1.0,322.0
2025,2,FLL,LGA,NK,1.0,322.0
2025,2,FLL,LGA,NK,1.0,325.0
2025,2,FLL,LGA,NK,1.0,328.0
2025,2,FLL,LGA,NK,1.0,333.0
2025,2,FLL,LGA,NK,1.0,334.0
2025,2,FLL,LGA,NK,1.0,334.5
2025,2,FLL,LGA,NK,1.0,335.0
2025,2,FLL,LGA,NK,1.0,337.0
2025,2,FLL,LGA,NK,1.0,338.0
2025,2,FLL,LGA,NK,1.0,339.0
2025,2,FLL,LGA,NK,1.0,339.0
2025,2,FLL,LGA,NK,1.0,344.0
2025,2,FLL,LGA,NK,1.0,346.5
2025,2,FLL,LGA,NK,1.0,347.0
2025,2,FLL,LGA,NK,1.0,351.5
2025,2,FLL,LGA,NK,1.0,354.0
2025,2,FLL,LGA,NK,1.0,355.0
2025,2,FLL,LGA,NK,1.0,364.0
2025,2,FLL,LGA,NK,1.0,366.0
2025,2,FLL,LGA,NK,1.0,366.5
2025,2,FLL,LGA,NK,1.0,369.0
2025,2,FLL,LGA,NK,1.0,374.76
2025,2,FLL,LGA,NK,1.0,374.92
2025,2,FLL,LGA,NK,1.0,375.0
2025,2,FLL,LGA,NK,1.0,377.0
2025,2,FLL,LGA,NK,1.0,378.0
2025,2,FLL,LGA,NK,1.0,382.0
2025,2,FLL,LGA,NK,1.0,385.4
2025,2,FLL,LGA,NK,1.0,392.0
2025,2,FLL,LGA,NK,1.0,394.0
2025,2,FLL,LGA,NK,1.0,397.0
2025,2,FLL,LGA,NK,1.0,399.0
2025,2,FLL,LGA,NK,1.0,400.0
2025,2,FLL,LGA,NK,1.0,414.0
2025,2,FLL,LGA,NK,1.0,414.0
2025,2,FLL,LGA,NK,1.0,417.0
2025,2,FLL,LGA,NK,1.0,419.0
2025,2,FLL,LGA,NK,1.0,421.0
2025,2,FLL,LGA,NK,1.0,426.0
2025,2,FLL,LGA,NK,1.0,429.0
2025,2,FLL,LGA,NK,1.0,437.0
2025,2,FLL,LGA,NK,1.0,447.0
2025,2,FLL,LGA,NK,1.0,452.0
2025,2,FLL,LGA,NK,1.0,458.0
2025,2,FLL,LGA,NK,1.0,482.0
2025,2,FLL,LGA,NK,1.0,485.0
2025,2,FLL,LGA,NK,1.0,497.0
2025,2,FLL,LGA,NK,1.0,498.0
2025,2,FLL,LGA,NK,1.0,504.0
2025,2,FLL,LGA,NK,1.0,507.0
2025,2,FLL,LGA,NK,1.0,560.0
2025,2,FLL,LGA,NK,2.0,11.0
2025,2,FLL,LGA,NK,2.0,16.0
2025,2,FLL,LGA,NK,2.0,16.0
2025,2,FLL,LGA,NK,2.0,20.0
2025,2,FLL,LGA,NK,2.0,26.5
2025,2,FLL,LGA,NK,2.0,33.0
2025,2,FLL,LGA,NK,2.0,38.7
2025,2,FLL,LGA,NK,2.0,41.5
2025,2,FLL,LGA,NK,2.0,44.0
2025,2,FLL,LGA,NK,2.0,45.0
2025,2,FLL,LGA,NK,2.0,48.5
2025,2,FLL,LGA,NK,2.0,50.0
2025,2,FLL,LGA,NK,2.0,50.0
2025,2,FLL,LGA,NK,2.0,50.0
2025,2,FLL,LGA,NK,2.0,51.46
2025,2,FLL,LGA,NK,2.0,52.5
2025,2,FLL,LGA,NK,2.0,52.5
2025,2,FLL,LGA,NK,2.0,52.51
2025,2,FLL,LGA,NK,2.0,53.0
2025,2,FLL,LGA,NK,2.0,55.5
2025,2,FLL,LGA,NK,2.0,58.46
2025,2,FLL,LGA,NK,2.0,58.5
2025,2,FLL,LGA,NK,2.0,61.5
2025,2,FLL,LGA,NK,2.0,63.0
2025,2,FLL,LGA,NK,2.0,63.83
2025,2,FLL,LGA,NK,2.0,65.0
2025,2,FLL,LGA,NK,2.0,65.5
2025,2,FLL,LGA,NK,2.0,66.0
2025,2,FLL,LGA,NK,2.0,66.0
2025,2,FLL,LGA,NK,2.0,69.5
2025,2,FLL,LGA,NK,2.0,70.0
2025,2,FLL,LGA,NK,2.0,70.0
2025,2,FLL,LGA,NK,2.0,70.5
2025,2,FLL,LGA,NK,2.0,72.5
2025,2,FLL,LGA,NK,2.0,76.0
2025,2,FLL,LGA,NK,2.0,76.5
2025,2,FLL,LGA,NK,2.0,78.0
2025,2,FLL,LGA,NK,2.0,81.0
2025,2,FLL,LGA,NK,2.0,82.0
2025,2,FLL,LGA,NK,2.0,82.5
2025,2,FLL,LGA,NK,2.0,83.0
2025,2,FLL,LGA,NK,2.0,84.43
2025,2,FLL,LGA,NK,2.0,92.0
2025,2,FLL,LGA,NK,2.0,95.0
2025,2,FLL,LGA,NK,2.0,96.0
2025,2,FLL,LGA,NK,2.0,96.0
2025,2,FLL,LGA,NK,2.0,97.0
2025,2,FLL,LGA,NK,2.0,98.0
2025,2,FLL,LGA,NK,2.0,98.5
2025,2,FLL,LGA,NK,2.0,103.0
2025,2,FLL,LGA,NK,2.0,103.5
2025,2,FLL,LGA,NK,2.0,107.0
2025,2,FLL,LGA,NK,2.0,108.0
2025,2,FLL,LGA,NK,2.0,111.0
2025,2,FLL,LGA,NK,2.0,111.5
2025,2,FLL,LGA,NK,2.0,112.0
2025,2,FLL,LGA,NK,2.0,112.26
2025,2,FLL,LGA,NK,2.0,113.0
2025,2,FLL,LGA,NK,2.0,115.0
2025,2,FLL,LGA,NK,2.0,115.0
2025,2,FLL,LGA,NK,2.0,116.0
2025,2,FLL,LGA,NK,2.0,119.0
2025,2,FLL,LGA,NK,2.0,122.0
2025,2,FLL,LGA,NK,2.0,125.0
2025,2,FLL,LGA,NK,2.0,126.5
2025,2,FLL,LGA,NK,2.0,126.5
2025,2,FLL,LGA,NK,2.0,127.0
2025,2,FLL,LGA,NK,2.0,128.0
2025,2,FLL,LGA,NK,2.0,128.0
2025,2,FLL,LGA,NK,2.0,130.0
2025,2,FLL,LGA,NK,2.0,130.5
2025,2,FLL,LGA,NK,2.0,131.0
2025,2,FLL,LGA,NK,2.0,131.0
2025,2,FLL,LGA,NK,2.0,131.0
2025,2,FLL,LGA,NK,2.0,132.0
2025,2,FLL,LGA,NK,2.0,132.0
2025,2,FLL,LGA,NK,2.0,133.0
2025,2,FLL,LGA,NK,2.0,133.0
2025,2,FLL,LGA,NK,2.0,135.0
2025,2,FLL,LGA,NK,2.0,141.0
2025,2,FLL,LGA,NK,2.0,144.0
2025,2,FLL,LGA,NK,2.0,146.0
2025,2,FLL,LGA,NK,2.0,146.5
2025,2,FLL,LGA,NK,2.0,147.0
2025,2,FLL,LGA,NK,2.0,147.25
2025,2,FLL,LGA,NK,2.0,148.0
2025,2,FLL,LGA,NK,2.0,151.5
2025,2,FLL,LGA,NK,2.0,156.5
2025,2,FLL,LGA,NK,2.0,158.0
2025,2,FLL,LGA,NK,2.0,158.5
2025,2,FLL,LGA,NK,2.0,159.0
2025,2,FLL,LGA,NK,2.0,159.5
2025,2,FLL,LGA,NK,2.0,161.5
2025,2,FLL,LGA,NK,2.0,162.0
2025,2,FLL,LGA,NK,2.0,163.5
2025,2,FLL,LGA,NK,2.0,164.0
2025,2,FLL,LGA,NK,2.0,165.0
2025,2,FLL,LGA,NK,2.0,168.5
2025,2,FLL,LGA,NK,2.0,171.0
2025,2,FLL,LGA,NK,2.0,171.5
2025,2,FLL,LGA,NK,2.0,174.0
2025,2,FLL,LGA,NK,2.0,179.0
2025,2,FLL,LGA,NK,2.0,181.0
2025,2,FLL,LGA,NK,2.0,182.5
2025,2,FLL,LGA,NK,2.0,184.0
2025,2,FLL,LGA,NK,2.0,186.5
2025,2,FLL,LGA,NK,2.0,189.0
2025,2,FLL,LGA,NK,2.0,189.97
2025,2,FLL,LGA,NK,2.0,190.0
2025,2,FLL,LGA,NK,2.0,192.0
2025,2,FLL,LGA,NK,2.0,197.0
2025,2,FLL,LGA,NK,2.0,198.0
2025,2,FLL,LGA,NK,2.0,199.0
2025,2,FLL,LGA,NK,2.0,199.0
2025,2,FLL,LGA,NK,2.0,200.0
2025,2,FLL,LGA,NK,2.0,201.5
2025,2,FLL,LGA,NK,2.0,205.05
2025,2,FLL,LGA,NK,2.0,211.5
2025,2,FLL,LGA,NK,2.0,215.0
2025,2,FLL,LGA,NK,2.0,217.0
2025,2,FLL,LGA,NK,2.0,220.0
2025,2,FLL,LGA,NK,2.0,224.0
2025,2,FLL,LGA,NK,2.0,235.0
2025,2,FLL,LGA,NK,2.0,235.0
2025,2,FLL,LGA,NK,2.0,236.5
2025,2,FLL,LGA,NK,2.0,240.0
2025,2,FLL,LGA,NK,2.0,244.0
2025,2,FLL,LGA,NK,2.0,247.0
2025,2,FLL,LGA,NK,2.0,254.0
2025,2,FLL,LGA,NK,2.0,257.0
2025,2,FLL,LGA,NK,2.0,257.5
2025,2,FLL,LGA,NK,2.0,259.0
2025,2,FLL,LGA,NK,2.0,289.0
2025,2,FLL,LGA,NK,2.0,291.5
2025,2,FLL,LGA,NK,2.0,342.0
2025,2,FLL,LGA,NK,2.0,343.0
2025,2,FLL,LGA,NK,2.0,347.0
2025,2,FLL,LGA,NK,2.0,434.0
2025,2,FLL,LGA,NK,2.0,443.0
2025,2,FLL,LGA,NK,2.0,447.0
2025,2,FLL,LGA,NK,2.0,449.0
2025,2,FLL,LGA,NK,2.0,467.0
2025,2,FLL,LGA,NK,2.0,530.0
2025,2,FLL,LGA,NK,3.0,20.0
2025,2,FLL,LGA,NK,3.0,31.0
2025,2,FLL,LGA,NK,3.0,40.5
2025,2,FLL,LGA,NK,3.0,41.0
2025,2,FLL,LGA,NK,3.0,44.0
2025,2,FLL,LGA,NK,3.0,44.5
2025,2,FLL,LGA,NK,3.0,45.0
2025,2,FLL,LGA,NK,3.0,45.5
2025,2,FLL,LGA,NK,3.0,46.0
2025,2,FLL,LGA,NK,3.0,48.0
2025,2,FLL,LGA,NK,3.0,48.5
2025,2,FLL,LGA,NK,3.0,51.5
2025,2,FLL,LGA,NK,3.0,55.5
2025,2,FLL,LGA,NK,3.0,56.5
2025,2,FLL,LGA,NK,3.0,57.0
2025,2,FLL,LGA,NK,3.0,58.5
2025,2,FLL,LGA,NK,3.0,61.5
2025,2,FLL,LGA,NK,3.0,62.0
2025,2,FLL,LGA,NK,3.0,68.5
2025,2,FLL,LGA,NK,3.0,71.0
2025,2,FLL,LGA,NK,3.0,72.0
2025,2,FLL,LGA,NK,3.0,72.5
2025,2,FLL,LGA,NK,3.0,78.5
2025,2,FLL,LGA,NK,3.0,78.5
2025,2,FLL,LGA,NK,3.0,81.0
2025,2,FLL,LGA,NK,3.0,85.5
2025,2,FLL,LGA,NK,3.0,85.5
2025,2,FLL,LGA,NK,3.0,86.0
2025,2,FLL,LGA,NK,3.0,88.0
2025,2,FLL,LGA,NK,3.0,91.0
2025,2,FLL,LGA,NK,3.0,92.0
2025,2,FLL,LGA,NK,3.0,96.0
2025,2,FLL,LGA,NK,3.0,100.0
2025,2,FLL,LGA,NK,3.0,100.0
2025,2,FLL,LGA,NK,3.0,101.5
2025,2,FLL,LGA,NK,3.0,105.5
2025,2,FLL,LGA,NK,3.0,106.0
2025,2,FLL,LGA,NK,3.0,106.5
2025,2,FLL,LGA,NK,3.0,112.5
2025,2,FLL,LGA,NK,3.0,113.0
2025,2,FLL,LGA,NK,3.0,116.5
2025,2,FLL,LGA,NK,3.0,120.0
2025,2,FLL,LGA,NK,3.0,122.0
2025,2,FLL,LGA,NK,3.0,128.0
2025,2,FLL,LGA,NK,3.0,134.0
2025,2,FLL,LGA,NK,3.0,134.0
2025,2,FLL,LGA,NK,3.0,138.0
2025,2,FLL,LGA,NK,3.0,140.5
2025,2,FLL,LGA,NK,3.0,141.5
2025,2,FLL,LGA,NK,3.0,142.0
2025,2,FLL,LGA,NK,3.0,145.0
2025,2,FLL,LGA,NK,3.0,152.0
2025,2,FLL,LGA,NK,3.0,154.0
2025,2,FLL,LGA,NK,3.0,157.0
2025,2,FLL,LGA,NK,3.0,158.0
2025,2,FLL,LGA,NK,3.0,163.5
2025,2,FLL,LGA,NK,3.0,171.5
2025,2,FLL,LGA,NK,3.0,176.5
2025,2,FLL,LGA,NK,3.0,189.0
2025,2,FLL,LGA,NK,3.0,194.0
2025,2,FLL,LGA,NK,3.0,195.0
2025,2,FLL,LGA,NK,3.0,196.5
2025,2,FLL,LGA,NK,3.0,209.0
2025,2,FLL,LGA,NK,3.0,221.5
2025,2,FLL,LGA,NK,3.0,226.5
2025,2,FLL,LGA,NK,3.0,233.0
2025,2,FLL,LGA,NK,3.0,235.0
2025,2,FLL,LGA,NK,3.0,246.5
2025,2,FLL,LGA,NK,3.0,259.0
2025,2,FLL,LGA,NK,3.0,260.0
2025,2,FLL,LGA,NK,3.0,279.0
2025,2,FLL,LGA,NK,3.0,294.0
2025,2,FLL,LGA,NK,3.0,317.0
2025,2,FLL,LGA,NK,3.0,439.0
2025,2,FLL,LGA,NK,3.0,464.0
2025,2,FLL,LGA,NK,4.0,29.0
2025,2,FLL,LGA,NK,4.0,39.0
2025,2,FLL,LGA,NK,4.0,43.5
2025,2,FLL,LGA,NK,4.0,44.5
2025,2,FLL,LGA,NK,4.0,46.0
2025,2,FLL,LGA,NK,4.0,51.0
2025,2,FLL,LGA,NK,4.0,53.5
2025,2,FLL,LGA,NK,4.0,56.0
2025,2,FLL,LGA,NK,4.0,56.0
2025,2,FLL,LGA,NK,4.0,58.0
2025,2,FLL,LGA,NK,4.0,60.0
2025,2,FLL,LGA,NK,4.0,60.5
2025,2,FLL,LGA,NK,4.0,61.0
2025,2,FLL,LGA,NK,4.0,65.0
2025,2,FLL,LGA,NK,4.0,65.5
2025,2,FLL,LGA,NK,4.0,68.0
2025,2,FLL,LGA,NK,4.0,68.0
2025,2,FLL,LGA,NK,4.0,68.5
2025,2,FLL,LGA,NK,4.0,70.5
2025,2,FLL,LGA,NK,4.0,78.0
2025,2,FLL,LGA,NK,4.0,79.0
2025,2,FLL,LGA,NK,4.0,81.0
2025,2,FLL,LGA,NK,4.0,86.5
2025,2,FLL,LGA,NK,4.0,88.0
2025,2,FLL,LGA,NK,4.0,93.0
2025,2,FLL,LGA,NK,4.0,93.5
2025,2,FLL,LGA,NK,4.0,94.0
2025,2,FLL,LGA,NK,4.0,111.5
2025,2,FLL,LGA,NK,4.0,112.0
2025,2,FLL,LGA,NK,4.0,119.0
2025,2,FLL,LGA,NK,4.0,121.5
2025,2,FLL,LGA,NK,4.0,126.0
2025,2,FLL,LGA,NK,4.0,129.0
2025,2,FLL,LGA,NK,4.0,131.5
2025,2,FLL,LGA,NK,4.0,136.5
2025,2,FLL,LGA,NK,4.0,149.0
2025,2,FLL,LGA,NK,4.0,154.0
2025,2,FLL,LGA,NK,4.0,168.5
2025,2,FLL,LGA,NK,4.0,169.0
2025,2,FLL,LGA,NK,4.0,175.0
2025,2,FLL,LGA,NK,4.0,189.0
2025,2,FLL,LGA,NK,4.0,227.0
2025,2,FLL,LGA,NK,4.0,317.0
2025,2,FLL,LGA,NK,5.0,24.0
2025,2,FLL,LGA,NK,5.0,34.0
2025,2,FLL,LGA,NK,5.0,39.0
2025,2,FLL,LGA,NK,5.0,42.5
2025,2,FLL,LGA,NK,5.0,46.0
2025,2,FLL,LGA,NK,5.0,51.0
2025,2,FLL,LGA,NK,5.0,56.5
2025,2,FLL,LGA,NK,5.0,60.5
2025,2,FLL,LGA,NK,5.0,61.0
2025,2,FLL,LGA,NK,5.0,63.5
2025,2,FLL,LGA,NK,5.0,63.5
2025,2,FLL,LGA,NK,5.0,66.5
2025,2,FLL,LGA,NK,5.0,73.5
2025,2,FLL,LGA,NK,5.0,76.0
2025,2,FLL,LGA,NK,5.0,86.5
2025,2,FLL,LGA,NK,5.0,87.0
2025,2,FLL,LGA,NK,5.0,91.5
2025,2,FLL,LGA,NK,5.0,101.0
2025,2,FLL,LGA,NK,5.0,102.0
2025,2,FLL,LGA,NK,5.0,103.0
2025,2,FLL,LGA,NK,5.0,108.0
2025,2,FLL,LGA,NK,5.0,114.0
2025,2,FLL,LGA,NK,5.0,129.0
2025,2,FLL,LGA,NK,5.0,131.5
2025,2,FLL,LGA,NK,5.0,139.0
2025,2,FLL,LGA,NK,5.0,141.5
2025,2,FLL,LGA,NK,5.0,157.0
2025,2,FLL,LGA,NK,5.0,161.5
2025,2,FLL,LGA,NK,5.0,174.0
2025,2,FLL,LGA,NK,5.0,179.0
2025,2,FLL,LGA,NK,5.0,224.0
2025,2,FLL,LGA,NK,5.0,264.0
2025,2,FLL,LGA,NK,5.0,367.0
2025,2,FLL,LGA,NK,5.0,414.0
2025,2,FLL,LGA,NK,5.0,444.0
2025,2,FLL,LGA,NK,6.0,26.0
2025,2,FLL,LGA,NK,6.0,34.0
2025,2,FLL,LGA,NK,6.0,41.0
2025,2,FLL,LGA,NK,6.0,42.5
2025,2,FLL,LGA,NK,6.0,43.5
2025,2,FLL,LGA,NK,6.0,48.0
2025,2,FLL,LGA,NK,6.0,51.5
2025,2,FLL,LGA,NK,6.0,53.0
2025,2,FLL,LGA,NK,6.0,55.0
2025,2,FLL,LGA,NK,6.0,61.0
2025,2,FLL,LGA,NK,6.0,63.0
2025,2,FLL,LGA,NK,6.0,71.5
2025,2,FLL,LGA,NK,6.0,73.5
2025,2,FLL,LGA,NK,6.0,77.0
2025,2,FLL,LGA,NK,6.0,81.5
2025,2,FLL,LGA,NK,6.0,89.0
2025,2,FLL,LGA,NK,6.0,91.5
2025,2,FLL,LGA,NK,6.0,96.5
2025,2,FLL,LGA,NK,6.0,114.0
2025,2,FLL,LGA,NK,6.0,124.0
2025,2,FLL,LGA,NK,6.0,129.0
2025,2,FLL,LGA,NK,6.0,136.5
2025,2,FLL,LGA,NK,6.0,144.0
2025,2,FLL,LGA,NK,6.0,164.0
2025,2,FLL,LGA,NK,6.0,169.0
2025,2,FLL,LGA,NK,6.0,184.0
2025,2,FLL,LGA,NK,6.0,260.0
2025,2,FLL,LGA,NK,7.0,43.0
2025,2,FLL,LGA,NK,7.0,45.5
2025,2,FLL,LGA,NK,7.0,49.0
2025,2,FLL,LGA,NK,7.0,53.0
2025,2,FLL,LGA,NK,7.0,54.0
2025,2,FLL,LGA,NK,7.0,54.0
2025,2,FLL,LGA,NK,7.0,54.0
2025,2,FLL,LGA,NK,7.0,71.5
2025,2,FLL,LGA,NK,7.0,81.5
2025,2,FLL,LGA,NK,7.0,88.5
2025,2,FLL,LGA,NK,7.0,104.0
2025,2,FLL,LGA,NK,7.0,109.0
2025,2,FLL,LGA,NK,7.0,140.5
2025,2,FLL,LGA,NK,7.0,164.0
2025,2,FLL,LGA,NK,7.0,166.5
2025,2,FLL,LGA,NK,7.0,187.0
2025,2,FLL,LGA,NK,7.0,314.0
2025,2,FLL,LGA,NK,7.0,364.0
2025,2,FLL,LGA,NK,8.0,24.0
2025,2,FLL,LGA,NK,8.0,58.0
2025,2,FLL,LGA,NK,8.0,59.0
2025,2,FLL,LGA,NK,8.0,63.0
2025,2,FLL,LGA,NK,8.0,76.0
2025,2,FLL,LGA,NK,8.0,76.5
2025,2,FLL,LGA,NK,8.0,104.0
2025,2,FLL,LGA,NK,8.0,109.0
2025,2,FLL,LGA,NK,8.0,161.0
2025,2,FLL,LGA,NK,9.0,48.0
2025,2,FLL,LGA,NK,9.0,51.0
2025,2,FLL,LGA,NK,9.0,73.0
2025,2,FLL,LGA,NK,9.0,74.0
2025,2,FLL,LGA,NK,9.0,78.0
2025,2,FLL,LGA,NK,9.0,83.0
2025,2,FLL,LGA,NK,9.0,89.0
2025,2,FLL,LGA,NK,9.0,94.0
2025,2,FLL,LGA,NK,9.0,123.0
2025,2,FLL,LGA,NK,9.0,267.0
2025,2,FLL,LGA,NK,10.0,73.0
2025,2,FLL,LGA,NK,10.0,79.0
2025,2,FLL,LGA,NK,10.0,99.0
2025,2,FLL,LGA,NK,10.0,144.0
2025,2,FLL,LGA,NK,10.0,149.0
2025,2,FLL,LGA,NK,10.0,417.0
2025,2,FLL,LGA,NK,11.0,43.0
2025,2,FLL,LGA,NK,11.0,49.0
2025,2,FLL,LGA,NK,11.0,52.0
2025,2,FLL,LGA,NK,11.0,58.0
2025,2,FLL,LGA,NK,11.0,64.0
2025,2,FLL,LGA,NK,11.0,69.0
2025,2,FLL,LGA,NK,11.0,84.0
2025,2,FLL,LGA,NK,11.0,89.0
2025,2,FLL,LGA,NK,11.0,99.0
2025,2,FLL,LGA,NK,11.0,109.0
2025,2,FLL,LGA,NK,11.0,114.0
2025,2,FLL,LGA,NK,11.0,119.0
2025,2,FLL,LGA,NK,11.0,124.0
2025,2,FLL,LGA,NK,12.0,41.0
2025,2,FLL,LGA,NK,12.0,52.0
2025,2,FLL,LGA,NK,12.0,59.0
2025,2,FLL,LGA,NK,12.0,84.0
2025,2,FLL,LGA,NK,12.0,139.0
2025,2,FLL,LGA,NK,13.0,44.0
2025,2,FLL,LGA,NK,13.0,53.5
2025,2,FLL,LGA,NK,13.0,64.0
2025,2,FLL,LGA,NK,13.0,74.0
2025,2,FLL,LGA,NK,13.0,83.0
2025,2,FLL,LGA,NK,13.0,158.0
2025,2,FLL,LGA,NK,14.0,68.0
2025,2,FLL,LGA,NK,14.0,69.0
2025,2,FLL,LGA,NK,14.0,99.0
2025,2,FLL,LGA,NK,14.0,159.0
2025,2,FLL,LGA,NK,15.0,154.0
2025,2,FLL,LGA,NK,16.0,39.0
2025,2,FLL,LGA,NK,16.0,73.0
2025,2,FLL,LGA,NK,16.0,98.0
2025,2,FLL,LGA,NK,20.0,38.5
2025,2,FLL,LGA,NK,20.0,74.0
2025,2,FLL,LGA,NK,21.0,38.5
2025,2,FLL,LGA,NK,21.0,59.0
2025,2,FLL,LGA,NK,21.0,64.0
2025,2,FLL,LGA,NK,22.0,84.0
2025,2,FLL,LGA,NK,23.0,5.5
2025,2,FLL,LGA,NK,23.0,104.0
2025,2,FLL,LGA,NK,23.0,219.0
2025,2,FLL,LGA,NK,24.0,169.0
2025,2,FLL,LGA,NK,25.0,94.0
2025,2,FLL,LGA,NK,26.0,182.0
2025,2,FLL,LGA,NK,27.0,52.0
2025,2,FLL,LGA,NK,27.0,124.0
2025,2,FLL,LGA,NK,33.0,69.0
2025,2,FLL,LGA,NK,36.0,5.5
2025,2,FLL,LGA,NK,39.0,179.0
2025,2,FLL,LGA,NK,46.0,47.0
2025,2,FLL,LGA,NK,47.0,6.0
2025,2,FLL,LGA,NK,47.0,79.0
2025,2,FLL,LGA,NK,49.0,47.0
2025,2,FLL,LGA,NK,50.0,43.0
2025,2,FLL,LGA,NK,55.0,47.0
2025,2,FLL,LGA,NK,56.0,38.0
2025,2,FLL,ORD,NK,1.0,3.26
2025,2,FLL,ORD,NK,1.0,3.37
2025,2,FLL,ORD,NK,1.0,6.0
2025,2,FLL,ORD,NK,1.0,17.89
2025,2,FLL,ORD,NK,1.0,20.0
2025,2,FLL,ORD,NK,1.0,21.5
2025,2,FLL,ORD,NK,1.0,22.97
2025,2,FLL,ORD,NK,1.0,24.5
2025,2,FLL,ORD,NK,1.0,24.5
2025,2,FLL,ORD,NK,1.0,25.0
2025,2,FLL,ORD,NK,1.0,27.0
2025,2,FLL,ORD,NK,1.0,30.0
2025,2,FLL,ORD,NK,1.0,30.0
2025,2,FLL,ORD,NK,1.0,30.5
2025,2,FLL,ORD,NK,1.0,31.0
2025,2,FLL,ORD,NK,1.0,32.0
2025,2,FLL,ORD,NK,1.0,32.3
2025,2,FLL,ORD,NK,1.0,32.58
2025,2,FLL,ORD,NK,1.0,32.79
2025,2,FLL,ORD,NK,1.0,34.0
2025,2,FLL,ORD,NK,1.0,34.0
2025,2,FLL,ORD,NK,1.0,34.5
2025,2,FLL,ORD,NK,1.0,34.5
2025,2,FLL,ORD,NK,1.0,34.5
2025,2,FLL,ORD,NK,1.0,35.0
2025,2,FLL,ORD,NK,1.0,36.0
2025,2,FLL,ORD,NK,1.0,36.5
2025,2,FLL,ORD,NK,1.0,38.0
2025,2,FLL,ORD,NK,1.0,38.05
2025,2,FLL,ORD,NK,1.0,38.5
2025,2,FLL,ORD,NK,1.0,39.07
2025,2,FLL,ORD,NK,1.0,39.34
2025,2,FLL,ORD,NK,1.0,40.0
2025,2,FLL,ORD,NK,1.0,41.0
2025,2,FLL,ORD,NK,1.0,41.0
2025,2,FLL,ORD,NK,1.0,41.0
2025,2,FLL,ORD,NK,1.0,41.5
2025,2,FLL,ORD,NK,1.0,42.0
2025,2,FLL,ORD,NK,1.0,43.59
2025,2,FLL,ORD,NK,1.0,44.0
2025,2,FLL,ORD,NK,1.0,44.0
2025,2,FLL,ORD,NK,1.0,44.61
2025,2,FLL,ORD,NK,1.0,45.0
2025,2,FLL,ORD,NK,1.0,45.07
2025,2,FLL,ORD,NK,1.0,45.22
2025,2,FLL,ORD,NK,1.0,46.0
2025,2,FLL,ORD,NK,1.0,47.0
2025,2,FLL,ORD,NK,1.0,47.4
2025,2,FLL,ORD,NK,1.0,48.0
2025,2,FLL,ORD,NK,1.0,49.0
2025,2,FLL,ORD,NK,1.0,50.0
2025,2,FLL,ORD,NK,1.0,51.5
2025,2,FLL,ORD,NK,1.0,52.05
2025,2,FLL,ORD,NK,1.0,52.97
2025,2,FLL,ORD,NK,1.0,53.46
2025,2,FLL,ORD,NK,1.0,53.5
2025,2,FLL,ORD,NK,1.0,53.8
2025,2,FLL,ORD,NK,1.0,54.0
2025,2,FLL,ORD,NK,1.0,54.26
2025,2,FLL,ORD,NK,1.0,54.5
2025,2,FLL,ORD,NK,1.0,54.73
2025,2,FLL,ORD,NK,1.0,55.15
2025,2,FLL,ORD,NK,1.0,55.65
2025,2,FLL,ORD,NK,1.0,57.0
2025,2,FLL,ORD,NK,1.0,57.0
2025,2,FLL,ORD,NK,1.0,58.88
2025,2,FLL,ORD,NK,1.0,59.41
2025,2,FLL,ORD,NK,1.0,59.5
2025,2,FLL,ORD,NK,1.0,60.0
2025,2,FLL,ORD,NK,1.0,60.88
2025,2,FLL,ORD,NK,1.0,61.0
2025,2,FLL,ORD,NK,1.0,61.58
2025,2,FLL,ORD,NK,1.0,62.0
2025,2,FLL,ORD,NK,1.0,62.0
2025,2,FLL,ORD,NK,1.0,62.17
2025,2,FLL,ORD,NK,1.0,62.5
2025,2,FLL,ORD,NK,1.0,62.6
2025,2,FLL,ORD,NK,1.0,63.5
2025,2,FLL,ORD,NK,1.0,63.76
2025,2,FLL,ORD,NK,1.0,64.5
2025,2,FLL,ORD,NK,1.0,64.59
2025,2,FLL,ORD,NK,1.0,64.93
2025,2,FLL,ORD,NK,1.0,65.0
2025,2,FLL,ORD,NK,1.0,65.0
2025,2,FLL,ORD,NK,1.0,65.16
2025,2,FLL,ORD,NK,1.0,65.65
2025,2,FLL,ORD,NK,1.0,66.0
2025,2,FLL,ORD,NK,1.0,66.5
2025,2,FLL,ORD,NK,1.0,66.63
2025,2,FLL,ORD,NK,1.0,66.68
2025,2,FLL,ORD,NK,1.0,66.69
2025,2,FLL,ORD,NK,1.0,67.68
2025,2,FLL,ORD,NK,1.0,67.7
2025,2,FLL,ORD,NK,1.0,68.07
2025,2,FLL,ORD,NK,1.0,68.5
2025,2,FLL,ORD,NK,1.0,68.56
2025,2,FLL,ORD,NK,1.0,69.08
2025,2,FLL,ORD,NK,1.0,69.18
2025,2,FLL,ORD,NK,1.0,70.5
2025,2,FLL,ORD,NK,1.0,71.0
2025,2,FLL,ORD,NK,1.0,71.0
2025,2,FLL,ORD,NK,1.0,71.05
2025,2,FLL,ORD,NK,1.0,71.8
2025,2,FLL,ORD,NK,1.0,72.0
2025,2,FLL,ORD,NK,1.0,72.24
2025,2,FLL,ORD,NK,1.0,72.5
2025,2,FLL,ORD,NK,1.0,72.5
2025,2,FLL,ORD,NK,1.0,72.54
2025,2,FLL,ORD,NK,1.0,73.5
2025,2,FLL,ORD,NK,1.0,73.5
2025,2,FLL,ORD,NK,1.0,74.29
2025,2,FLL,ORD,NK,1.0,74.61
2025,2,FLL,ORD,NK,1.0,74.61
2025,2,FLL,ORD,NK,1.0,75.0
2025,2,FLL,ORD,NK,1.0,75.12
2025,2,FLL,ORD,NK,1.0,75.68
2025,2,FLL,ORD,NK,1.0,75.94
2025,2,FLL,ORD,NK,1.0,76.0
2025,2,FLL,ORD,NK,1.0,76.09
2025,2,FLL,ORD,NK,1.0,76.12
2025,2,FLL,ORD,NK,1.0,77.71
2025,2,FLL,ORD,NK,1.0,78.0
2025,2,FLL,ORD,NK,1.0,78.13
2025,2,FLL,ORD,NK,1.0,78.83
2025,2,FLL,ORD,NK,1.0,79.12
2025,2,FLL,ORD,NK,1.0,79.5
2025,2,FLL,ORD,NK,1.0,79.6
2025,2,FLL,ORD,NK,1.0,79.89
2025,2,FLL,ORD,NK,1.0,80.39
2025,2,FLL,ORD,NK,1.0,80.5
2025,2,FLL,ORD,NK,1.0,80.73
2025,2,FLL,ORD,NK,1.0,81.52
2025,2,FLL,ORD,NK,1.0,82.0
2025,2,FLL,ORD,NK,1.0,82.0
2025,2,FLL,ORD,NK,1.0,82.0
2025,2,FLL,ORD,NK,1.0,82.06
2025,2,FLL,ORD,NK,1.0,83.05
2025,2,FLL,ORD,NK,1.0,83.47
2025,2,FLL,ORD,NK,1.0,83.5
2025,2,FLL,ORD,NK,1.0,84.5
2025,2,FLL,ORD,NK,1.0,84.53
2025,2,FLL,ORD,NK,1.0,84.62
2025,2,FLL,ORD,NK,1.0,84.81
2025,2,FLL,ORD,NK,1.0,85.0
2025,2,FLL,ORD,NK,1.0,85.28
2025,2,FLL,ORD,NK,1.0,85.28
2025,2,FLL,ORD,NK,1.0,85.5
2025,2,FLL,ORD,NK,1.0,85.74
2025,2,FLL,ORD,NK,1.0,85.95
2025,2,FLL,ORD,NK,1.0,86.0
2025,2,FLL,ORD,NK,1.0,87.0
2025,2,FLL,ORD,NK,1.0,87.34
2025,2,FLL,ORD,NK,1.0,88.0
2025,2,FLL,ORD,NK,1.0,88.44
2025,2,FLL,ORD,NK,1.0,88.5
2025,2,FLL,ORD,NK,1.0,89.5
2025,2,FLL,ORD,NK,1.0,90.0
2025,2,FLL,ORD,NK,1.0,90.5
2025,2,FLL,ORD,NK,1.0,91.0
2025,2,FLL,ORD,NK,1.0,91.0
2025,2,FLL,ORD,NK,1.0,91.0
2025,2,FLL,ORD,NK,1.0,92.5
2025,2,FLL,ORD,NK,1.0,93.21
2025,2,FLL,ORD,NK,1.0,94.3
2025,2,FLL,ORD,NK,1.0,95.0
2025,2,FLL,ORD,NK,1.0,95.5
2025,2,FLL,ORD,NK,1.0,95.5
2025,2,FLL,ORD,NK,1.0,96.0
2025,2,FLL,ORD,NK,1.0,97.5
2025,2,FLL,ORD,NK,1.0,97.84
2025,2,FLL,ORD,NK,1.0,97.88
2025,2,FLL,ORD,NK,1.0,98.0
2025,2,FLL,ORD,NK,1.0,98.0
2025,2,FLL,ORD,NK,1.0,98.02
2025,2,FLL,ORD,NK,1.0,98.5
2025,2,FLL,ORD,NK,1.0,98.5
2025,2,FLL,ORD,NK,1.0,98.56
2025,2,FLL,ORD,NK,1.0,99.79
2025,2,FLL,ORD,NK,1.0,100.56
2025,2,FLL,ORD,NK,1.0,100.82
2025,2,FLL,ORD,NK,1.0,101.0
2025,2,FLL,ORD,NK,1.0,101.0
2025,2,FLL,ORD,NK,1.0,101.0
2025,2,FLL,ORD,NK,1.0,102.0
2025,2,FLL,ORD,NK,1.0,103.0
2025,2,FLL,ORD,NK,1.0,103.0
2025,2,FLL,ORD,NK,1.0,104.02
2025,2,FLL,ORD,NK,1.0,104.45
2025,2,FLL,ORD,NK,1.0,104.58
2025,2,FLL,ORD,NK,1.0,106.78
2025,2,FLL,ORD,NK,1.0,107.0
2025,2,FLL,ORD,NK,1.0,107.15
2025,2,FLL,ORD,NK,1.0,108.0
2025,2,FLL,ORD,NK,1.0,108.3
2025,2,FLL,ORD,NK,1.0,108.5
2025,2,FLL,ORD,NK,1.0,109.5
2025,2,FLL,ORD,NK,1.0,110.48
2025,2,FLL,ORD,NK,1.0,110.5
2025,2,FLL,ORD,NK,1.0,110.8
2025,2,FLL,ORD,NK,1.0,112.0
2025,2,FLL,ORD,NK,1.0,112.0
2025,2,FLL,ORD,NK,1.0,112.26
2025,2,FLL,ORD,NK,1.0,113.0
2025,2,FLL,ORD,NK,1.0,114.2
2025,2,FLL,ORD,NK,1.0,114.65
2025,2,FLL,ORD,NK,1.0,115.5
2025,2,FLL,ORD,NK,1.0,115.58
2025,2,FLL,ORD,NK,1.0,116.0
2025,2,FLL,ORD,NK,1.0,117.5
2025,2,FLL,ORD,NK,1.0,117.95
2025,2,FLL,ORD,NK,1.0,119.24
2025,2,FLL,ORD,NK,1.0,120.0
2025,2,FLL,ORD,NK,1.0,120.09
2025,2,FLL,ORD,NK,1.0,120.89
2025,2,FLL,ORD,NK,1.0,121.5
2025,2,FLL,ORD,NK,1.0,122.0
2025,2,FLL,ORD,NK,1.0,122.0
2025,2,FLL,ORD,NK,1.0,122.5
2025,2,FLL,ORD,NK,1.0,123.0
2025,2,FLL,ORD,NK,1.0,123.0
2025,2,FLL,ORD,NK,1.0,123.22
2025,2,FLL,ORD,NK,1.0,123.5
2025,2,FLL,ORD,NK,1.0,124.5
2025,2,FLL,ORD,NK,1.0,125.0
2025,2,FLL,ORD,NK,1.0,125.5
2025,2,FLL,ORD,NK,1.0,125.5
2025,2,FLL,ORD,NK,1.0,126.04
2025,2,FLL,ORD,NK,1.0,127.0
2025,2,FLL,ORD,NK,1.0,127.0
2025,2,FLL,ORD,NK,1.0,127.5
2025,2,FLL,ORD,NK,1.0,128.0
2025,2,FLL,ORD,NK,1.0,129.5
2025,2,FLL,ORD,NK,1.0,129.84
2025,2,FLL,ORD,NK,1.0,130.04
2025,2,FLL,ORD,NK,1.0,131.0
2025,2,FLL,ORD,NK,1.0,132.0
2025,2,FLL,ORD,NK,1.0,132.0
2025,2,FLL,ORD,NK,1.0,133.0
2025,2,FLL,ORD,NK,1.0,133.46
2025,2,FLL,ORD,NK,1.0,133.5
2025,2,FLL,ORD,NK,1.0,133.5
2025,2,FLL,ORD,NK,1.0,134.0
2025,2,FLL,ORD,NK,1.0,134.1
2025,2,FLL,ORD,NK,1.0,135.22
2025,2,FLL,ORD,NK,1.0,135.64
2025,2,FLL,ORD,NK,1.0,136.33
2025,2,FLL,ORD,NK,1.0,138.0
2025,2,FLL,ORD,NK,1.0,138.35
2025,2,FLL,ORD,NK,1.0,138.5
2025,2,FLL,ORD,NK,1.0,139.11
2025,2,FLL,ORD,NK,1.0,139.5
2025,2,FLL,ORD,NK,1.0,140.0
2025,2,FLL,ORD,NK,1.0,140.5
2025,2,FLL,ORD,NK,1.0,141.0
2025,2,FLL,ORD,NK,1.0,142.5
2025,2,FLL,ORD,NK,1.0,143.0
2025,2,FLL,ORD,NK,1.0,143.34
2025,2,FLL,ORD,NK,1.0,144.35
2025,2,FLL,ORD,NK,1.0,144.85
2025,2,FLL,ORD,NK,1.0,145.49
2025,2,FLL,ORD,NK,1.0,145.5
2025,2,FLL,ORD,NK,1.0,145.5
2025,2,FLL,ORD,NK,1.0,146.0
2025,2,FLL,ORD,NK,1.0,146.33
2025,2,FLL,ORD,NK,1.0,147.0
2025,2,FLL,ORD,NK,1.0,148.0
2025,2,FLL,ORD,NK,1.0,148.13
2025,2,FLL,ORD,NK,1.0,148.3
2025,2,FLL,ORD,NK,1.0,149.99
2025,2,FLL,ORD,NK,1.0,150.0
2025,2,FLL,ORD,NK,1.0,150.0
2025,2,FLL,ORD,NK,1.0,150.05
2025,2,FLL,ORD,NK,1.0,151.0
2025,2,FLL,ORD,NK,1.0,152.29
2025,2,FLL,ORD,NK,1.0,153.5
2025,2,FLL,ORD,NK,1.0,154.5
2025,2,FLL,ORD,NK,1.0,156.0
2025,2,FLL,ORD,NK,1.0,157.0
2025,2,FLL,ORD,NK,1.0,157.0
2025,2,FLL,ORD,NK,1.0,161.5
2025,2,FLL,ORD,NK,1.0,161.5
2025,2,FLL,ORD,NK,1.0,162.0
2025,2,FLL,ORD,NK,1.0,162.26
2025,2,FLL,ORD,NK,1.0,162.82
2025,2,FLL,ORD,NK,1.0,163.0
2025,2,FLL,ORD,NK,1.0,164.0
2025,2,FLL,ORD,NK,1.0,166.0
2025,2,FLL,ORD,NK,1.0,167.0
2025,2,FLL,ORD,NK,1.0,168.0
2025,2,FLL,ORD,NK,1.0,169.0
2025,2,FLL,ORD,NK,1.0,169.0
2025,2,FLL,ORD,NK,1.0,169.5
2025,2,FLL,ORD,NK,1.0,170.0
2025,2,FLL,ORD,NK,1.0,170.0
2025,2,FLL,ORD,NK,1.0,171.0
2025,2,FLL,ORD,NK,1.0,171.0
2025,2,FLL,ORD,NK,1.0,172.5
2025,2,FLL,ORD,NK,1.0,174.0
2025,2,FLL,ORD,NK,1.0,174.0
2025,2,FLL,ORD,NK,1.0,175.5
2025,2,FLL,ORD,NK,1.0,176.0
2025,2,FLL,ORD,NK,1.0,176.01
2025,2,FLL,ORD,NK,1.0,178.0
2025,2,FLL,ORD,NK,1.0,178.0
2025,2,FLL,ORD,NK,1.0,179.0
2025,2,FLL,ORD,NK,1.0,179.0
2025,2,FLL,ORD,NK,1.0,183.0
2025,2,FLL,ORD,NK,1.0,184.0
2025,2,FLL,ORD,NK,1.0,185.0
2025,2,FLL,ORD,NK,1.0,185.11
2025,2,FLL,ORD,NK,1.0,186.5
2025,2,FLL,ORD,NK,1.0,187.5
2025,2,FLL,ORD,NK,1.0,188.5
2025,2,FLL,ORD,NK,1.0,189.0
2025,2,FLL,ORD,NK,1.0,189.0
2025,2,FLL,ORD,NK,1.0,189.0
2025,2,FLL,ORD,NK,1.0,191.0
2025,2,FLL,ORD,NK,1.0,191.5
2025,2,FLL,ORD,NK,1.0,191.5
2025,2,FLL,ORD,NK,1.0,192.0
2025,2,FLL,ORD,NK,1.0,194.63
2025,2,FLL,ORD,NK,1.0,196.5
2025,2,FLL,ORD,NK,1.0,198.0
2025,2,FLL,ORD,NK,1.0,198.84
2025,2,FLL,ORD,NK,1.0,199.0
2025,2,FLL,ORD,NK,1.0,203.0
2025,2,FLL,ORD,NK,1.0,203.5
2025,2,FLL,ORD,NK,1.0,203.68
2025,2,FLL,ORD,NK,1.0,205.07
2025,2,FLL,ORD,NK,1.0,208.5
2025,2,FLL,ORD,NK,1.0,208.5
2025,2,FLL,ORD,NK,1.0,209.0
2025,2,FLL,ORD,NK,1.0,209.5
2025,2,FLL,ORD,NK,1.0,210.5
2025,2,FLL,ORD,NK,1.0,211.5
2025,2,FLL,ORD,NK,1.0,211.5
2025,2,FLL,ORD,NK,1.0,214.0
2025,2,FLL,ORD,NK,1.0,214.0
2025,2,FLL,ORD,NK,1.0,215.15
2025,2,FLL,ORD,NK,1.0,216.0
2025,2,FLL,ORD,NK,1.0,218.0
2025,2,FLL,ORD,NK,1.0,220.5
2025,2,FLL,ORD,NK,1.0,221.0
2025,2,FLL,ORD,NK,1.0,221.5
2025,2,FLL,ORD,NK,1.0,224.0
2025,2,FLL,ORD,NK,1.0,224.0
2025,2,FLL,ORD,NK,1.0,226.5
2025,2,FLL,ORD,NK,1.0,226.5
2025,2,FLL,ORD,NK,1.0,227.0
2025,2,FLL,ORD,NK,1.0,228.5
2025,2,FLL,ORD,NK,1.0,229.5
2025,2,FLL,ORD,NK,1.0,230.5
2025,2,FLL,ORD,NK,1.0,230.5
2025,2,FLL,ORD,NK,1.0,231.0
2025,2,FLL,ORD,NK,1.0,234.0
2025,2,FLL,ORD,NK,1.0,234.0
2025,2,FLL,ORD,NK,1.0,234.0
2025,2,FLL,ORD,NK,1.0,235.0
2025,2,FLL,ORD,NK,1.0,236.5
2025,2,FLL,ORD,NK,1.0,242.5
2025,2,FLL,ORD,NK,1.0,244.0
2025,2,FLL,ORD,NK,1.0,244.0
2025,2,FLL,ORD,NK,1.0,248.0
2025,2,FLL,ORD,NK,1.0,248.5
2025,2,FLL,ORD,NK,1.0,252.91
2025,2,FLL,ORD,NK,1.0,254.0
2025,2,FLL,ORD,NK,1.0,254.88
2025,2,FLL,ORD,NK,1.0,255.5
2025,2,FLL,ORD,NK,1.0,256.0
2025,2,FLL,ORD,NK,1.0,256.0
2025,2,FLL,ORD,NK,1.0,257.0
2025,2,FLL,ORD,NK,1.0,258.0
2025,2,FLL,ORD,NK,1.0,259.0
2025,2,FLL,ORD,NK,1.0,261.0
2025,2,FLL,ORD,NK,1.0,261.5
2025,2,FLL,ORD,NK,1.0,262.5
2025,2,FLL,ORD,NK,1.0,264.0
2025,2,FLL,ORD,NK,1.0,264.0
2025,2,FLL,ORD,NK,1.0,264.5
2025,2,FLL,ORD,NK,1.0,266.5
2025,2,FLL,ORD,NK,1.0,271.5
2025,2,FLL,ORD,NK,1.0,271.5
2025,2,FLL,ORD,NK,1.0,274.0
2025,2,FLL,ORD,NK,1.0,274.0
2025,2,FLL,ORD,NK,1.0,282.0
2025,2,FLL,ORD,NK,1.0,285.0
2025,2,FLL,ORD,NK,1.0,286.5
2025,2,FLL,ORD,NK,1.0,289.0
2025,2,FLL,ORD,NK,1.0,291.0
2025,2,FLL,ORD,NK,1.0,302.0
2025,2,FLL,ORD,NK,1.0,311.5
2025,2,FLL,ORD,NK,1.0,314.0
2025,2,FLL,ORD,NK,1.0,316.0
2025,2,FLL,ORD,NK,1.0,316.0
2025,2,FLL,ORD,NK,1.0,317.0
2025,2,FLL,ORD,NK,1.0,321.5
2025,2,FLL,ORD,NK,1.0,339.0
2025,2,FLL,ORD,NK,1.0,341.0
2025,2,FLL,ORD,NK,1.0,344.0
2025,2,FLL,ORD,NK,1.0,344.0
2025,2,FLL,ORD,NK,1.0,349.0
2025,2,FLL,ORD,NK,1.0,353.5
2025,2,FLL,ORD,NK,1.0,354.0
2025,2,FLL,ORD,NK,1.0,373.0
2025,2,FLL,ORD,NK,1.0,387.0
2025,2,FLL,ORD,NK,1.0,389.0
2025,2,FLL,ORD,NK,1.0,398.0
2025,2,FLL,ORD,NK,2.0,22.0
2025,2,FLL,ORD,NK,2.0,35.0
2025,2,FLL,ORD,NK,2.0,36.0
2025,2,FLL,ORD,NK,2.0,39.0
2025,2,FLL,ORD,NK,2.0,40.0
2025,2,FLL,ORD,NK,2.0,40.0
2025,2,FLL,ORD,NK,2.0,41.0
2025,2,FLL,ORD,NK,2.0,44.0
2025,2,FLL,ORD,NK,2.0,44.5
2025,2,FLL,ORD,NK,2.0,45.5
2025,2,FLL,ORD,NK,2.0,47.97
2025,2,FLL,ORD,NK,2.0,48.5
2025,2,FLL,ORD,NK,2.0,49.5
2025,2,FLL,ORD,NK,2.0,50.0
2025,2,FLL,ORD,NK,2.0,50.5
2025,2,FLL,ORD,NK,2.0,51.5
2025,2,FLL,ORD,NK,2.0,52.0
2025,2,FLL,ORD,NK,2.0,55.5
2025,2,FLL,ORD,NK,2.0,56.5
2025,2,FLL,ORD,NK,2.0,58.0
2025,2,FLL,ORD,NK,2.0,58.13
2025,2,FLL,ORD,NK,2.0,61.5
2025,2,FLL,ORD,NK,2.0,62.5
2025,2,FLL,ORD,NK,2.0,65.0
2025,2,FLL,ORD,NK,2.0,67.5
2025,2,FLL,ORD,NK,2.0,68.5
2025,2,FLL,ORD,NK,2.0,69.09
2025,2,FLL,ORD,NK,2.0,70.0
2025,2,FLL,ORD,NK,2.0,72.0
2025,2,FLL,ORD,NK,2.0,72.0
2025,2,FLL,ORD,NK,2.0,72.0
2025,2,FLL,ORD,NK,2.0,72.84
2025,2,FLL,ORD,NK,2.0,73.0
2025,2,FLL,ORD,NK,2.0,75.0
2025,2,FLL,ORD,NK,2.0,77.0
2025,2,FLL,ORD,NK,2.0,85.0
2025,2,FLL,ORD,NK,2.0,88.0
2025,2,FLL,ORD,NK,2.0,88.22
2025,2,FLL,ORD,NK,2.0,88.5
2025,2,FLL,ORD,NK,2.0,90.78
2025,2,FLL,ORD,NK,2.0,92.0
2025,2,FLL,ORD,NK,2.0,95.0
2025,2,FLL,ORD,NK,2.0,96.0
2025,2,FLL,ORD,NK,2.0,97.0
2025,2,FLL,ORD,NK,2.0,98.0
2025,2,FLL,ORD,NK,2.0,105.5
2025,2,FLL,ORD,NK,2.0,105.83
2025,2,FLL,ORD,NK,2.0,106.5
2025,2,FLL,ORD,NK,2.0,108.5
2025,2,FLL,ORD,NK,2.0,113.0
2025,2,FLL,ORD,NK,2.0,113.5
2025,2,FLL,ORD,NK,2.0,116.0
2025,2,FLL,ORD,NK,2.0,116.0
2025,2,FLL,ORD,NK,2.0,117.5
2025,2,FLL,ORD,NK,2.0,118.0
2025,2,FLL,ORD,NK,2.0,118.0
2025,2,FLL,ORD,NK,2.0,120.0
2025,2,FLL,ORD,NK,2.0,126.5
2025,2,FLL,ORD,NK,2.0,126.5
2025,2,FLL,ORD,NK,2.0,127.5
2025,2,FLL,ORD,NK,2.0,127.72
2025,2,FLL,ORD,NK,2.0,136.0
2025,2,FLL,ORD,NK,2.0,139.5
2025,2,FLL,ORD,NK,2.0,143.09
2025,2,FLL,ORD,NK,2.0,146.0
2025,2,FLL,ORD,NK,2.0,150.5
2025,2,FLL,ORD,NK,2.0,154.0
2025,2,FLL,ORD,NK,2.0,158.0
2025,2,FLL,ORD,NK,2.0,163.0
2025,2,FLL,ORD,NK,2.0,179.0
2025,2,FLL,ORD,NK,2.0,180.0
2025,2,FLL,ORD,NK,2.0,184.0
2025,2,FLL,ORD,NK,2.0,194.0
2025,2,FLL,ORD,NK,2.0,194.0
2025,2,FLL,ORD,NK,2.0,201.0
2025,2,FLL,ORD,NK,2.0,206.5
2025,2,FLL,ORD,NK,2.0,219.0
2025,2,FLL,ORD,NK,2.0,219.0
2025,2,FLL,ORD,NK,2.0,249.0
2025,2,FLL,ORD,NK,2.0,254.0
2025,2,FLL,ORD,NK,2.0,254.0
2025,2,FLL,ORD,NK,2.0,279.0
2025,2,FLL,ORD,NK,2.0,286.5
2025,2,FLL,ORD,NK,2.0,299.0
2025,2,FLL,ORD,NK,2.0,359.0
2025,2,FLL,ORD,NK,2.0,375.0
2025,2,FLL,ORD,NK,2.0,385.0
2025,2,FLL,ORD,NK,2.0,393.0
2025,2,FLL,ORD,NK,3.0,18.0
2025,2,FLL,ORD,NK,3.0,38.5
2025,2,FLL,ORD,NK,3.0,39.0
2025,2,FLL,ORD,NK,3.0,43.0
2025,2,FLL,ORD,NK,3.0,43.0
2025,2,FLL,ORD,NK,3.0,45.0
2025,2,FLL,ORD,NK,3.0,47.0
2025,2,FLL,ORD,NK,3.0,48.0
2025,2,FLL,ORD,NK,3.0,51.0
2025,2,FLL,ORD,NK,3.0,60.5
2025,2,FLL,ORD,NK,3.0,67.0
2025,2,FLL,ORD,NK,3.0,70.0
2025,2,FLL,ORD,NK,3.0,70.5
2025,2,FLL,ORD,NK,3.0,75.5
2025,2,FLL,ORD,NK,3.0,78.0
2025,2,FLL,ORD,NK,3.0,78.01
2025,2,FLL,ORD,NK,3.0,82.0
2025,2,FLL,ORD,NK,3.0,83.0
2025,2,FLL,ORD,NK,3.0,83.0
2025,2,FLL,ORD,NK,3.0,85.5
2025,2,FLL,ORD,NK,3.0,86.0
2025,2,FLL,ORD,NK,3.0,93.5
2025,2,FLL,ORD,NK,3.0,101.0
2025,2,FLL,ORD,NK,3.0,105.5
2025,2,FLL,ORD,NK,3.0,106.0
2025,2,FLL,ORD,NK,3.0,113.0
2025,2,FLL,ORD,NK,3.0,121.0
2025,2,FLL,ORD,NK,3.0,124.0
2025,2,FLL,ORD,NK,3.0,126.0
2025,2,FLL,ORD,NK,3.0,139.0
2025,2,FLL,ORD,NK,3.0,141.5
2025,2,FLL,ORD,NK,3.0,142.0
2025,2,FLL,ORD,NK,3.0,146.5
2025,2,FLL,ORD,NK,3.0,149.0
2025,2,FLL,ORD,NK,3.0,149.0
2025,2,FLL,ORD,NK,3.0,151.5
2025,2,FLL,ORD,NK,3.0,156.0
2025,2,FLL,ORD,NK,3.0,161.0
2025,2,FLL,ORD,NK,3.0,166.0
2025,2,FLL,ORD,NK,3.0,166.5
2025,2,FLL,ORD,NK,3.0,171.5
2025,2,FLL,ORD,NK,3.0,176.5
2025,2,FLL,ORD,NK,3.0,206.5
2025,2,FLL,ORD,NK,3.0,221.5
2025,2,FLL,ORD,NK,3.0,229.0
2025,2,FLL,ORD,NK,3.0,241.5
2025,2,FLL,ORD,NK,3.0,241.5
2025,2,FLL,ORD,NK,3.0,291.5
2025,2,FLL,ORD,NK,3.0,294.0
2025,2,FLL,ORD,NK,3.0,296.5
2025,2,FLL,ORD,NK,3.0,303.5
2025,2,FLL,ORD,NK,3.0,316.0
2025,2,FLL,ORD,NK,3.0,329.0
2025,2,FLL,ORD,NK,3.0,364.0
2025,2,FLL,ORD,NK,3.0,369.0
2025,2,FLL,ORD,NK,4.0,48.5
2025,2,FLL,ORD,NK,4.0,49.0
2025,2,FLL,ORD,NK,4.0,51.0
2025,2,FLL,ORD,NK,4.0,53.5
2025,2,FLL,ORD,NK,4.0,55.5
2025,2,FLL,ORD,NK,4.0,56.0
2025,2,FLL,ORD,NK,4.0,56.5
2025,2,FLL,ORD,NK,4.0,58.5
2025,2,FLL,ORD,NK,4.0,58.5
2025,2,FLL,ORD,NK,4.0,60.5
2025,2,FLL,ORD,NK,4.0,61.5
2025,2,FLL,ORD,NK,4.0,65.0
2025,2,FLL,ORD,NK,4.0,65.5
2025,2,FLL,ORD,NK,4.0,71.0
2025,2,FLL,ORD,NK,4.0,73.0
2025,2,FLL,ORD,NK,4.0,75.5
2025,2,FLL,ORD,NK,4.0,78.0
2025,2,FLL,ORD,NK,4.0,78.5
2025,2,FLL,ORD,NK,4.0,81.0
2025,2,FLL,ORD,NK,4.0,86.0
2025,2,FLL,ORD,NK,4.0,93.0
2025,2,FLL,ORD,NK,4.0,97.0
2025,2,FLL,ORD,NK,4.0,106.0
2025,2,FLL,ORD,NK,4.0,111.0
2025,2,FLL,ORD,NK,4.0,116.5
2025,2,FLL,ORD,NK,4.0,128.5
2025,2,FLL,ORD,NK,4.0,129.0
2025,2,FLL,ORD,NK,4.0,131.5
2025,2,FLL,ORD,NK,4.0,139.0
2025,2,FLL,ORD,NK,4.0,171.5
2025,2,FLL,ORD,NK,4.0,176.5
2025,2,FLL,ORD,NK,4.0,204.0
2025,2,FLL,ORD,NK,5.0,42.0
2025,2,FLL,ORD,NK,5.0,46.0
2025,2,FLL,ORD,NK,5.0,47.0
2025,2,FLL,ORD,NK,5.0,53.0
2025,2,FLL,ORD,NK,5.0,56.0
2025,2,FLL,ORD,NK,5.0,61.0
2025,2,FLL,ORD,NK,5.0,61.0
2025,2,FLL,ORD,NK,5.0,67.0
2025,2,FLL,ORD,NK,5.0,73.53
2025,2,FLL,ORD,NK,5.0,83.0
2025,2,FLL,ORD,NK,5.0,83.5
2025,2,FLL,ORD,NK,5.0,96.0
2025,2,FLL,ORD,NK,5.0,114.0
2025,2,FLL,ORD,NK,5.0,121.0
2025,2,FLL,ORD,NK,5.0,121.5
2025,2,FLL,ORD,NK,5.0,136.0
2025,2,FLL,ORD,NK,5.0,136.5
2025,2,FLL,ORD,NK,5.0,146.5
2025,2,FLL,ORD,NK,5.0,159.0
2025,2,FLL,ORD,NK,5.0,175.0
2025,2,FLL,ORD,NK,5.0,184.0
2025,2,FLL,ORD,NK,5.0,200.0
2025,2,FLL,ORD,NK,5.0,209.0
2025,2,FLL,ORD,NK,5.0,214.0
2025,2,FLL,ORD,NK,5.0,239.0
2025,2,FLL,ORD,NK,5.0,249.0
2025,2,FLL,ORD,NK,5.0,403.0
2025,2,FLL,ORD,NK,5.0,408.0
2025,2,FLL,ORD,NK,6.0,36.0
2025,2,FLL,ORD,NK,6.0,39.0
2025,2,FLL,ORD,NK,6.0,43.0
2025,2,FLL,ORD,NK,6.0,52.0
2025,2,FLL,ORD,NK,6.0,52.0
2025,2,FLL,ORD,NK,6.0,60.0
2025,2,FLL,ORD,NK,6.0,63.5
2025,2,FLL,ORD,NK,6.0,67.0
2025,2,FLL,ORD,NK,6.0,68.0
2025,2,FLL,ORD,NK,6.0,111.5
2025,2,FLL,ORD,NK,6.0,136.5
2025,2,FLL,ORD,NK,6.0,154.0
2025,2,FLL,ORD,NK,6.0,229.0
2025,2,FLL,ORD,NK,6.0,254.0
2025,2,FLL,ORD,NK,7.0,66.5
2025,2,FLL,ORD,NK,7.0,68.0
2025,2,FLL,ORD,NK,7.0,89.0
2025,2,FLL,ORD,NK,7.0,96.5
2025,2,FLL,ORD,NK,7.0,119.0
2025,2,FLL,ORD,NK,7.0,124.0
2025,2,FLL,ORD,NK,7.0,131.5
2025,2,FLL,ORD,NK,7.0,141.5
2025,2,FLL,ORD,NK,7.0,144.0
2025,2,FLL,ORD,NK,7.0,190.0
2025,2,FLL,ORD,NK,7.0,199.0
2025,2,FLL,ORD,NK,7.0,249.0
2025,2,FLL,ORD,NK,8.0,54.0
2025,2,FLL,ORD,NK,8.0,68.0
2025,2,FLL,ORD,NK,8.0,71.5
2025,2,FLL,ORD,NK,8.0,73.0
2025,2,FLL,ORD,NK,8.0,76.5
2025,2,FLL,ORD,NK,8.0,86.5
2025,2,FLL,ORD,NK,8.0,91.5
2025,2,FLL,ORD,NK,8.0,116.5
2025,2,FLL,ORD,NK,8.0,119.0
2025,2,FLL,ORD,NK,8.0,156.5
2025,2,FLL,ORD,NK,8.0,159.0
2025,2,FLL,ORD,NK,8.0,174.0
2025,2,FLL,ORD,NK,8.0,204.0
2025,2,FLL,ORD,NK,8.0,324.0
2025,2,FLL,ORD,NK,9.0,38.0
2025,2,FLL,ORD,NK,9.0,48.0
2025,2,FLL,ORD,NK,9.0,76.0
2025,2,FLL,ORD,NK,9.0,91.0
2025,2,FLL,ORD,NK,9.0,94.0
2025,2,FLL,ORD,NK,9.0,104.0
2025,2,FLL,ORD,NK,9.0,154.0
2025,2,FLL,ORD,NK,9.0,161.5
2025,2,FLL,ORD,NK,9.0,166.5
2025,2,FLL,ORD,NK,10.0,55.0
2025,2,FLL,ORD,NK,10.0,134.0
2025,2,FLL,ORD,NK,10.0,139.0
2025,2,FLL,ORD,NK,10.0,149.0
2025,2,FLL,ORD,NK,10.0,216.5
2025,2,FLL,ORD,NK,10.0,269.0
2025,2,FLL,ORD,NK,10.0,284.0
2025,2,FLL,ORD,NK,11.0,101.5
2025,2,FLL,ORD,NK,11.0,109.0
2025,2,FLL,ORD,NK,11.0,164.0
2025,2,FLL,ORD,NK,11.0,216.5
2025,2,FLL,ORD,NK,12.0,71.5
2025,2,FLL,ORD,NK,12.0,81.5
2025,2,FLL,ORD,NK,12.0,111.5
2025,2,FLL,ORD,NK,12.0,159.0
2025,2,FLL,ORD,NK,13.0,53.0
2025,2,FLL,ORD,NK,13.0,86.5
2025,2,FLL,ORD,NK,13.0,88.0
2025,2,FLL,ORD,NK,13.0,109.0
2025,2,FLL,ORD,NK,14.0,66.5
2025,2,FLL,ORD,NK,14.0,96.5
2025,2,FLL,ORD,NK,15.0,49.0
2025,2,FLL,ORD,NK,15.0,56.0
2025,2,FLL,ORD,NK,15.0,106.5
2025,2,FLL,ORD,NK,15.0,134.0
2025,2,FLL,ORD,NK,16.0,81.5
2025,2,FLL,ORD,NK,16.0,84.0
2025,2,FLL,ORD,NK,16.0,101.5
2025,2,FLL,ORD,NK,16.0,194.0
2025,2,FLL,ORD,NK,16.0,224.0
2025,2,FLL,ORD,NK,16.0,279.0
2025,2,FLL,ORD,NK,17.0,76.5
2025,2,FLL,ORD,NK,17.0,81.0
2025,2,FLL,ORD,NK,17.0,129.0
2025,2,FLL,ORD,NK,18.0,119.0
2025,2,FLL,ORD,NK,18.0,239.0
2025,2,FLL,ORD,NK,19.0,94.0
2025,2,FLL,ORD,NK,19.0,124.0
2025,2,FLL,ORD,NK,20.0,54.0
2025,2,FLL,ORD,NK,20.0,59.0
2025,2,FLL,ORD,NK,20.0,91.5
2025,2,FLL,ORD,NK,20.0,104.0
2025,2,FLL,ORD,NK,20.0,114.0
2025,2,FLL,ORD,NK,21.0,53.0
2025,2,FLL,ORD,NK,21.0,58.0
2025,2,FLL,ORD,NK,21.0,64.0
2025,2,FLL,ORD,NK,22.0,64.0
2025,2,FLL,ORD,NK,22.0,96.0
2025,2,FLL,ORD,NK,24.0,5.5
2025,2,FLL,ORD,NK,24.0,69.0
2025,2,FLL,ORD,NK,24.0,89.0
2025,2,FLL,ORD,NK,24.0,104.0
2025,2,FLL,ORD,NK,25.0,84.0
2025,2,FLL,ORD,NK,25.0,99.0
2025,2,FLL,ORD,NK,25.0,109.0
2025,2,FLL,ORD,NK,26.0,5.5
2025,2,FLL,ORD,NK,28.0,99.0
2025,2,FLL,ORD,NK,30.0,89.0
2025,2,FLL,ORD,NK,30.0,219.0
2025,2,FLL,ORD,NK,32.0,99.0
2025,2,FLL,ORD,NK,32.0,189.0
2025,2,FLL,ORD,NK,33.0,59.0
2025,2,FLL,ORD,NK,34.0,63.0
2025,2,FLL,ORD,NK,36.0,94.0
2025,2,FLL,ORD,NK,38.0,58.0
2025,2,FLL,ORD,NK,38.0,63.0
2025,2,FLL,ORD,NK,38.0,64.0
2025,2,FLL,ORD,NK,38.0,129.0
2025,2,FLL,ORD,NK,41.0,59.0
2025,2,FLL,ORD,NK,41.0,84.0
2025,2,FLL,ORD,NK,42.0,204.0
2025,2,FLL,ORD,NK,44.0,63.0
2025,2,FLL,ORD,NK,46.0,74.0
2025,2,FLL,ORD,NK,47.0,69.0
2025,2,FLL,ORD,NK,49.0,74.0
2025,2,FLL,ORD,NK,51.0,6.0
2025,2,FLL,ORD,NK,52.0,114.0
2025,2,FLL,ORD,NK,54.0,79.0
2025,2,FLL,ORD,NK,55.0,69.0
2025,2,FLL,ORD,NK,55.0,74.0
2025,2,FLL,ORD,NK,59.0,229.0
2025,2,FLL,ORD,NK,63.0,79.0
2025,2,FLL,ORD,NK,65.0,79.0
2025,2,FLL,ATL,NK,1.0,5.5
2025,2,FLL,ATL,NK,1.0,5.5
2025,2,FLL,ATL,NK,1.0,15.0
2025,2,FLL,ATL,NK,1.0,16.0
2025,2,FLL,ATL,NK,1.0,17.33
2025,2,FLL,ATL,NK,1.0,18.0
2025,2,FLL,ATL,NK,1.0,18.5
2025,2,FLL,ATL,NK,1.0,19.5
2025,2,FLL,ATL,NK,1.0,19.5
2025,2,FLL,ATL,NK,1.0,20.45
2025,2,FLL,ATL,NK,1.0,20.5
2025,2,FLL,ATL,NK,1.0,21.22
2025,2,FLL,ATL,NK,1.0,21.8
2025,2,FLL,ATL,NK,1.0,22.5
2025,2,FLL,ATL,NK,1.0,22.59
2025,2,FLL,ATL,NK,1.0,23.0
2025,2,FLL,ATL,NK,1.0,23.5
2025,2,FLL,ATL,NK,1.0,25.0
2025,2,FLL,ATL,NK,1.0,25.11
2025,2,FLL,ATL,NK,1.0,25.5
2025,2,FLL,ATL,NK,1.0,25.99
2025,2,FLL,ATL,NK,1.0,27.0
2025,2,FLL,ATL,NK,1.0,27.0
2025,2,FLL,ATL,NK,1.0,27.0
2025,2,FLL,ATL,NK,1.0,27.39
2025,2,FLL,ATL,NK,1.0,27.5
2025,2,FLL,ATL,NK,1.0,28.61
2025,2,FLL,ATL,NK,1.0,28.8
2025,2,FLL,ATL,NK,1.0,29.5
2025,2,FLL,ATL,NK,1.0,30.09
2025,2,FLL,ATL,NK,1.0,30.25
2025,2,FLL,ATL,NK,1.0,32.0
2025,2,FLL,ATL,NK,1.0,32.09
2025,2,FLL,ATL,NK,1.0,32.63
2025,2,FLL,ATL,NK,1.0,33.0
2025,2,FLL,ATL,NK,1.0,33.95
2025,2,FLL,ATL,NK,1.0,34.13
2025,2,FLL,ATL,NK,1.0,34.5
2025,2,FLL,ATL,NK,1.0,35.01
2025,2,FLL,ATL,NK,1.0,35.5
2025,2,FLL,ATL,NK,1.0,36.64
2025,2,FLL,ATL,NK,1.0,37.0
2025,2,FLL,ATL,NK,1.0,37.39
2025,2,FLL,ATL,NK,1.0,37.5
2025,2,FLL,ATL,NK,1.0,37.69
2025,2,FLL,ATL,NK,1.0,38.0
2025,2,FLL,ATL,NK,1.0,38.73
2025,2,FLL,ATL,NK,1.0,39.06
2025,2,FLL,ATL,NK,1.0,39.26
2025,2,FLL,ATL,NK,1.0,40.0
2025,2,FLL,ATL,NK,1.0,41.67
2025,2,FLL,ATL,NK,1.0,44.85
2025,2,FLL,ATL,NK,1.0,45.99
2025,2,FLL,ATL,NK,1.0,46.68
2025,2,FLL,ATL,NK,1.0,47.0
2025,2,FLL,ATL,NK,1.0,47.86
2025,2,FLL,ATL,NK,1.0,49.43
2025,2,FLL,ATL,NK,1.0,49.5
2025,2,FLL,ATL,NK,1.0,49.54
2025,2,FLL,ATL,NK,1.0,50.5
2025,2,FLL,ATL,NK,1.0,51.01
2025,2,FLL,ATL,NK,1.0,51.96
2025,2,FLL,ATL,NK,1.0,52.9
2025,2,FLL,ATL,NK,1.0,53.5
2025,2,FLL,ATL,NK,1.0,55.12
2025,2,FLL,ATL,NK,1.0,56.0
2025,2,FLL,ATL,NK,1.0,57.0
2025,2,FLL,ATL,NK,1.0,57.2
2025,2,FLL,ATL,NK,1.0,57.36
2025,2,FLL,ATL,NK,1.0,58.35
2025,2,FLL,ATL,NK,1.0,58.99
2025,2,FLL,ATL,NK,1.0,59.15
2025,2,FLL,ATL,NK,1.0,59.5
2025,2,FLL,ATL,NK,1.0,59.76
2025,2,FLL,ATL,NK,1.0,60.39
2025,2,FLL,ATL,NK,1.0,60.82
2025,2,FLL,ATL,NK,1.0,60.94
2025,2,FLL,ATL,NK,1.0,60.97
2025,2,FLL,ATL,NK,1.0,61.43
2025,2,FLL,ATL,NK,1.0,62.73
2025,2,FLL,ATL,NK,1.0,62.81
2025,2,FLL,ATL,NK,1.0,63.29
2025,2,FLL,ATL,NK,1.0,63.98
2025,2,FLL,ATL,NK,1.0,65.0
2025,2,FLL,ATL,NK,1.0,65.0
2025,2,FLL,ATL,NK,1.0,66.55
2025,2,FLL,ATL,NK,1.0,67.0
2025,2,FLL,ATL,NK,1.0,67.59
2025,2,FLL,ATL,NK,1.0,67.83
2025,2,FLL,ATL,NK,1.0,68.0
2025,2,FLL,ATL,NK,1.0,68.0
2025,2,FLL,ATL,NK,1.0,68.42
2025,2,FLL,ATL,NK,1.0,68.5
2025,2,FLL,ATL,NK,1.0,69.11
2025,2,FLL,ATL,NK,1.0,71.05
2025,2,FLL,ATL,NK,1.0,71.51
2025,2,FLL,ATL,NK,1.0,72.0
2025,2,FLL,ATL,NK,1.0,72.0
2025,2,FLL,ATL,NK,1.0,72.5
2025,2,FLL,ATL,NK,1.0,72.52
2025,2,FLL,ATL,NK,1.0,73.18
2025,2,FLL,ATL,NK,1.0,74.5
2025,2,FLL,ATL,NK,1.0,75.0
2025,2,FLL,ATL,NK,1.0,75.5
2025,2,FLL,ATL,NK,1.0,75.73
2025,2,FLL,ATL,NK,1.0,76.39
2025,2,FLL,ATL,NK,1.0,76.84
2025,2,FLL,ATL,NK,1.0,80.0
2025,2,FLL,ATL,NK,1.0,80.5
2025,2,FLL,ATL,NK,1.0,80.5
2025,2,FLL,ATL,NK,1.0,82.0
2025,2,FLL,ATL,NK,1.0,82.0
2025,2,FLL,ATL,NK,1.0,82.25
2025,2,FLL,ATL,NK,1.0,84.1
2025,2,FLL,ATL,NK,1.0,84.5
2025,2,FLL,ATL,NK,1.0,84.51
2025,2,FLL,ATL,NK,1.0,85.0
2025,2,FLL,ATL,NK,1.0,85.24
2025,2,FLL,ATL,NK,1.0,85.5
2025,2,FLL,ATL,NK,1.0,86.0
2025,2,FLL,ATL,NK,1.0,86.34
2025,2,FLL,ATL,NK,1.0,86.5
2025,2,FLL,ATL,NK,1.0,86.75
2025,2,FLL,ATL,NK,1.0,87.0
2025,2,FLL,ATL,NK,1.0,87.5
2025,2,FLL,ATL,NK,1.0,87.65
2025,2,FLL,ATL,NK,1.0,88.0
2025,2,FLL,ATL,NK,1.0,89.5
2025,2,FLL,ATL,NK,1.0,90.0
2025,2,FLL,ATL,NK,1.0,90.0
2025,2,FLL,ATL,NK,1.0,90.26
2025,2,FLL,ATL,NK,1.0,91.12
2025,2,FLL,ATL,NK,1.0,92.0
2025,2,FLL,ATL,NK,1.0,93.0
2025,2,FLL,ATL,NK,1.0,94.5
2025,2,FLL,ATL,NK,1.0,95.0
2025,2,FLL,ATL,NK,1.0,95.0
2025,2,FLL,ATL,NK,1.0,95.5
2025,2,FLL,ATL,NK,1.0,95.8
2025,2,FLL,ATL,NK,1.0,96.0
2025,2,FLL,ATL,NK,1.0,96.46
2025,2,FLL,ATL,NK,1.0,97.5
2025,2,FLL,ATL,NK,1.0,97.5
2025,2,FLL,ATL,NK,1.0,99.5
2025,2,FLL,ATL,NK,1.0,100.0
2025,2,FLL,ATL,NK,1.0,100.0
2025,2,FLL,ATL,NK,1.0,100.2
2025,2,FLL,ATL,NK,1.0,100.5
2025,2,FLL,ATL,NK,1.0,101.0
2025,2,FLL,ATL,NK,1.0,102.0
2025,2,FLL,ATL,NK,1.0,102.5
2025,2,FLL,ATL,NK,1.0,102.5
2025,2,FLL,ATL,NK,1.0,103.0
2025,2,FLL,ATL,NK,1.0,103.5
2025,2,FLL,ATL,NK,1.0,104.5
2025,2,FLL,ATL,NK,1.0,105.0
2025,2,FLL,ATL,NK,1.0,105.0
2025,2,FLL,ATL,NK,1.0,105.32
2025,2,FLL,ATL,NK,1.0,105.5
2025,2,FLL,ATL,NK,1.0,107.0
2025,2,FLL,ATL,NK,1.0,107.0
2025,2,FLL,ATL,NK,1.0,107.5
2025,2,FLL,ATL,NK,1.0,107.5
2025,2,FLL,ATL,NK,1.0,108.0
2025,2,FLL,ATL,NK,1.0,108.9
2025,2,FLL,ATL,NK,1.0,110.0
2025,2,FLL,ATL,NK,1.0,111.0
2025,2,FLL,ATL,NK,1.0,111.11
2025,2,FLL,ATL,NK,1.0,111.86
2025,2,FLL,ATL,NK,1.0,112.0
2025,2,FLL,ATL,NK,1.0,112.49
2025,2,FLL,ATL,NK,1.0,112.5
2025,2,FLL,ATL,NK,1.0,112.74
2025,2,FLL,ATL,NK,1.0,113.5
2025,2,FLL,ATL,NK,1.0,113.99
2025,2,FLL,ATL,NK,1.0,114.34
2025,2,FLL,ATL,NK,1.0,114.5
2025,2,FLL,ATL,NK,1.0,114.5
2025,2,FLL,ATL,NK,1.0,115.0
2025,2,FLL,ATL,NK,1.0,115.13
2025,2,FLL,ATL,NK,1.0,116.0
2025,2,FLL,ATL,NK,1.0,116.0
2025,2,FLL,ATL,NK,1.0,117.0
2025,2,FLL,ATL,NK,1.0,117.0
2025,2,FLL,ATL,NK,1.0,117.5
2025,2,FLL,ATL,NK,1.0,118.0
2025,2,FLL,ATL,NK,1.0,118.5
2025,2,FLL,ATL,NK,1.0,121.0
2025,2,FLL,ATL,NK,1.0,122.0
2025,2,FLL,ATL,NK,1.0,122.0
2025,2,FLL,ATL,NK,1.0,122.63
2025,2,FLL,ATL,NK,1.0,123.5
2025,2,FLL,ATL,NK,1.0,126.0
2025,2,FLL,ATL,NK,1.0,126.0
2025,2,FLL,ATL,NK,1.0,127.0
2025,2,FLL,ATL,NK,1.0,127.57
2025,2,FLL,ATL,NK,1.0,128.5
2025,2,FLL,ATL,NK,1.0,129.0
2025,2,FLL,ATL,NK,1.0,130.0
2025,2,FLL,ATL,NK,1.0,131.5
2025,2,FLL,ATL,NK,1.0,132.0
2025,2,FLL,ATL,NK,1.0,132.5
2025,2,FLL,ATL,NK,1.0,134.5
2025,2,FLL,ATL,NK,1.0,134.96
2025,2,FLL,ATL,NK,1.0,135.0
2025,2,FLL,ATL,NK,1.0,135.0
2025,2,FLL,ATL,NK,1.0,135.44
2025,2,FLL,ATL,NK,1.0,135.5
2025,2,FLL,ATL,NK,1.0,136.0
2025,2,FLL,ATL,NK,1.0,137.0
2025,2,FLL,ATL,NK,1.0,137.0
2025,2,FLL,ATL,NK,1.0,137.5
2025,2,FLL,ATL,NK,1.0,138.0
2025,2,FLL,ATL,NK,1.0,138.0
2025,2,FLL,ATL,NK,1.0,138.0
2025,2,FLL,ATL,NK,1.0,138.5
2025,2,FLL,ATL,NK,1.0,138.5
2025,2,FLL,ATL,NK,1.0,139.0
2025,2,FLL,ATL,NK,1.0,148.0
2025,2,FLL,ATL,NK,1.0,148.0
2025,2,FLL,ATL,NK,1.0,149.0
2025,2,FLL,ATL,NK,1.0,150.0
2025,2,FLL,ATL,NK,1.0,150.5
2025,2,FLL,ATL,NK,1.0,151.0
2025,2,FLL,ATL,NK,1.0,152.0
2025,2,FLL,ATL,NK,1.0,154.5
2025,2,FLL,ATL,NK,1.0,157.0
2025,2,FLL,ATL,NK,1.0,157.0
2025,2,FLL,ATL,NK,1.0,158.0
2025,2,FLL,ATL,NK,1.0,162.0
2025,2,FLL,ATL,NK,1.0,163.0
2025,2,FLL,ATL,NK,1.0,163.5
2025,2,FLL,ATL,NK,1.0,164.0
2025,2,FLL,ATL,NK,1.0,165.0
2025,2,FLL,ATL,NK,1.0,166.0
2025,2,FLL,ATL,NK,1.0,167.0
2025,2,FLL,ATL,NK,1.0,170.0
2025,2,FLL,ATL,NK,1.0,170.5
2025,2,FLL,ATL,NK,1.0,171.0
2025,2,FLL,ATL,NK,1.0,173.5
2025,2,FLL,ATL,NK,1.0,174.0
2025,2,FLL,ATL,NK,1.0,176.5
2025,2,FLL,ATL,NK,1.0,177.0
2025,2,FLL,ATL,NK,1.0,178.0
2025,2,FLL,ATL,NK,1.0,181.0
2025,2,FLL,ATL,NK,1.0,181.5
2025,2,FLL,ATL,NK,1.0,181.67
2025,2,FLL,ATL,NK,1.0,182.0
2025,2,FLL,ATL,NK,1.0,183.0
2025,2,FLL,ATL,NK,1.0,183.5
2025,2,FLL,ATL,NK,1.0,184.0
2025,2,FLL,ATL,NK,1.0,186.0
2025,2,FLL,ATL,NK,1.0,186.5
2025,2,FLL,ATL,NK,1.0,189.0
2025,2,FLL,ATL,NK,1.0,190.0
2025,2,FLL,ATL,NK,1.0,191.0
2025,2,FLL,ATL,NK,1.0,194.0
2025,2,FLL,ATL,NK,1.0,199.0
2025,2,FLL,ATL,NK,1.0,200.0
2025,2,FLL,ATL,NK,1.0,201.5
2025,2,FLL,ATL,NK,1.0,202.0
2025,2,FLL,ATL,NK,1.0,204.0
2025,2,FLL,ATL,NK,1.0,204.0
2025,2,FLL,ATL,NK,1.0,207.0
2025,2,FLL,ATL,NK,1.0,207.5
2025,2,FLL,ATL,NK,1.0,212.0
2025,2,FLL,ATL,NK,1.0,213.0
2025,2,FLL,ATL,NK,1.0,214.0
2025,2,FLL,ATL,NK,1.0,216.0
2025,2,FLL,ATL,NK,1.0,219.0
2025,2,FLL,ATL,NK,1.0,226.0
2025,2,FLL,ATL,NK,1.0,226.5
2025,2,FLL,ATL,NK,1.0,226.5
2025,2,FLL,ATL,NK,1.0,226.94
2025,2,FLL,ATL,NK,1.0,229.0
2025,2,FLL,ATL,NK,1.0,230.0
2025,2,FLL,ATL,NK,1.0,232.0
2025,2,FLL,ATL,NK,1.0,235.5
2025,2,FLL,ATL,NK,1.0,239.0
2025,2,FLL,ATL,NK,1.0,251.5
2025,2,FLL,ATL,NK,1.0,251.5
2025,2,FLL,ATL,NK,1.0,254.0
2025,2,FLL,ATL,NK,1.0,254.0
2025,2,FLL,ATL,NK,1.0,266.0
2025,2,FLL,ATL,NK,1.0,269.0
2025,2,FLL,ATL,NK,1.0,272.0
2025,2,FLL,ATL,NK,1.0,274.0
2025,2,FLL,ATL,NK,1.0,278.0
2025,2,FLL,ATL,NK,1.0,279.0
2025,2,FLL,ATL,NK,1.0,301.0
2025,2,FLL,ATL,NK,1.0,316.0
2025,2,FLL,ATL,NK,1.0,352.0
2025,2,FLL,ATL,NK,1.0,352.0
2025,2,FLL,ATL,NK,1.0,356.0
2025,2,FLL,ATL,NK,1.0,389.0
2025,2,FLL,ATL,NK,1.0,393.0
2025,2,FLL,ATL,NK,1.0,394.0
2025,2,FLL,ATL,NK,1.0,419.0
2025,2,FLL,ATL,NK,1.0,519.0
2025,2,FLL,ATL,NK,2.0,4.11
2025,2,FLL,ATL,NK,2.0,18.5
2025,2,FLL,ATL,NK,2.0,19.0
2025,2,FLL,ATL,NK,2.0,22.0
2025,2,FLL,ATL,NK,2.0,23.0
2025,2,FLL,ATL,NK,2.0,24.0
2025,2,FLL,ATL,NK,2.0,24.5
2025,2,FLL,ATL,NK,2.0,25.5
2025,2,FLL,ATL,NK,2.0,26.5
2025,2,FLL,ATL,NK,2.0,28.0
2025,2,FLL,ATL,NK,2.0,28.5
2025,2,FLL,ATL,NK,2.0,32.0
2025,2,FLL,ATL,NK,2.0,32.9
2025,2,FLL,ATL,NK,2.0,33.03
2025,2,FLL,ATL,NK,2.0,35.5
2025,2,FLL,ATL,NK,2.0,35.5
2025,2,FLL,ATL,NK,2.0,37.0
2025,2,FLL,ATL,NK,2.0,42.0
2025,2,FLL,ATL,NK,2.0,42.5
2025,2,FLL,ATL,NK,2.0,42.5
2025,2,FLL,ATL,NK,2.0,45.0
2025,2,FLL,ATL,NK,2.0,45.24
2025,2,FLL,ATL,NK,2.0,45.5
2025,2,FLL,ATL,NK,2.0,57.5
2025,2,FLL,ATL,NK,2.0,63.0
2025,2,FLL,ATL,NK,2.0,64.5
2025,2,FLL,ATL,NK,2.0,65.5
2025,2,FLL,ATL,NK,2.0,68.5
2025,2,FLL,ATL,NK,2.0,70.0
2025,2,FLL,ATL,NK,2.0,70.0
2025,2,FLL,ATL,NK,2.0,72.22
2025,2,FLL,ATL,NK,2.0,73.0
2025,2,FLL,ATL,NK,2.0,75.0
2025,2,FLL,ATL,NK,2.0,75.5
2025,2,FLL,ATL,NK,2.0,77.5
2025,2,FLL,ATL,NK,2.0,79.5
2025,2,FLL,ATL,NK,2.0,79.5
2025,2,FLL,ATL,NK,2.0,80.0
2025,2,FLL,ATL,NK,2.0,87.5
2025,2,FLL,ATL,NK,2.0,88.0
2025,2,FLL,ATL,NK,2.0,89.5
2025,2,FLL,ATL,NK,2.0,90.0
2025,2,FLL,ATL,NK,2.0,91.0
2025,2,FLL,ATL,NK,2.0,92.5
2025,2,FLL,ATL,NK,2.0,97.0
2025,2,FLL,ATL,NK,2.0,98.0
2025,2,FLL,ATL,NK,2.0,98.5
2025,2,FLL,ATL,NK,2.0,102.0
2025,2,FLL,ATL,NK,2.0,103.5
2025,2,FLL,ATL,NK,2.0,104.5
2025,2,FLL,ATL,NK,2.0,106.0
2025,2,FLL,ATL,NK,2.0,108.0
2025,2,FLL,ATL,NK,2.0,108.5
2025,2,FLL,ATL,NK,2.0,108.5
2025,2,FLL,ATL,NK,2.0,109.5
2025,2,FLL,ATL,NK,2.0,110.0
2025,2,FLL,ATL,NK,2.0,110.0
2025,2,FLL,ATL,NK,2.0,110.5
2025,2,FLL,ATL,NK,2.0,112.5
2025,2,FLL,ATL,NK,2.0,113.0
2025,2,FLL,ATL,NK,2.0,113.5
2025,2,FLL,ATL,NK,2.0,113.5
2025,2,FLL,ATL,NK,2.0,116.0
2025,2,FLL,ATL,NK,2.0,121.0
2025,2,FLL,ATL,NK,2.0,127.0
2025,2,FLL,ATL,NK,2.0,128.0
2025,2,FLL,ATL,NK,2.0,128.5
2025,2,FLL,ATL,NK,2.0,129.5
2025,2,FLL,ATL,NK,2.0,130.0
2025,2,FLL,ATL,NK,2.0,130.0
2025,2,FLL,ATL,NK,2.0,131.5
2025,2,FLL,ATL,NK,2.0,134.0
2025,2,FLL,ATL,NK,2.0,135.0
2025,2,FLL,ATL,NK,2.0,136.0
2025,2,FLL,ATL,NK,2.0,141.0
2025,2,FLL,ATL,NK,2.0,141.0
2025,2,FLL,ATL,NK,2.0,146.0
2025,2,FLL,ATL,NK,2.0,147.0
2025,2,FLL,ATL,NK,2.0,148.5
2025,2,FLL,ATL,NK,2.0,151.0
2025,2,FLL,ATL,NK,2.0,151.0
2025,2,FLL,ATL,NK,2.0,156.0
2025,2,FLL,ATL,NK,2.0,156.0
2025,2,FLL,ATL,NK,2.0,156.5
2025,2,FLL,ATL,NK,2.0,159.0
2025,2,FLL,ATL,NK,2.0,159.0
2025,2,FLL,ATL,NK,2.0,161.5
2025,2,FLL,ATL,NK,2.0,164.0
2025,2,FLL,ATL,NK,2.0,166.5
2025,2,FLL,ATL,NK,2.0,179.0
2025,2,FLL,ATL,NK,2.0,183.0
2025,2,FLL,ATL,NK,2.0,201.5
2025,2,FLL,ATL,NK,2.0,209.0
2025,2,FLL,ATL,NK,2.0,214.0
2025,2,FLL,ATL,NK,2.0,219.0
2025,2,FLL,ATL,NK,2.0,229.0
2025,2,FLL,ATL,NK,2.0,263.0
2025,2,FLL,ATL,NK,2.0,269.0
2025,2,FLL,ATL,NK,2.0,293.0
2025,2,FLL,ATL,NK,2.0,373.0
2025,2,FLL,ATL,NK,2.0,404.0
2025,2,FLL,ATL,NK,3.0,20.5
2025,2,FLL,ATL,NK,3.0,26.5
2025,2,FLL,ATL,NK,3.0,28.0
2025,2,FLL,ATL,NK,3.0,28.5
2025,2,FLL,ATL,NK,3.0,31.5
2025,2,FLL,ATL,NK,3.0,34.5
2025,2,FLL,ATL,NK,3.0,50.0
2025,2,FLL,ATL,NK,3.0,52.5
2025,2,FLL,ATL,NK,3.0,55.0
2025,2,FLL,ATL,NK,3.0,57.5
2025,2,FLL,ATL,NK,3.0,61.0
2025,2,FLL,ATL,NK,3.0,61.0
2025,2,FLL,ATL,NK,3.0,62.5
2025,2,FLL,ATL,NK,3.0,65.0
2025,2,FLL,ATL,NK,3.0,65.5
2025,2,FLL,ATL,NK,3.0,67.0
2025,2,FLL,ATL,NK,3.0,67.5
2025,2,FLL,ATL,NK,3.0,68.0
2025,2,FLL,ATL,NK,3.0,70.0
2025,2,FLL,ATL,NK,3.0,72.5
2025,2,FLL,ATL,NK,3.0,73.0
2025,2,FLL,ATL,NK,3.0,73.5
2025,2,FLL,ATL,NK,3.0,75.0
2025,2,FLL,ATL,NK,3.0,76.0
2025,2,FLL,ATL,NK,3.0,77.0
2025,2,FLL,ATL,NK,3.0,80.0
2025,2,FLL,ATL,NK,3.0,83.0
2025,2,FLL,ATL,NK,3.0,85.0
2025,2,FLL,ATL,NK,3.0,86.0
2025,2,FLL,ATL,NK,3.0,88.0
2025,2,FLL,ATL,NK,3.0,88.5
2025,2,FLL,ATL,NK,3.0,91.0
2025,2,FLL,ATL,NK,3.0,93.5
2025,2,FLL,ATL,NK,3.0,95.0
2025,2,FLL,ATL,NK,3.0,95.5
2025,2,FLL,ATL,NK,3.0,96.0
2025,2,FLL,ATL,NK,3.0,96.5
2025,2,FLL,ATL,NK,3.0,97.0
2025,2,FLL,ATL,NK,3.0,101.0
2025,2,FLL,ATL,NK,3.0,103.0
2025,2,FLL,ATL,NK,3.0,106.5
2025,2,FLL,ATL,NK,3.0,107.0
2025,2,FLL,ATL,NK,3.0,108.0
2025,2,FLL,ATL,NK,3.0,114.0
2025,2,FLL,ATL,NK,3.0,114.0
2025,2,FLL,ATL,NK,3.0,116.0
2025,2,FLL,ATL,NK,3.0,118.0
2025,2,FLL,ATL,NK,3.0,118.5
2025,2,FLL,ATL,NK,3.0,121.0
2025,2,FLL,ATL,NK,3.0,121.5
2025,2,FLL,ATL,NK,3.0,121.5
2025,2,FLL,ATL,NK,3.0,122.5
2025,2,FLL,ATL,NK,3.0,123.0
2025,2,FLL,ATL,NK,3.0,123.5
2025,2,FLL,ATL,NK,3.0,124.0
2025,2,FLL,ATL,NK,3.0,129.0
2025,2,FLL,ATL,NK,3.0,139.0
2025,2,FLL,ATL,NK,3.0,143.5
2025,2,FLL,ATL,NK,3.0,148.5
2025,2,FLL,ATL,NK,3.0,149.0
2025,2,FLL,ATL,NK,3.0,154.0
2025,2,FLL,ATL,NK,3.0,156.0
2025,2,FLL,ATL,NK,3.0,160.0
2025,2,FLL,ATL,NK,3.0,161.5
2025,2,FLL,ATL,NK,3.0,166.0
2025,2,FLL,ATL,NK,3.0,167.0
2025,2,FLL,ATL,NK,3.0,169.0
2025,2,FLL,ATL,NK,3.0,169.0
2025,2,FLL,ATL,NK,3.0,176.5
2025,2,FLL,ATL,NK,3.0,178.0
2025,2,FLL,ATL,NK,3.0,189.0
2025,2,FLL,ATL,NK,3.0,206.0
2025,2,FLL,ATL,NK,3.0,234.0
2025,2,FLL,ATL,NK,4.0,19.0
2025,2,FLL,ATL,NK,4.0,28.0
2025,2,FLL,ATL,NK,4.0,30.0
2025,2,FLL,ATL,NK,4.0,31.5
2025,2,FLL,ATL,NK,4.0,33.5
2025,2,FLL,ATL,NK,4.0,40.0
2025,2,FLL,ATL,NK,4.0,41.0
2025,2,FLL,ATL,NK,4.0,46.0
2025,2,FLL,ATL,NK,4.0,54.5
2025,2,FLL,ATL,NK,4.0,57.0
2025,2,FLL,ATL,NK,4.0,59.5
2025,2,FLL,ATL,NK,4.0,60.0
2025,2,FLL,ATL,NK,4.0,60.0
2025,2,FLL,ATL,NK,4.0,62.0
2025,2,FLL,ATL,NK,4.0,63.5
2025,2,FLL,ATL,NK,4.0,66.5
2025,2,FLL,ATL,NK,4.0,67.5
2025,2,FLL,ATL,NK,4.0,70.5
2025,2,FLL,ATL,NK,4.0,73.0
2025,2,FLL,ATL,NK,4.0,74.5
2025,2,FLL,ATL,NK,4.0,78.5
2025,2,FLL,ATL,NK,4.0,83.0
2025,2,FLL,ATL,NK,4.0,83.5
2025,2,FLL,ATL,NK,4.0,91.0
2025,2,FLL,ATL,NK,4.0,98.5
2025,2,FLL,ATL,NK,4.0,100.0
2025,2,FLL,ATL,NK,4.0,105.0
2025,2,FLL,ATL,NK,4.0,111.0
2025,2,FLL,ATL,NK,4.0,113.0
2025,2,FLL,ATL,NK,4.0,115.0
2025,2,FLL,ATL,NK,4.0,117.0
2025,2,FLL,ATL,NK,4.0,126.0
2025,2,FLL,ATL,NK,4.0,126.0
2025,2,FLL,ATL,NK,4.0,131.0
2025,2,FLL,ATL,NK,4.0,141.5
2025,2,FLL,ATL,NK,4.0,141.5
2025,2,FLL,ATL,NK,4.0,143.5
2025,2,FLL,ATL,NK,4.0,179.0
2025,2,FLL,ATL,NK,4.0,204.0
2025,2,FLL,ATL,NK,4.0,294.0
2025,2,FLL,ATL,NK,4.0,379.0
2025,2,FLL,ATL,NK,5.0,16.0
2025,2,FLL,ATL,NK,5.0,21.0
2025,2,FLL,ATL,NK,5.0,24.0
2025,2,FLL,ATL,NK,5.0,24.0
2025,2,FLL,ATL,NK,5.0,29.0
2025,2,FLL,ATL,NK,5.0,30.0
2025,2,FLL,ATL,NK,5.0,33.0
2025,2,FLL,ATL,NK,5.0,33.5
2025,2,FLL,ATL,NK,5.0,35.0
2025,2,FLL,ATL,NK,5.0,37.5
2025,2,FLL,ATL,NK,5.0,40.5
2025,2,FLL,ATL,NK,5.0,44.5
2025,2,FLL,ATL,NK,5.0,45.5
2025,2,FLL,ATL,NK,5.0,47.5
2025,2,FLL,ATL,NK,5.0,58.5
2025,2,FLL,ATL,NK,5.0,60.0
2025,2,FLL,ATL,NK,5.0,64.5
2025,2,FLL,ATL,NK,5.0,66.0
2025,2,FLL,ATL,NK,5.0,73.5
2025,2,FLL,ATL,NK,5.0,76.0
2025,2,FLL,ATL,NK,5.0,77.5
2025,2,FLL,ATL,NK,5.0,78.0
2025,2,FLL,ATL,NK,5.0,78.5
2025,2,FLL,ATL,NK,5.0,82.5
2025,2,FLL,ATL,NK,5.0,84.0
2025,2,FLL,ATL,NK,5.0,87.0
2025,2,FLL,ATL,NK,5.0,88.5
2025,2,FLL,ATL,NK,5.0,90.5
2025,2,FLL,ATL,NK,5.0,99.0
2025,2,FLL,ATL,NK,5.0,101.5
2025,2,FLL,ATL,NK,5.0,105.5
2025,2,FLL,ATL,NK,5.0,106.0
2025,2,FLL,ATL,NK,5.0,109.0
2025,2,FLL,ATL,NK,5.0,113.0
2025,2,FLL,ATL,NK,5.0,119.0
2025,2,FLL,ATL,NK,5.0,126.5
2025,2,FLL,ATL,NK,5.0,134.0
2025,2,FLL,ATL,NK,5.0,136.5
2025,2,FLL,ATL,NK,5.0,151.5
2025,2,FLL,ATL,NK,5.0,154.0
2025,2,FLL,ATL,NK,5.0,154.0
2025,2,FLL,ATL,NK,5.0,166.0
2025,2,FLL,ATL,NK,6.0,29.0
2025,2,FLL,ATL,NK,6.0,35.0
2025,2,FLL,ATL,NK,6.0,45.0
2025,2,FLL,ATL,NK,6.0,47.0
2025,2,FLL,ATL,NK,6.0,51.0
2025,2,FLL,ATL,NK,6.0,52.5
2025,2,FLL,ATL,NK,6.0,66.0
2025,2,FLL,ATL,NK,6.0,67.0
2025,2,FLL,ATL,NK,6.0,81.0
2025,2,FLL,ATL,NK,6.0,81.0
2025,2,FLL,ATL,NK,6.0,90.5
2025,2,FLL,ATL,NK,6.0,91.5
2025,2,FLL,ATL,NK,6.0,101.0
2025,2,FLL,ATL,NK,6.0,124.0
2025,2,FLL,ATL,NK,6.0,138.0
2025,2,FLL,ATL,NK,6.0,223.0
2025,2,FLL,ATL,NK,7.0,32.5
2025,2,FLL,ATL,NK,7.0,34.0
2025,2,FLL,ATL,NK,7.0,41.0
2025,2,FLL,ATL,NK,7.0,41.5
2025,2,FLL,ATL,NK,7.0,50.0
2025,2,FLL,ATL,NK,7.0,53.5
2025,2,FLL,ATL,NK,7.0,57.0
2025,2,FLL,ATL,NK,7.0,63.5
2025,2,FLL,ATL,NK,7.0,98.0
2025,2,FLL,ATL,NK,7.0,109.0
2025,2,FLL,ATL,NK,7.0,118.0
2025,2,FLL,ATL,NK,7.0,124.0
2025,2,FLL,ATL,NK,7.0,184.0
2025,2,FLL,ATL,NK,7.0,194.0
2025,2,FLL,ATL,NK,8.0,26.0
2025,2,FLL,ATL,NK,8.0,36.5
2025,2,FLL,ATL,NK,8.0,43.0
2025,2,FLL,ATL,NK,8.0,47.5
2025,2,FLL,ATL,NK,8.0,53.0
2025,2,FLL,ATL,NK,8.0,54.5
2025,2,FLL,ATL,NK,8.0,58.0
2025,2,FLL,ATL,NK,8.0,66.0
2025,2,FLL,ATL,NK,8.0,77.0
2025,2,FLL,ATL,NK,8.0,81.0
2025,2,FLL,ATL,NK,8.0,86.0
2025,2,FLL,ATL,NK,8.0,106.5
2025,2,FLL,ATL,NK,8.0,116.5
2025,2,FLL,ATL,NK,8.0,119.0
2025,2,FLL,ATL,NK,8.0,129.0
2025,2,FLL,ATL,NK,8.0,136.5
2025,2,FLL,ATL,NK,8.0,151.5
2025,2,FLL,ATL,NK,8.0,279.0
2025,2,FLL,ATL,NK,9.0,21.0
2025,2,FLL,ATL,NK,9.0,29.0
2025,2,FLL,ATL,NK,9.0,31.0
2025,2,FLL,ATL,NK,9.0,36.0
2025,2,FLL,ATL,NK,9.0,36.5
2025,2,FLL,ATL,NK,9.0,43.0
2025,2,FLL,ATL,NK,9.0,44.5
2025,2,FLL,ATL,NK,9.0,48.0
2025,2,FLL,ATL,NK,9.0,55.0
2025,2,FLL,ATL,NK,9.0,61.0
2025,2,FLL,ATL,NK,9.0,62.0
2025,2,FLL,ATL,NK,9.0,62.5
2025,2,FLL,ATL,NK,9.0,83.0
2025,2,FLL,ATL,NK,9.0,91.5
2025,2,FLL,ATL,NK,9.0,94.0
2025,2,FLL,ATL,NK,9.0,126.5
2025,2,FLL,ATL,NK,9.0,132.0
2025,2,FLL,ATL,NK,9.0,144.0
2025,2,FLL,ATL,NK,10.0,36.0
2025,2,FLL,ATL,NK,10.0,36.0
2025,2,FLL,ATL,NK,10.0,43.5
2025,2,FLL,ATL,NK,10.0,47.0
2025,2,FLL,ATL,NK,10.0,51.0
2025,2,FLL,ATL,NK,10.0,61.5
2025,2,FLL,ATL,NK,10.0,76.0
2025,2,FLL,ATL,NK,10.0,78.0
2025,2,FLL,ATL,NK,10.0,96.0
2025,2,FLL,ATL,NK,10.0,101.5
2025,2,FLL,ATL,NK,10.0,116.5
2025,2,FLL,ATL,NK,10.0,144.0
2025,2,FLL,ATL,NK,11.0,30.0
2025,2,FLL,ATL,NK,11.0,43.5
2025,2,FLL,ATL,NK,11.0,48.0
2025,2,FLL,ATL,NK,11.0,50.5
2025,2,FLL,ATL,NK,11.0,53.5
2025,2,FLL,ATL,NK,11.0,57.0
2025,2,FLL,ATL,NK,11.0,71.5
2025,2,FLL,ATL,NK,11.0,111.5
2025,2,FLL,ATL,NK,12.0,21.0
2025,2,FLL,ATL,NK,12.0,32.5
2025,2,FLL,ATL,NK,12.0,34.0
2025,2,FLL,ATL,NK,12.0,41.0
2025,2,FLL,ATL,NK,12.0,48.0
2025,2,FLL,ATL,NK,12.0,48.5
2025,2,FLL,ATL,NK,12.0,50.0
2025,2,FLL,ATL,NK,12.0,52.0
2025,2,FLL,ATL,NK,12.0,55.0
2025,2,FLL,ATL,NK,12.0,58.0
2025,2,FLL,ATL,NK,12.0,70.5
2025,2,FLL,ATL,NK,12.0,71.5
2025,2,FLL,ATL,NK,12.0,76.5
2025,2,FLL,ATL,NK,12.0,86.5
2025,2,FLL,ATL,NK,12.0,103.0
2025,2,FLL,ATL,NK,12.0,104.0
2025,2,FLL,ATL,NK,12.0,109.0
2025,2,FLL,ATL,NK,12.0,244.0
2025,2,FLL,ATL,NK,13.0,26.0
2025,2,FLL,ATL,NK,13.0,39.0
2025,2,FLL,ATL,NK,13.0,46.0
2025,2,FLL,ATL,NK,13.0,49.5
2025,2,FLL,ATL,NK,13.0,58.5
2025,2,FLL,ATL,NK,13.0,71.0
2025,2,FLL,ATL,NK,13.0,71.0
2025,2,FLL,ATL,NK,13.0,79.0
2025,2,FLL,ATL,NK,13.0,83.5
2025,2,FLL,ATL,NK,14.0,26.0
2025,2,FLL,ATL,NK,14.0,31.0
2025,2,FLL,ATL,NK,14.0,31.0
2025,2,FLL,ATL,NK,14.0,39.0
2025,2,FLL,ATL,NK,14.0,39.5
2025,2,FLL,ATL,NK,14.0,45.0
2025,2,FLL,ATL,NK,14.0,60.5
2025,2,FLL,ATL,NK,14.0,66.5
2025,2,FLL,ATL,NK,14.0,69.5
2025,2,FLL,ATL,NK,14.0,76.5
2025,2,FLL,ATL,NK,14.0,78.0
2025,2,FLL,ATL,NK,14.0,79.0
2025,2,FLL,ATL,NK,14.0,79.0
2025,2,FLL,ATL,NK,14.0,81.5
2025,2,FLL,ATL,NK,14.0,81.5
2025,2,FLL,ATL,NK,14.0,84.0
2025,2,FLL,ATL,NK,14.0,96.5
2025,2,FLL,ATL,NK,14.0,99.0
2025,2,FLL,ATL,NK,15.0,34.0
2025,2,FLL,ATL,NK,15.0,41.5
2025,2,FLL,ATL,NK,15.0,58.0
2025,2,FLL,ATL,NK,15.0,93.0
2025,2,FLL,ATL,NK,15.0,111.5
2025,2,FLL,ATL,NK,16.0,42.0
2025,2,FLL,ATL,NK,16.0,46.0
2025,2,FLL,ATL,NK,16.0,52.0
2025,2,FLL,ATL,NK,16.0,71.0
2025,2,FLL,ATL,NK,16.0,139.0
2025,2,FLL,ATL,NK,16.0,183.0
2025,2,FLL,ATL,NK,17.0,63.0
2025,2,FLL,ATL,NK,18.0,38.5
2025,2,FLL,ATL,NK,18.0,42.0
2025,2,FLL,ATL,NK,18.0,48.5
2025,2,FLL,ATL,NK,18.0,53.0
2025,2,FLL,ATL,NK,18.0,60.5
2025,2,FLL,ATL,NK,18.0,84.0
2025,2,FLL,ATL,NK,18.0,89.0
2025,2,FLL,ATL,NK,18.0,89.0
2025,2,FLL,ATL,NK,19.0,56.0
2025,2,FLL,ATL,NK,19.0,64.0
2025,2,FLL,ATL,NK,19.0,86.5
2025,2,FLL,ATL,NK,19.0,149.0
2025,2,FLL,ATL,NK,20.0,5.5
2025,2,FLL,ATL,NK,20.0,51.0
2025,2,FLL,ATL,NK,20.0,69.5
2025,2,FLL,ATL,NK,20.0,74.0
2025,2,FLL,ATL,NK,20.0,134.0
2025,2,FLL,ATL,NK,21.0,39.5
2025,2,FLL,ATL,NK,21.0,51.5
2025,2,FLL,ATL,NK,21.0,61.5
2025,2,FLL,ATL,NK,21.0,104.0
2025,2,FLL,ATL,NK,21.0,229.0
2025,2,FLL,ATL,NK,22.0,5.5
2025,2,FLL,ATL,NK,22.0,38.5
2025,2,FLL,ATL,NK,22.0,46.5
2025,2,FLL,ATL,NK,22.0,53.0
2025,2,FLL,ATL,NK,22.0,94.0
2025,2,FLL,ATL,NK,22.0,194.0
2025,2,FLL,ATL,NK,23.0,55.5
2025,2,FLL,ATL,NK,23.0,62.0
2025,2,FLL,ATL,NK,23.0,69.0
2025,2,FLL,ATL,NK,24.0,52.0
2025,2,FLL,ATL,NK,24.0,55.5
2025,2,FLL,ATL,NK,24.0,56.0
2025,2,FLL,ATL,NK,24.0,56.0
2025,2,FLL,ATL,NK,24.0,144.0
2025,2,FLL,ATL,NK,25.0,46.5
2025,2,FLL,ATL,NK,25.0,51.5
2025,2,FLL,ATL,NK,25.0,64.0
2025,2,FLL,ATL,NK,25.0,89.0
2025,2,FLL,ATL,NK,25.0,119.0
2025,2,FLL,ATL,NK,25.0,179.0
2025,2,FLL,ATL,NK,26.0,63.0
2025,2,FLL,ATL,NK,26.0,114.0
2025,2,FLL,ATL,NK,27.0,69.0
2025,2,FLL,ATL,NK,27.0,74.0
2025,2,FLL,ATL,NK,28.0,56.5
2025,2,FLL,ATL,NK,29.0,43.0
2025,2,FLL,ATL,NK,31.0,35.0
2025,2,FLL,ATL,NK,31.0,38.0
2025,2,FLL,ATL,NK,32.0,56.5
2025,2,FLL,ATL,NK,33.0,99.0
2025,2,FLL,ATL,NK,37.0,77.0
2025,2,FLL,ATL,NK,38.0,39.0
2025,2,FLL,ATL,NK,38.0,159.0
2025,2,FLL,ATL,NK,39.0,59.0
2025,2,FLL,ATL,NK,39.0,74.0
2025,2,FLL,ATL,NK,41.0,59.0
2025,2,FLL,ATL,NK,41.0,64.0
2025,2,FLL,ATL,NK,46.0,6.0
2025,2,FLL,ATL,NK,47.0,94.0
2025,2,FLL,ATL,NK,49.0,49.0
2025,2,FLL,ATL,NK,51.0,54.0
2025,2,FLL,ATL,NK,52.0,69.0
2025,2,FLL,ATL,NK,59.0,104.0
2025,2,FLL,ATL,NK,67.0,49.0
2025,2,FLL,ATL,NK,75.0,59.0
2025,2,FLL,ATL,NK,80.0,54.0
2025,2,FLL,ATL,NK,89.0,49.0
2025,2,FLL,ATL,NK,89.0,54.0
2025,2,FLL,ATL,NK,92.0,44.0
2025,2,FLL,ATL,NK,98.0,129.0
2025,2,FLL,ATL,NK,102.0,44.0
2025,2,FLL,ATL,NK,109.0,44.0
2025,2,FLL,DFW,NK,1.0,5.5
2025,2,FLL,DFW,NK,1.0,16.0
2025,2,FLL,DFW,NK,1.0,17.52
2025,2,FLL,DFW,NK,1.0,18.0
2025,2,FLL,DFW,NK,1.0,23.0
2025,2,FLL,DFW,NK,1.0,25.14
2025,2,FLL,DFW,NK,1.0,27.8
2025,2,FLL,DFW,NK,1.0,28.0
2025,2,FLL,DFW,NK,1.0,29.0
2025,2,FLL,DFW,NK,1.0,30.33
2025,2,FLL,DFW,NK,1.0,30.5
2025,2,FLL,DFW,NK,1.0,31.5
2025,2,FLL,DFW,NK,1.0,32.0
2025,2,FLL,DFW,NK,1.0,33.0
2025,2,FLL,DFW,NK,1.0,33.5
2025,2,FLL,DFW,NK,1.0,33.65
2025,2,FLL,DFW,NK,1.0,34.5
2025,2,FLL,DFW,NK,1.0,34.89
2025,2,FLL,DFW,NK,1.0,36.0
2025,2,FLL,DFW,NK,1.0,36.0
2025,2,FLL,DFW,NK,1.0,36.16
2025,2,FLL,DFW,NK,1.0,37.44
2025,2,FLL,DFW,NK,1.0,39.23
2025,2,FLL,DFW,NK,1.0,40.0
2025,2,FLL,DFW,NK,1.0,41.0
2025,2,FLL,DFW,NK,1.0,41.72
2025,2,FLL,DFW,NK,1.0,43.0
2025,2,FLL,DFW,NK,1.0,43.96
2025,2,FLL,DFW,NK,1.0,44.46
2025,2,FLL,DFW,NK,1.0,44.5
2025,2,FLL,DFW,NK,1.0,45.5
2025,2,FLL,DFW,NK,1.0,46.5
2025,2,FLL,DFW,NK,1.0,47.0
2025,2,FLL,DFW,NK,1.0,47.38
2025,2,FLL,DFW,NK,1.0,48.0
2025,2,FLL,DFW,NK,1.0,48.14
2025,2,FLL,DFW,NK,1.0,48.46
2025,2,FLL,DFW,NK,1.0,48.5
2025,2,FLL,DFW,NK,1.0,48.68
2025,2,FLL,DFW,NK,1.0,49.21
2025,2,FLL,DFW,NK,1.0,49.5
2025,2,FLL,DFW,NK,1.0,49.67
2025,2,FLL,DFW,NK,1.0,50.0
2025,2,FLL,DFW,NK,1.0,51.0
2025,2,FLL,DFW,NK,1.0,51.55
2025,2,FLL,DFW,NK,1.0,52.0
2025,2,FLL,DFW,NK,1.0,52.0
2025,2,FLL,DFW,NK,1.0,53.0
2025,2,FLL,DFW,NK,1.0,54.32
2025,2,FLL,DFW,NK,1.0,54.5
2025,2,FLL,DFW,NK,1.0,55.31
2025,2,FLL,DFW,NK,1.0,55.47
2025,2,FLL,DFW,NK,1.0,55.5
2025,2,FLL,DFW,NK,1.0,56.0
2025,2,FLL,DFW,NK,1.0,56.0
2025,2,FLL,DFW,NK,1.0,56.5
2025,2,FLL,DFW,NK,1.0,56.67
2025,2,FLL,DFW,NK,1.0,56.9
2025,2,FLL,DFW,NK,1.0,57.5
2025,2,FLL,DFW,NK,1.0,57.77
2025,2,FLL,DFW,NK,1.0,58.5
2025,2,FLL,DFW,NK,1.0,59.37
2025,2,FLL,DFW,NK,1.0,59.5
2025,2,FLL,DFW,NK,1.0,59.5
2025,2,FLL,DFW,NK,1.0,61.0
2025,2,FLL,DFW,NK,1.0,61.45
2025,2,FLL,DFW,NK,1.0,62.05
2025,2,FLL,DFW,NK,1.0,62.5
2025,2,FLL,DFW,NK,1.0,62.5
2025,2,FLL,DFW,NK,1.0,62.6
2025,2,FLL,DFW,NK,1.0,62.62
2025,2,FLL,DFW,NK,1.0,63.0
2025,2,FLL,DFW,NK,1.0,63.39
2025,2,FLL,DFW,NK,1.0,63.86
2025,2,FLL,DFW,NK,1.0,63.94
2025,2,FLL,DFW,NK,1.0,64.19
2025,2,FLL,DFW,NK,1.0,64.44
2025,2,FLL,DFW,NK,1.0,64.77
2025,2,FLL,DFW,NK,1.0,65.52
2025,2,FLL,DFW,NK,1.0,65.56
2025,2,FLL,DFW,NK,1.0,65.82
2025,2,FLL,DFW,NK,1.0,66.0
2025,2,FLL,DFW,NK,1.0,66.44
2025,2,FLL,DFW,NK,1.0,67.21
2025,2,FLL,DFW,NK,1.0,67.5
2025,2,FLL,DFW,NK,1.0,68.94
2025,2,FLL,DFW,NK,1.0,69.0
2025,2,FLL,DFW,NK,1.0,69.15
2025,2,FLL,DFW,NK,1.0,69.43
2025,2,FLL,DFW,NK,1.0,69.5
2025,2,FLL,DFW,NK,1.0,69.56
2025,2,FLL,DFW,NK,1.0,70.15
2025,2,FLL,DFW,NK,1.0,70.28
2025,2,FLL,DFW,NK,1.0,70.44
2025,2,FLL,DFW,NK,1.0,71.14
2025,2,FLL,DFW,NK,1.0,71.18
2025,2,FLL,DFW,NK,1.0,72.0
2025,2,FLL,DFW,NK,1.0,72.7
2025,2,FLL,DFW,NK,1.0,73.0
2025,2,FLL,DFW,NK,1.0,73.57
2025,2,FLL,DFW,NK,1.0,73.85
2025,2,FLL,DFW,NK,1.0,74.5
2025,2,FLL,DFW,NK,1.0,75.16
2025,2,FLL,DFW,NK,1.0,75.5
2025,2,FLL,DFW,NK,1.0,76.0
2025,2,FLL,DFW,NK,1.0,76.0
2025,2,FLL,DFW,NK,1.0,76.26
2025,2,FLL,DFW,NK,1.0,76.41
2025,2,FLL,DFW,NK,1.0,77.02
2025,2,FLL,DFW,NK,1.0,77.5
2025,2,FLL,DFW,NK,1.0,77.57
2025,2,FLL,DFW,NK,1.0,77.76
2025,2,FLL,DFW,NK,1.0,78.0
2025,2,FLL,DFW,NK,1.0,78.35
2025,2,FLL,DFW,NK,1.0,78.5
2025,2,FLL,DFW,NK,1.0,78.93
2025,2,FLL,DFW,NK,1.0,79.15
2025,2,FLL,DFW,NK,1.0,79.5
2025,2,FLL,DFW,NK,1.0,80.0
2025,2,FLL,DFW,NK,1.0,80.55
2025,2,FLL,DFW,NK,1.0,80.86
2025,2,FLL,DFW,NK,1.0,82.5
2025,2,FLL,DFW,NK,1.0,84.0
2025,2,FLL,DFW,NK,1.0,84.13
2025,2,FLL,DFW,NK,1.0,84.68
2025,2,FLL,DFW,NK,1.0,84.88
2025,2,FLL,DFW,NK,1.0,85.0
2025,2,FLL,DFW,NK,1.0,85.12
2025,2,FLL,DFW,NK,1.0,85.12
2025,2,FLL,DFW,NK,1.0,85.16
2025,2,FLL,DFW,NK,1.0,85.23
2025,2,FLL,DFW,NK,1.0,85.86
2025,2,FLL,DFW,NK,1.0,85.88
2025,2,FLL,DFW,NK,1.0,86.0
2025,2,FLL,DFW,NK,1.0,86.42
2025,2,FLL,DFW,NK,1.0,86.5
2025,2,FLL,DFW,NK,1.0,87.0
2025,2,FLL,DFW,NK,1.0,87.08
2025,2,FLL,DFW,NK,1.0,87.5
2025,2,FLL,DFW,NK,1.0,88.0
2025,2,FLL,DFW,NK,1.0,88.37
2025,2,FLL,DFW,NK,1.0,89.22
2025,2,FLL,DFW,NK,1.0,89.5
2025,2,FLL,DFW,NK,1.0,89.5
2025,2,FLL,DFW,NK,1.0,89.59
2025,2,FLL,DFW,NK,1.0,89.62
2025,2,FLL,DFW,NK,1.0,90.73
2025,2,FLL,DFW,NK,1.0,90.95
2025,2,FLL,DFW,NK,1.0,91.0
2025,2,FLL,DFW,NK,1.0,91.0
2025,2,FLL,DFW,NK,1.0,92.0
2025,2,FLL,DFW,NK,1.0,92.0
2025,2,FLL,DFW,NK,1.0,92.0
2025,2,FLL,DFW,NK,1.0,93.0
2025,2,FLL,DFW,NK,1.0,93.37
2025,2,FLL,DFW,NK,1.0,93.5
2025,2,FLL,DFW,NK,1.0,93.5
2025,2,FLL,DFW,NK,1.0,95.0
2025,2,FLL,DFW,NK,1.0,95.41
2025,2,FLL,DFW,NK,1.0,95.75
2025,2,FLL,DFW,NK,1.0,96.0
2025,2,FLL,DFW,NK,1.0,96.0
2025,2,FLL,DFW,NK,1.0,96.0
2025,2,FLL,DFW,NK,1.0,97.0
2025,2,FLL,DFW,NK,1.0,97.0
2025,2,FLL,DFW,NK,1.0,97.0
2025,2,FLL,DFW,NK,1.0,97.5
2025,2,FLL,DFW,NK,1.0,97.93
2025,2,FLL,DFW,NK,1.0,98.44
2025,2,FLL,DFW,NK,1.0,98.94
2025,2,FLL,DFW,NK,1.0,99.5
2025,2,FLL,DFW,NK,1.0,100.0
2025,2,FLL,DFW,NK,1.0,100.0
2025,2,FLL,DFW,NK,1.0,100.06
2025,2,FLL,DFW,NK,1.0,100.5
2025,2,FLL,DFW,NK,1.0,100.71
2025,2,FLL,DFW,NK,1.0,101.0
2025,2,FLL,DFW,NK,1.0,101.0
2025,2,FLL,DFW,NK,1.0,101.0
2025,2,FLL,DFW,NK,1.0,102.0
2025,2,FLL,DFW,NK,1.0,102.5
2025,2,FLL,DFW,NK,1.0,103.0
2025,2,FLL,DFW,NK,1.0,103.46
2025,2,FLL,DFW,NK,1.0,104.0
2025,2,FLL,DFW,NK,1.0,104.5
2025,2,FLL,DFW,NK,1.0,105.03
2025,2,FLL,DFW,NK,1.0,105.09
2025,2,FLL,DFW,NK,1.0,105.5
2025,2,FLL,DFW,NK,1.0,106.0
2025,2,FLL,DFW,NK,1.0,106.0
2025,2,FLL,DFW,NK,1.0,106.5
2025,2,FLL,DFW,NK,1.0,106.5
2025,2,FLL,DFW,NK,1.0,107.0
2025,2,FLL,DFW,NK,1.0,107.5
2025,2,FLL,DFW,NK,1.0,107.67
2025,2,FLL,DFW,NK,1.0,108.0
2025,2,FLL,DFW,NK,1.0,108.0
2025,2,FLL,DFW,NK,1.0,108.0
2025,2,FLL,DFW,NK,1.0,108.34
2025,2,FLL,DFW,NK,1.0,108.5
2025,2,FLL,DFW,NK,1.0,110.0
2025,2,FLL,DFW,NK,1.0,110.27
2025,2,FLL,DFW,NK,1.0,111.0
2025,2,FLL,DFW,NK,1.0,111.18
2025,2,FLL,DFW,NK,1.0,111.56
2025,2,FLL,DFW,NK,1.0,112.5
2025,2,FLL,DFW,NK,1.0,112.9
2025,2,FLL,DFW,NK,1.0,113.0
2025,2,FLL,DFW,NK,1.0,113.0
2025,2,FLL,DFW,NK,1.0,113.5
2025,2,FLL,DFW,NK,1.0,114.5
2025,2,FLL,DFW,NK,1.0,115.0
2025,2,FLL,DFW,NK,1.0,115.0
2025,2,FLL,DFW,NK,1.0,117.0
2025,2,FLL,DFW,NK,1.0,117.0
2025,2,FLL,DFW,NK,1.0,117.5
2025,2,FLL,DFW,NK,1.0,117.5
2025,2,FLL,DFW,NK,1.0,118.0
2025,2,FLL,DFW,NK,1.0,118.0
2025,2,FLL,DFW,NK,1.0,118.5
2025,2,FLL,DFW,NK,1.0,119.0
2025,2,FLL,DFW,NK,1.0,119.5
2025,2,FLL,DFW,NK,1.0,120.0
2025,2,FLL,DFW,NK,1.0,120.11
2025,2,FLL,DFW,NK,1.0,120.5
2025,2,FLL,DFW,NK,1.0,121.0
2025,2,FLL,DFW,NK,1.0,121.04
2025,2,FLL,DFW,NK,1.0,121.04
2025,2,FLL,DFW,NK,1.0,122.0
2025,2,FLL,DFW,NK,1.0,122.54
2025,2,FLL,DFW,NK,1.0,123.89
2025,2,FLL,DFW,NK,1.0,124.5
2025,2,FLL,DFW,NK,1.0,124.5
2025,2,FLL,DFW,NK,1.0,126.29
2025,2,FLL,DFW,NK,1.0,126.44
2025,2,FLL,DFW,NK,1.0,128.5
2025,2,FLL,DFW,NK,1.0,130.0
2025,2,FLL,DFW,NK,1.0,130.09
2025,2,FLL,DFW,NK,1.0,131.0
2025,2,FLL,DFW,NK,1.0,131.15
2025,2,FLL,DFW,NK,1.0,132.0
2025,2,FLL,DFW,NK,1.0,132.0
2025,2,FLL,DFW,NK,1.0,132.5
2025,2,FLL,DFW,NK,1.0,132.5
2025,2,FLL,DFW,NK,1.0,132.59
2025,2,FLL,DFW,NK,1.0,134.5
2025,2,FLL,DFW,NK,1.0,134.79
2025,2,FLL,DFW,NK,1.0,135.0
2025,2,FLL,DFW,NK,1.0,135.5
2025,2,FLL,DFW,NK,1.0,135.62
2025,2,FLL,DFW,NK,1.0,136.0
2025,2,FLL,DFW,NK,1.0,137.0
2025,2,FLL,DFW,NK,1.0,138.0
2025,2,FLL,DFW,NK,1.0,138.5
2025,2,FLL,DFW,NK,1.0,139.2
2025,2,FLL,DFW,NK,1.0,139.5
2025,2,FLL,DFW,NK,1.0,139.88
2025,2,FLL,DFW,NK,1.0,141.0
2025,2,FLL,DFW,NK,1.0,142.0
2025,2,FLL,DFW,NK,1.0,142.0
2025,2,FLL,DFW,NK,1.0,143.15
2025,2,FLL,DFW,NK,1.0,143.5
2025,2,FLL,DFW,NK,1.0,144.5
2025,2,FLL,DFW,NK,1.0,145.0
2025,2,FLL,DFW,NK,1.0,146.0
2025,2,FLL,DFW,NK,1.0,146.5
2025,2,FLL,DFW,NK,1.0,147.0
2025,2,FLL,DFW,NK,1.0,148.0
2025,2,FLL,DFW,NK,1.0,149.5
2025,2,FLL,DFW,NK,1.0,150.0
2025,2,FLL,DFW,NK,1.0,150.94
2025,2,FLL,DFW,NK,1.0,151.0
2025,2,FLL,DFW,NK,1.0,151.0
2025,2,FLL,DFW,NK,1.0,152.0
2025,2,FLL,DFW,NK,1.0,152.0
2025,2,FLL,DFW,NK,1.0,153.0
2025,2,FLL,DFW,NK,1.0,153.08
2025,2,FLL,DFW,NK,1.0,153.36
2025,2,FLL,DFW,NK,1.0,156.0
2025,2,FLL,DFW,NK,1.0,158.0
2025,2,FLL,DFW,NK,1.0,158.0
2025,2,FLL,DFW,NK,1.0,158.5
2025,2,FLL,DFW,NK,1.0,159.61
2025,2,FLL,DFW,NK,1.0,161.0
2025,2,FLL,DFW,NK,1.0,161.74
2025,2,FLL,DFW,NK,1.0,162.0
2025,2,FLL,DFW,NK,1.0,162.0
2025,2,FLL,DFW,NK,1.0,162.27
2025,2,FLL,DFW,NK,1.0,164.0
2025,2,FLL,DFW,NK,1.0,164.5
2025,2,FLL,DFW,NK,1.0,164.91
2025,2,FLL,DFW,NK,1.0,166.0
2025,2,FLL,DFW,NK,1.0,166.0
2025,2,FLL,DFW,NK,1.0,166.5
2025,2,FLL,DFW,NK,1.0,166.5
2025,2,FLL,DFW,NK,1.0,167.0
2025,2,FLL,DFW,NK,1.0,167.53
2025,2,FLL,DFW,NK,1.0,167.85
2025,2,FLL,DFW,NK,1.0,167.85
2025,2,FLL,DFW,NK,1.0,169.75
2025,2,FLL,DFW,NK,1.0,171.0
2025,2,FLL,DFW,NK,1.0,171.5
2025,2,FLL,DFW,NK,1.0,171.5
2025,2,FLL,DFW,NK,1.0,174.5
2025,2,FLL,DFW,NK,1.0,175.0
2025,2,FLL,DFW,NK,1.0,176.5
2025,2,FLL,DFW,NK,1.0,177.5
2025,2,FLL,DFW,NK,1.0,179.0
2025,2,FLL,DFW,NK,1.0,180.0
2025,2,FLL,DFW,NK,1.0,180.5
2025,2,FLL,DFW,NK,1.0,181.0
2025,2,FLL,DFW,NK,1.0,182.5
2025,2,FLL,DFW,NK,1.0,183.0
2025,2,FLL,DFW,NK,1.0,186.5
2025,2,FLL,DFW,NK,1.0,187.0
2025,2,FLL,DFW,NK,1.0,191.17
2025,2,FLL,DFW,NK,1.0,191.35
2025,2,FLL,DFW,NK,1.0,191.5
2025,2,FLL,DFW,NK,1.0,196.0
2025,2,FLL,DFW,NK,1.0,196.64
2025,2,FLL,DFW,NK,1.0,197.0
2025,2,FLL,DFW,NK,1.0,197.21
2025,2,FLL,DFW,NK,1.0,198.0
2025,2,FLL,DFW,NK,1.0,199.0
2025,2,FLL,DFW,NK,1.0,199.5
2025,2,FLL,DFW,NK,1.0,199.61
2025,2,FLL,DFW,NK,1.0,201.5
2025,2,FLL,DFW,NK,1.0,202.0
2025,2,FLL,DFW,NK,1.0,202.1
2025,2,FLL,DFW,NK,1.0,202.5
2025,2,FLL,DFW,NK,1.0,204.0
2025,2,FLL,DFW,NK,1.0,206.5
2025,2,FLL,DFW,NK,1.0,208.19
2025,2,FLL,DFW,NK,1.0,209.56
2025,2,FLL,DFW,NK,1.0,211.5
2025,2,FLL,DFW,NK,1.0,213.0
2025,2,FLL,DFW,NK,1.0,213.0
2025,2,FLL,DFW,NK,1.0,213.5
2025,2,FLL,DFW,NK,1.0,215.0
2025,2,FLL,DFW,NK,1.0,215.5
2025,2,FLL,DFW,NK,1.0,216.5
2025,2,FLL,DFW,NK,1.0,219.5
2025,2,FLL,DFW,NK,1.0,221.5
2025,2,FLL,DFW,NK,1.0,226.5
2025,2,FLL,DFW,NK,1.0,227.0
2025,2,FLL,DFW,NK,1.0,231.5
2025,2,FLL,DFW,NK,1.0,231.53
2025,2,FLL,DFW,NK,1.0,232.0
2025,2,FLL,DFW,NK,1.0,237.0
2025,2,FLL,DFW,NK,1.0,237.0
2025,2,FLL,DFW,NK,1.0,239.5
2025,2,FLL,DFW,NK,1.0,244.0
2025,2,FLL,DFW,NK,1.0,244.0
2025,2,FLL,DFW,NK,1.0,246.5
2025,2,FLL,DFW,NK,1.0,249.0
2025,2,FLL,DFW,NK,1.0,251.5
2025,2,FLL,DFW,NK,1.0,254.0
2025,2,FLL,DFW,NK,1.0,254.0
2025,2,FLL,DFW,NK,1.0,259.0
2025,2,FLL,DFW,NK,1.0,262.0
2025,2,FLL,DFW,NK,1.0,263.0
2025,2,FLL,DFW,NK,1.0,264.0
2025,2,FLL,DFW,NK,1.0,269.0
2025,2,FLL,DFW,NK,1.0,273.0
2025,2,FLL,DFW,NK,1.0,274.0
2025,2,FLL,DFW,NK,1.0,274.0
2025,2,FLL,DFW,NK,1.0,274.81
2025,2,FLL,DFW,NK,1.0,276.5
2025,2,FLL,DFW,NK,1.0,277.0
2025,2,FLL,DFW,NK,1.0,279.0
2025,2,FLL,DFW,NK,1.0,284.0
2025,2,FLL,DFW,NK,1.0,290.5
2025,2,FLL,DFW,NK,1.0,299.0
2025,2,FLL,DFW,NK,1.0,304.0
2025,2,FLL,DFW,NK,1.0,309.0
2025,2,FLL,DFW,NK,1.0,309.0
2025,2,FLL,DFW,NK,1.0,324.0
2025,2,FLL,DFW,NK,1.0,324.0
2025,2,FLL,DFW,NK,1.0,324.0
2025,2,FLL,DFW,NK,1.0,326.5
2025,2,FLL,DFW,NK,1.0,354.0
2025,2,FLL,DFW,NK,1.0,359.0
2025,2,FLL,DFW,NK,1.0,361.0
2025,2,FLL,DFW,NK,1.0,364.0
2025,2,FLL,DFW,NK,1.0,374.0
2025,2,FLL,DFW,NK,1.0,384.0
2025,2,FLL,DFW,NK,1.0,402.0
2025,2,FLL,DFW,NK,1.0,519.0
2025,2,FLL,DFW,NK,2.0,21.0
2025,2,FLL,DFW,NK,2.0,21.0
2025,2,FLL,DFW,NK,2.0,26.0
2025,2,FLL,DFW,NK,2.0,40.0
2025,2,FLL,DFW,NK,2.0,40.5
2025,2,FLL,DFW,NK,2.0,41.5
2025,2,FLL,DFW,NK,2.0,43.5
2025,2,FLL,DFW,NK,2.0,46.0
2025,2,FLL,DFW,NK,2.0,46.5
2025,2,FLL,DFW,NK,2.0,51.0
2025,2,FLL,DFW,NK,2.0,51.5
2025,2,FLL,DFW,NK,2.0,53.5
2025,2,FLL,DFW,NK,2.0,55.0
2025,2,FLL,DFW,NK,2.0,60.0
2025,2,FLL,DFW,NK,2.0,60.5
2025,2,FLL,DFW,NK,2.0,61.0
2025,2,FLL,DFW,NK,2.0,63.0
2025,2,FLL,DFW,NK,2.0,63.5
2025,2,FLL,DFW,NK,2.0,64.5
2025,2,FLL,DFW,NK,2.0,65.0
2025,2,FLL,DFW,NK,2.0,65.0
2025,2,FLL,DFW,NK,2.0,68.0
2025,2,FLL,DFW,NK,2.0,68.0
2025,2,FLL,DFW,NK,2.0,68.5
2025,2,FLL,DFW,NK,2.0,69.5
2025,2,FLL,DFW,NK,2.0,70.0
2025,2,FLL,DFW,NK,2.0,70.5
2025,2,FLL,DFW,NK,2.0,75.0
2025,2,FLL,DFW,NK,2.0,75.0
2025,2,FLL,DFW,NK,2.0,79.5
2025,2,FLL,DFW,NK,2.0,80.0
2025,2,FLL,DFW,NK,2.0,84.5
2025,2,FLL,DFW,NK,2.0,85.5
2025,2,FLL,DFW,NK,2.0,86.0
2025,2,FLL,DFW,NK,2.0,90.0
2025,2,FLL,DFW,NK,2.0,90.5
2025,2,FLL,DFW,NK,2.0,91.0
2025,2,FLL,DFW,NK,2.0,92.5
2025,2,FLL,DFW,NK,2.0,93.0
2025,2,FLL,DFW,NK,2.0,94.36
2025,2,FLL,DFW,NK,2.0,95.0
2025,2,FLL,DFW,NK,2.0,95.5
2025,2,FLL,DFW,NK,2.0,96.0
2025,2,FLL,DFW,NK,2.0,100.5
2025,2,FLL,DFW,NK,2.0,101.0
2025,2,FLL,DFW,NK,2.0,102.0
2025,2,FLL,DFW,NK,2.0,106.5
2025,2,FLL,DFW,NK,2.0,107.5
2025,2,FLL,DFW,NK,2.0,110.0
2025,2,FLL,DFW,NK,2.0,110.01
2025,2,FLL,DFW,NK,2.0,112.5
2025,2,FLL,DFW,NK,2.0,116.0
2025,2,FLL,DFW,NK,2.0,119.0
2025,2,FLL,DFW,NK,2.0,121.0
2025,2,FLL,DFW,NK,2.0,122.0
2025,2,FLL,DFW,NK,2.0,123.0
2025,2,FLL,DFW,NK,2.0,123.5
2025,2,FLL,DFW,NK,2.0,124.0
2025,2,FLL,DFW,NK,2.0,126.0
2025,2,FLL,DFW,NK,2.0,126.5
2025,2,FLL,DFW,NK,2.0,127.0
2025,2,FLL,DFW,NK,2.0,127.0
2025,2,FLL,DFW,NK,2.0,129.92
2025,2,FLL,DFW,NK,2.0,130.5
2025,2,FLL,DFW,NK,2.0,131.5
2025,2,FLL,DFW,NK,2.0,132.0
2025,2,FLL,DFW,NK,2.0,132.41
2025,2,FLL,DFW,NK,2.0,133.0
2025,2,FLL,DFW,NK,2.0,136.5
2025,2,FLL,DFW,NK,2.0,140.5
2025,2,FLL,DFW,NK,2.0,140.5
2025,2,FLL,DFW,NK,2.0,141.5
2025,2,FLL,DFW,NK,2.0,142.36
2025,2,FLL,DFW,NK,2.0,143.5
2025,2,FLL,DFW,NK,2.0,144.0
2025,2,FLL,DFW,NK,2.0,144.0
2025,2,FLL,DFW,NK,2.0,146.0
2025,2,FLL,DFW,NK,2.0,151.5
2025,2,FLL,DFW,NK,2.0,159.0
2025,2,FLL,DFW,NK,2.0,169.0
2025,2,FLL,DFW,NK,2.0,174.0
2025,2,FLL,DFW,NK,2.0,184.0
2025,2,FLL,DFW,NK,2.0,189.0
2025,2,FLL,DFW,NK,2.0,189.0
2025,2,FLL,DFW,NK,2.0,214.0
2025,2,FLL,DFW,NK,2.0,214.0
2025,2,FLL,DFW,NK,2.0,234.0
2025,2,FLL,DFW,NK,2.0,234.0
2025,2,FLL,DFW,NK,2.0,237.0
2025,2,FLL,DFW,NK,2.0,243.0
2025,2,FLL,DFW,NK,2.0,244.0
2025,2,FLL,DFW,NK,2.0,244.0
2025,2,FLL,DFW,NK,2.0,264.0
2025,2,FLL,DFW,NK,2.0,276.5
2025,2,FLL,DFW,NK,2.0,277.0
2025,2,FLL,DFW,NK,2.0,289.0
2025,2,FLL,DFW,NK,2.0,349.0
2025,2,FLL,DFW,NK,3.0,31.0
2025,2,FLL,DFW,NK,3.0,31.0
2025,2,FLL,DFW,NK,3.0,31.02
2025,2,FLL,DFW,NK,3.0,38.5
2025,2,FLL,DFW,NK,3.0,40.0
2025,2,FLL,DFW,NK,3.0,41.0
2025,2,FLL,DFW,NK,3.0,45.0
2025,2,FLL,DFW,NK,3.0,47.0
2025,2,FLL,DFW,NK,3.0,48.0
2025,2,FLL,DFW,NK,3.0,50.5
2025,2,FLL,DFW,NK,3.0,50.5
2025,2,FLL,DFW,NK,3.0,51.5
2025,2,FLL,DFW,NK,3.0,54.5
2025,2,FLL,DFW,NK,3.0,60.5
2025,2,FLL,DFW,NK,3.0,62.0
2025,2,FLL,DFW,NK,3.0,63.0
2025,2,FLL,DFW,NK,3.0,63.5
2025,2,FLL,DFW,NK,3.0,66.0
2025,2,FLL,DFW,NK,3.0,68.0
2025,2,FLL,DFW,NK,3.0,68.5
2025,2,FLL,DFW,NK,3.0,71.5
2025,2,FLL,DFW,NK,3.0,73.0
2025,2,FLL,DFW,NK,3.0,73.5
2025,2,FLL,DFW,NK,3.0,76.5
2025,2,FLL,DFW,NK,3.0,78.5
2025,2,FLL,DFW,NK,3.0,82.5
2025,2,FLL,DFW,NK,3.0,83.0
2025,2,FLL,DFW,NK,3.0,83.0
2025,2,FLL,DFW,NK,3.0,84.0
2025,2,FLL,DFW,NK,3.0,85.0
2025,2,FLL,DFW,NK,3.0,87.0
2025,2,FLL,DFW,NK,3.0,87.0
2025,2,FLL,DFW,NK,3.0,88.5
2025,2,FLL,DFW,NK,3.0,88.5
2025,2,FLL,DFW,NK,3.0,91.5
2025,2,FLL,DFW,NK,3.0,93.0
2025,2,FLL,DFW,NK,3.0,95.5
2025,2,FLL,DFW,NK,3.0,97.0
2025,2,FLL,DFW,NK,3.0,103.0
2025,2,FLL,DFW,NK,3.0,103.5
2025,2,FLL,DFW,NK,3.0,104.0
2025,2,FLL,DFW,NK,3.0,105.5
2025,2,FLL,DFW,NK,3.0,112.0
2025,2,FLL,DFW,NK,3.0,115.5
2025,2,FLL,DFW,NK,3.0,121.0
2025,2,FLL,DFW,NK,3.0,124.0
2025,2,FLL,DFW,NK,3.0,129.0
2025,2,FLL,DFW,NK,3.0,129.0
2025,2,FLL,DFW,NK,3.0,131.0
2025,2,FLL,DFW,NK,3.0,147.0
2025,2,FLL,DFW,NK,3.0,148.5
2025,2,FLL,DFW,NK,3.0,149.0
2025,2,FLL,DFW,NK,3.0,154.0
2025,2,FLL,DFW,NK,3.0,156.5
2025,2,FLL,DFW,NK,3.0,160.0
2025,2,FLL,DFW,NK,3.0,176.5
2025,2,FLL,DFW,NK,3.0,181.5
2025,2,FLL,DFW,NK,3.0,186.5
2025,2,FLL,DFW,NK,3.0,194.0
2025,2,FLL,DFW,NK,3.0,206.5
2025,2,FLL,DFW,NK,3.0,249.0
2025,2,FLL,DFW,NK,3.0,284.0
2025,2,FLL,DFW,NK,3.0,304.0
2025,2,FLL,DFW,NK,4.0,38.5
2025,2,FLL,DFW,NK,4.0,43.0
2025,2,FLL,DFW,NK,4.0,44.0
2025,2,FLL,DFW,NK,4.0,45.5
2025,2,FLL,DFW,NK,4.0,49.0
2025,2,FLL,DFW,NK,4.0,50.0
2025,2,FLL,DFW,NK,4.0,55.0
2025,2,FLL,DFW,NK,4.0,55.5
2025,2,FLL,DFW,NK,4.0,57.0
2025,2,FLL,DFW,NK,4.0,58.0
2025,2,FLL,DFW,NK,4.0,63.0
2025,2,FLL,DFW,NK,4.0,65.0
2025,2,FLL,DFW,NK,4.0,70.5
2025,2,FLL,DFW,NK,4.0,71.0
2025,2,FLL,DFW,NK,4.0,72.0
2025,2,FLL,DFW,NK,4.0,72.0
2025,2,FLL,DFW,NK,4.0,73.5
2025,2,FLL,DFW,NK,4.0,76.5
2025,2,FLL,DFW,NK,4.0,77.0
2025,2,FLL,DFW,NK,4.0,82.0
2025,2,FLL,DFW,NK,4.0,83.5
2025,2,FLL,DFW,NK,4.0,86.0
2025,2,FLL,DFW,NK,4.0,87.5
2025,2,FLL,DFW,NK,4.0,92.5
2025,2,FLL,DFW,NK,4.0,94.0
2025,2,FLL,DFW,NK,4.0,96.5
2025,2,FLL,DFW,NK,4.0,111.5
2025,2,FLL,DFW,NK,4.0,111.5
2025,2,FLL,DFW,NK,4.0,116.0
2025,2,FLL,DFW,NK,4.0,121.5
2025,2,FLL,DFW,NK,4.0,125.5
2025,2,FLL,DFW,NK,4.0,126.5
2025,2,FLL,DFW,NK,4.0,129.0
2025,2,FLL,DFW,NK,4.0,136.5
2025,2,FLL,DFW,NK,4.0,137.0
2025,2,FLL,DFW,NK,4.0,141.5
2025,2,FLL,DFW,NK,4.0,142.0
2025,2,FLL,DFW,NK,4.0,144.0
2025,2,FLL,DFW,NK,4.0,146.5
2025,2,FLL,DFW,NK,4.0,156.5
2025,2,FLL,DFW,NK,4.0,159.0
2025,2,FLL,DFW,NK,4.0,171.0
2025,2,FLL,DFW,NK,4.0,179.0
2025,2,FLL,DFW,NK,4.0,181.5
2025,2,FLL,DFW,NK,4.0,184.0
2025,2,FLL,DFW,NK,4.0,194.0
2025,2,FLL,DFW,NK,4.0,199.0
2025,2,FLL,DFW,NK,4.0,202.0
2025,2,FLL,DFW,NK,4.0,259.0
2025,2,FLL,DFW,NK,4.0,264.0
2025,2,FLL,DFW,NK,4.0,294.0
2025,2,FLL,DFW,NK,5.0,31.0
2025,2,FLL,DFW,NK,5.0,46.0
2025,2,FLL,DFW,NK,5.0,48.0
2025,2,FLL,DFW,NK,5.0,56.0
2025,2,FLL,DFW,NK,5.0,58.0
2025,2,FLL,DFW,NK,5.0,62.0
2025,2,FLL,DFW,NK,5.0,62.0
2025,2,FLL,DFW,NK,5.0,67.0
2025,2,FLL,DFW,NK,5.0,71.0
2025,2,FLL,DFW,NK,5.0,71.5
2025,2,FLL,DFW,NK,5.0,74.0
2025,2,FLL,DFW,NK,5.0,75.5
2025,2,FLL,DFW,NK,5.0,78.0
2025,2,FLL,DFW,NK,5.0,83.0
2025,2,FLL,DFW,NK,5.0,90.5
2025,2,FLL,DFW,NK,5.0,96.5
2025,2,FLL,DFW,NK,5.0,99.0
2025,2,FLL,DFW,NK,5.0,101.5
2025,2,FLL,DFW,NK,5.0,105.0
2025,2,FLL,DFW,NK,5.0,108.0
2025,2,FLL,DFW,NK,5.0,119.0
2025,2,FLL,DFW,NK,5.0,124.0
2025,2,FLL,DFW,NK,5.0,126.0
2025,2,FLL,DFW,NK,5.0,134.0
2025,2,FLL,DFW,NK,5.0,150.0
2025,2,FLL,DFW,NK,5.0,161.5
2025,2,FLL,DFW,NK,5.0,169.0
2025,2,FLL,DFW,NK,5.0,204.0
2025,2,FLL,DFW,NK,5.0,209.0
2025,2,FLL,DFW,NK,6.0,53.0
2025,2,FLL,DFW,NK,6.0,66.5
2025,2,FLL,DFW,NK,6.0,70.0
2025,2,FLL,DFW,NK,6.0,89.0
2025,2,FLL,DFW,NK,6.0,89.0
2025,2,FLL,DFW,NK,6.0,97.5
2025,2,FLL,DFW,NK,6.0,103.0
2025,2,FLL,DFW,NK,6.0,104.0
2025,2,FLL,DFW,NK,6.0,105.0
2025,2,FLL,DFW,NK,6.0,114.0
2025,2,FLL,DFW,NK,6.0,133.0
2025,2,FLL,DFW,NK,6.0,133.5
2025,2,FLL,DFW,NK,6.0,149.0
2025,2,FLL,DFW,NK,6.0,159.0
2025,2,FLL,DFW,NK,6.0,161.5
2025,2,FLL,DFW,NK,6.0,164.0
2025,2,FLL,DFW,NK,6.0,174.0
2025,2,FLL,DFW,NK,6.0,244.0
2025,2,FLL,DFW,NK,7.0,38.0
2025,2,FLL,DFW,NK,7.0,39.0
2025,2,FLL,DFW,NK,7.0,43.0
2025,2,FLL,DFW,NK,7.0,53.5
2025,2,FLL,DFW,NK,7.0,58.0
2025,2,FLL,DFW,NK,7.0,66.5
2025,2,FLL,DFW,NK,7.0,67.0
2025,2,FLL,DFW,NK,7.0,71.0
2025,2,FLL,DFW,NK,7.0,74.0
2025,2,FLL,DFW,NK,7.0,76.0
2025,2,FLL,DFW,NK,7.0,77.0
2025,2,FLL,DFW,NK,7.0,79.0
2025,2,FLL,DFW,NK,7.0,84.0
2025,2,FLL,DFW,NK,7.0,85.5
2025,2,FLL,DFW,NK,7.0,86.5
2025,2,FLL,DFW,NK,7.0,91.5
2025,2,FLL,DFW,NK,7.0,99.0
2025,2,FLL,DFW,NK,7.0,104.0
2025,2,FLL,DFW,NK,7.0,109.0
2025,2,FLL,DFW,NK,7.0,114.0
2025,2,FLL,DFW,NK,7.0,116.5
2025,2,FLL,DFW,NK,7.0,121.5
2025,2,FLL,DFW,NK,7.0,139.0
2025,2,FLL,DFW,NK,7.0,219.0
2025,2,FLL,DFW,NK,8.0,53.0
2025,2,FLL,DFW,NK,8.0,56.5
2025,2,FLL,DFW,NK,8.0,59.0
2025,2,FLL,DFW,NK,8.0,76.0
2025,2,FLL,DFW,NK,8.0,80.5
2025,2,FLL,DFW,NK,8.0,81.5
2025,2,FLL,DFW,NK,8.0,88.0
2025,2,FLL,DFW,NK,8.0,99.0
2025,2,FLL,DFW,NK,8.0,103.5
2025,2,FLL,DFW,NK,8.0,116.5
2025,2,FLL,DFW,NK,9.0,46.0
2025,2,FLL,DFW,NK,9.0,49.0
2025,2,FLL,DFW,NK,9.0,78.0
2025,2,FLL,DFW,NK,9.0,80.5
2025,2,FLL,DFW,NK,9.0,112.0
2025,2,FLL,DFW,NK,9.0,134.0
2025,2,FLL,DFW,NK,9.0,139.0
2025,2,FLL,DFW,NK,9.0,149.0
2025,2,FLL,DFW,NK,9.0,189.0
2025,2,FLL,DFW,NK,10.0,5.5
2025,2,FLL,DFW,NK,10.0,39.0
2025,2,FLL,DFW,NK,10.0,49.0
2025,2,FLL,DFW,NK,10.0,59.0
2025,2,FLL,DFW,NK,10.0,81.0
2025,2,FLL,DFW,NK,10.0,88.0
2025,2,FLL,DFW,NK,10.0,89.0
2025,2,FLL,DFW,NK,10.0,98.0
2025,2,FLL,DFW,NK,10.0,98.0
2025,2,FLL,DFW,NK,10.0,131.5
2025,2,FLL,DFW,NK,11.0,74.0
2025,2,FLL,DFW,NK,11.0,79.0
2025,2,FLL,DFW,NK,11.0,83.5
2025,2,FLL,DFW,NK,11.0,194.0
2025,2,FLL,DFW,NK,12.0,39.0
2025,2,FLL,DFW,NK,12.0,59.0
2025,2,FLL,DFW,NK,12.0,81.0
2025,2,FLL,DFW,NK,12.0,81.5
2025,2,FLL,DFW,NK,12.0,86.5
2025,2,FLL,DFW,NK,12.0,94.0
2025,2,FLL,DFW,NK,13.0,5.5
2025,2,FLL,DFW,NK,13.0,224.0
2025,2,FLL,DFW,NK,14.0,61.5
2025,2,FLL,DFW,NK,15.0,154.0
2025,2,FLL,DFW,NK,16.0,44.0
2025,2,FLL,DFW,NK,16.0,67.0
2025,2,FLL,DFW,NK,16.0,94.0
2025,2,FLL,DFW,NK,16.0,112.0
2025,2,FLL,DFW,NK,16.0,154.0
2025,2,FLL,DFW,NK,16.0,164.0
2025,2,FLL,DFW,NK,17.0,64.0
2025,2,FLL,DFW,NK,17.0,109.0
2025,2,FLL,DFW,NK,18.0,169.0
2025,2,FLL,DFW,NK,19.0,179.0
2025,2,FLL,DFW,NK,20.0,98.0
2025,2,FLL,DFW,NK,20.0,199.0
2025,2,FLL,DFW,NK,21.0,134.0
2025,2,FLL,DFW,NK,23.0,44.0
2025,2,FLL,DFW,NK,23.0,54.0
2025,2,FLL,DFW,NK,23.0,114.0
2025,2,FLL,DFW,NK,23.0,139.0
2025,2,FLL,DFW,NK,24.0,79.0
2025,2,FLL,DFW,NK,25.0,61.5
2025,2,FLL,DFW,NK,25.0,64.0
2025,2,FLL,DFW,NK,26.0,6.0
2025,2,FLL,DFW,NK,30.0,109.0
2025,2,FLL,DFW,NK,31.0,54.0
2025,2,FLL,DFW,NK,32.0,64.0
2025,2,FLL,DFW,NK,35.0,54.0
2025,2,FLL,DFW,NK,37.0,69.0
2025,2,FLL,DFW,NK,37.0,69.0
2025,2,FLL,DFW,NK,57.0,69.0
2025,2,FLL,LAX,NK,1.0,5.5
2025,2,FLL,LAX,NK,1.0,5.5
2025,2,FLL,LAX,NK,1.0,5.5
2025,2,FLL,LAX,NK,1.0,5.5
2025,2,FLL,LAX,NK,1.0,39.0
2025,2,FLL,LAX,NK,1.0,43.0
2025,2,FLL,LAX,NK,1.0,45.0
2025,2,FLL,LAX,NK,1.0,50.0
2025,2,FLL,LAX,NK,1.0,50.0
2025,2,FLL,LAX,NK,1.0,51.36
2025,2,FLL,LAX,NK,1.0,54.03
2025,2,FLL,LAX,NK,1.0,58.48
2025,2,FLL,LAX,NK,1.0,59.0
2025,2,FLL,LAX,NK,1.0,59.0
2025,2,FLL,LAX,NK,1.0,59.17
2025,2,FLL,LAX,NK,1.0,60.0
2025,2,FLL,LAX,NK,1.0,60.0
2025,2,FLL,LAX,NK,1.0,63.0
2025,2,FLL,LAX,NK,1.0,63.0
2025,2,FLL,LAX,NK,1.0,64.0
2025,2,FLL,LAX,NK,1.0,67.0
2025,2,FLL,LAX,NK,1.0,67.0
2025,2,FLL,LAX,NK,1.0,68.0
2025,2,FLL,LAX,NK,1.0,70.5
2025,2,FLL,LAX,NK,1.0,71.0
2025,2,FLL,LAX,NK,1.0,71.5
2025,2,FLL,LAX,NK,1.0,72.0
2025,2,FLL,LAX,NK,1.0,73.0
2025,2,FLL,LAX,NK,1.0,74.0
2025,2,FLL,LAX,NK,1.0,74.5
2025,2,FLL,LAX,NK,1.0,75.5
2025,2,FLL,LAX,NK,1.0,76.5
2025,2,FLL,LAX,NK,1.0,76.96
2025,2,FLL,LAX,NK,1.0,77.0
2025,2,FLL,LAX,NK,1.0,77.33
2025,2,FLL,LAX,NK,1.0,78.0
2025,2,FLL,LAX,NK,1.0,78.0
2025,2,FLL,LAX,NK,1.0,78.71
2025,2,FLL,LAX,NK,1.0,79.0
2025,2,FLL,LAX,NK,1.0,80.0
2025,2,FLL,LAX,NK,1.0,80.0
2025,2,FLL,LAX,NK,1.0,80.49
2025,2,FLL,LAX,NK,1.0,80.72
2025,2,FLL,LAX,NK,1.0,81.0
2025,2,FLL,LAX,NK,1.0,81.5
2025,2,FLL,LAX,NK,1.0,82.0
2025,2,FLL,LAX,NK,1.0,82.0
2025,2,FLL,LAX,NK,1.0,82.25
2025,2,FLL,LAX,NK,1.0,82.84
2025,2,FLL,LAX,NK,1.0,83.0
2025,2,FLL,LAX,NK,1.0,83.0
2025,2,FLL,LAX,NK,1.0,83.8
2025,2,FLL,LAX,NK,1.0,84.0
2025,2,FLL,LAX,NK,1.0,84.28
2025,2,FLL,LAX,NK,1.0,84.5
2025,2,FLL,LAX,NK,1.0,87.0
2025,2,FLL,LAX,NK,1.0,88.0
2025,2,FLL,LAX,NK,1.0,88.52
2025,2,FLL,LAX,NK,1.0,88.67
2025,2,FLL,LAX,NK,1.0,89.0
2025,2,FLL,LAX,NK,1.0,89.24
2025,2,FLL,LAX,NK,1.0,90.0
2025,2,FLL,LAX,NK,1.0,90.33
2025,2,FLL,LAX,NK,1.0,90.46
2025,2,FLL,LAX,NK,1.0,90.54
2025,2,FLL,LAX,NK,1.0,91.0
2025,2,FLL,LAX,NK,1.0,91.0
2025,2,FLL,LAX,NK,1.0,91.5
2025,2,FLL,LAX,NK,1.0,91.5
2025,2,FLL,LAX,NK,1.0,92.0
2025,2,FLL,LAX,NK,1.0,92.0
2025,2,FLL,LAX,NK,1.0,92.07
2025,2,FLL,LAX,NK,1.0,92.39
2025,2,FLL,LAX,NK,1.0,92.87
2025,2,FLL,LAX,NK,1.0,93.0
2025,2,FLL,LAX,NK,1.0,93.0
2025,2,FLL,LAX,NK,1.0,93.83
2025,2,FLL,LAX,NK,1.0,94.0
2025,2,FLL,LAX,NK,1.0,94.48
2025,2,FLL,LAX,NK,1.0,95.0
2025,2,FLL,LAX,NK,1.0,95.2
2025,2,FLL,LAX,NK,1.0,95.5
2025,2,FLL,LAX,NK,1.0,95.81
2025,2,FLL,LAX,NK,1.0,96.0
2025,2,FLL,LAX,NK,1.0,96.0
2025,2,FLL,LAX,NK,1.0,96.5
2025,2,FLL,LAX,NK,1.0,96.94
2025,2,FLL,LAX,NK,1.0,97.0
2025,2,FLL,LAX,NK,1.0,97.27
2025,2,FLL,LAX,NK,1.0,97.67
2025,2,FLL,LAX,NK,1.0,97.79
2025,2,FLL,LAX,NK,1.0,98.0
2025,2,FLL,LAX,NK,1.0,98.0
2025,2,FLL,LAX,NK,1.0,99.0
2025,2,FLL,LAX,NK,1.0,99.0
2025,2,FLL,LAX,NK,1.0,99.34
2025,2,FLL,LAX,NK,1.0,99.36
2025,2,FLL,LAX,NK,1.0,99.5
2025,2,FLL,LAX,NK,1.0,99.51
2025,2,FLL,LAX,NK,1.0,99.54
2025,2,FLL,LAX,NK,1.0,100.0
2025,2,FLL,LAX,NK,1.0,101.28
2025,2,FLL,LAX,NK,1.0,101.87
2025,2,FLL,LAX,NK,1.0,102.0
2025,2,FLL,LAX,NK,1.0,102.22
2025,2,FLL,LAX,NK,1.0,103.0
2025,2,FLL,LAX,NK,1.0,103.0
2025,2,FLL,LAX,NK,1.0,103.0
2025,2,FLL,LAX,NK,1.0,103.46
2025,2,FLL,LAX,NK,1.0,103.83
2025,2,FLL,LAX,NK,1.0,104.84
2025,2,FLL,LAX,NK,1.0,105.0
2025,2,FLL,LAX,NK,1.0,105.23
2025,2,FLL,LAX,NK,1.0,105.76
2025,2,FLL,LAX,NK,1.0,106.27
2025,2,FLL,LAX,NK,1.0,106.3
2025,2,FLL,LAX,NK,1.0,106.5
2025,2,FLL,LAX,NK,1.0,106.52
2025,2,FLL,LAX,NK,1.0,108.22
2025,2,FLL,LAX,NK,1.0,108.24
2025,2,FLL,LAX,NK,1.0,108.42
2025,2,FLL,LAX,NK,1.0,108.5
2025,2,FLL,LAX,NK,1.0,109.79
2025,2,FLL,LAX,NK,1.0,110.0
2025,2,FLL,LAX,NK,1.0,110.09
2025,2,FLL,LAX,NK,1.0,110.3
2025,2,FLL,LAX,NK,1.0,110.5
2025,2,FLL,LAX,NK,1.0,111.11
2025,2,FLL,LAX,NK,1.0,111.5
2025,2,FLL,LAX,NK,1.0,111.5
2025,2,FLL,LAX,NK,1.0,111.54
2025,2,FLL,LAX,NK,1.0,112.0
2025,2,FLL,LAX,NK,1.0,112.21
2025,2,FLL,LAX,NK,1.0,112.47
2025,2,FLL,LAX,NK,1.0,112.5
2025,2,FLL,LAX,NK,1.0,113.0
2025,2,FLL,LAX,NK,1.0,113.38
2025,2,FLL,LAX,NK,1.0,113.5
2025,2,FLL,LAX,NK,1.0,113.77
2025,2,FLL,LAX,NK,1.0,113.98
2025,2,FLL,LAX,NK,1.0,114.0
2025,2,FLL,LAX,NK,1.0,114.96
2025,2,FLL,LAX,NK,1.0,115.0
2025,2,FLL,LAX,NK,1.0,115.0
2025,2,FLL,LAX,NK,1.0,116.48
2025,2,FLL,LAX,NK,1.0,116.5
2025,2,FLL,LAX,NK,1.0,117.0
2025,2,FLL,LAX,NK,1.0,117.19
2025,2,FLL,LAX,NK,1.0,117.38
2025,2,FLL,LAX,NK,1.0,118.0
2025,2,FLL,LAX,NK,1.0,119.0
2025,2,FLL,LAX,NK,1.0,119.5
2025,2,FLL,LAX,NK,1.0,119.86
2025,2,FLL,LAX,NK,1.0,121.5
2025,2,FLL,LAX,NK,1.0,121.51
2025,2,FLL,LAX,NK,1.0,121.7
2025,2,FLL,LAX,NK,1.0,122.0
2025,2,FLL,LAX,NK,1.0,122.79
2025,2,FLL,LAX,NK,1.0,123.76
2025,2,FLL,LAX,NK,1.0,124.0
2025,2,FLL,LAX,NK,1.0,125.0
2025,2,FLL,LAX,NK,1.0,125.46
2025,2,FLL,LAX,NK,1.0,126.35
2025,2,FLL,LAX,NK,1.0,127.0
2025,2,FLL,LAX,NK,1.0,127.43
2025,2,FLL,LAX,NK,1.0,128.46
2025,2,FLL,LAX,NK,1.0,128.5
2025,2,FLL,LAX,NK,1.0,128.64
2025,2,FLL,LAX,NK,1.0,128.75
2025,2,FLL,LAX,NK,1.0,129.0
2025,2,FLL,LAX,NK,1.0,129.07
2025,2,FLL,LAX,NK,1.0,129.97
2025,2,FLL,LAX,NK,1.0,130.0
2025,2,FLL,LAX,NK,1.0,130.66
2025,2,FLL,LAX,NK,1.0,130.84
2025,2,FLL,LAX,NK,1.0,131.15
2025,2,FLL,LAX,NK,1.0,131.5
2025,2,FLL,LAX,NK,1.0,132.0
2025,2,FLL,LAX,NK,1.0,132.06
2025,2,FLL,LAX,NK,1.0,132.07
2025,2,FLL,LAX,NK,1.0,132.19
2025,2,FLL,LAX,NK,1.0,132.28
2025,2,FLL,LAX,NK,1.0,133.84
2025,2,FLL,LAX,NK,1.0,133.97
2025,2,FLL,LAX,NK,1.0,134.0
2025,2,FLL,LAX,NK,1.0,134.0
2025,2,FLL,LAX,NK,1.0,134.19
2025,2,FLL,LAX,NK,1.0,135.0
2025,2,FLL,LAX,NK,1.0,135.73
2025,2,FLL,LAX,NK,1.0,136.0
2025,2,FLL,LAX,NK,1.0,136.08
2025,2,FLL,LAX,NK,1.0,137.0
2025,2,FLL,LAX,NK,1.0,137.0
2025,2,FLL,LAX,NK,1.0,137.0
2025,2,FLL,LAX,NK,1.0,139.0
2025,2,FLL,LAX,NK,1.0,140.47
2025,2,FLL,LAX,NK,1.0,141.0
2025,2,FLL,LAX,NK,1.0,142.0
2025,2,FLL,LAX,NK,1.0,142.0
2025,2,FLL,LAX,NK,1.0,142.06
2025,2,FLL,LAX,NK,1.0,143.0
2025,2,FLL,LAX,NK,1.0,143.0
2025,2,FLL,LAX,NK,1.0,144.0
2025,2,FLL,LAX,NK,1.0,144.0
2025,2,FLL,LAX,NK,1.0,144.0
2025,2,FLL,LAX,NK,1.0,144.56
2025,2,FLL,LAX,NK,1.0,148.54
2025,2,FLL,LAX,NK,1.0,149.0
2025,2,FLL,LAX,NK,1.0,149.0
2025,2,FLL,LAX,NK,1.0,149.71
2025,2,FLL,LAX,NK,1.0,150.56
2025,2,FLL,LAX,NK,1.0,151.0
2025,2,FLL,LAX,NK,1.0,152.0
2025,2,FLL,LAX,NK,1.0,152.0
2025,2,FLL,LAX,NK,1.0,154.0
2025,2,FLL,LAX,NK,1.0,154.16
2025,2,FLL,LAX,NK,1.0,155.0
2025,2,FLL,LAX,NK,1.0,155.66
2025,2,FLL,LAX,NK,1.0,156.0
2025,2,FLL,LAX,NK,1.0,156.5
2025,2,FLL,LAX,NK,1.0,157.38
2025,2,FLL,LAX,NK,1.0,159.0
2025,2,FLL,LAX,NK,1.0,159.69
2025,2,FLL,LAX,NK,1.0,160.0
2025,2,FLL,LAX,NK,1.0,162.0
2025,2,FLL,LAX,NK,1.0,162.0
2025,2,FLL,LAX,NK,1.0,162.0
2025,2,FLL,LAX,NK,1.0,162.73
2025,2,FLL,LAX,NK,1.0,163.0
2025,2,FLL,LAX,NK,1.0,164.0
2025,2,FLL,LAX,NK,1.0,164.46
2025,2,FLL,LAX,NK,1.0,165.67
2025,2,FLL,LAX,NK,1.0,168.5
2025,2,FLL,LAX,NK,1.0,169.0
2025,2,FLL,LAX,NK,1.0,170.57
2025,2,FLL,LAX,NK,1.0,171.66
2025,2,FLL,LAX,NK,1.0,172.0
2025,2,FLL,LAX,NK,1.0,177.0
2025,2,FLL,LAX,NK,1.0,178.19
2025,2,FLL,LAX,NK,1.0,179.0
2025,2,FLL,LAX,NK,1.0,179.0
2025,2,FLL,LAX,NK,1.0,181.0
2025,2,FLL,LAX,NK,1.0,182.0
2025,2,FLL,LAX,NK,1.0,184.0
2025,2,FLL,LAX,NK,1.0,187.0
2025,2,FLL,LAX,NK,1.0,187.0
2025,2,FLL,LAX,NK,1.0,187.0
2025,2,FLL,LAX,NK,1.0,189.0
2025,2,FLL,LAX,NK,1.0,194.0
2025,2,FLL,LAX,NK,1.0,196.5
2025,2,FLL,LAX,NK,1.0,200.0
2025,2,FLL,LAX,NK,1.0,202.91
2025,2,FLL,LAX,NK,1.0,207.0
2025,2,FLL,LAX,NK,1.0,209.0
2025,2,FLL,LAX,NK,1.0,213.0
2025,2,FLL,LAX,NK,1.0,214.0
2025,2,FLL,LAX,NK,1.0,215.41
2025,2,FLL,LAX,NK,1.0,217.0
2025,2,FLL,LAX,NK,1.0,217.0
2025,2,FLL,LAX,NK,1.0,242.0
2025,2,FLL,LAX,NK,1.0,243.47
2025,2,FLL,LAX,NK,1.0,274.0
2025,2,FLL,LAX,NK,1.0,275.18
2025,2,FLL,LAX,NK,1.0,277.0
2025,2,FLL,LAX,NK,1.0,277.71
2025,2,FLL,LAX,NK,1.0,282.0
2025,2,FLL,LAX,NK,1.0,284.0
2025,2,FLL,LAX,NK,1.0,294.0
2025,2,FLL,LAX,NK,1.0,305.92
2025,2,FLL,LAX,NK,1.0,352.0
2025,2,FLL,LAX,NK,1.0,357.0
2025,2,FLL,LAX,NK,1.0,404.0
2025,2,FLL,LAX,NK,2.0,64.0
2025,2,FLL,LAX,NK,2.0,67.0
2025,2,FLL,LAX,NK,2.0,69.0
2025,2,FLL,LAX,NK,2.0,71.0
2025,2,FLL,LAX,NK,2.0,79.0
2025,2,FLL,LAX,NK,2.0,79.53
2025,2,FLL,LAX,NK,2.0,84.0
2025,2,FLL,LAX,NK,2.0,84.0
2025,2,FLL,LAX,NK,2.0,88.0
2025,2,FLL,LAX,NK,2.0,92.0
2025,2,FLL,LAX,NK,2.0,99.5
2025,2,FLL,LAX,NK,2.0,104.0
2025,2,FLL,LAX,NK,2.0,112.0
2025,2,FLL,LAX,NK,2.0,114.0
2025,2,FLL,LAX,NK,2.0,122.0
2025,2,FLL,LAX,NK,2.0,123.0
2025,2,FLL,LAX,NK,2.0,127.0
2025,2,FLL,LAX,NK,2.0,147.0
2025,2,FLL,LAX,NK,2.0,154.0
2025,2,FLL,LAX,NK,2.0,159.0
2025,2,FLL,LAX,NK,2.0,161.0
2025,2,FLL,LAX,NK,2.0,174.0
2025,2,FLL,LAX,NK,2.0,207.0
2025,2,FLL,LAX,NK,2.0,224.0
2025,2,FLL,LAX,NK,2.0,239.0
2025,2,FLL,LAX,NK,2.0,294.0
2025,2,FLL,LAX,NK,3.0,80.0
2025,2,FLL,LAX,NK,3.0,89.0
2025,2,FLL,LAX,NK,3.0,89.0
2025,2,FLL,LAX,NK,3.0,93.5
2025,2,FLL,LAX,NK,3.0,96.5
2025,2,FLL,LAX,NK,3.0,98.0
2025,2,FLL,LAX,NK,3.0,109.0
2025,2,FLL,LAX,NK,3.0,121.0
2025,2,FLL,LAX,NK,3.0,124.0
2025,2,FLL,LAX,NK,3.0,131.5
2025,2,FLL,LAX,NK,3.0,139.0
2025,2,FLL,LAX,NK,4.0,69.0
2025,2,FLL,LAX,NK,4.0,74.0
2025,2,FLL,LAX,NK,4.0,84.0
2025,2,FLL,LAX,NK,4.0,89.0
2025,2,FLL,LAX,NK,4.0,94.0
2025,2,FLL,LAX,NK,4.0,119.0
2025,2,FLL,LAX,NK,4.0,122.0
2025,2,FLL,LAX,NK,4.0,134.0
2025,2,FLL,LAX,NK,5.0,64.0
2025,2,FLL,LAX,NK,5.0,99.0
2025,2,FLL,LAX,NK,6.0,104.0
2025,2,FLL,LAX,NK,6.0,244.0
2025,2,FLL,LAX,NK,7.0,6.0
2025,2,FLL,LAX,NK,7.0,114.0
2025,2,FLL,LAX,NK,7.0,184.0
2025,2,FLL,LAX,NK,8.0,89.0
2025,2,FLL,LAX,NK,8.0,149.0
2025,2,FLL,LAX,NK,10.0,164.0
2025,2,FLL,LAX,NK,11.0,129.0
2025,2,FLL,LAX,NK,13.0,98.0
2025,2,FLL,LAX,NK,15.0,204.0
2025,2,MCO,LGA,NK,1.0,5.54
2025,2,MCO,LGA,NK,1.0,6.0
2025,2,MCO,LGA,NK,1.0,12.15
2025,2,MCO,LGA,NK,1.0,18.0
2025,2,MCO,LGA,NK,1.0,19.5
2025,2,MCO,LGA,NK,1.0,21.0
2025,2,MCO,LGA,NK,1.0,26.0
2025,2,MCO,LGA,NK,1.0,27.0
2025,2,MCO,LGA,NK,1.0,27.0
2025,2,MCO,LGA,NK,1.0,29.0
2025,2,MCO,LGA,NK,1.0,29.5
2025,2,MCO,LGA,NK,1.0,29.5
2025,2,MCO,LGA,NK,1.0,30.0
2025,2,MCO,LGA,NK,1.0,30.0
2025,2,MCO,LGA,NK,1.0,31.5
2025,2,MCO,LGA,NK,1.0,32.0
2025,2,MCO,LGA,NK,1.0,33.0
2025,2,MCO,LGA,NK,1.0,34.0
2025,2,MCO,LGA,NK,1.0,34.0
2025,2,MCO,LGA,NK,1.0,34.0
2025,2,MCO,LGA,NK,1.0,35.0
2025,2,MCO,LGA,NK,1.0,36.0
2025,2,MCO,LGA,NK,1.0,36.0
2025,2,MCO,LGA,NK,1.0,37.0
2025,2,MCO,LGA,NK,1.0,37.68
2025,2,MCO,LGA,NK,1.0,38.0
2025,2,MCO,LGA,NK,1.0,38.77
2025,2,MCO,LGA,NK,1.0,38.86
2025,2,MCO,LGA,NK,1.0,39.18
2025,2,MCO,LGA,NK,1.0,40.5
2025,2,MCO,LGA,NK,1.0,41.0
2025,2,MCO,LGA,NK,1.0,41.5
2025,2,MCO,LGA,NK,1.0,41.79
2025,2,MCO,LGA,NK,1.0,41.98
2025,2,MCO,LGA,NK,1.0,42.0
2025,2,MCO,LGA,NK,1.0,42.98
2025,2,MCO,LGA,NK,1.0,43.0
2025,2,MCO,LGA,NK,1.0,44.48
2025,2,MCO,LGA,NK,1.0,44.81
2025,2,MCO,LGA,NK,1.0,45.0
2025,2,MCO,LGA,NK,1.0,46.0
2025,2,MCO,LGA,NK,1.0,46.5
2025,2,MCO,LGA,NK,1.0,47.0
2025,2,MCO,LGA,NK,1.0,47.83
2025,2,MCO,LGA,NK,1.0,49.5
2025,2,MCO,LGA,NK,1.0,49.84
2025,2,MCO,LGA,NK,1.0,51.51
2025,2,MCO,LGA,NK,1.0,52.0
2025,2,MCO,LGA,NK,1.0,52.0
2025,2,MCO,LGA,NK,1.0,52.3
2025,2,MCO,LGA,NK,1.0,52.46
2025,2,MCO,LGA,NK,1.0,53.0
2025,2,MCO,LGA,NK,1.0,53.26
2025,2,MCO,LGA,NK,1.0,53.87
2025,2,MCO,LGA,NK,1.0,55.2
2025,2,MCO,LGA,NK,1.0,55.36
2025,2,MCO,LGA,NK,1.0,55.38
2025,2,MCO,LGA,NK,1.0,55.5
2025,2,MCO,LGA,NK,1.0,56.0
2025,2,MCO,LGA,NK,1.0,56.05
2025,2,MCO,LGA,NK,1.0,56.27
2025,2,MCO,LGA,NK,1.0,57.5
2025,2,MCO,LGA,NK,1.0,57.62
2025,2,MCO,LGA,NK,1.0,58.0
2025,2,MCO,LGA,NK,1.0,58.56
2025,2,MCO,LGA,NK,1.0,59.41
2025,2,MCO,LGA,NK,1.0,60.34
2025,2,MCO,LGA,NK,1.0,60.92
2025,2,MCO,LGA,NK,1.0,61.0
2025,2,MCO,LGA,NK,1.0,61.5
2025,2,MCO,LGA,NK,1.0,62.0
2025,2,MCO,LGA,NK,1.0,62.43
2025,2,MCO,LGA,NK,1.0,62.93
2025,2,MCO,LGA,NK,1.0,63.0
2025,2,MCO,LGA,NK,1.0,63.73
2025,2,MCO,LGA,NK,1.0,64.0
2025,2,MCO,LGA,NK,1.0,64.04
2025,2,MCO,LGA,NK,1.0,64.31
2025,2,MCO,LGA,NK,1.0,65.0
2025,2,MCO,LGA,NK,1.0,65.46
2025,2,MCO,LGA,NK,1.0,65.47
2025,2,MCO,LGA,NK,1.0,65.5
2025,2,MCO,LGA,NK,1.0,66.0
2025,2,MCO,LGA,NK,1.0,66.96
2025,2,MCO,LGA,NK,1.0,67.5
2025,2,MCO,LGA,NK,1.0,67.68
2025,2,MCO,LGA,NK,1.0,67.97
2025,2,MCO,LGA,NK,1.0,68.0
2025,2,MCO,LGA,NK,1.0,68.27
2025,2,MCO,LGA,NK,1.0,69.5
2025,2,MCO,LGA,NK,1.0,70.48
2025,2,MCO,LGA,NK,1.0,72.0
2025,2,MCO,LGA,NK,1.0,73.0
2025,2,MCO,LGA,NK,1.0,73.0
2025,2,MCO,LGA,NK,1.0,73.5
2025,2,MCO,LGA,NK,1.0,74.09
2025,2,MCO,LGA,NK,1.0,74.5
2025,2,MCO,LGA,NK,1.0,75.0
2025,2,MCO,LGA,NK,1.0,75.37
2025,2,MCO,LGA,NK,1.0,75.46
2025,2,MCO,LGA,NK,1.0,75.52
2025,2,MCO,LGA,NK,1.0,76.0
2025,2,MCO,LGA,NK,1.0,76.0
2025,2,MCO,LGA,NK,1.0,76.0
2025,2,MCO,LGA,NK,1.0,76.5
2025,2,MCO,LGA,NK,1.0,77.5
2025,2,MCO,LGA,NK,1.0,78.0
2025,2,MCO,LGA,NK,1.0,78.0
2025,2,MCO,LGA,NK,1.0,78.39
2025,2,MCO,LGA,NK,1.0,79.0
2025,2,MCO,LGA,NK,1.0,79.0
2025,2,MCO,LGA,NK,1.0,79.1
2025,2,MCO,LGA,NK,1.0,79.5
2025,2,MCO,LGA,NK,1.0,79.5
2025,2,MCO,LGA,NK,1.0,79.81
2025,2,MCO,LGA,NK,1.0,80.0
2025,2,MCO,LGA,NK,1.0,80.5
2025,2,MCO,LGA,NK,1.0,81.0
2025,2,MCO,LGA,NK,1.0,81.0
2025,2,MCO,LGA,NK,1.0,81.0
2025,2,MCO,LGA,NK,1.0,81.5
2025,2,MCO,LGA,NK,1.0,81.54
2025,2,MCO,LGA,NK,1.0,82.0
2025,2,MCO,LGA,NK,1.0,82.06
2025,2,MCO,LGA,NK,1.0,82.46
2025,2,MCO,LGA,NK,1.0,82.5
2025,2,MCO,LGA,NK,1.0,83.0
2025,2,MCO,LGA,NK,1.0,83.5
2025,2,MCO,LGA,NK,1.0,84.0
2025,2,MCO,LGA,NK,1.0,84.5
2025,2,MCO,LGA,NK,1.0,84.58
2025,2,MCO,LGA,NK,1.0,85.44
2025,2,MCO,LGA,NK,1.0,85.46
2025,2,MCO,LGA,NK,1.0,86.45
2025,2,MCO,LGA,NK,1.0,86.45
2025,2,MCO,LGA,NK,1.0,86.5
2025,2,MCO,LGA,NK,1.0,86.7
2025,2,MCO,LGA,NK,1.0,87.0
2025,2,MCO,LGA,NK,1.0,88.04
2025,2,MCO,LGA,NK,1.0,88.5
2025,2,MCO,LGA,NK,1.0,88.5
2025,2,MCO,LGA,NK,1.0,89.57
2025,2,MCO,LGA,NK,1.0,91.0
2025,2,MCO,LGA,NK,1.0,91.55
2025,2,MCO,LGA,NK,1.0,92.0
2025,2,MCO,LGA,NK,1.0,92.0
2025,2,MCO,LGA,NK,1.0,93.0
2025,2,MCO,LGA,NK,1.0,93.0
2025,2,MCO,LGA,NK,1.0,93.43
2025,2,MCO,LGA,NK,1.0,93.64
2025,2,MCO,LGA,NK,1.0,94.0
2025,2,MCO,LGA,NK,1.0,94.5
2025,2,MCO,LGA,NK,1.0,95.0
2025,2,MCO,LGA,NK,1.0,95.0
2025,2,MCO,LGA,NK,1.0,95.0
2025,2,MCO,LGA,NK,1.0,95.45
2025,2,MCO,LGA,NK,1.0,95.5
2025,2,MCO,LGA,NK,1.0,95.95
2025,2,MCO,LGA,NK,1.0,96.0
2025,2,MCO,LGA,NK,1.0,96.0
2025,2,MCO,LGA,NK,1.0,96.5
2025,2,MCO,LGA,NK,1.0,96.83
2025,2,MCO,LGA,NK,1.0,97.0
2025,2,MCO,LGA,NK,1.0,98.17
2025,2,MCO,LGA,NK,1.0,98.5
2025,2,MCO,LGA,NK,1.0,98.95
2025,2,MCO,LGA,NK,1.0,98.95
2025,2,MCO,LGA,NK,1.0,99.0
2025,2,MCO,LGA,NK,1.0,99.0
2025,2,MCO,LGA,NK,1.0,99.5
2025,2,MCO,LGA,NK,1.0,99.82
2025,2,MCO,LGA,NK,1.0,100.0
2025,2,MCO,LGA,NK,1.0,100.95
2025,2,MCO,LGA,NK,1.0,101.0
2025,2,MCO,LGA,NK,1.0,101.0
2025,2,MCO,LGA,NK,1.0,101.5
2025,2,MCO,LGA,NK,1.0,102.0
2025,2,MCO,LGA,NK,1.0,103.0
2025,2,MCO,LGA,NK,1.0,103.0
2025,2,MCO,LGA,NK,1.0,103.06
2025,2,MCO,LGA,NK,1.0,104.0
2025,2,MCO,LGA,NK,1.0,104.0
2025,2,MCO,LGA,NK,1.0,104.5
2025,2,MCO,LGA,NK,1.0,105.5
2025,2,MCO,LGA,NK,1.0,105.65
2025,2,MCO,LGA,NK,1.0,105.72
2025,2,MCO,LGA,NK,1.0,105.74
2025,2,MCO,LGA,NK,1.0,106.25
2025,2,MCO,LGA,NK,1.0,106.8
2025,2,MCO,LGA,NK,1.0,106.88
2025,2,MCO,LGA,NK,1.0,107.0
2025,2,MCO,LGA,NK,1.0,107.37
2025,2,MCO,LGA,NK,1.0,107.5
2025,2,MCO,LGA,NK,1.0,108.5
2025,2,MCO,LGA,NK,1.0,109.0
2025,2,MCO,LGA,NK,1.0,109.5
2025,2,MCO,LGA,NK,1.0,110.0
2025,2,MCO,LGA,NK,1.0,112.0
2025,2,MCO,LGA,NK,1.0,112.33
2025,2,MCO,LGA,NK,1.0,112.94
2025,2,MCO,LGA,NK,1.0,113.5
2025,2,MCO,LGA,NK,1.0,114.0
2025,2,MCO,LGA,NK,1.0,114.0
2025,2,MCO,LGA,NK,1.0,114.5
2025,2,MCO,LGA,NK,1.0,115.5
2025,2,MCO,LGA,NK,1.0,115.5
2025,2,MCO,LGA,NK,1.0,116.0
2025,2,MCO,LGA,NK,1.0,116.0
2025,2,MCO,LGA,NK,1.0,116.0
2025,2,MCO,LGA,NK,1.0,117.0
2025,2,MCO,LGA,NK,1.0,118.0
2025,2,MCO,LGA,NK,1.0,118.06
2025,2,MCO,LGA,NK,1.0,118.31
2025,2,MCO,LGA,NK,1.0,118.5
2025,2,MCO,LGA,NK,1.0,119.43
2025,2,MCO,LGA,NK,1.0,119.5
2025,2,MCO,LGA,NK,1.0,121.05
2025,2,MCO,LGA,NK,1.0,121.94
2025,2,MCO,LGA,NK,1.0,122.0
2025,2,MCO,LGA,NK,1.0,122.0
2025,2,MCO,LGA,NK,1.0,122.3
2025,2,MCO,LGA,NK,1.0,122.5
2025,2,MCO,LGA,NK,1.0,122.83
2025,2,MCO,LGA,NK,1.0,124.0
2025,2,MCO,LGA,NK,1.0,124.0
2025,2,MCO,LGA,NK,1.0,124.0
2025,2,MCO,LGA,NK,1.0,125.0
2025,2,MCO,LGA,NK,1.0,125.41
2025,2,MCO,LGA,NK,1.0,126.56
2025,2,MCO,LGA,NK,1.0,127.0
2025,2,MCO,LGA,NK,1.0,127.0
2025,2,MCO,LGA,NK,1.0,127.5
2025,2,MCO,LGA,NK,1.0,128.0
2025,2,MCO,LGA,NK,1.0,128.0
2025,2,MCO,LGA,NK,1.0,128.62
2025,2,MCO,LGA,NK,1.0,129.0
2025,2,MCO,LGA,NK,1.0,129.0
2025,2,MCO,LGA,NK,1.0,129.77
2025,2,MCO,LGA,NK,1.0,130.5
2025,2,MCO,LGA,NK,1.0,130.9
2025,2,MCO,LGA,NK,1.0,131.58
2025,2,MCO,LGA,NK,1.0,132.0
2025,2,MCO,LGA,NK,1.0,132.43
2025,2,MCO,LGA,NK,1.0,132.5
2025,2,MCO,LGA,NK,1.0,133.24
2025,2,MCO,LGA,NK,1.0,133.84
2025,2,MCO,LGA,NK,1.0,135.93
2025,2,MCO,LGA,NK,1.0,137.0
2025,2,MCO,LGA,NK,1.0,137.5
2025,2,MCO,LGA,NK,1.0,137.5
2025,2,MCO,LGA,NK,1.0,138.0
2025,2,MCO,LGA,NK,1.0,138.07
2025,2,MCO,LGA,NK,1.0,140.5
2025,2,MCO,LGA,NK,1.0,141.5
2025,2,MCO,LGA,NK,1.0,141.82
2025,2,MCO,LGA,NK,1.0,142.0
2025,2,MCO,LGA,NK,1.0,142.0
2025,2,MCO,LGA,NK,1.0,143.0
2025,2,MCO,LGA,NK,1.0,143.32
2025,2,MCO,LGA,NK,1.0,143.5
2025,2,MCO,LGA,NK,1.0,144.08
2025,2,MCO,LGA,NK,1.0,144.69
2025,2,MCO,LGA,NK,1.0,145.0
2025,2,MCO,LGA,NK,1.0,146.42
2025,2,MCO,LGA,NK,1.0,146.43
2025,2,MCO,LGA,NK,1.0,147.68
2025,2,MCO,LGA,NK,1.0,148.0
2025,2,MCO,LGA,NK,1.0,148.18
2025,2,MCO,LGA,NK,1.0,149.0
2025,2,MCO,LGA,NK,1.0,150.31
2025,2,MCO,LGA,NK,1.0,150.58
2025,2,MCO,LGA,NK,1.0,151.4
2025,2,MCO,LGA,NK,1.0,151.5
2025,2,MCO,LGA,NK,1.0,152.0
2025,2,MCO,LGA,NK,1.0,152.0
2025,2,MCO,LGA,NK,1.0,152.0
2025,2,MCO,LGA,NK,1.0,152.5
2025,2,MCO,LGA,NK,1.0,152.52
2025,2,MCO,LGA,NK,1.0,152.54
2025,2,MCO,LGA,NK,1.0,152.73
2025,2,MCO,LGA,NK,1.0,153.0
2025,2,MCO,LGA,NK,1.0,153.49
2025,2,MCO,LGA,NK,1.0,154.0
2025,2,MCO,LGA,NK,1.0,154.0
2025,2,MCO,LGA,NK,1.0,154.92
2025,2,MCO,LGA,NK,1.0,155.0
2025,2,MCO,LGA,NK,1.0,157.5
2025,2,MCO,LGA,NK,1.0,158.0
2025,2,MCO,LGA,NK,1.0,158.0
2025,2,MCO,LGA,NK,1.0,159.0
2025,2,MCO,LGA,NK,1.0,160.0
2025,2,MCO,LGA,NK,1.0,160.0
2025,2,MCO,LGA,NK,1.0,161.0
2025,2,MCO,LGA,NK,1.0,161.1
2025,2,MCO,LGA,NK,1.0,161.91
2025,2,MCO,LGA,NK,1.0,161.92
2025,2,MCO,LGA,NK,1.0,162.41
2025,2,MCO,LGA,NK,1.0,164.0
2025,2,MCO,LGA,NK,1.0,165.0
2025,2,MCO,LGA,NK,1.0,165.0
2025,2,MCO,LGA,NK,1.0,165.11
2025,2,MCO,LGA,NK,1.0,165.5
2025,2,MCO,LGA,NK,1.0,166.0
2025,2,MCO,LGA,NK,1.0,166.14
2025,2,MCO,LGA,NK,1.0,166.5
2025,2,MCO,LGA,NK,1.0,167.0
2025,2,MCO,LGA,NK,1.0,167.0
2025,2,MCO,LGA,NK,1.0,167.5
2025,2,MCO,LGA,NK,1.0,168.65
2025,2,MCO,LGA,NK,1.0,168.73
2025,2,MCO,LGA,NK,1.0,169.16
2025,2,MCO,LGA,NK,1.0,171.0
2025,2,MCO,LGA,NK,1.0,171.0
2025,2,MCO,LGA,NK,1.0,173.0
2025,2,MCO,LGA,NK,1.0,175.0
2025,2,MCO,LGA,NK,1.0,175.0
2025,2,MCO,LGA,NK,1.0,175.13
2025,2,MCO,LGA,NK,1.0,175.86
2025,2,MCO,LGA,NK,1.0,176.59
2025,2,MCO,LGA,NK,1.0,176.79
2025,2,MCO,LGA,NK,1.0,178.0
2025,2,MCO,LGA,NK,1.0,178.0
2025,2,MCO,LGA,NK,1.0,179.0
2025,2,MCO,LGA,NK,1.0,180.0
2025,2,MCO,LGA,NK,1.0,180.0
2025,2,MCO,LGA,NK,1.0,180.29
2025,2,MCO,LGA,NK,1.0,180.41
2025,2,MCO,LGA,NK,1.0,181.0
2025,2,MCO,LGA,NK,1.0,181.56
2025,2,MCO,LGA,NK,1.0,183.0
2025,2,MCO,LGA,NK,1.0,185.0
2025,2,MCO,LGA,NK,1.0,186.0
2025,2,MCO,LGA,NK,1.0,186.0
2025,2,MCO,LGA,NK,1.0,188.0
2025,2,MCO,LGA,NK,1.0,188.0
2025,2,MCO,LGA,NK,1.0,189.5
2025,2,MCO,LGA,NK,1.0,189.89
2025,2,MCO,LGA,NK,1.0,192.5
2025,2,MCO,LGA,NK,1.0,195.0
2025,2,MCO,LGA,NK,1.0,196.0
2025,2,MCO,LGA,NK,1.0,196.65
2025,2,MCO,LGA,NK,1.0,196.9
2025,2,MCO,LGA,NK,1.0,197.0
2025,2,MCO,LGA,NK,1.0,198.0
2025,2,MCO,LGA,NK,1.0,200.0
2025,2,MCO,LGA,NK,1.0,200.0
2025,2,MCO,LGA,NK,1.0,204.0
2025,2,MCO,LGA,NK,1.0,204.91
2025,2,MCO,LGA,NK,1.0,205.0
2025,2,MCO,LGA,NK,1.0,205.0
2025,2,MCO,LGA,NK,1.0,207.81
2025,2,MCO,LGA,NK,1.0,209.0
2025,2,MCO,LGA,NK,1.0,210.0
2025,2,MCO,LGA,NK,1.0,210.0
2025,2,MCO,LGA,NK,1.0,210.0
2025,2,MCO,LGA,NK,1.0,212.0
2025,2,MCO,LGA,NK,1.0,213.0
2025,2,MCO,LGA,NK,1.0,213.0
2025,2,MCO,LGA,NK,1.0,213.0
2025,2,MCO,LGA,NK,1.0,215.0
2025,2,MCO,LGA,NK,1.0,218.0
2025,2,MCO,LGA,NK,1.0,220.0
2025,2,MCO,LGA,NK,1.0,222.0
2025,2,MCO,LGA,NK,1.0,222.0
2025,2,MCO,LGA,NK,1.0,223.0
2025,2,MCO,LGA,NK,1.0,226.0
2025,2,MCO,LGA,NK,1.0,226.49
2025,2,MCO,LGA,NK,1.0,227.0
2025,2,MCO,LGA,NK,1.0,228.0
2025,2,MCO,LGA,NK,1.0,228.0
2025,2,MCO,LGA,NK,1.0,229.22
2025,2,MCO,LGA,NK,1.0,230.0
2025,2,MCO,LGA,NK,1.0,231.0
2025,2,MCO,LGA,NK,1.0,231.97
2025,2,MCO,LGA,NK,1.0,232.17
2025,2,MCO,LGA,NK,1.0,236.27
2025,2,MCO,LGA,NK,1.0,236.56
2025,2,MCO,LGA,NK,1.0,236.88
2025,2,MCO,LGA,NK,1.0,240.0
2025,2,MCO,LGA,NK,1.0,243.0
2025,2,MCO,LGA,NK,1.0,243.5
2025,2,MCO,LGA,NK,1.0,244.0
2025,2,MCO,LGA,NK,1.0,246.5
2025,2,MCO,LGA,NK,1.0,246.69
2025,2,MCO,LGA,NK,1.0,248.0
2025,2,MCO,LGA,NK,1.0,257.0
2025,2,MCO,LGA,NK,1.0,259.0
2025,2,MCO,LGA,NK,1.0,260.0
2025,2,MCO,LGA,NK,1.0,262.0
2025,2,MCO,LGA,NK,1.0,264.0
2025,2,MCO,LGA,NK,1.0,265.27
2025,2,MCO,LGA,NK,1.0,272.0
2025,2,MCO,LGA,NK,1.0,273.88
2025,2,MCO,LGA,NK,1.0,274.0
2025,2,MCO,LGA,NK,1.0,274.46
2025,2,MCO,LGA,NK,1.0,282.0
2025,2,MCO,LGA,NK,1.0,284.0
2025,2,MCO,LGA,NK,1.0,285.0
2025,2,MCO,LGA,NK,1.0,292.0
2025,2,MCO,LGA,NK,1.0,292.0
2025,2,MCO,LGA,NK,1.0,295.0
2025,2,MCO,LGA,NK,1.0,295.0
2025,2,MCO,LGA,NK,1.0,295.02
2025,2,MCO,LGA,NK,1.0,298.0
2025,2,MCO,LGA,NK,1.0,306.04
2025,2,MCO,LGA,NK,1.0,308.0
2025,2,MCO,LGA,NK,1.0,310.0
2025,2,MCO,LGA,NK,1.0,310.0
2025,2,MCO,LGA,NK,1.0,315.0
2025,2,MCO,LGA,NK,1.0,317.0
2025,2,MCO,LGA,NK,1.0,318.0
2025,2,MCO,LGA,NK,1.0,320.0
2025,2,MCO,LGA,NK,1.0,320.0
2025,2,MCO,LGA,NK,1.0,327.0
2025,2,MCO,LGA,NK,1.0,340.0
2025,2,MCO,LGA,NK,1.0,348.53
2025,2,MCO,LGA,NK,1.0,353.42
2025,2,MCO,LGA,NK,1.0,365.0
2025,2,MCO,LGA,NK,1.0,367.0
2025,2,MCO,LGA,NK,1.0,390.0
2025,2,MCO,LGA,NK,1.0,392.0
2025,2,MCO,LGA,NK,1.0,397.0
2025,2,MCO,LGA,NK,1.0,402.0
2025,2,MCO,LGA,NK,1.0,407.0
2025,2,MCO,LGA,NK,1.0,410.0
2025,2,MCO,LGA,NK,1.0,415.0
2025,2,MCO,LGA,NK,1.0,441.0
2025,2,MCO,LGA,NK,1.0,443.0
2025,2,MCO,LGA,NK,1.0,446.0
2025,2,MCO,LGA,NK,1.0,457.0
2025,2,MCO,LGA,NK,1.0,464.0
2025,2,MCO,LGA,NK,1.0,465.0
2025,2,MCO,LGA,NK,1.0,470.0
2025,2,MCO,LGA,NK,1.0,492.0
2025,2,MCO,LGA,NK,1.0,605.0
2025,2,MCO,LGA,NK,2.0,21.0
2025,2,MCO,LGA,NK,2.0,24.5
2025,2,MCO,LGA,NK,2.0,31.0
2025,2,MCO,LGA,NK,2.0,39.5
2025,2,MCO,LGA,NK,2.0,40.5
2025,2,MCO,LGA,NK,2.0,43.5
2025,2,MCO,LGA,NK,2.0,44.5
2025,2,MCO,LGA,NK,2.0,48.0
2025,2,MCO,LGA,NK,2.0,48.82
2025,2,MCO,LGA,NK,2.0,49.5
2025,2,MCO,LGA,NK,2.0,51.0
2025,2,MCO,LGA,NK,2.0,54.0
2025,2,MCO,LGA,NK,2.0,54.0
2025,2,MCO,LGA,NK,2.0,54.5
2025,2,MCO,LGA,NK,2.0,57.0
2025,2,MCO,LGA,NK,2.0,58.5
2025,2,MCO,LGA,NK,2.0,59.5
2025,2,MCO,LGA,NK,2.0,63.0
2025,2,MCO,LGA,NK,2.0,65.15
2025,2,MCO,LGA,NK,2.0,66.5
2025,2,MCO,LGA,NK,2.0,68.0
2025,2,MCO,LGA,NK,2.0,69.0
2025,2,MCO,LGA,NK,2.0,69.0
2025,2,MCO,LGA,NK,2.0,73.5
2025,2,MCO,LGA,NK,2.0,75.5
2025,2,MCO,LGA,NK,2.0,76.0
2025,2,MCO,LGA,NK,2.0,78.0
2025,2,MCO,LGA,NK,2.0,78.0
2025,2,MCO,LGA,NK,2.0,79.0
2025,2,MCO,LGA,NK,2.0,81.0
2025,2,MCO,LGA,NK,2.0,81.0
2025,2,MCO,LGA,NK,2.0,82.5
2025,2,MCO,LGA,NK,2.0,84.0
2025,2,MCO,LGA,NK,2.0,85.0
2025,2,MCO,LGA,NK,2.0,86.0
2025,2,MCO,LGA,NK,2.0,86.5
2025,2,MCO,LGA,NK,2.0,87.0
2025,2,MCO,LGA,NK,2.0,89.0
2025,2,MCO,LGA,NK,2.0,89.5
2025,2,MCO,LGA,NK,2.0,90.12
2025,2,MCO,LGA,NK,2.0,91.5
2025,2,MCO,LGA,NK,2.0,92.0
2025,2,MCO,LGA,NK,2.0,92.5
2025,2,MCO,LGA,NK,2.0,94.5
2025,2,MCO,LGA,NK,2.0,95.0
2025,2,MCO,LGA,NK,2.0,96.0
2025,2,MCO,LGA,NK,2.0,97.0
2025,2,MCO,LGA,NK,2.0,98.5
2025,2,MCO,LGA,NK,2.0,102.0
2025,2,MCO,LGA,NK,2.0,102.55
2025,2,MCO,LGA,NK,2.0,103.0
2025,2,MCO,LGA,NK,2.0,105.0
2025,2,MCO,LGA,NK,2.0,106.0
2025,2,MCO,LGA,NK,2.0,106.5
2025,2,MCO,LGA,NK,2.0,107.0
2025,2,MCO,LGA,NK,2.0,109.0
2025,2,MCO,LGA,NK,2.0,110.0
2025,2,MCO,LGA,NK,2.0,112.0
2025,2,MCO,LGA,NK,2.0,119.0
2025,2,MCO,LGA,NK,2.0,124.5
2025,2,MCO,LGA,NK,2.0,132.5
2025,2,MCO,LGA,NK,2.0,133.0
2025,2,MCO,LGA,NK,2.0,133.0
2025,2,MCO,LGA,NK,2.0,134.0
2025,2,MCO,LGA,NK,2.0,135.0
2025,2,MCO,LGA,NK,2.0,135.0
2025,2,MCO,LGA,NK,2.0,139.0
2025,2,MCO,LGA,NK,2.0,145.0
2025,2,MCO,LGA,NK,2.0,147.0
2025,2,MCO,LGA,NK,2.0,155.0
2025,2,MCO,LGA,NK,2.0,155.0
2025,2,MCO,LGA,NK,2.0,157.5
2025,2,MCO,LGA,NK,2.0,159.0
2025,2,MCO,LGA,NK,2.0,164.79
2025,2,MCO,LGA,NK,2.0,165.0
2025,2,MCO,LGA,NK,2.0,172.0
2025,2,MCO,LGA,NK,2.0,174.0
2025,2,MCO,LGA,NK,2.0,175.0
2025,2,MCO,LGA,NK,2.0,176.0
2025,2,MCO,LGA,NK,2.0,177.0
2025,2,MCO,LGA,NK,2.0,184.0
2025,2,MCO,LGA,NK,2.0,190.0
2025,2,MCO,LGA,NK,2.0,205.0
2025,2,MCO,LGA,NK,2.0,213.0
2025,2,MCO,LGA,NK,2.0,213.0
2025,2,MCO,LGA,NK,2.0,215.0
2025,2,MCO,LGA,NK,2.0,224.0
2025,2,MCO,LGA,NK,2.0,225.0
2025,2,MCO,LGA,NK,2.0,234.0
2025,2,MCO,LGA,NK,2.0,247.0
2025,2,MCO,LGA,NK,2.0,261.0
2025,2,MCO,LGA,NK,2.0,267.0
2025,2,MCO,LGA,NK,2.0,357.0
2025,2,MCO,LGA,NK,2.0,462.0
2025,2,MCO,LGA,NK,3.0,25.0
2025,2,MCO,LGA,NK,3.0,28.5
2025,2,MCO,LGA,NK,3.0,28.5
2025,2,MCO,LGA,NK,3.0,31.5
2025,2,MCO,LGA,NK,3.0,37.0
2025,2,MCO,LGA,NK,3.0,39.5
2025,2,MCO,LGA,NK,3.0,40.0
2025,2,MCO,LGA,NK,3.0,40.0
2025,2,MCO,LGA,NK,3.0,41.0
2025,2,MCO,LGA,NK,3.0,42.0
2025,2,MCO,LGA,NK,3.0,44.5
2025,2,MCO,LGA,NK,3.0,48.5
2025,2,MCO,LGA,NK,3.0,51.5
2025,2,MCO,LGA,NK,3.0,53.0
2025,2,MCO,LGA,NK,3.0,54.0
2025,2,MCO,LGA,NK,3.0,54.5
2025,2,MCO,LGA,NK,3.0,55.0
2025,2,MCO,LGA,NK,3.0,56.5
2025,2,MCO,LGA,NK,3.0,58.0
2025,2,MCO,LGA,NK,3.0,58.0
2025,2,MCO,LGA,NK,3.0,63.0
2025,2,MCO,LGA,NK,3.0,64.5
2025,2,MCO,LGA,NK,3.0,69.5
2025,2,MCO,LGA,NK,3.0,71.0
2025,2,MCO,LGA,NK,3.0,71.5
2025,2,MCO,LGA,NK,3.0,72.0
2025,2,MCO,LGA,NK,3.0,78.5
2025,2,MCO,LGA,NK,3.0,85.0
2025,2,MCO,LGA,NK,3.0,87.0
2025,2,MCO,LGA,NK,3.0,89.0
2025,2,MCO,LGA,NK,3.0,93.0
2025,2,MCO,LGA,NK,3.0,93.0
2025,2,MCO,LGA,NK,3.0,93.0
2025,2,MCO,LGA,NK,3.0,95.0
2025,2,MCO,LGA,NK,3.0,96.5
2025,2,MCO,LGA,NK,3.0,100.0
2025,2,MCO,LGA,NK,3.0,110.0
2025,2,MCO,LGA,NK,3.0,113.0
2025,2,MCO,LGA,NK,3.0,113.0
2025,2,MCO,LGA,NK,3.0,114.0
2025,2,MCO,LGA,NK,3.0,115.0
2025,2,MCO,LGA,NK,3.0,130.0
2025,2,MCO,LGA,NK,3.0,133.0
2025,2,MCO,LGA,NK,3.0,140.0
2025,2,MCO,LGA,NK,3.0,145.0
2025,2,MCO,LGA,NK,3.0,162.0
2025,2,MCO,LGA,NK,3.0,167.0
2025,2,MCO,LGA,NK,3.0,170.0
2025,2,MCO,LGA,NK,3.0,183.0
2025,2,MCO,LGA,NK,3.0,185.0
2025,2,MCO,LGA,NK,3.0,217.0
2025,2,MCO,LGA,NK,3.0,322.0
2025,2,MCO,LGA,NK,4.0,37.0
2025,2,MCO,LGA,NK,4.0,38.5
2025,2,MCO,LGA,NK,4.0,39.0
2025,2,MCO,LGA,NK,4.0,45.0
2025,2,MCO,LGA,NK,4.0,48.0
2025,2,MCO,LGA,NK,4.0,56.0
2025,2,MCO,LGA,NK,4.0,64.5
2025,2,MCO,LGA,NK,4.0,65.5
2025,2,MCO,LGA,NK,4.0,66.5
2025,2,MCO,LGA,NK,4.0,69.0
2025,2,MCO,LGA,NK,4.0,71.0
2025,2,MCO,LGA,NK,4.0,71.5
2025,2,MCO,LGA,NK,4.0,74.0
2025,2,MCO,LGA,NK,4.0,75.0
2025,2,MCO,LGA,NK,4.0,82.0
2025,2,MCO,LGA,NK,4.0,84.0
2025,2,MCO,LGA,NK,4.0,84.5
2025,2,MCO,LGA,NK,4.0,85.0
2025,2,MCO,LGA,NK,4.0,89.0
2025,2,MCO,LGA,NK,4.0,92.0
2025,2,MCO,LGA,NK,4.0,95.5
2025,2,MCO,LGA,NK,4.0,105.0
2025,2,MCO,LGA,NK,4.0,115.5
2025,2,MCO,LGA,NK,4.0,117.0
2025,2,MCO,LGA,NK,4.0,132.0
2025,2,MCO,LGA,NK,4.0,134.0
2025,2,MCO,LGA,NK,4.0,177.0
2025,2,MCO,LGA,NK,4.0,210.0
2025,2,MCO,LGA,NK,5.0,5.5
2025,2,MCO,LGA,NK,5.0,38.5
2025,2,MCO,LGA,NK,5.0,44.0
2025,2,MCO,LGA,NK,5.0,49.0
2025,2,MCO,LGA,NK,5.0,51.5
2025,2,MCO,LGA,NK,5.0,55.0
2025,2,MCO,LGA,NK,5.0,67.0
2025,2,MCO,LGA,NK,5.0,68.5
2025,2,MCO,LGA,NK,5.0,72.0
2025,2,MCO,LGA,NK,5.0,73.0
2025,2,MCO,LGA,NK,5.0,75.5
2025,2,MCO,LGA,NK,5.0,76.5
2025,2,MCO,LGA,NK,5.0,80.0
2025,2,MCO,LGA,NK,5.0,83.0
2025,2,MCO,LGA,NK,5.0,97.0
2025,2,MCO,LGA,NK,5.0,105.0
2025,2,MCO,LGA,NK,5.0,135.0
2025,2,MCO,LGA,NK,5.0,143.0
2025,2,MCO,LGA,NK,5.0,150.0
2025,2,MCO,LGA,NK,5.0,160.0
2025,2,MCO,LGA,NK,6.0,24.5
2025,2,MCO,LGA,NK,6.0,39.0
2025,2,MCO,LGA,NK,6.0,49.0
2025,2,MCO,LGA,NK,6.0,59.5
2025,2,MCO,LGA,NK,6.0,65.0
2025,2,MCO,LGA,NK,6.0,68.0
2025,2,MCO,LGA,NK,6.0,82.0
2025,2,MCO,LGA,NK,6.0,104.0
2025,2,MCO,LGA,NK,6.0,115.0
2025,2,MCO,LGA,NK,6.0,120.0
2025,2,MCO,LGA,NK,6.0,150.0
2025,2,MCO,LGA,NK,7.0,5.5
2025,2,MCO,LGA,NK,7.0,24.0
2025,2,MCO,LGA,NK,7.0,45.0
2025,2,MCO,LGA,NK,7.0,65.0
2025,2,MCO,LGA,NK,7.0,100.0
2025,2,MCO,LGA,NK,7.0,119.0
2025,2,MCO,LGA,NK,7.0,125.0
2025,2,MCO,LGA,NK,7.0,127.0
2025,2,MCO,LGA,NK,7.0,132.0
2025,2,MCO,LGA,NK,7.0,134.0
2025,2,MCO,LGA,NK,7.0,167.0
2025,2,MCO,LGA,NK,7.0,170.0
2025,2,MCO,LGA,NK,7.0,170.0
2025,2,MCO,LGA,NK,8.0,25.0
2025,2,MCO,LGA,NK,8.0,28.0
2025,2,MCO,LGA,NK,8.0,51.0
2025,2,MCO,LGA,NK,8.0,77.0
2025,2,MCO,LGA,NK,8.0,77.0
2025,2,MCO,LGA,NK,8.0,90.0
2025,2,MCO,LGA,NK,8.0,125.0
2025,2,MCO,LGA,NK,8.0,160.0
2025,2,MCO,LGA,NK,8.0,183.0
2025,2,MCO,LGA,NK,9.0,55.0
2025,2,MCO,LGA,NK,9.0,67.0
2025,2,MCO,LGA,NK,9.0,87.0
2025,2,MCO,LGA,NK,9.0,140.0
2025,2,MCO,LGA,NK,9.0,260.0
2025,2,MCO,LGA,NK,9.0,270.0
2025,2,MCO,LGA,NK,10.0,53.0
2025,2,MCO,LGA,NK,10.0,84.0
2025,2,MCO,LGA,NK,10.0,100.0
2025,2,MCO,LGA,NK,10.0,110.0
2025,2,MCO,LGA,NK,10.0,120.0
2025,2,MCO,LGA,NK,10.0,136.0
2025,2,MCO,LGA,NK,11.0,74.0
2025,2,MCO,LGA,NK,11.0,80.0
2025,2,MCO,LGA,NK,11.0,97.0
2025,2,MCO,LGA,NK,11.0,163.0
2025,2,MCO,LGA,NK,11.0,172.0
2025,2,MCO,LGA,NK,12.0,70.0
2025,2,MCO,LGA,NK,12.0,74.0
2025,2,MCO,LGA,NK,12.0,90.0
2025,2,MCO,LGA,NK,12.0,123.0
2025,2,MCO,LGA,NK,13.0,98.0
2025,2,MCO,LGA,NK,13.0,130.0
2025,2,MCO,LGA,NK,13.0,193.0
2025,2,MCO,LGA,NK,14.0,40.0
2025,2,MCO,LGA,NK,14.0,94.0
2025,2,MCO,LGA,NK,15.0,77.0
2025,2,MCO,LGA,NK,15.0,90.0
2025,2,MCO,LGA,NK,16.0,48.0
2025,2,MCO,LGA,NK,17.0,92.0
2025,2,MCO,LGA,NK,18.0,59.0
2025,2,MCO,LGA,NK,18.0,130.0
2025,2,MCO,LGA,NK,19.0,38.0
2025,2,MCO,LGA,NK,19.0,50.0
2025,2,MCO,LGA,NK,20.0,59.0
2025,2,MCO,LGA,NK,21.0,50.0
2025,2,MCO,LGA,NK,21.0,110.0
2025,2,MCO,LGA,NK,21.0,150.0
2025,2,MCO,LGA,NK,22.0,6.0
2025,2,MCO,LGA,NK,22.0,70.0
2025,2,MCO,LGA,NK,23.0,49.0
2025,2,MCO,LGA,NK,23.0,67.0
2025,2,MCO,LGA,NK,25.0,39.0
2025,2,MCO,LGA,NK,25.0,80.0
2025,2,MCO,LGA,NK,27.0,43.0
2025,2,MCO,LGA,NK,28.0,140.0
2025,2,MCO,LGA,NK,34.0,60.0
2025,2,MCO,LGA,NK,34.0,120.0
2025,2,MCO,LGA,NK,34.0,190.0
2025,2,MCO,LGA,NK,38.0,70.0
2025,2,MCO,LGA,NK,39.0,50.0
2025,2,MCO,LGA,NK,40.0,60.0
2025,2,MCO,LGA,NK,44.0,59.0
2025,2,MCO,LGA,NK,50.0,180.0
2025,2,MCO,LGA,NK,67.0,60.0
2025,2,MCO,ORD,NK,1.0,17.83
2025,2,MCO,ORD,NK,1.0,18.0
2025,2,MCO,ORD,NK,1.0,22.0
2025,2,MCO,ORD,NK,1.0,23.5
2025,2,MCO,ORD,NK,1.0,23.5
2025,2,MCO,ORD,NK,1.0,26.0
2025,2,MCO,ORD,NK,1.0,26.5
2025,2,MCO,ORD,NK,1.0,28.0
2025,2,MCO,ORD,NK,1.0,28.0
2025,2,MCO,ORD,NK,1.0,30.5
2025,2,MCO,ORD,NK,1.0,31.0
2025,2,MCO,ORD,NK,1.0,31.0
2025,2,MCO,ORD,NK,1.0,31.5
2025,2,MCO,ORD,NK,1.0,33.0
2025,2,MCO,ORD,NK,1.0,33.0
2025,2,MCO,ORD,NK,1.0,33.52
2025,2,MCO,ORD,NK,1.0,34.5
2025,2,MCO,ORD,NK,1.0,35.0
2025,2,MCO,ORD,NK,1.0,35.0
2025,2,MCO,ORD,NK,1.0,35.46
2025,2,MCO,ORD,NK,1.0,36.0
2025,2,MCO,ORD,NK,1.0,36.0
2025,2,MCO,ORD,NK,1.0,36.0
2025,2,MCO,ORD,NK,1.0,36.5
2025,2,MCO,ORD,NK,1.0,37.0
2025,2,MCO,ORD,NK,1.0,37.0
2025,2,MCO,ORD,NK,1.0,37.0
2025,2,MCO,ORD,NK,1.0,37.09
2025,2,MCO,ORD,NK,1.0,37.5
2025,2,MCO,ORD,NK,1.0,37.69
2025,2,MCO,ORD,NK,1.0,38.0
2025,2,MCO,ORD,NK,1.0,40.72
2025,2,MCO,ORD,NK,1.0,41.0
2025,2,MCO,ORD,NK,1.0,41.5
2025,2,MCO,ORD,NK,1.0,42.0
2025,2,MCO,ORD,NK,1.0,42.15
2025,2,MCO,ORD,NK,1.0,42.5
2025,2,MCO,ORD,NK,1.0,42.5
2025,2,MCO,ORD,NK,1.0,42.55
2025,2,MCO,ORD,NK,1.0,43.07
2025,2,MCO,ORD,NK,1.0,43.18
2025,2,MCO,ORD,NK,1.0,43.47
2025,2,MCO,ORD,NK,1.0,43.5
2025,2,MCO,ORD,NK,1.0,43.68
2025,2,MCO,ORD,NK,1.0,44.0
2025,2,MCO,ORD,NK,1.0,44.5
2025,2,MCO,ORD,NK,1.0,45.0
2025,2,MCO,ORD,NK,1.0,45.0
2025,2,MCO,ORD,NK,1.0,45.5
2025,2,MCO,ORD,NK,1.0,47.0
2025,2,MCO,ORD,NK,1.0,47.62
2025,2,MCO,ORD,NK,1.0,49.0
2025,2,MCO,ORD,NK,1.0,49.0
2025,2,MCO,ORD,NK,1.0,49.5
2025,2,MCO,ORD,NK,1.0,50.72
2025,2,MCO,ORD,NK,1.0,51.36
2025,2,MCO,ORD,NK,1.0,51.5
2025,2,MCO,ORD,NK,1.0,51.72
2025,2,MCO,ORD,NK,1.0,52.15
2025,2,MCO,ORD,NK,1.0,52.19
2025,2,MCO,ORD,NK,1.0,52.5
2025,2,MCO,ORD,NK,1.0,52.72
2025,2,MCO,ORD,NK,1.0,55.86
2025,2,MCO,ORD,NK,1.0,56.27
2025,2,MCO,ORD,NK,1.0,56.41
2025,2,MCO,ORD,NK,1.0,56.91
2025,2,MCO,ORD,NK,1.0,57.14
2025,2,MCO,ORD,NK,1.0,57.99
2025,2,MCO,ORD,NK,1.0,58.0
2025,2,MCO,ORD,NK,1.0,58.31
2025,2,MCO,ORD,NK,1.0,58.5
2025,2,MCO,ORD,NK,1.0,59.0
2025,2,MCO,ORD,NK,1.0,60.15
2025,2,MCO,ORD,NK,1.0,60.28
2025,2,MCO,ORD,NK,1.0,61.31
2025,2,MCO,ORD,NK,1.0,61.5
2025,2,MCO,ORD,NK,1.0,62.04
2025,2,MCO,ORD,NK,1.0,62.25
2025,2,MCO,ORD,NK,1.0,62.28
2025,2,MCO,ORD,NK,1.0,62.68
2025,2,MCO,ORD,NK,1.0,63.42
2025,2,MCO,ORD,NK,1.0,63.48
2025,2,MCO,ORD,NK,1.0,63.5
2025,2,MCO,ORD,NK,1.0,63.53
2025,2,MCO,ORD,NK,1.0,63.66
2025,2,MCO,ORD,NK,1.0,63.78
2025,2,MCO,ORD,NK,1.0,65.39
2025,2,MCO,ORD,NK,1.0,65.5
2025,2,MCO,ORD,NK,1.0,65.84
2025,2,MCO,ORD,NK,1.0,66.33
2025,2,MCO,ORD,NK,1.0,66.5
2025,2,MCO,ORD,NK,1.0,66.5
2025,2,MCO,ORD,NK,1.0,66.67
2025,2,MCO,ORD,NK,1.0,67.5
2025,2,MCO,ORD,NK,1.0,67.79
2025,2,MCO,ORD,NK,1.0,68.0
2025,2,MCO,ORD,NK,1.0,68.23
2025,2,MCO,ORD,NK,1.0,68.42
2025,2,MCO,ORD,NK,1.0,68.5
2025,2,MCO,ORD,NK,1.0,69.02
2025,2,MCO,ORD,NK,1.0,69.19
2025,2,MCO,ORD,NK,1.0,70.0
2025,2,MCO,ORD,NK,1.0,70.7
2025,2,MCO,ORD,NK,1.0,70.71
2025,2,MCO,ORD,NK,1.0,71.5
2025,2,MCO,ORD,NK,1.0,71.82
2025,2,MCO,ORD,NK,1.0,72.14
2025,2,MCO,ORD,NK,1.0,72.84
2025,2,MCO,ORD,NK,1.0,73.0
2025,2,MCO,ORD,NK,1.0,73.69
2025,2,MCO,ORD,NK,1.0,74.18
2025,2,MCO,ORD,NK,1.0,74.82
2025,2,MCO,ORD,NK,1.0,76.27
2025,2,MCO,ORD,NK,1.0,76.69
2025,2,MCO,ORD,NK,1.0,77.5
2025,2,MCO,ORD,NK,1.0,77.61
2025,2,MCO,ORD,NK,1.0,78.5
2025,2,MCO,ORD,NK,1.0,78.68
2025,2,MCO,ORD,NK,1.0,78.69
2025,2,MCO,ORD,NK,1.0,78.93
2025,2,MCO,ORD,NK,1.0,79.0
2025,2,MCO,ORD,NK,1.0,79.5
2025,2,MCO,ORD,NK,1.0,79.5
2025,2,MCO,ORD,NK,1.0,80.3
2025,2,MCO,ORD,NK,1.0,80.5
2025,2,MCO,ORD,NK,1.0,80.5
2025,2,MCO,ORD,NK,1.0,81.0
2025,2,MCO,ORD,NK,1.0,81.0
2025,2,MCO,ORD,NK,1.0,82.0
2025,2,MCO,ORD,NK,1.0,82.25
2025,2,MCO,ORD,NK,1.0,82.46
2025,2,MCO,ORD,NK,1.0,83.39
2025,2,MCO,ORD,NK,1.0,83.47
2025,2,MCO,ORD,NK,1.0,83.5
2025,2,MCO,ORD,NK,1.0,84.21
2025,2,MCO,ORD,NK,1.0,84.5
2025,2,MCO,ORD,NK,1.0,85.0
2025,2,MCO,ORD,NK,1.0,86.0
2025,2,MCO,ORD,NK,1.0,86.0
2025,2,MCO,ORD,NK,1.0,86.0
2025,2,MCO,ORD,NK,1.0,86.13
2025,2,MCO,ORD,NK,1.0,86.31
2025,2,MCO,ORD,NK,1.0,86.5
2025,2,MCO,ORD,NK,1.0,86.71
2025,2,MCO,ORD,NK,1.0,87.0
2025,2,MCO,ORD,NK,1.0,87.0
2025,2,MCO,ORD,NK,1.0,87.0
2025,2,MCO,ORD,NK,1.0,88.45
2025,2,MCO,ORD,NK,1.0,88.61
2025,2,MCO,ORD,NK,1.0,89.22
2025,2,MCO,ORD,NK,1.0,89.5
2025,2,MCO,ORD,NK,1.0,90.4
2025,2,MCO,ORD,NK,1.0,90.5
2025,2,MCO,ORD,NK,1.0,90.5
2025,2,MCO,ORD,NK,1.0,91.0
2025,2,MCO,ORD,NK,1.0,91.3
2025,2,MCO,ORD,NK,1.0,91.47
2025,2,MCO,ORD,NK,1.0,91.5
2025,2,MCO,ORD,NK,1.0,92.0
2025,2,MCO,ORD,NK,1.0,92.23
2025,2,MCO,ORD,NK,1.0,92.58
2025,2,MCO,ORD,NK,1.0,92.66
2025,2,MCO,ORD,NK,1.0,92.73
2025,2,MCO,ORD,NK,1.0,93.05
2025,2,MCO,ORD,NK,1.0,93.73
2025,2,MCO,ORD,NK,1.0,94.07
2025,2,MCO,ORD,NK,1.0,95.5
2025,2,MCO,ORD,NK,1.0,95.95
2025,2,MCO,ORD,NK,1.0,96.46
2025,2,MCO,ORD,NK,1.0,97.08
2025,2,MCO,ORD,NK,1.0,97.29
2025,2,MCO,ORD,NK,1.0,97.47
2025,2,MCO,ORD,NK,1.0,97.5
2025,2,MCO,ORD,NK,1.0,98.94
2025,2,MCO,ORD,NK,1.0,99.0
2025,2,MCO,ORD,NK,1.0,99.5
2025,2,MCO,ORD,NK,1.0,99.97
2025,2,MCO,ORD,NK,1.0,100.0
2025,2,MCO,ORD,NK,1.0,101.0
2025,2,MCO,ORD,NK,1.0,101.44
2025,2,MCO,ORD,NK,1.0,101.5
2025,2,MCO,ORD,NK,1.0,102.0
2025,2,MCO,ORD,NK,1.0,102.0
2025,2,MCO,ORD,NK,1.0,102.0
2025,2,MCO,ORD,NK,1.0,102.07
2025,2,MCO,ORD,NK,1.0,102.5
2025,2,MCO,ORD,NK,1.0,102.5
2025,2,MCO,ORD,NK,1.0,102.88
2025,2,MCO,ORD,NK,1.0,103.15
2025,2,MCO,ORD,NK,1.0,103.75
2025,2,MCO,ORD,NK,1.0,103.76
2025,2,MCO,ORD,NK,1.0,104.0
2025,2,MCO,ORD,NK,1.0,106.0
2025,2,MCO,ORD,NK,1.0,106.76
2025,2,MCO,ORD,NK,1.0,107.0
2025,2,MCO,ORD,NK,1.0,107.5
2025,2,MCO,ORD,NK,1.0,108.0
2025,2,MCO,ORD,NK,1.0,109.27
2025,2,MCO,ORD,NK,1.0,110.0
2025,2,MCO,ORD,NK,1.0,110.53
2025,2,MCO,ORD,NK,1.0,112.0
2025,2,MCO,ORD,NK,1.0,113.09
2025,2,MCO,ORD,NK,1.0,113.5
2025,2,MCO,ORD,NK,1.0,114.0
2025,2,MCO,ORD,NK,1.0,115.0
2025,2,MCO,ORD,NK,1.0,115.52
2025,2,MCO,ORD,NK,1.0,116.0
2025,2,MCO,ORD,NK,1.0,116.5
2025,2,MCO,ORD,NK,1.0,117.0
2025,2,MCO,ORD,NK,1.0,118.2
2025,2,MCO,ORD,NK,1.0,118.51
2025,2,MCO,ORD,NK,1.0,119.0
2025,2,MCO,ORD,NK,1.0,120.0
2025,2,MCO,ORD,NK,1.0,121.0
2025,2,MCO,ORD,NK,1.0,121.0
2025,2,MCO,ORD,NK,1.0,123.0
2025,2,MCO,ORD,NK,1.0,124.0
2025,2,MCO,ORD,NK,1.0,124.5
2025,2,MCO,ORD,NK,1.0,124.5
2025,2,MCO,ORD,NK,1.0,124.64
2025,2,MCO,ORD,NK,1.0,126.71
2025,2,MCO,ORD,NK,1.0,127.0
2025,2,MCO,ORD,NK,1.0,128.67
2025,2,MCO,ORD,NK,1.0,130.5
2025,2,MCO,ORD,NK,1.0,131.0
2025,2,MCO,ORD,NK,1.0,131.0
2025,2,MCO,ORD,NK,1.0,131.5
2025,2,MCO,ORD,NK,1.0,132.0
2025,2,MCO,ORD,NK,1.0,132.68
2025,2,MCO,ORD,NK,1.0,133.0
2025,2,MCO,ORD,NK,1.0,133.0
2025,2,MCO,ORD,NK,1.0,134.0
2025,2,MCO,ORD,NK,1.0,134.0
2025,2,MCO,ORD,NK,1.0,134.03
2025,2,MCO,ORD,NK,1.0,134.5
2025,2,MCO,ORD,NK,1.0,134.52
2025,2,MCO,ORD,NK,1.0,135.5
2025,2,MCO,ORD,NK,1.0,137.0
2025,2,MCO,ORD,NK,1.0,137.71
2025,2,MCO,ORD,NK,1.0,137.77
2025,2,MCO,ORD,NK,1.0,138.0
2025,2,MCO,ORD,NK,1.0,138.64
2025,2,MCO,ORD,NK,1.0,139.0
2025,2,MCO,ORD,NK,1.0,139.5
2025,2,MCO,ORD,NK,1.0,139.5
2025,2,MCO,ORD,NK,1.0,139.79
2025,2,MCO,ORD,NK,1.0,139.8
2025,2,MCO,ORD,NK,1.0,140.12
2025,2,MCO,ORD,NK,1.0,140.67
2025,2,MCO,ORD,NK,1.0,141.5
2025,2,MCO,ORD,NK,1.0,143.0
2025,2,MCO,ORD,NK,1.0,143.0
2025,2,MCO,ORD,NK,1.0,144.0
2025,2,MCO,ORD,NK,1.0,145.0
2025,2,MCO,ORD,NK,1.0,146.5
2025,2,MCO,ORD,NK,1.0,146.59
2025,2,MCO,ORD,NK,1.0,147.0
2025,2,MCO,ORD,NK,1.0,147.0
2025,2,MCO,ORD,NK,1.0,147.5
2025,2,MCO,ORD,NK,1.0,149.5
2025,2,MCO,ORD,NK,1.0,149.98
2025,2,MCO,ORD,NK,1.0,150.0
2025,2,MCO,ORD,NK,1.0,151.0
2025,2,MCO,ORD,NK,1.0,152.5
2025,2,MCO,ORD,NK,1.0,153.0
2025,2,MCO,ORD,NK,1.0,153.13
2025,2,MCO,ORD,NK,1.0,153.19
2025,2,MCO,ORD,NK,1.0,154.5
2025,2,MCO,ORD,NK,1.0,155.0
2025,2,MCO,ORD,NK,1.0,155.5
2025,2,MCO,ORD,NK,1.0,156.5
2025,2,MCO,ORD,NK,1.0,157.0
2025,2,MCO,ORD,NK,1.0,157.5
2025,2,MCO,ORD,NK,1.0,159.0
2025,2,MCO,ORD,NK,1.0,160.0
2025,2,MCO,ORD,NK,1.0,160.0
2025,2,MCO,ORD,NK,1.0,160.4
2025,2,MCO,ORD,NK,1.0,161.0
2025,2,MCO,ORD,NK,1.0,164.0
2025,2,MCO,ORD,NK,1.0,164.5
2025,2,MCO,ORD,NK,1.0,165.0
2025,2,MCO,ORD,NK,1.0,166.0
2025,2,MCO,ORD,NK,1.0,166.5
2025,2,MCO,ORD,NK,1.0,168.0
2025,2,MCO,ORD,NK,1.0,169.0
2025,2,MCO,ORD,NK,1.0,170.0
2025,2,MCO,ORD,NK,1.0,170.0
2025,2,MCO,ORD,NK,1.0,172.0
2025,2,MCO,ORD,NK,1.0,172.53
2025,2,MCO,ORD,NK,1.0,174.0
2025,2,MCO,ORD,NK,1.0,174.5
2025,2,MCO,ORD,NK,1.0,177.5
2025,2,MCO,ORD,NK,1.0,178.5
2025,2,MCO,ORD,NK,1.0,179.5
2025,2,MCO,ORD,NK,1.0,180.0
2025,2,MCO,ORD,NK,1.0,181.1
2025,2,MCO,ORD,NK,1.0,182.5
2025,2,MCO,ORD,NK,1.0,183.96
2025,2,MCO,ORD,NK,1.0,184.0
2025,2,MCO,ORD,NK,1.0,186.21
2025,2,MCO,ORD,NK,1.0,187.5
2025,2,MCO,ORD,NK,1.0,188.0
2025,2,MCO,ORD,NK,1.0,193.0
2025,2,MCO,ORD,NK,1.0,194.43
2025,2,MCO,ORD,NK,1.0,194.45
2025,2,MCO,ORD,NK,1.0,195.0
2025,2,MCO,ORD,NK,1.0,195.0
2025,2,MCO,ORD,NK,1.0,195.0
2025,2,MCO,ORD,NK,1.0,196.0
2025,2,MCO,ORD,NK,1.0,197.0
2025,2,MCO,ORD,NK,1.0,198.0
2025,2,MCO,ORD,NK,1.0,198.51
2025,2,MCO,ORD,NK,1.0,199.0
2025,2,MCO,ORD,NK,1.0,200.0
2025,2,MCO,ORD,NK,1.0,200.0
2025,2,MCO,ORD,NK,1.0,201.99
2025,2,MCO,ORD,NK,1.0,202.5
2025,2,MCO,ORD,NK,1.0,203.0
2025,2,MCO,ORD,NK,1.0,204.5
2025,2,MCO,ORD,NK,1.0,205.0
2025,2,MCO,ORD,NK,1.0,208.0
2025,2,MCO,ORD,NK,1.0,210.0
2025,2,MCO,ORD,NK,1.0,210.55
2025,2,MCO,ORD,NK,1.0,211.0
2025,2,MCO,ORD,NK,1.0,212.0
2025,2,MCO,ORD,NK,1.0,212.0
2025,2,MCO,ORD,NK,1.0,212.0
2025,2,MCO,ORD,NK,1.0,216.0
2025,2,MCO,ORD,NK,1.0,216.5
2025,2,MCO,ORD,NK,1.0,220.0
2025,2,MCO,ORD,NK,1.0,223.0
2025,2,MCO,ORD,NK,1.0,225.0
2025,2,MCO,ORD,NK,1.0,225.5
2025,2,MCO,ORD,NK,1.0,227.0
2025,2,MCO,ORD,NK,1.0,228.0
2025,2,MCO,ORD,NK,1.0,230.0
2025,2,MCO,ORD,NK,1.0,234.5
2025,2,MCO,ORD,NK,1.0,235.0
2025,2,MCO,ORD,NK,1.0,242.0
2025,2,MCO,ORD,NK,1.0,244.0
2025,2,MCO,ORD,NK,1.0,246.0
2025,2,MCO,ORD,NK,1.0,250.0
2025,2,MCO,ORD,NK,1.0,252.0
2025,2,MCO,ORD,NK,1.0,255.0
2025,2,MCO,ORD,NK,1.0,267.0
2025,2,MCO,ORD,NK,1.0,269.13
2025,2,MCO,ORD,NK,1.0,270.0
2025,2,MCO,ORD,NK,1.0,273.0
2025,2,MCO,ORD,NK,1.0,285.0
2025,2,MCO,ORD,NK,1.0,286.0
2025,2,MCO,ORD,NK,1.0,297.0
2025,2,MCO,ORD,NK,1.0,306.0
2025,2,MCO,ORD,NK,1.0,314.0
2025,2,MCO,ORD,NK,1.0,340.0
2025,2,MCO,ORD,NK,1.0,347.0
2025,2,MCO,ORD,NK,1.0,359.0
2025,2,MCO,ORD,NK,2.0,27.0
2025,2,MCO,ORD,NK,2.0,31.0
2025,2,MCO,ORD,NK,2.0,38.5
2025,2,MCO,ORD,NK,2.0,40.0
2025,2,MCO,ORD,NK,2.0,43.5
2025,2,MCO,ORD,NK,2.0,46.5
2025,2,MCO,ORD,NK,2.0,47.5
2025,2,MCO,ORD,NK,2.0,48.32
2025,2,MCO,ORD,NK,2.0,50.64
2025,2,MCO,ORD,NK,2.0,51.5
2025,2,MCO,ORD,NK,2.0,52.0
2025,2,MCO,ORD,NK,2.0,53.0
2025,2,MCO,ORD,NK,2.0,55.5
2025,2,MCO,ORD,NK,2.0,56.0
2025,2,MCO,ORD,NK,2.0,56.5
2025,2,MCO,ORD,NK,2.0,57.0
2025,2,MCO,ORD,NK,2.0,57.0
2025,2,MCO,ORD,NK,2.0,57.78
2025,2,MCO,ORD,NK,2.0,59.5
2025,2,MCO,ORD,NK,2.0,60.5
2025,2,MCO,ORD,NK,2.0,63.0
2025,2,MCO,ORD,NK,2.0,66.0
2025,2,MCO,ORD,NK,2.0,67.0
2025,2,MCO,ORD,NK,2.0,67.0
2025,2,MCO,ORD,NK,2.0,68.0
2025,2,MCO,ORD,NK,2.0,69.5
2025,2,MCO,ORD,NK,2.0,73.0
2025,2,MCO,ORD,NK,2.0,73.0
2025,2,MCO,ORD,NK,2.0,73.5
2025,2,MCO,ORD,NK,2.0,75.5
2025,2,MCO,ORD,NK,2.0,76.5
2025,2,MCO,ORD,NK,2.0,77.0
2025,2,MCO,ORD,NK,2.0,77.5
2025,2,MCO,ORD,NK,2.0,78.0
2025,2,MCO,ORD,NK,2.0,81.5
2025,2,MCO,ORD,NK,2.0,82.0
2025,2,MCO,ORD,NK,2.0,83.0
2025,2,MCO,ORD,NK,2.0,85.5
2025,2,MCO,ORD,NK,2.0,86.0
2025,2,MCO,ORD,NK,2.0,86.0
2025,2,MCO,ORD,NK,2.0,86.5
2025,2,MCO,ORD,NK,2.0,86.5
2025,2,MCO,ORD,NK,2.0,87.02
2025,2,MCO,ORD,NK,2.0,88.5
2025,2,MCO,ORD,NK,2.0,88.72
2025,2,MCO,ORD,NK,2.0,89.0
2025,2,MCO,ORD,NK,2.0,91.0
2025,2,MCO,ORD,NK,2.0,93.0
2025,2,MCO,ORD,NK,2.0,93.0
2025,2,MCO,ORD,NK,2.0,94.0
2025,2,MCO,ORD,NK,2.0,94.5
2025,2,MCO,ORD,NK,2.0,97.0
2025,2,MCO,ORD,NK,2.0,97.0
2025,2,MCO,ORD,NK,2.0,97.5
2025,2,MCO,ORD,NK,2.0,99.0
2025,2,MCO,ORD,NK,2.0,100.0
2025,2,MCO,ORD,NK,2.0,101.5
2025,2,MCO,ORD,NK,2.0,103.5
2025,2,MCO,ORD,NK,2.0,105.0
2025,2,MCO,ORD,NK,2.0,106.0
2025,2,MCO,ORD,NK,2.0,107.5
2025,2,MCO,ORD,NK,2.0,108.0
2025,2,MCO,ORD,NK,2.0,108.5
2025,2,MCO,ORD,NK,2.0,109.0
2025,2,MCO,ORD,NK,2.0,111.5
2025,2,MCO,ORD,NK,2.0,112.5
2025,2,MCO,ORD,NK,2.0,113.0
2025,2,MCO,ORD,NK,2.0,113.0
2025,2,MCO,ORD,NK,2.0,113.0
2025,2,MCO,ORD,NK,2.0,116.0
2025,2,MCO,ORD,NK,2.0,117.5
2025,2,MCO,ORD,NK,2.0,118.0
2025,2,MCO,ORD,NK,2.0,118.0
2025,2,MCO,ORD,NK,2.0,119.0
2025,2,MCO,ORD,NK,2.0,119.5
2025,2,MCO,ORD,NK,2.0,124.0
2025,2,MCO,ORD,NK,2.0,125.5
2025,2,MCO,ORD,NK,2.0,126.5
2025,2,MCO,ORD,NK,2.0,127.5
2025,2,MCO,ORD,NK,2.0,128.0
2025,2,MCO,ORD,NK,2.0,130.0
2025,2,MCO,ORD,NK,2.0,136.0
2025,2,MCO,ORD,NK,2.0,137.0
2025,2,MCO,ORD,NK,2.0,137.0
2025,2,MCO,ORD,NK,2.0,140.0
2025,2,MCO,ORD,NK,2.0,142.5
2025,2,MCO,ORD,NK,2.0,144.0
2025,2,MCO,ORD,NK,2.0,145.0
2025,2,MCO,ORD,NK,2.0,146.0
2025,2,MCO,ORD,NK,2.0,149.0
2025,2,MCO,ORD,NK,2.0,149.0
2025,2,MCO,ORD,NK,2.0,151.0
2025,2,MCO,ORD,NK,2.0,152.0
2025,2,MCO,ORD,NK,2.0,152.0
2025,2,MCO,ORD,NK,2.0,152.5
2025,2,MCO,ORD,NK,2.0,154.0
2025,2,MCO,ORD,NK,2.0,154.5
2025,2,MCO,ORD,NK,2.0,156.0
2025,2,MCO,ORD,NK,2.0,156.5
2025,2,MCO,ORD,NK,2.0,158.0
2025,2,MCO,ORD,NK,2.0,164.5
2025,2,MCO,ORD,NK,2.0,177.0
2025,2,MCO,ORD,NK,2.0,182.0
2025,2,MCO,ORD,NK,2.0,187.0
2025,2,MCO,ORD,NK,2.0,194.0
2025,2,MCO,ORD,NK,2.0,196.0
2025,2,MCO,ORD,NK,2.0,202.0
2025,2,MCO,ORD,NK,2.0,204.0
2025,2,MCO,ORD,NK,2.0,217.0
2025,2,MCO,ORD,NK,2.0,219.0
2025,2,MCO,ORD,NK,2.0,257.0
2025,2,MCO,ORD,NK,2.0,302.0
2025,2,MCO,ORD,NK,2.0,330.0
2025,2,MCO,ORD,NK,3.0,27.0
2025,2,MCO,ORD,NK,3.0,29.0
2025,2,MCO,ORD,NK,3.0,42.0
2025,2,MCO,ORD,NK,3.0,49.0
2025,2,MCO,ORD,NK,3.0,55.0
2025,2,MCO,ORD,NK,3.0,55.0
2025,2,MCO,ORD,NK,3.0,56.5
2025,2,MCO,ORD,NK,3.0,57.5
2025,2,MCO,ORD,NK,3.0,59.0
2025,2,MCO,ORD,NK,3.0,60.5
2025,2,MCO,ORD,NK,3.0,64.5
2025,2,MCO,ORD,NK,3.0,67.5
2025,2,MCO,ORD,NK,3.0,68.5
2025,2,MCO,ORD,NK,3.0,70.0
2025,2,MCO,ORD,NK,3.0,72.0
2025,2,MCO,ORD,NK,3.0,73.5
2025,2,MCO,ORD,NK,3.0,74.0
2025,2,MCO,ORD,NK,3.0,76.0
2025,2,MCO,ORD,NK,3.0,82.5
2025,2,MCO,ORD,NK,3.0,84.5
2025,2,MCO,ORD,NK,3.0,85.0
2025,2,MCO,ORD,NK,3.0,88.0
2025,2,MCO,ORD,NK,3.0,93.5
2025,2,MCO,ORD,NK,3.0,96.5
2025,2,MCO,ORD,NK,3.0,97.0
2025,2,MCO,ORD,NK,3.0,101.0
2025,2,MCO,ORD,NK,3.0,109.0
2025,2,MCO,ORD,NK,3.0,109.5
2025,2,MCO,ORD,NK,3.0,110.5
2025,2,MCO,ORD,NK,3.0,112.0
2025,2,MCO,ORD,NK,3.0,117.0
2025,2,MCO,ORD,NK,3.0,122.0
2025,2,MCO,ORD,NK,3.0,123.5
2025,2,MCO,ORD,NK,3.0,134.5
2025,2,MCO,ORD,NK,3.0,137.5
2025,2,MCO,ORD,NK,3.0,142.0
2025,2,MCO,ORD,NK,3.0,149.5
2025,2,MCO,ORD,NK,3.0,159.5
2025,2,MCO,ORD,NK,3.0,160.0
2025,2,MCO,ORD,NK,3.0,162.0
2025,2,MCO,ORD,NK,3.0,165.0
2025,2,MCO,ORD,NK,3.0,165.0
2025,2,MCO,ORD,NK,3.0,166.0
2025,2,MCO,ORD,NK,3.0,169.0
2025,2,MCO,ORD,NK,3.0,171.0
2025,2,MCO,ORD,NK,3.0,172.0
2025,2,MCO,ORD,NK,3.0,175.0
2025,2,MCO,ORD,NK,3.0,175.0
2025,2,MCO,ORD,NK,3.0,189.0
2025,2,MCO,ORD,NK,3.0,199.0
2025,2,MCO,ORD,NK,3.0,240.0
2025,2,MCO,ORD,NK,4.0,38.5
2025,2,MCO,ORD,NK,4.0,41.0
2025,2,MCO,ORD,NK,4.0,42.0
2025,2,MCO,ORD,NK,4.0,43.0
2025,2,MCO,ORD,NK,4.0,44.0
2025,2,MCO,ORD,NK,4.0,45.5
2025,2,MCO,ORD,NK,4.0,46.0
2025,2,MCO,ORD,NK,4.0,52.0
2025,2,MCO,ORD,NK,4.0,53.0
2025,2,MCO,ORD,NK,4.0,53.5
2025,2,MCO,ORD,NK,4.0,56.0
2025,2,MCO,ORD,NK,4.0,58.0
2025,2,MCO,ORD,NK,4.0,58.5
2025,2,MCO,ORD,NK,4.0,61.0
2025,2,MCO,ORD,NK,4.0,63.0
2025,2,MCO,ORD,NK,4.0,63.5
2025,2,MCO,ORD,NK,4.0,66.0
2025,2,MCO,ORD,NK,4.0,72.5
2025,2,MCO,ORD,NK,4.0,79.0
2025,2,MCO,ORD,NK,4.0,79.0
2025,2,MCO,ORD,NK,4.0,88.0
2025,2,MCO,ORD,NK,4.0,89.0
2025,2,MCO,ORD,NK,4.0,90.0
2025,2,MCO,ORD,NK,4.0,94.0
2025,2,MCO,ORD,NK,4.0,96.5
2025,2,MCO,ORD,NK,4.0,99.0
2025,2,MCO,ORD,NK,4.0,104.0
2025,2,MCO,ORD,NK,4.0,104.5
2025,2,MCO,ORD,NK,4.0,111.5
2025,2,MCO,ORD,NK,4.0,115.0
2025,2,MCO,ORD,NK,4.0,127.0
2025,2,MCO,ORD,NK,4.0,135.0
2025,2,MCO,ORD,NK,4.0,135.0
2025,2,MCO,ORD,NK,4.0,140.0
2025,2,MCO,ORD,NK,4.0,141.5
2025,2,MCO,ORD,NK,4.0,170.0
2025,2,MCO,ORD,NK,4.0,174.0
2025,2,MCO,ORD,NK,4.0,180.0
2025,2,MCO,ORD,NK,4.0,215.0
2025,2,MCO,ORD,NK,4.0,220.0
2025,2,MCO,ORD,NK,4.0,240.0
2025,2,MCO,ORD,NK,4.0,242.0
2025,2,MCO,ORD,NK,4.0,245.0
2025,2,MCO,ORD,NK,5.0,40.0
2025,2,MCO,ORD,NK,5.0,43.0
2025,2,MCO,ORD,NK,5.0,46.0
2025,2,MCO,ORD,NK,5.0,57.0
2025,2,MCO,ORD,NK,5.0,58.0
2025,2,MCO,ORD,NK,5.0,75.0
2025,2,MCO,ORD,NK,5.0,78.0
2025,2,MCO,ORD,NK,5.0,84.0
2025,2,MCO,ORD,NK,5.0,89.0
2025,2,MCO,ORD,NK,5.0,98.0
2025,2,MCO,ORD,NK,5.0,103.5
2025,2,MCO,ORD,NK,5.0,107.0
2025,2,MCO,ORD,NK,5.0,120.0
2025,2,MCO,ORD,NK,5.0,122.5
2025,2,MCO,ORD,NK,5.0,130.0
2025,2,MCO,ORD,NK,5.0,137.5
2025,2,MCO,ORD,NK,5.0,143.0
2025,2,MCO,ORD,NK,5.0,150.0
2025,2,MCO,ORD,NK,5.0,152.0
2025,2,MCO,ORD,NK,5.0,155.0
2025,2,MCO,ORD,NK,5.0,157.0
2025,2,MCO,ORD,NK,5.0,190.0
2025,2,MCO,ORD,NK,5.0,207.0
2025,2,MCO,ORD,NK,5.0,210.0
2025,2,MCO,ORD,NK,6.0,38.0
2025,2,MCO,ORD,NK,6.0,51.0
2025,2,MCO,ORD,NK,6.0,52.0
2025,2,MCO,ORD,NK,6.0,53.0
2025,2,MCO,ORD,NK,6.0,57.5
2025,2,MCO,ORD,NK,6.0,60.0
2025,2,MCO,ORD,NK,6.0,71.0
2025,2,MCO,ORD,NK,6.0,71.0
2025,2,MCO,ORD,NK,6.0,72.0
2025,2,MCO,ORD,NK,6.0,78.0
2025,2,MCO,ORD,NK,6.0,98.0
2025,2,MCO,ORD,NK,6.0,100.0
2025,2,MCO,ORD,NK,6.0,102.0
2025,2,MCO,ORD,NK,6.0,102.0
2025,2,MCO,ORD,NK,6.0,113.0
2025,2,MCO,ORD,NK,6.0,114.0
2025,2,MCO,ORD,NK,6.0,117.0
2025,2,MCO,ORD,NK,6.0,125.0
2025,2,MCO,ORD,NK,6.0,132.0
2025,2,MCO,ORD,NK,6.0,132.0
2025,2,MCO,ORD,NK,6.0,140.0
2025,2,MCO,ORD,NK,6.0,148.0
2025,2,MCO,ORD,NK,6.0,150.0
2025,2,MCO,ORD,NK,6.0,194.0
2025,2,MCO,ORD,NK,7.0,39.0
2025,2,MCO,ORD,NK,7.0,46.0
2025,2,MCO,ORD,NK,7.0,61.0
2025,2,MCO,ORD,NK,7.0,61.5
2025,2,MCO,ORD,NK,7.0,64.0
2025,2,MCO,ORD,NK,7.0,69.0
2025,2,MCO,ORD,NK,7.0,76.0
2025,2,MCO,ORD,NK,7.0,85.0
2025,2,MCO,ORD,NK,7.0,104.0
2025,2,MCO,ORD,NK,7.0,117.5
2025,2,MCO,ORD,NK,7.0,159.5
2025,2,MCO,ORD,NK,8.0,41.0
2025,2,MCO,ORD,NK,8.0,48.0
2025,2,MCO,ORD,NK,8.0,55.0
2025,2,MCO,ORD,NK,8.0,65.0
2025,2,MCO,ORD,NK,8.0,72.0
2025,2,MCO,ORD,NK,8.0,75.0
2025,2,MCO,ORD,NK,8.0,83.0
2025,2,MCO,ORD,NK,8.0,83.0
2025,2,MCO,ORD,NK,8.0,105.0
2025,2,MCO,ORD,NK,8.0,110.0
2025,2,MCO,ORD,NK,8.0,120.0
2025,2,MCO,ORD,NK,8.0,128.0
2025,2,MCO,ORD,NK,8.0,162.0
2025,2,MCO,ORD,NK,9.0,5.5
2025,2,MCO,ORD,NK,9.0,74.0
2025,2,MCO,ORD,NK,9.0,81.0
2025,2,MCO,ORD,NK,9.0,81.0
2025,2,MCO,ORD,NK,9.0,87.0
2025,2,MCO,ORD,NK,9.0,115.0
2025,2,MCO,ORD,NK,9.0,280.0
2025,2,MCO,ORD,NK,10.0,51.0
2025,2,MCO,ORD,NK,10.0,62.0
2025,2,MCO,ORD,NK,10.0,62.0
2025,2,MCO,ORD,NK,10.0,69.0
2025,2,MCO,ORD,NK,10.0,87.0
2025,2,MCO,ORD,NK,10.0,105.0
2025,2,MCO,ORD,NK,10.0,130.0
2025,2,MCO,ORD,NK,11.0,43.0
2025,2,MCO,ORD,NK,11.0,64.0
2025,2,MCO,ORD,NK,11.0,90.0
2025,2,MCO,ORD,NK,11.0,93.0
2025,2,MCO,ORD,NK,11.0,107.0
2025,2,MCO,ORD,NK,11.0,122.0
2025,2,MCO,ORD,NK,12.0,5.5
2025,2,MCO,ORD,NK,12.0,51.0
2025,2,MCO,ORD,NK,12.0,80.0
2025,2,MCO,ORD,NK,12.0,95.0
2025,2,MCO,ORD,NK,13.0,46.5
2025,2,MCO,ORD,NK,13.0,48.0
2025,2,MCO,ORD,NK,13.0,60.0
2025,2,MCO,ORD,NK,13.0,74.0
2025,2,MCO,ORD,NK,13.0,76.0
2025,2,MCO,ORD,NK,13.0,92.0
2025,2,MCO,ORD,NK,13.0,123.0
2025,2,MCO,ORD,NK,14.0,62.0
2025,2,MCO,ORD,NK,14.0,64.0
2025,2,MCO,ORD,NK,14.0,65.0
2025,2,MCO,ORD,NK,14.0,66.0
2025,2,MCO,ORD,NK,15.0,77.0
2025,2,MCO,ORD,NK,17.0,48.0
2025,2,MCO,ORD,NK,18.0,63.0
2025,2,MCO,ORD,NK,18.0,90.0
2025,2,MCO,ORD,NK,18.0,125.0
2025,2,MCO,ORD,NK,19.0,102.0
2025,2,MCO,ORD,NK,20.0,84.0
2025,2,MCO,ORD,NK,20.0,122.0
2025,2,MCO,ORD,NK,21.0,114.0
2025,2,MCO,ORD,NK,22.0,87.0
2025,2,MCO,ORD,NK,22.0,92.0
2025,2,MCO,ORD,NK,22.0,95.0
2025,2,MCO,ORD,NK,23.0,6.0
2025,2,MCO,ORD,NK,23.0,110.0
2025,2,MCO,ORD,NK,24.0,54.0
2025,2,MCO,ORD,NK,24.0,98.0
2025,2,MCO,ORD,NK,25.0,39.0
2025,2,MCO,ORD,NK,25.0,54.0
2025,2,MCO,ORD,NK,27.0,54.0
2025,2,MCO,ORD,NK,28.0,60.0
2025,2,MCO,ORD,NK,28.0,71.0
2025,2,MCO,ORD,NK,30.0,69.0
2025,2,MCO,ORD,NK,36.0,95.0
2025,2,MCO,ORD,NK,37.0,84.0
2025,2,MCO,ORD,NK,38.0,80.0
2025,2,MCO,ORD,NK,40.0,110.0
2025,2,MCO,ORD,NK,41.0,39.0
2025,2,MCO,ORD,NK,42.0,194.0
2025,2,MCO,ORD,NK,45.0,50.0
2025,2,MCO,ORD,NK,50.0,80.0
2025,2,MCO,ORD,NK,61.0,65.0
2025,2,MCO,ORD,NK,71.0,125.0
2025,2,MCO,ORD,NK,76.0,50.0
2025,2,MCO,ORD,NK,88.0,50.0
2025,2,MCO,BWI,NK,1.0,11.0
2025,2,MCO,BWI,NK,1.0,15.5
2025,2,MCO,BWI,NK,1.0,16.0
2025,2,MCO,BWI,NK,1.0,18.0
2025,2,MCO,BWI,NK,1.0,19.5
2025,2,MCO,BWI,NK,1.0,20.0
2025,2,MCO,BWI,NK,1.0,21.0
2025,2,MCO,BWI,NK,1.0,21.0
2025,2,MCO,BWI,NK,1.0,22.0
2025,2,MCO,BWI,NK,1.0,23.5
2025,2,MCO,BWI,NK,1.0,24.0
2025,2,MCO,BWI,NK,1.0,24.0
2025,2,MCO,BWI,NK,1.0,27.0
2025,2,MCO,BWI,NK,1.0,31.0
2025,2,MCO,BWI,NK,1.0,31.5
2025,2,MCO,BWI,NK,1.0,33.51
2025,2,MCO,BWI,NK,1.0,34.0
2025,2,MCO,BWI,NK,1.0,35.0
2025,2,MCO,BWI,NK,1.0,35.0
2025,2,MCO,BWI,NK,1.0,35.57
2025,2,MCO,BWI,NK,1.0,36.01
2025,2,MCO,BWI,NK,1.0,36.5
2025,2,MCO,BWI,NK,1.0,37.0
2025,2,MCO,BWI,NK,1.0,37.0
2025,2,MCO,BWI,NK,1.0,39.83
2025,2,MCO,BWI,NK,1.0,40.0
2025,2,MCO,BWI,NK,1.0,41.0
2025,2,MCO,BWI,NK,1.0,41.54
2025,2,MCO,BWI,NK,1.0,41.84
2025,2,MCO,BWI,NK,1.0,42.0
2025,2,MCO,BWI,NK,1.0,42.0
2025,2,MCO,BWI,NK,1.0,42.5
2025,2,MCO,BWI,NK,1.0,42.6
2025,2,MCO,BWI,NK,1.0,43.5
2025,2,MCO,BWI,NK,1.0,44.45
2025,2,MCO,BWI,NK,1.0,45.12
2025,2,MCO,BWI,NK,1.0,45.5
2025,2,MCO,BWI,NK,1.0,45.67
2025,2,MCO,BWI,NK,1.0,46.0
2025,2,MCO,BWI,NK,1.0,46.5
2025,2,MCO,BWI,NK,1.0,47.65
2025,2,MCO,BWI,NK,1.0,48.5
2025,2,MCO,BWI,NK,1.0,48.75
2025,2,MCO,BWI,NK,1.0,49.0
2025,2,MCO,BWI,NK,1.0,51.5
2025,2,MCO,BWI,NK,1.0,52.6
2025,2,MCO,BWI,NK,1.0,53.5
2025,2,MCO,BWI,NK,1.0,53.57
2025,2,MCO,BWI,NK,1.0,53.58
2025,2,MCO,BWI,NK,1.0,53.96
2025,2,MCO,BWI,NK,1.0,54.0
2025,2,MCO,BWI,NK,1.0,54.25
2025,2,MCO,BWI,NK,1.0,54.31
2025,2,MCO,BWI,NK,1.0,54.86
2025,2,MCO,BWI,NK,1.0,55.34
2025,2,MCO,BWI,NK,1.0,56.26
2025,2,MCO,BWI,NK,1.0,56.5
2025,2,MCO,BWI,NK,1.0,57.0
2025,2,MCO,BWI,NK,1.0,58.98
2025,2,MCO,BWI,NK,1.0,59.2
2025,2,MCO,BWI,NK,1.0,59.5
2025,2,MCO,BWI,NK,1.0,59.5
2025,2,MCO,BWI,NK,1.0,59.61
2025,2,MCO,BWI,NK,1.0,60.0
2025,2,MCO,BWI,NK,1.0,60.22
2025,2,MCO,BWI,NK,1.0,60.62
2025,2,MCO,BWI,NK,1.0,60.95
2025,2,MCO,BWI,NK,1.0,61.29
2025,2,MCO,BWI,NK,1.0,61.48
2025,2,MCO,BWI,NK,1.0,61.5
2025,2,MCO,BWI,NK,1.0,62.34
2025,2,MCO,BWI,NK,1.0,62.5
2025,2,MCO,BWI,NK,1.0,63.5
2025,2,MCO,BWI,NK,1.0,63.63
2025,2,MCO,BWI,NK,1.0,64.0
2025,2,MCO,BWI,NK,1.0,64.0
2025,2,MCO,BWI,NK,1.0,64.25
2025,2,MCO,BWI,NK,1.0,64.28
2025,2,MCO,BWI,NK,1.0,65.3
2025,2,MCO,BWI,NK,1.0,65.88
2025,2,MCO,BWI,NK,1.0,66.33
2025,2,MCO,BWI,NK,1.0,66.5
2025,2,MCO,BWI,NK,1.0,66.84
2025,2,MCO,BWI,NK,1.0,67.0
2025,2,MCO,BWI,NK,1.0,67.0
2025,2,MCO,BWI,NK,1.0,67.5
2025,2,MCO,BWI,NK,1.0,68.07
2025,2,MCO,BWI,NK,1.0,69.11
2025,2,MCO,BWI,NK,1.0,69.5
2025,2,MCO,BWI,NK,1.0,69.71
2025,2,MCO,BWI,NK,1.0,70.5
2025,2,MCO,BWI,NK,1.0,71.0
2025,2,MCO,BWI,NK,1.0,71.24
2025,2,MCO,BWI,NK,1.0,73.0
2025,2,MCO,BWI,NK,1.0,73.37
2025,2,MCO,BWI,NK,1.0,73.5
2025,2,MCO,BWI,NK,1.0,74.0
2025,2,MCO,BWI,NK,1.0,74.62
2025,2,MCO,BWI,NK,1.0,75.14
2025,2,MCO,BWI,NK,1.0,75.17
2025,2,MCO,BWI,NK,1.0,75.53
2025,2,MCO,BWI,NK,1.0,75.54
2025,2,MCO,BWI,NK,1.0,76.12
2025,2,MCO,BWI,NK,1.0,76.5
2025,2,MCO,BWI,NK,1.0,76.56
2025,2,MCO,BWI,NK,1.0,76.91
2025,2,MCO,BWI,NK,1.0,77.7
2025,2,MCO,BWI,NK,1.0,78.5
2025,2,MCO,BWI,NK,1.0,78.53
2025,2,MCO,BWI,NK,1.0,79.5
2025,2,MCO,BWI,NK,1.0,79.89
2025,2,MCO,BWI,NK,1.0,79.93
2025,2,MCO,BWI,NK,1.0,80.4
2025,2,MCO,BWI,NK,1.0,80.67
2025,2,MCO,BWI,NK,1.0,81.5
2025,2,MCO,BWI,NK,1.0,81.9
2025,2,MCO,BWI,NK,1.0,83.5
2025,2,MCO,BWI,NK,1.0,84.0
2025,2,MCO,BWI,NK,1.0,84.0
2025,2,MCO,BWI,NK,1.0,84.34
2025,2,MCO,BWI,NK,1.0,84.5
2025,2,MCO,BWI,NK,1.0,84.66
2025,2,MCO,BWI,NK,1.0,84.89
2025,2,MCO,BWI,NK,1.0,85.5
2025,2,MCO,BWI,NK,1.0,86.0
2025,2,MCO,BWI,NK,1.0,86.0
2025,2,MCO,BWI,NK,1.0,86.34
2025,2,MCO,BWI,NK,1.0,87.5
2025,2,MCO,BWI,NK,1.0,87.5
2025,2,MCO,BWI,NK,1.0,87.92
2025,2,MCO,BWI,NK,1.0,88.0
2025,2,MCO,BWI,NK,1.0,88.5
2025,2,MCO,BWI,NK,1.0,90.36
2025,2,MCO,BWI,NK,1.0,90.44
2025,2,MCO,BWI,NK,1.0,90.5
2025,2,MCO,BWI,NK,1.0,91.0
2025,2,MCO,BWI,NK,1.0,91.0
2025,2,MCO,BWI,NK,1.0,92.0
2025,2,MCO,BWI,NK,1.0,92.34
2025,2,MCO,BWI,NK,1.0,92.5
2025,2,MCO,BWI,NK,1.0,93.0
2025,2,MCO,BWI,NK,1.0,94.37
2025,2,MCO,BWI,NK,1.0,94.44
2025,2,MCO,BWI,NK,1.0,94.52
2025,2,MCO,BWI,NK,1.0,95.5
2025,2,MCO,BWI,NK,1.0,95.5
2025,2,MCO,BWI,NK,1.0,96.44
2025,2,MCO,BWI,NK,1.0,97.0
2025,2,MCO,BWI,NK,1.0,97.5
2025,2,MCO,BWI,NK,1.0,98.5
2025,2,MCO,BWI,NK,1.0,98.5
2025,2,MCO,BWI,NK,1.0,98.73
2025,2,MCO,BWI,NK,1.0,98.87
2025,2,MCO,BWI,NK,1.0,100.0
2025,2,MCO,BWI,NK,1.0,100.29
2025,2,MCO,BWI,NK,1.0,100.5
2025,2,MCO,BWI,NK,1.0,102.0
2025,2,MCO,BWI,NK,1.0,103.72
2025,2,MCO,BWI,NK,1.0,104.0
2025,2,MCO,BWI,NK,1.0,104.5
2025,2,MCO,BWI,NK,1.0,106.0
2025,2,MCO,BWI,NK,1.0,107.17
2025,2,MCO,BWI,NK,1.0,107.24
2025,2,MCO,BWI,NK,1.0,108.0
2025,2,MCO,BWI,NK,1.0,108.0
2025,2,MCO,BWI,NK,1.0,108.5
2025,2,MCO,BWI,NK,1.0,109.5
2025,2,MCO,BWI,NK,1.0,110.0
2025,2,MCO,BWI,NK,1.0,110.29
2025,2,MCO,BWI,NK,1.0,110.39
2025,2,MCO,BWI,NK,1.0,110.5
2025,2,MCO,BWI,NK,1.0,111.0
2025,2,MCO,BWI,NK,1.0,111.5
2025,2,MCO,BWI,NK,1.0,112.0
2025,2,MCO,BWI,NK,1.0,112.0
2025,2,MCO,BWI,NK,1.0,112.35
2025,2,MCO,BWI,NK,1.0,114.0
2025,2,MCO,BWI,NK,1.0,114.0
2025,2,MCO,BWI,NK,1.0,114.06
2025,2,MCO,BWI,NK,1.0,114.5
2025,2,MCO,BWI,NK,1.0,115.5
2025,2,MCO,BWI,NK,1.0,116.0
2025,2,MCO,BWI,NK,1.0,116.0
2025,2,MCO,BWI,NK,1.0,116.0
2025,2,MCO,BWI,NK,1.0,116.5
2025,2,MCO,BWI,NK,1.0,117.0
2025,2,MCO,BWI,NK,1.0,117.0
2025,2,MCO,BWI,NK,1.0,117.48
2025,2,MCO,BWI,NK,1.0,118.0
2025,2,MCO,BWI,NK,1.0,118.38
2025,2,MCO,BWI,NK,1.0,118.5
2025,2,MCO,BWI,NK,1.0,120.0
2025,2,MCO,BWI,NK,1.0,121.02
2025,2,MCO,BWI,NK,1.0,122.33
2025,2,MCO,BWI,NK,1.0,123.5
2025,2,MCO,BWI,NK,1.0,124.0
2025,2,MCO,BWI,NK,1.0,124.0
2025,2,MCO,BWI,NK,1.0,125.37
2025,2,MCO,BWI,NK,1.0,126.5
2025,2,MCO,BWI,NK,1.0,126.59
2025,2,MCO,BWI,NK,1.0,126.86
2025,2,MCO,BWI,NK,1.0,127.5
2025,2,MCO,BWI,NK,1.0,127.5
2025,2,MCO,BWI,NK,1.0,129.89
2025,2,MCO,BWI,NK,1.0,130.0
2025,2,MCO,BWI,NK,1.0,131.0
2025,2,MCO,BWI,NK,1.0,131.5
2025,2,MCO,BWI,NK,1.0,133.0
2025,2,MCO,BWI,NK,1.0,133.0
2025,2,MCO,BWI,NK,1.0,133.5
2025,2,MCO,BWI,NK,1.0,134.0
2025,2,MCO,BWI,NK,1.0,135.0
2025,2,MCO,BWI,NK,1.0,135.0
2025,2,MCO,BWI,NK,1.0,136.0
2025,2,MCO,BWI,NK,1.0,138.0
2025,2,MCO,BWI,NK,1.0,139.5
2025,2,MCO,BWI,NK,1.0,140.19
2025,2,MCO,BWI,NK,1.0,141.0
2025,2,MCO,BWI,NK,1.0,141.0
2025,2,MCO,BWI,NK,1.0,141.5
2025,2,MCO,BWI,NK,1.0,142.0
2025,2,MCO,BWI,NK,1.0,144.0
2025,2,MCO,BWI,NK,1.0,144.5
2025,2,MCO,BWI,NK,1.0,145.0
2025,2,MCO,BWI,NK,1.0,146.0
2025,2,MCO,BWI,NK,1.0,146.0
2025,2,MCO,BWI,NK,1.0,147.0
2025,2,MCO,BWI,NK,1.0,149.0
2025,2,MCO,BWI,NK,1.0,150.0
2025,2,MCO,BWI,NK,1.0,150.33
2025,2,MCO,BWI,NK,1.0,151.5
2025,2,MCO,BWI,NK,1.0,152.0
2025,2,MCO,BWI,NK,1.0,153.0
2025,2,MCO,BWI,NK,1.0,156.0
2025,2,MCO,BWI,NK,1.0,156.0
2025,2,MCO,BWI,NK,1.0,158.0
2025,2,MCO,BWI,NK,1.0,158.47
2025,2,MCO,BWI,NK,1.0,158.5
2025,2,MCO,BWI,NK,1.0,159.0
2025,2,MCO,BWI,NK,1.0,159.0
2025,2,MCO,BWI,NK,1.0,159.98
2025,2,MCO,BWI,NK,1.0,160.0
2025,2,MCO,BWI,NK,1.0,162.0
2025,2,MCO,BWI,NK,1.0,162.5
2025,2,MCO,BWI,NK,1.0,163.5
2025,2,MCO,BWI,NK,1.0,164.0
2025,2,MCO,BWI,NK,1.0,164.0
2025,2,MCO,BWI,NK,1.0,164.61
2025,2,MCO,BWI,NK,1.0,165.0
2025,2,MCO,BWI,NK,1.0,165.0
2025,2,MCO,BWI,NK,1.0,166.0
2025,2,MCO,BWI,NK,1.0,168.5
2025,2,MCO,BWI,NK,1.0,169.0
2025,2,MCO,BWI,NK,1.0,169.0
2025,2,MCO,BWI,NK,1.0,169.0
2025,2,MCO,BWI,NK,1.0,169.5
2025,2,MCO,BWI,NK,1.0,173.0
2025,2,MCO,BWI,NK,1.0,173.0
2025,2,MCO,BWI,NK,1.0,174.5
2025,2,MCO,BWI,NK,1.0,175.0
2025,2,MCO,BWI,NK,1.0,176.59
2025,2,MCO,BWI,NK,1.0,177.0
2025,2,MCO,BWI,NK,1.0,178.0
2025,2,MCO,BWI,NK,1.0,180.0
2025,2,MCO,BWI,NK,1.0,182.0
2025,2,MCO,BWI,NK,1.0,183.0
2025,2,MCO,BWI,NK,1.0,183.5
2025,2,MCO,BWI,NK,1.0,185.0
2025,2,MCO,BWI,NK,1.0,188.5
2025,2,MCO,BWI,NK,1.0,189.0
2025,2,MCO,BWI,NK,1.0,190.0
2025,2,MCO,BWI,NK,1.0,190.5
2025,2,MCO,BWI,NK,1.0,191.28
2025,2,MCO,BWI,NK,1.0,193.0
2025,2,MCO,BWI,NK,1.0,195.0
2025,2,MCO,BWI,NK,1.0,196.0
2025,2,MCO,BWI,NK,1.0,198.0
2025,2,MCO,BWI,NK,1.0,199.5
2025,2,MCO,BWI,NK,1.0,202.53
2025,2,MCO,BWI,NK,1.0,208.0
2025,2,MCO,BWI,NK,1.0,210.0
2025,2,MCO,BWI,NK,1.0,212.0
2025,2,MCO,BWI,NK,1.0,215.0
2025,2,MCO,BWI,NK,1.0,216.0
2025,2,MCO,BWI,NK,1.0,216.5
2025,2,MCO,BWI,NK,1.0,218.0
2025,2,MCO,BWI,NK,1.0,224.0
2025,2,MCO,BWI,NK,1.0,230.0
2025,2,MCO,BWI,NK,1.0,236.0
2025,2,MCO,BWI,NK,1.0,237.0
2025,2,MCO,BWI,NK,1.0,244.0
2025,2,MCO,BWI,NK,1.0,250.0
2025,2,MCO,BWI,NK,1.0,250.0
2025,2,MCO,BWI,NK,1.0,251.0
2025,2,MCO,BWI,NK,1.0,254.0
2025,2,MCO,BWI,NK,1.0,256.0
2025,2,MCO,BWI,NK,1.0,257.0
2025,2,MCO,BWI,NK,1.0,258.0
2025,2,MCO,BWI,NK,1.0,260.0
2025,2,MCO,BWI,NK,1.0,263.0
2025,2,MCO,BWI,NK,1.0,263.0
2025,2,MCO,BWI,NK,1.0,265.0
2025,2,MCO,BWI,NK,1.0,266.0
2025,2,MCO,BWI,NK,1.0,266.0
2025,2,MCO,BWI,NK,1.0,268.0
2025,2,MCO,BWI,NK,1.0,269.0
2025,2,MCO,BWI,NK,1.0,270.0
2025,2,MCO,BWI,NK,1.0,272.0
2025,2,MCO,BWI,NK,1.0,272.0
2025,2,MCO,BWI,NK,1.0,272.5
2025,2,MCO,BWI,NK,1.0,275.0
2025,2,MCO,BWI,NK,1.0,275.0
2025,2,MCO,BWI,NK,1.0,275.0
2025,2,MCO,BWI,NK,1.0,278.0
2025,2,MCO,BWI,NK,1.0,285.0
2025,2,MCO,BWI,NK,1.0,290.0
2025,2,MCO,BWI,NK,1.0,294.0
2025,2,MCO,BWI,NK,1.0,295.0
2025,2,MCO,BWI,NK,1.0,296.0
2025,2,MCO,BWI,NK,1.0,307.1
2025,2,MCO,BWI,NK,1.0,308.0
2025,2,MCO,BWI,NK,1.0,312.0
2025,2,MCO,BWI,NK,1.0,323.0
2025,2,MCO,BWI,NK,1.0,330.0
2025,2,MCO,BWI,NK,1.0,331.0
2025,2,MCO,BWI,NK,1.0,357.0
2025,2,MCO,BWI,NK,1.0,358.0
2025,2,MCO,BWI,NK,1.0,363.0
2025,2,MCO,BWI,NK,1.0,390.0
2025,2,MCO,BWI,NK,1.0,390.0
2025,2,MCO,BWI,NK,1.0,397.0
2025,2,MCO,BWI,NK,1.0,402.0
2025,2,MCO,BWI,NK,1.0,406.0
2025,2,MCO,BWI,NK,1.0,411.0
2025,2,MCO,BWI,NK,1.0,415.0
2025,2,MCO,BWI,NK,1.0,429.0
2025,2,MCO,BWI,NK,1.0,573.0
2025,2,MCO,BWI,NK,2.0,19.0
2025,2,MCO,BWI,NK,2.0,23.0
2025,2,MCO,BWI,NK,2.0,25.0
2025,2,MCO,BWI,NK,2.0,28.0
2025,2,MCO,BWI,NK,2.0,30.0
2025,2,MCO,BWI,NK,2.0,32.5
2025,2,MCO,BWI,NK,2.0,33.0
2025,2,MCO,BWI,NK,2.0,34.0
2025,2,MCO,BWI,NK,2.0,36.0
2025,2,MCO,BWI,NK,2.0,36.5
2025,2,MCO,BWI,NK,2.0,37.0
2025,2,MCO,BWI,NK,2.0,37.5
2025,2,MCO,BWI,NK,2.0,42.0
2025,2,MCO,BWI,NK,2.0,44.5
2025,2,MCO,BWI,NK,2.0,47.0
2025,2,MCO,BWI,NK,2.0,47.0
2025,2,MCO,BWI,NK,2.0,47.5
2025,2,MCO,BWI,NK,2.0,48.5
2025,2,MCO,BWI,NK,2.0,50.5
2025,2,MCO,BWI,NK,2.0,52.5
2025,2,MCO,BWI,NK,2.0,53.85
2025,2,MCO,BWI,NK,2.0,54.0
2025,2,MCO,BWI,NK,2.0,55.5
2025,2,MCO,BWI,NK,2.0,57.0
2025,2,MCO,BWI,NK,2.0,58.0
2025,2,MCO,BWI,NK,2.0,62.0
2025,2,MCO,BWI,NK,2.0,64.5
2025,2,MCO,BWI,NK,2.0,67.0
2025,2,MCO,BWI,NK,2.0,70.33
2025,2,MCO,BWI,NK,2.0,71.0
2025,2,MCO,BWI,NK,2.0,72.5
2025,2,MCO,BWI,NK,2.0,77.0
2025,2,MCO,BWI,NK,2.0,81.5
2025,2,MCO,BWI,NK,2.0,86.0
2025,2,MCO,BWI,NK,2.0,88.0
2025,2,MCO,BWI,NK,2.0,89.0
2025,2,MCO,BWI,NK,2.0,90.0
2025,2,MCO,BWI,NK,2.0,91.5
2025,2,MCO,BWI,NK,2.0,93.5
2025,2,MCO,BWI,NK,2.0,97.0
2025,2,MCO,BWI,NK,2.0,98.0
2025,2,MCO,BWI,NK,2.0,99.0
2025,2,MCO,BWI,NK,2.0,101.0
2025,2,MCO,BWI,NK,2.0,103.0
2025,2,MCO,BWI,NK,2.0,104.0
2025,2,MCO,BWI,NK,2.0,107.0
2025,2,MCO,BWI,NK,2.0,107.84
2025,2,MCO,BWI,NK,2.0,108.0
2025,2,MCO,BWI,NK,2.0,112.0
2025,2,MCO,BWI,NK,2.0,113.0
2025,2,MCO,BWI,NK,2.0,114.85
2025,2,MCO,BWI,NK,2.0,115.5
2025,2,MCO,BWI,NK,2.0,118.0
2025,2,MCO,BWI,NK,2.0,122.0
2025,2,MCO,BWI,NK,2.0,123.0
2025,2,MCO,BWI,NK,2.0,125.0
2025,2,MCO,BWI,NK,2.0,126.0
2025,2,MCO,BWI,NK,2.0,128.0
2025,2,MCO,BWI,NK,2.0,129.0
2025,2,MCO,BWI,NK,2.0,130.5
2025,2,MCO,BWI,NK,2.0,131.0
2025,2,MCO,BWI,NK,2.0,132.0
2025,2,MCO,BWI,NK,2.0,136.0
2025,2,MCO,BWI,NK,2.0,136.0
2025,2,MCO,BWI,NK,2.0,137.0
2025,2,MCO,BWI,NK,2.0,137.5
2025,2,MCO,BWI,NK,2.0,138.0
2025,2,MCO,BWI,NK,2.0,139.0
2025,2,MCO,BWI,NK,2.0,140.0
2025,2,MCO,BWI,NK,2.0,140.0
2025,2,MCO,BWI,NK,2.0,143.0
2025,2,MCO,BWI,NK,2.0,144.0
2025,2,MCO,BWI,NK,2.0,145.0
2025,2,MCO,BWI,NK,2.0,145.0
2025,2,MCO,BWI,NK,2.0,148.0
2025,2,MCO,BWI,NK,2.0,153.0
2025,2,MCO,BWI,NK,2.0,153.0
2025,2,MCO,BWI,NK,2.0,154.0
2025,2,MCO,BWI,NK,2.0,155.0
2025,2,MCO,BWI,NK,2.0,155.0
2025,2,MCO,BWI,NK,2.0,158.0
2025,2,MCO,BWI,NK,2.0,159.0
2025,2,MCO,BWI,NK,2.0,170.0
2025,2,MCO,BWI,NK,2.0,170.0
2025,2,MCO,BWI,NK,2.0,173.0
2025,2,MCO,BWI,NK,2.0,174.0
2025,2,MCO,BWI,NK,2.0,179.0
2025,2,MCO,BWI,NK,2.0,181.0
2025,2,MCO,BWI,NK,2.0,188.0
2025,2,MCO,BWI,NK,2.0,190.0
2025,2,MCO,BWI,NK,2.0,193.0
2025,2,MCO,BWI,NK,2.0,193.5
2025,2,MCO,BWI,NK,2.0,219.0
2025,2,MCO,BWI,NK,2.0,233.0
2025,2,MCO,BWI,NK,2.0,235.0
2025,2,MCO,BWI,NK,2.0,246.0
2025,2,MCO,BWI,NK,2.0,248.0
2025,2,MCO,BWI,NK,2.0,251.0
2025,2,MCO,BWI,NK,2.0,260.0
2025,2,MCO,BWI,NK,2.0,270.0
2025,2,MCO,BWI,NK,2.0,283.0
2025,2,MCO,BWI,NK,2.0,285.0
2025,2,MCO,BWI,NK,2.0,293.0
2025,2,MCO,BWI,NK,2.0,300.0
2025,2,MCO,BWI,NK,3.0,20.0
2025,2,MCO,BWI,NK,3.0,28.0
2025,2,MCO,BWI,NK,3.0,28.0
2025,2,MCO,BWI,NK,3.0,29.0
2025,2,MCO,BWI,NK,3.0,32.5
2025,2,MCO,BWI,NK,3.0,35.5
2025,2,MCO,BWI,NK,3.0,36.0
2025,2,MCO,BWI,NK,3.0,41.0
2025,2,MCO,BWI,NK,3.0,41.5
2025,2,MCO,BWI,NK,3.0,45.0
2025,2,MCO,BWI,NK,3.0,45.0
2025,2,MCO,BWI,NK,3.0,47.5
2025,2,MCO,BWI,NK,3.0,49.0
2025,2,MCO,BWI,NK,3.0,50.5
2025,2,MCO,BWI,NK,3.0,51.5
2025,2,MCO,BWI,NK,3.0,52.0
2025,2,MCO,BWI,NK,3.0,52.5
2025,2,MCO,BWI,NK,3.0,53.5
2025,2,MCO,BWI,NK,3.0,54.5
2025,2,MCO,BWI,NK,3.0,55.5
2025,2,MCO,BWI,NK,3.0,57.0
2025,2,MCO,BWI,NK,3.0,57.5
2025,2,MCO,BWI,NK,3.0,59.0
2025,2,MCO,BWI,NK,3.0,64.5
2025,2,MCO,BWI,NK,3.0,65.5
2025,2,MCO,BWI,NK,3.0,68.0
2025,2,MCO,BWI,NK,3.0,69.0
2025,2,MCO,BWI,NK,3.0,69.0
2025,2,MCO,BWI,NK,3.0,72.0
2025,2,MCO,BWI,NK,3.0,75.5
2025,2,MCO,BWI,NK,3.0,77.0
2025,2,MCO,BWI,NK,3.0,78.0
2025,2,MCO,BWI,NK,3.0,80.0
2025,2,MCO,BWI,NK,3.0,82.0
2025,2,MCO,BWI,NK,3.0,82.5
2025,2,MCO,BWI,NK,3.0,84.0
2025,2,MCO,BWI,NK,3.0,86.0
2025,2,MCO,BWI,NK,3.0,88.0
2025,2,MCO,BWI,NK,3.0,88.5
2025,2,MCO,BWI,NK,3.0,93.0
2025,2,MCO,BWI,NK,3.0,94.0
2025,2,MCO,BWI,NK,3.0,96.0
2025,2,MCO,BWI,NK,3.0,102.0
2025,2,MCO,BWI,NK,3.0,103.0
2025,2,MCO,BWI,NK,3.0,106.0
2025,2,MCO,BWI,NK,3.0,109.0
2025,2,MCO,BWI,NK,3.0,111.0
2025,2,MCO,BWI,NK,3.0,120.0
2025,2,MCO,BWI,NK,3.0,126.0
2025,2,MCO,BWI,NK,3.0,126.0
2025,2,MCO,BWI,NK,3.0,127.0
2025,2,MCO,BWI,NK,3.0,135.0
2025,2,MCO,BWI,NK,3.0,139.0
2025,2,MCO,BWI,NK,3.0,142.0
2025,2,MCO,BWI,NK,3.0,151.0
2025,2,MCO,BWI,NK,3.0,163.0
2025,2,MCO,BWI,NK,3.0,166.0
2025,2,MCO,BWI,NK,3.0,168.0
2025,2,MCO,BWI,NK,3.0,171.0
2025,2,MCO,BWI,NK,3.0,181.0
2025,2,MCO,BWI,NK,3.0,185.0
2025,2,MCO,BWI,NK,3.0,185.0
2025,2,MCO,BWI,NK,3.0,186.0
2025,2,MCO,BWI,NK,3.0,188.0
2025,2,MCO,BWI,NK,3.0,191.0
2025,2,MCO,BWI,NK,3.0,196.0
2025,2,MCO,BWI,NK,3.0,199.0
2025,2,MCO,BWI,NK,3.0,210.5
2025,2,MCO,BWI,NK,3.0,211.0
2025,2,MCO,BWI,NK,3.0,219.0
2025,2,MCO,BWI,NK,3.0,225.0
2025,2,MCO,BWI,NK,3.0,228.0
2025,2,MCO,BWI,NK,3.0,240.0
2025,2,MCO,BWI,NK,3.0,253.0
2025,2,MCO,BWI,NK,3.0,256.0
2025,2,MCO,BWI,NK,3.0,261.0
2025,2,MCO,BWI,NK,4.0,20.0
2025,2,MCO,BWI,NK,4.0,27.0
2025,2,MCO,BWI,NK,4.0,29.5
2025,2,MCO,BWI,NK,4.0,38.0
2025,2,MCO,BWI,NK,4.0,39.0
2025,2,MCO,BWI,NK,4.0,40.5
2025,2,MCO,BWI,NK,4.0,49.5
2025,2,MCO,BWI,NK,4.0,60.5
2025,2,MCO,BWI,NK,4.0,62.5
2025,2,MCO,BWI,NK,4.0,64.0
2025,2,MCO,BWI,NK,4.0,65.0
2025,2,MCO,BWI,NK,4.0,65.0
2025,2,MCO,BWI,NK,4.0,68.0
2025,2,MCO,BWI,NK,4.0,68.0
2025,2,MCO,BWI,NK,4.0,73.0
2025,2,MCO,BWI,NK,4.0,74.0
2025,2,MCO,BWI,NK,4.0,76.0
2025,2,MCO,BWI,NK,4.0,76.0
2025,2,MCO,BWI,NK,4.0,76.0
2025,2,MCO,BWI,NK,4.0,79.0
2025,2,MCO,BWI,NK,4.0,80.5
2025,2,MCO,BWI,NK,4.0,81.0
2025,2,MCO,BWI,NK,4.0,87.0
2025,2,MCO,BWI,NK,4.0,88.0
2025,2,MCO,BWI,NK,4.0,96.0
2025,2,MCO,BWI,NK,4.0,96.0
2025,2,MCO,BWI,NK,4.0,111.0
2025,2,MCO,BWI,NK,4.0,116.0
2025,2,MCO,BWI,NK,4.0,119.0
2025,2,MCO,BWI,NK,4.0,121.0
2025,2,MCO,BWI,NK,4.0,121.0
2025,2,MCO,BWI,NK,4.0,128.0
2025,2,MCO,BWI,NK,4.0,150.0
2025,2,MCO,BWI,NK,4.0,158.0
2025,2,MCO,BWI,NK,4.0,171.0
2025,2,MCO,BWI,NK,4.0,203.0
2025,2,MCO,BWI,NK,4.0,206.0
2025,2,MCO,BWI,NK,4.0,208.0
2025,2,MCO,BWI,NK,4.0,223.0
2025,2,MCO,BWI,NK,4.0,223.0
2025,2,MCO,BWI,NK,5.0,25.0
2025,2,MCO,BWI,NK,5.0,26.5
2025,2,MCO,BWI,NK,5.0,27.0
2025,2,MCO,BWI,NK,5.0,29.0
2025,2,MCO,BWI,NK,5.0,30.0
2025,2,MCO,BWI,NK,5.0,32.0
2025,2,MCO,BWI,NK,5.0,32.0
2025,2,MCO,BWI,NK,5.0,33.0
2025,2,MCO,BWI,NK,5.0,34.5
2025,2,MCO,BWI,NK,5.0,41.0
2025,2,MCO,BWI,NK,5.0,44.0
2025,2,MCO,BWI,NK,5.0,48.0
2025,2,MCO,BWI,NK,5.0,48.0
2025,2,MCO,BWI,NK,5.0,52.0
2025,2,MCO,BWI,NK,5.0,75.0
2025,2,MCO,BWI,NK,5.0,81.0
2025,2,MCO,BWI,NK,5.0,81.0
2025,2,MCO,BWI,NK,5.0,85.0
2025,2,MCO,BWI,NK,5.0,92.0
2025,2,MCO,BWI,NK,5.0,95.0
2025,2,MCO,BWI,NK,5.0,99.0
2025,2,MCO,BWI,NK,5.0,100.0
2025,2,MCO,BWI,NK,5.0,110.0
2025,2,MCO,BWI,NK,5.0,113.0
2025,2,MCO,BWI,NK,5.0,115.0
2025,2,MCO,BWI,NK,5.0,121.0
2025,2,MCO,BWI,NK,5.0,125.0
2025,2,MCO,BWI,NK,5.0,130.0
2025,2,MCO,BWI,NK,5.0,148.0
2025,2,MCO,BWI,NK,5.0,150.0
2025,2,MCO,BWI,NK,5.0,175.0
2025,2,MCO,BWI,NK,5.0,176.0
2025,2,MCO,BWI,NK,5.0,200.0
2025,2,MCO,BWI,NK,5.0,215.0
2025,2,MCO,BWI,NK,6.0,34.0
2025,2,MCO,BWI,NK,6.0,40.0
2025,2,MCO,BWI,NK,6.0,43.5
2025,2,MCO,BWI,NK,6.0,45.0
2025,2,MCO,BWI,NK,6.0,49.5
2025,2,MCO,BWI,NK,6.0,55.0
2025,2,MCO,BWI,NK,6.0,56.0
2025,2,MCO,BWI,NK,6.0,58.0
2025,2,MCO,BWI,NK,6.0,60.0
2025,2,MCO,BWI,NK,6.0,70.0
2025,2,MCO,BWI,NK,6.0,75.0
2025,2,MCO,BWI,NK,6.0,79.0
2025,2,MCO,BWI,NK,6.0,88.0
2025,2,MCO,BWI,NK,6.0,89.0
2025,2,MCO,BWI,NK,6.0,98.0
2025,2,MCO,BWI,NK,6.0,109.0
2025,2,MCO,BWI,NK,6.0,118.0
2025,2,MCO,BWI,NK,6.0,133.0
2025,2,MCO,BWI,NK,6.0,151.0
2025,2,MCO,BWI,NK,6.0,184.0
2025,2,MCO,BWI,NK,7.0,39.0
2025,2,MCO,BWI,NK,7.0,39.0
2025,2,MCO,BWI,NK,7.0,40.0
2025,2,MCO,BWI,NK,7.0,44.0
2025,2,MCO,BWI,NK,7.0,46.0
2025,2,MCO,BWI,NK,7.0,49.0
2025,2,MCO,BWI,NK,7.0,51.0
2025,2,MCO,BWI,NK,7.0,52.0
2025,2,MCO,BWI,NK,7.0,53.0
2025,2,MCO,BWI,NK,7.0,56.0
2025,2,MCO,BWI,NK,7.0,91.0
2025,2,MCO,BWI,NK,7.0,98.0
2025,2,MCO,BWI,NK,7.0,101.0
2025,2,MCO,BWI,NK,7.0,110.0
2025,2,MCO,BWI,NK,7.0,113.0
2025,2,MCO,BWI,NK,7.0,115.0
2025,2,MCO,BWI,NK,7.0,120.0
2025,2,MCO,BWI,NK,7.0,143.0
2025,2,MCO,BWI,NK,7.0,155.0
2025,2,MCO,BWI,NK,8.0,33.0
2025,2,MCO,BWI,NK,8.0,48.0
2025,2,MCO,BWI,NK,8.0,54.0
2025,2,MCO,BWI,NK,8.0,56.0
2025,2,MCO,BWI,NK,8.0,57.0
2025,2,MCO,BWI,NK,8.0,74.0
2025,2,MCO,BWI,NK,8.0,80.0
2025,2,MCO,BWI,NK,8.0,93.0
2025,2,MCO,BWI,NK,8.0,100.0
2025,2,MCO,BWI,NK,8.0,105.0
2025,2,MCO,BWI,NK,8.0,109.0
2025,2,MCO,BWI,NK,8.0,139.0
2025,2,MCO,BWI,NK,8.0,151.0
2025,2,MCO,BWI,NK,8.0,183.0
2025,2,MCO,BWI,NK,8.0,203.0
2025,2,MCO,BWI,NK,8.0,211.0
2025,2,MCO,BWI,NK,9.0,29.0
2025,2,MCO,BWI,NK,9.0,44.0
2025,2,MCO,BWI,NK,9.0,83.0
2025,2,MCO,BWI,NK,9.0,85.0
2025,2,MCO,BWI,NK,9.0,86.0
2025,2,MCO,BWI,NK,9.0,99.0
2025,2,MCO,BWI,NK,9.0,105.0
2025,2,MCO,BWI,NK,10.0,41.5
2025,2,MCO,BWI,NK,10.0,90.0
2025,2,MCO,BWI,NK,10.0,131.0
2025,2,MCO,BWI,NK,10.0,143.0
2025,2,MCO,BWI,NK,10.0,170.0
2025,2,MCO,BWI,NK,11.0,5.5
2025,2,MCO,BWI,NK,11.0,46.0
2025,2,MCO,BWI,NK,11.0,59.0
2025,2,MCO,BWI,NK,11.0,61.0
2025,2,MCO,BWI,NK,11.0,69.0
2025,2,MCO,BWI,NK,11.0,78.0
2025,2,MCO,BWI,NK,11.0,79.0
2025,2,MCO,BWI,NK,11.0,80.0
2025,2,MCO,BWI,NK,11.0,95.0
2025,2,MCO,BWI,NK,11.0,163.0
2025,2,MCO,BWI,NK,12.0,63.0
2025,2,MCO,BWI,NK,12.0,95.0
2025,2,MCO,BWI,NK,12.0,163.0
2025,2,MCO,BWI,NK,12.0,210.0
2025,2,MCO,BWI,NK,13.0,36.0
2025,2,MCO,BWI,NK,13.0,51.0
2025,2,MCO,BWI,NK,13.0,58.0
2025,2,MCO,BWI,NK,13.0,59.0
2025,2,MCO,BWI,NK,13.0,71.0
2025,2,MCO,BWI,NK,13.0,91.0
2025,2,MCO,BWI,NK,13.0,123.0
2025,2,MCO,BWI,NK,14.0,38.5
2025,2,MCO,BWI,NK,14.0,85.0
2025,2,MCO,BWI,NK,15.0,66.0
2025,2,MCO,BWI,NK,15.0,106.0
2025,2,MCO,BWI,NK,16.0,38.5
2025,2,MCO,BWI,NK,17.0,50.0
2025,2,MCO,BWI,NK,17.0,55.0
2025,2,MCO,BWI,NK,17.0,70.0
2025,2,MCO,BWI,NK,17.0,71.0
2025,2,MCO,BWI,NK,17.0,103.0
2025,2,MCO,BWI,NK,18.0,38.0
2025,2,MCO,BWI,NK,18.0,65.0
2025,2,MCO,BWI,NK,19.0,51.0
2025,2,MCO,BWI,NK,20.0,50.0
2025,2,MCO,BWI,NK,20.0,66.0
2025,2,MCO,BWI,NK,20.0,70.0
2025,2,MCO,BWI,NK,20.0,130.0
2025,2,MCO,BWI,NK,21.0,73.0
2025,2,MCO,BWI,NK,21.0,90.0
2025,2,MCO,BWI,NK,22.0,60.0
2025,2,MCO,BWI,NK,23.0,53.0
2025,2,MCO,BWI,NK,23.0,83.0
2025,2,MCO,BWI,NK,23.0,136.0
2025,2,MCO,BWI,NK,24.0,123.0
2025,2,MCO,BWI,NK,26.0,46.0
2025,2,MCO,BWI,NK,27.0,5.5
2025,2,MCO,BWI,NK,27.0,115.0
2025,2,MCO,BWI,NK,28.0,63.0
2025,2,MCO,BWI,NK,28.0,66.0
2025,2,MCO,BWI,NK,32.0,55.0
2025,2,MCO,BWI,NK,33.0,6.0
2025,2,MCO,BWI,NK,36.0,75.0
2025,2,MCO,BWI,NK,39.0,83.0
2025,2,MCO,BWI,NK,45.0,50.0
2025,2,MCO,BWI,NK,53.0,53.0
2025,2,MCO,BWI,NK,53.0,63.0
2025,2,MCO,BWI,NK,59.0,43.0
2025,2,MCO,BWI,NK,65.0,43.0
2025,2,MCO,BWI,NK,106.0,43.0
2025,2,LAS,DFW,NK,1.0,4.54
2025,2,LAS,DFW,NK,1.0,20.0
2025,2,LAS,DFW,NK,1.0,21.0
2025,2,LAS,DFW,NK,1.0,22.0
2025,2,LAS,DFW,NK,1.0,25.0
2025,2,LAS,DFW,NK,1.0,26.0
2025,2,LAS,DFW,NK,1.0,26.5
2025,2,LAS,DFW,NK,1.0,26.5
2025,2,LAS,DFW,NK,1.0,28.0
2025,2,LAS,DFW,NK,1.0,28.5
2025,2,LAS,DFW,NK,1.0,28.5
2025,2,LAS,DFW,NK,1.0,28.97
2025,2,LAS,DFW,NK,1.0,29.0
2025,2,LAS,DFW,NK,1.0,29.5
2025,2,LAS,DFW,NK,1.0,30.0
2025,2,LAS,DFW,NK,1.0,30.0
2025,2,LAS,DFW,NK,1.0,30.0
2025,2,LAS,DFW,NK,1.0,30.03
2025,2,LAS,DFW,NK,1.0,30.31
2025,2,LAS,DFW,NK,1.0,30.5
2025,2,LAS,DFW,NK,1.0,31.0
2025,2,LAS,DFW,NK,1.0,31.5
2025,2,LAS,DFW,NK,1.0,32.0
2025,2,LAS,DFW,NK,1.0,32.0
2025,2,LAS,DFW,NK,1.0,32.5
2025,2,LAS,DFW,NK,1.0,33.0
2025,2,LAS,DFW,NK,1.0,33.5
2025,2,LAS,DFW,NK,1.0,35.0
2025,2,LAS,DFW,NK,1.0,36.5
2025,2,LAS,DFW,NK,1.0,36.75
2025,2,LAS,DFW,NK,1.0,37.16
2025,2,LAS,DFW,NK,1.0,37.23
2025,2,LAS,DFW,NK,1.0,37.5
2025,2,LAS,DFW,NK,1.0,38.0
2025,2,LAS,DFW,NK,1.0,40.5
2025,2,LAS,DFW,NK,1.0,41.0
2025,2,LAS,DFW,NK,1.0,42.0
2025,2,LAS,DFW,NK,1.0,43.5
2025,2,LAS,DFW,NK,1.0,43.88
2025,2,LAS,DFW,NK,1.0,44.21
2025,2,LAS,DFW,NK,1.0,44.5
2025,2,LAS,DFW,NK,1.0,44.59
2025,2,LAS,DFW,NK,1.0,44.82
2025,2,LAS,DFW,NK,1.0,45.5
2025,2,LAS,DFW,NK,1.0,45.7
2025,2,LAS,DFW,NK,1.0,46.0
2025,2,LAS,DFW,NK,1.0,46.5
2025,2,LAS,DFW,NK,1.0,47.0
2025,2,LAS,DFW,NK,1.0,48.5
2025,2,LAS,DFW,NK,1.0,49.5
2025,2,LAS,DFW,NK,1.0,49.83
2025,2,LAS,DFW,NK,1.0,50.0
2025,2,LAS,DFW,NK,1.0,51.0
2025,2,LAS,DFW,NK,1.0,51.5
2025,2,LAS,DFW,NK,1.0,52.0
2025,2,LAS,DFW,NK,1.0,52.0
2025,2,LAS,DFW,NK,1.0,52.87
2025,2,LAS,DFW,NK,1.0,53.19
2025,2,LAS,DFW,NK,1.0,54.5
2025,2,LAS,DFW,NK,1.0,55.0
2025,2,LAS,DFW,NK,1.0,55.0
2025,2,LAS,DFW,NK,1.0,56.5
2025,2,LAS,DFW,NK,1.0,56.64
2025,2,LAS,DFW,NK,1.0,57.0
2025,2,LAS,DFW,NK,1.0,59.67
2025,2,LAS,DFW,NK,1.0,60.0
2025,2,LAS,DFW,NK,1.0,60.0
2025,2,LAS,DFW,NK,1.0,60.01
2025,2,LAS,DFW,NK,1.0,60.5
2025,2,LAS,DFW,NK,1.0,61.5
2025,2,LAS,DFW,NK,1.0,61.52
2025,2,LAS,DFW,NK,1.0,62.0
2025,2,LAS,DFW,NK,1.0,62.5
2025,2,LAS,DFW,NK,1.0,64.5
2025,2,LAS,DFW,NK,1.0,64.59
2025,2,LAS,DFW,NK,1.0,65.0
2025,2,LAS,DFW,NK,1.0,65.0
2025,2,LAS,DFW,NK,1.0,65.0
2025,2,LAS,DFW,NK,1.0,65.8
2025,2,LAS,DFW,NK,1.0,66.83
2025,2,LAS,DFW,NK,1.0,69.0
2025,2,LAS,DFW,NK,1.0,70.0
2025,2,LAS,DFW,NK,1.0,70.77
2025,2,LAS,DFW,NK,1.0,70.95
2025,2,LAS,DFW,NK,1.0,71.0
2025,2,LAS,DFW,NK,1.0,71.0
2025,2,LAS,DFW,NK,1.0,73.37
2025,2,LAS,DFW,NK,1.0,73.65
2025,2,LAS,DFW,NK,1.0,73.93
2025,2,LAS,DFW,NK,1.0,75.0
2025,2,LAS,DFW,NK,1.0,75.0
2025,2,LAS,DFW,NK,1.0,75.5
2025,2,LAS,DFW,NK,1.0,76.5
2025,2,LAS,DFW,NK,1.0,77.0
2025,2,LAS,DFW,NK,1.0,77.0
2025,2,LAS,DFW,NK,1.0,77.06
2025,2,LAS,DFW,NK,1.0,77.66
2025,2,LAS,DFW,NK,1.0,78.5
2025,2,LAS,DFW,NK,1.0,78.74
2025,2,LAS,DFW,NK,1.0,79.0
2025,2,LAS,DFW,NK,1.0,79.5
2025,2,LAS,DFW,NK,1.0,80.0
2025,2,LAS,DFW,NK,1.0,81.0
2025,2,LAS,DFW,NK,1.0,82.0
2025,2,LAS,DFW,NK,1.0,82.5
2025,2,LAS,DFW,NK,1.0,83.0
2025,2,LAS,DFW,NK,1.0,83.31
2025,2,LAS,DFW,NK,1.0,83.5
2025,2,LAS,DFW,NK,1.0,84.66
2025,2,LAS,DFW,NK,1.0,85.0
2025,2,LAS,DFW,NK,1.0,86.0
2025,2,LAS,DFW,NK,1.0,87.0
2025,2,LAS,DFW,NK,1.0,87.0
2025,2,LAS,DFW,NK,1.0,88.36
2025,2,LAS,DFW,NK,1.0,88.79
2025,2,LAS,DFW,NK,1.0,89.0
2025,2,LAS,DFW,NK,1.0,89.0
2025,2,LAS,DFW,NK,1.0,91.0
2025,2,LAS,DFW,NK,1.0,91.0
2025,2,LAS,DFW,NK,1.0,91.5
2025,2,LAS,DFW,NK,1.0,92.91
2025,2,LAS,DFW,NK,1.0,93.47
2025,2,LAS,DFW,NK,1.0,93.5
2025,2,LAS,DFW,NK,1.0,93.79
2025,2,LAS,DFW,NK,1.0,94.0
2025,2,LAS,DFW,NK,1.0,94.0
2025,2,LAS,DFW,NK,1.0,94.11
2025,2,LAS,DFW,NK,1.0,94.5
2025,2,LAS,DFW,NK,1.0,94.5
2025,2,LAS,DFW,NK,1.0,95.98
2025,2,LAS,DFW,NK,1.0,96.0
2025,2,LAS,DFW,NK,1.0,96.31
2025,2,LAS,DFW,NK,1.0,96.84
2025,2,LAS,DFW,NK,1.0,97.0
2025,2,LAS,DFW,NK,1.0,97.0
2025,2,LAS,DFW,NK,1.0,97.5
2025,2,LAS,DFW,NK,1.0,98.0
2025,2,LAS,DFW,NK,1.0,99.0
2025,2,LAS,DFW,NK,1.0,99.23
2025,2,LAS,DFW,NK,1.0,100.0
2025,2,LAS,DFW,NK,1.0,101.0
2025,2,LAS,DFW,NK,1.0,101.06
2025,2,LAS,DFW,NK,1.0,102.5
2025,2,LAS,DFW,NK,1.0,102.61
2025,2,LAS,DFW,NK,1.0,103.09
2025,2,LAS,DFW,NK,1.0,105.11
2025,2,LAS,DFW,NK,1.0,105.3
2025,2,LAS,DFW,NK,1.0,106.0
2025,2,LAS,DFW,NK,1.0,106.22
2025,2,LAS,DFW,NK,1.0,106.5
2025,2,LAS,DFW,NK,1.0,107.5
2025,2,LAS,DFW,NK,1.0,108.0
2025,2,LAS,DFW,NK,1.0,108.5
2025,2,LAS,DFW,NK,1.0,108.97
2025,2,LAS,DFW,NK,1.0,109.0
2025,2,LAS,DFW,NK,1.0,109.0
2025,2,LAS,DFW,NK,1.0,109.5
2025,2,LAS,DFW,NK,1.0,109.5
2025,2,LAS,DFW,NK,1.0,110.34
2025,2,LAS,DFW,NK,1.0,111.0
2025,2,LAS,DFW,NK,1.0,111.0
2025,2,LAS,DFW,NK,1.0,111.0
2025,2,LAS,DFW,NK,1.0,112.0
2025,2,LAS,DFW,NK,1.0,112.0
2025,2,LAS,DFW,NK,1.0,112.0
2025,2,LAS,DFW,NK,1.0,112.5
2025,2,LAS,DFW,NK,1.0,113.0
2025,2,LAS,DFW,NK,1.0,113.5
2025,2,LAS,DFW,NK,1.0,113.5
2025,2,LAS,DFW,NK,1.0,114.0
2025,2,LAS,DFW,NK,1.0,114.0
2025,2,LAS,DFW,NK,1.0,115.0
2025,2,LAS,DFW,NK,1.0,115.5
2025,2,LAS,DFW,NK,1.0,117.0
2025,2,LAS,DFW,NK,1.0,117.5
2025,2,LAS,DFW,NK,1.0,117.5
2025,2,LAS,DFW,NK,1.0,119.0
2025,2,LAS,DFW,NK,1.0,119.0
2025,2,LAS,DFW,NK,1.0,120.65
2025,2,LAS,DFW,NK,1.0,121.0
2025,2,LAS,DFW,NK,1.0,121.0
2025,2,LAS,DFW,NK,1.0,121.4
2025,2,LAS,DFW,NK,1.0,122.0
2025,2,LAS,DFW,NK,1.0,122.5
2025,2,LAS,DFW,NK,1.0,123.0
2025,2,LAS,DFW,NK,1.0,124.0
2025,2,LAS,DFW,NK,1.0,124.0
2025,2,LAS,DFW,NK,1.0,125.0
2025,2,LAS,DFW,NK,1.0,127.0
2025,2,LAS,DFW,NK,1.0,127.0
2025,2,LAS,DFW,NK,1.0,128.5
2025,2,LAS,DFW,NK,1.0,129.0
2025,2,LAS,DFW,NK,1.0,130.5
2025,2,LAS,DFW,NK,1.0,131.5
2025,2,LAS,DFW,NK,1.0,132.0
2025,2,LAS,DFW,NK,1.0,132.5
2025,2,LAS,DFW,NK,1.0,132.5
2025,2,LAS,DFW,NK,1.0,134.0
2025,2,LAS,DFW,NK,1.0,134.0
2025,2,LAS,DFW,NK,1.0,134.66
2025,2,LAS,DFW,NK,1.0,136.0
2025,2,LAS,DFW,NK,1.0,136.5
2025,2,LAS,DFW,NK,1.0,137.0
2025,2,LAS,DFW,NK,1.0,138.74
2025,2,LAS,DFW,NK,1.0,139.0
2025,2,LAS,DFW,NK,1.0,140.0
2025,2,LAS,DFW,NK,1.0,143.0
2025,2,LAS,DFW,NK,1.0,144.0
2025,2,LAS,DFW,NK,1.0,144.0
2025,2,LAS,DFW,NK,1.0,144.5
2025,2,LAS,DFW,NK,1.0,146.0
2025,2,LAS,DFW,NK,1.0,147.0
2025,2,LAS,DFW,NK,1.0,147.0
2025,2,LAS,DFW,NK,1.0,148.0
2025,2,LAS,DFW,NK,1.0,149.0
2025,2,LAS,DFW,NK,1.0,151.0
2025,2,LAS,DFW,NK,1.0,151.0
2025,2,LAS,DFW,NK,1.0,151.13
2025,2,LAS,DFW,NK,1.0,152.0
2025,2,LAS,DFW,NK,1.0,152.0
2025,2,LAS,DFW,NK,1.0,152.0
2025,2,LAS,DFW,NK,1.0,153.0
2025,2,LAS,DFW,NK,1.0,153.0
2025,2,LAS,DFW,NK,1.0,154.0
2025,2,LAS,DFW,NK,1.0,158.0
2025,2,LAS,DFW,NK,1.0,159.5
2025,2,LAS,DFW,NK,1.0,160.73
2025,2,LAS,DFW,NK,1.0,161.5
2025,2,LAS,DFW,NK,1.0,164.0
2025,2,LAS,DFW,NK,1.0,164.5
2025,2,LAS,DFW,NK,1.0,164.73
2025,2,LAS,DFW,NK,1.0,165.0
2025,2,LAS,DFW,NK,1.0,165.5
2025,2,LAS,DFW,NK,1.0,166.5
2025,2,LAS,DFW,NK,1.0,167.0
2025,2,LAS,DFW,NK,1.0,167.5
2025,2,LAS,DFW,NK,1.0,171.0
2025,2,LAS,DFW,NK,1.0,173.0
2025,2,LAS,DFW,NK,1.0,173.19
2025,2,LAS,DFW,NK,1.0,173.48
2025,2,LAS,DFW,NK,1.0,174.0
2025,2,LAS,DFW,NK,1.0,175.0
2025,2,LAS,DFW,NK,1.0,175.5
2025,2,LAS,DFW,NK,1.0,176.5
2025,2,LAS,DFW,NK,1.0,177.0
2025,2,LAS,DFW,NK,1.0,177.5
2025,2,LAS,DFW,NK,1.0,178.0
2025,2,LAS,DFW,NK,1.0,181.0
2025,2,LAS,DFW,NK,1.0,181.0
2025,2,LAS,DFW,NK,1.0,181.0
2025,2,LAS,DFW,NK,1.0,185.0
2025,2,LAS,DFW,NK,1.0,185.0
2025,2,LAS,DFW,NK,1.0,186.0
2025,2,LAS,DFW,NK,1.0,186.0
2025,2,LAS,DFW,NK,1.0,186.5
2025,2,LAS,DFW,NK,1.0,188.0
2025,2,LAS,DFW,NK,1.0,189.0
2025,2,LAS,DFW,NK,1.0,191.5
2025,2,LAS,DFW,NK,1.0,193.5
2025,2,LAS,DFW,NK,1.0,194.0
2025,2,LAS,DFW,NK,1.0,196.0
2025,2,LAS,DFW,NK,1.0,199.0
2025,2,LAS,DFW,NK,1.0,200.0
2025,2,LAS,DFW,NK,1.0,200.5
2025,2,LAS,DFW,NK,1.0,202.0
2025,2,LAS,DFW,NK,1.0,203.0
2025,2,LAS,DFW,NK,1.0,203.0
2025,2,LAS,DFW,NK,1.0,205.0
2025,2,LAS,DFW,NK,1.0,207.0
2025,2,LAS,DFW,NK,1.0,208.0
2025,2,LAS,DFW,NK,1.0,209.0
2025,2,LAS,DFW,NK,1.0,210.5
2025,2,LAS,DFW,NK,1.0,212.0
2025,2,LAS,DFW,NK,1.0,212.0
2025,2,LAS,DFW,NK,1.0,213.0
2025,2,LAS,DFW,NK,1.0,214.0
2025,2,LAS,DFW,NK,1.0,215.0
2025,2,LAS,DFW,NK,1.0,215.5
2025,2,LAS,DFW,NK,1.0,220.5
2025,2,LAS,DFW,NK,1.0,221.5
2025,2,LAS,DFW,NK,1.0,223.0
2025,2,LAS,DFW,NK,1.0,223.5
2025,2,LAS,DFW,NK,1.0,225.5
2025,2,LAS,DFW,NK,1.0,228.0
2025,2,LAS,DFW,NK,1.0,228.0
2025,2,LAS,DFW,NK,1.0,229.0
2025,2,LAS,DFW,NK,1.0,230.5
2025,2,LAS,DFW,NK,1.0,231.5
2025,2,LAS,DFW,NK,1.0,233.0
2025,2,LAS,DFW,NK,1.0,235.0
2025,2,LAS,DFW,NK,1.0,243.0
2025,2,LAS,DFW,NK,1.0,243.0
2025,2,LAS,DFW,NK,1.0,248.0
2025,2,LAS,DFW,NK,1.0,260.5
2025,2,LAS,DFW,NK,1.0,262.45
2025,2,LAS,DFW,NK,1.0,265.5
2025,2,LAS,DFW,NK,1.0,268.0
2025,2,LAS,DFW,NK,1.0,269.0
2025,2,LAS,DFW,NK,1.0,273.0
2025,2,LAS,DFW,NK,1.0,275.04
2025,2,LAS,DFW,NK,1.0,275.5
2025,2,LAS,DFW,NK,1.0,282.0
2025,2,LAS,DFW,NK,1.0,288.0
2025,2,LAS,DFW,NK,1.0,288.0
2025,2,LAS,DFW,NK,1.0,290.5
2025,2,LAS,DFW,NK,1.0,291.5
2025,2,LAS,DFW,NK,1.0,293.0
2025,2,LAS,DFW,NK,1.0,296.0
2025,2,LAS,DFW,NK,1.0,301.0
2025,2,LAS,DFW,NK,1.0,312.0
2025,2,LAS,DFW,NK,1.0,318.0
2025,2,LAS,DFW,NK,1.0,320.5
2025,2,LAS,DFW,NK,1.0,325.0
2025,2,LAS,DFW,NK,1.0,333.0
2025,2,LAS,DFW,NK,1.0,337.5
2025,2,LAS,DFW,NK,1.0,343.0
2025,2,LAS,DFW,NK,1.0,359.0
2025,2,LAS,DFW,NK,1.0,363.0
2025,2,LAS,DFW,NK,1.0,383.0
2025,2,LAS,DFW,NK,1.0,438.0
2025,2,LAS,DFW,NK,2.0,5.5
2025,2,LAS,DFW,NK,2.0,21.0
2025,2,LAS,DFW,NK,2.0,23.5
2025,2,LAS,DFW,NK,2.0,23.5
2025,2,LAS,DFW,NK,2.0,27.0
2025,2,LAS,DFW,NK,2.0,34.0
2025,2,LAS,DFW,NK,2.0,34.5
2025,2,LAS,DFW,NK,2.0,37.0
2025,2,LAS,DFW,NK,2.0,41.0
2025,2,LAS,DFW,NK,2.0,42.0
2025,2,LAS,DFW,NK,2.0,42.5
2025,2,LAS,DFW,NK,2.0,45.0
2025,2,LAS,DFW,NK,2.0,47.5
2025,2,LAS,DFW,NK,2.0,49.5
2025,2,LAS,DFW,NK,2.0,50.0
2025,2,LAS,DFW,NK,2.0,50.5
2025,2,LAS,DFW,NK,2.0,51.0
2025,2,LAS,DFW,NK,2.0,52.0
2025,2,LAS,DFW,NK,2.0,53.0
2025,2,LAS,DFW,NK,2.0,53.5
2025,2,LAS,DFW,NK,2.0,53.68
2025,2,LAS,DFW,NK,2.0,55.0
2025,2,LAS,DFW,NK,2.0,58.0
2025,2,LAS,DFW,NK,2.0,62.0
2025,2,LAS,DFW,NK,2.0,65.5
2025,2,LAS,DFW,NK,2.0,66.5
2025,2,LAS,DFW,NK,2.0,68.0
2025,2,LAS,DFW,NK,2.0,70.0
2025,2,LAS,DFW,NK,2.0,72.5
2025,2,LAS,DFW,NK,2.0,73.91
2025,2,LAS,DFW,NK,2.0,74.5
2025,2,LAS,DFW,NK,2.0,75.0
2025,2,LAS,DFW,NK,2.0,76.0
2025,2,LAS,DFW,NK,2.0,77.5
2025,2,LAS,DFW,NK,2.0,78.0
2025,2,LAS,DFW,NK,2.0,81.5
2025,2,LAS,DFW,NK,2.0,84.0
2025,2,LAS,DFW,NK,2.0,87.0
2025,2,LAS,DFW,NK,2.0,87.0
2025,2,LAS,DFW,NK,2.0,89.5
2025,2,LAS,DFW,NK,2.0,90.0
2025,2,LAS,DFW,NK,2.0,92.0
2025,2,LAS,DFW,NK,2.0,92.0
2025,2,LAS,DFW,NK,2.0,92.5
2025,2,LAS,DFW,NK,2.0,93.0
2025,2,LAS,DFW,NK,2.0,94.0
2025,2,LAS,DFW,NK,2.0,95.5
2025,2,LAS,DFW,NK,2.0,97.5
2025,2,LAS,DFW,NK,2.0,99.5
2025,2,LAS,DFW,NK,2.0,100.0
2025,2,LAS,DFW,NK,2.0,102.5
2025,2,LAS,DFW,NK,2.0,104.0
2025,2,LAS,DFW,NK,2.0,104.9
2025,2,LAS,DFW,NK,2.0,106.0
2025,2,LAS,DFW,NK,2.0,107.0
2025,2,LAS,DFW,NK,2.0,112.5
2025,2,LAS,DFW,NK,2.0,116.5
2025,2,LAS,DFW,NK,2.0,118.5
2025,2,LAS,DFW,NK,2.0,119.0
2025,2,LAS,DFW,NK,2.0,120.5
2025,2,LAS,DFW,NK,2.0,121.0
2025,2,LAS,DFW,NK,2.0,129.5
2025,2,LAS,DFW,NK,2.0,132.0
2025,2,LAS,DFW,NK,2.0,137.0
2025,2,LAS,DFW,NK,2.0,137.5
2025,2,LAS,DFW,NK,2.0,139.0
2025,2,LAS,DFW,NK,2.0,140.5
2025,2,LAS,DFW,NK,2.0,142.0
2025,2,LAS,DFW,NK,2.0,144.5
2025,2,LAS,DFW,NK,2.0,148.5
2025,2,LAS,DFW,NK,2.0,151.0
2025,2,LAS,DFW,NK,2.0,151.5
2025,2,LAS,DFW,NK,2.0,163.0
2025,2,LAS,DFW,NK,2.0,163.5
2025,2,LAS,DFW,NK,2.0,165.0
2025,2,LAS,DFW,NK,2.0,166.0
2025,2,LAS,DFW,NK,2.0,174.0
2025,2,LAS,DFW,NK,2.0,179.0
2025,2,LAS,DFW,NK,2.0,188.0
2025,2,LAS,DFW,NK,2.0,189.0
2025,2,LAS,DFW,NK,2.0,197.0
2025,2,LAS,DFW,NK,2.0,204.0
2025,2,LAS,DFW,NK,2.0,213.0
2025,2,LAS,DFW,NK,2.0,226.5
2025,2,LAS,DFW,NK,2.0,233.0
2025,2,LAS,DFW,NK,2.0,256.0
2025,2,LAS,DFW,NK,2.0,273.0
2025,2,LAS,DFW,NK,2.0,313.0
2025,2,LAS,DFW,NK,2.0,448.0
2025,2,LAS,DFW,NK,3.0,32.5
2025,2,LAS,DFW,NK,3.0,36.5
2025,2,LAS,DFW,NK,3.0,38.5
2025,2,LAS,DFW,NK,3.0,40.0
2025,2,LAS,DFW,NK,3.0,41.5
2025,2,LAS,DFW,NK,3.0,45.0
2025,2,LAS,DFW,NK,3.0,45.5
2025,2,LAS,DFW,NK,3.0,47.5
2025,2,LAS,DFW,NK,3.0,55.5
2025,2,LAS,DFW,NK,3.0,56.0
2025,2,LAS,DFW,NK,3.0,56.0
2025,2,LAS,DFW,NK,3.0,56.5
2025,2,LAS,DFW,NK,3.0,60.5
2025,2,LAS,DFW,NK,3.0,62.0
2025,2,LAS,DFW,NK,3.0,66.0
2025,2,LAS,DFW,NK,3.0,67.0
2025,2,LAS,DFW,NK,3.0,71.5
2025,2,LAS,DFW,NK,3.0,73.0
2025,2,LAS,DFW,NK,3.0,73.5
2025,2,LAS,DFW,NK,3.0,80.5
2025,2,LAS,DFW,NK,3.0,82.5
2025,2,LAS,DFW,NK,3.0,84.0
2025,2,LAS,DFW,NK,3.0,84.0
2025,2,LAS,DFW,NK,3.0,86.0
2025,2,LAS,DFW,NK,3.0,95.0
2025,2,LAS,DFW,NK,3.0,95.0
2025,2,LAS,DFW,NK,3.0,96.5
2025,2,LAS,DFW,NK,3.0,97.0
2025,2,LAS,DFW,NK,3.0,97.0
2025,2,LAS,DFW,NK,3.0,101.0
2025,2,LAS,DFW,NK,3.0,102.0
2025,2,LAS,DFW,NK,3.0,102.0
2025,2,LAS,DFW,NK,3.0,103.5
2025,2,LAS,DFW,NK,3.0,105.0
2025,2,LAS,DFW,NK,3.0,105.5
2025,2,LAS,DFW,NK,3.0,106.0
2025,2,LAS,DFW,NK,3.0,110.0
2025,2,LAS,DFW,NK,3.0,113.0
2025,2,LAS,DFW,NK,3.0,116.0
2025,2,LAS,DFW,NK,3.0,118.0
2025,2,LAS,DFW,NK,3.0,119.5
2025,2,LAS,DFW,NK,3.0,120.0
2025,2,LAS,DFW,NK,3.0,133.0
2025,2,LAS,DFW,NK,3.0,133.5
2025,2,LAS,DFW,NK,3.0,138.0
2025,2,LAS,DFW,NK,3.0,142.0
2025,2,LAS,DFW,NK,3.0,145.0
2025,2,LAS,DFW,NK,3.0,146.0
2025,2,LAS,DFW,NK,3.0,146.5
2025,2,LAS,DFW,NK,3.0,155.5
2025,2,LAS,DFW,NK,3.0,168.0
2025,2,LAS,DFW,NK,3.0,170.5
2025,2,LAS,DFW,NK,3.0,178.0
2025,2,LAS,DFW,NK,3.0,193.0
2025,2,LAS,DFW,NK,3.0,198.0
2025,2,LAS,DFW,NK,3.0,205.5
2025,2,LAS,DFW,NK,3.0,218.0
2025,2,LAS,DFW,NK,3.0,230.0
2025,2,LAS,DFW,NK,3.0,238.0
2025,2,LAS,DFW,NK,3.0,248.0
2025,2,LAS,DFW,NK,4.0,33.0
2025,2,LAS,DFW,NK,4.0,34.5
2025,2,LAS,DFW,NK,4.0,35.0
2025,2,LAS,DFW,NK,4.0,37.5
2025,2,LAS,DFW,NK,4.0,40.5
2025,2,LAS,DFW,NK,4.0,42.5
2025,2,LAS,DFW,NK,4.0,43.0
2025,2,LAS,DFW,NK,4.0,45.0
2025,2,LAS,DFW,NK,4.0,46.0
2025,2,LAS,DFW,NK,4.0,48.0
2025,2,LAS,DFW,NK,4.0,51.5
2025,2,LAS,DFW,NK,4.0,57.0
2025,2,LAS,DFW,NK,4.0,61.0
2025,2,LAS,DFW,NK,4.0,62.5
2025,2,LAS,DFW,NK,4.0,63.0
2025,2,LAS,DFW,NK,4.0,64.0
2025,2,LAS,DFW,NK,4.0,70.5
2025,2,LAS,DFW,NK,4.0,72.0
2025,2,LAS,DFW,NK,4.0,72.0
2025,2,LAS,DFW,NK,4.0,74.0
2025,2,LAS,DFW,NK,4.0,88.0
2025,2,LAS,DFW,NK,4.0,90.0
2025,2,LAS,DFW,NK,4.0,92.0
2025,2,LAS,DFW,NK,4.0,103.0
2025,2,LAS,DFW,NK,4.0,128.0
2025,2,LAS,DFW,NK,4.0,136.0
2025,2,LAS,DFW,NK,4.0,141.0
2025,2,LAS,DFW,NK,4.0,218.0
2025,2,LAS,DFW,NK,4.0,263.0
2025,2,LAS,DFW,NK,4.0,353.0
2025,2,LAS,DFW,NK,5.0,26.0
2025,2,LAS,DFW,NK,5.0,33.0
2025,2,LAS,DFW,NK,5.0,35.5
2025,2,LAS,DFW,NK,5.0,44.5
2025,2,LAS,DFW,NK,5.0,48.5
2025,2,LAS,DFW,NK,5.0,54.5
2025,2,LAS,DFW,NK,5.0,55.0
2025,2,LAS,DFW,NK,5.0,58.0
2025,2,LAS,DFW,NK,5.0,65.0
2025,2,LAS,DFW,NK,5.0,68.5
2025,2,LAS,DFW,NK,5.0,69.0
2025,2,LAS,DFW,NK,5.0,71.0
2025,2,LAS,DFW,NK,5.0,77.0
2025,2,LAS,DFW,NK,5.0,79.0
2025,2,LAS,DFW,NK,5.0,82.0
2025,2,LAS,DFW,NK,5.0,88.0
2025,2,LAS,DFW,NK,5.0,108.0
2025,2,LAS,DFW,NK,5.0,116.0
2025,2,LAS,DFW,NK,5.0,123.5
2025,2,LAS,DFW,NK,5.0,125.5
2025,2,LAS,DFW,NK,5.0,138.0
2025,2,LAS,DFW,NK,5.0,145.5
2025,2,LAS,DFW,NK,5.0,150.5
2025,2,LAS,DFW,NK,5.0,160.5
2025,2,LAS,DFW,NK,5.0,162.0
2025,2,LAS,DFW,NK,5.0,176.5
2025,2,LAS,DFW,NK,5.0,183.0
2025,2,LAS,DFW,NK,5.0,198.0
2025,2,LAS,DFW,NK,5.0,208.0
2025,2,LAS,DFW,NK,6.0,29.5
2025,2,LAS,DFW,NK,6.0,31.0
2025,2,LAS,DFW,NK,6.0,36.0
2025,2,LAS,DFW,NK,6.0,41.0
2025,2,LAS,DFW,NK,6.0,50.0
2025,2,LAS,DFW,NK,6.0,51.0
2025,2,LAS,DFW,NK,6.0,52.5
2025,2,LAS,DFW,NK,6.0,57.5
2025,2,LAS,DFW,NK,6.0,58.5
2025,2,LAS,DFW,NK,6.0,61.0
2025,2,LAS,DFW,NK,6.0,63.5
2025,2,LAS,DFW,NK,6.0,67.0
2025,2,LAS,DFW,NK,6.0,70.0
2025,2,LAS,DFW,NK,6.0,71.5
2025,2,LAS,DFW,NK,6.0,98.5
2025,2,LAS,DFW,NK,6.0,108.0
2025,2,LAS,DFW,NK,6.0,131.0
2025,2,LAS,DFW,NK,6.0,134.0
2025,2,LAS,DFW,NK,6.0,173.0
2025,2,LAS,DFW,NK,6.0,193.0
2025,2,LAS,DFW,NK,6.0,283.0
2025,2,LAS,DFW,NK,7.0,26.0
2025,2,LAS,DFW,NK,7.0,40.0
2025,2,LAS,DFW,NK,7.0,46.5
2025,2,LAS,DFW,NK,7.0,50.5
2025,2,LAS,DFW,NK,7.0,56.0
2025,2,LAS,DFW,NK,7.0,58.0
2025,2,LAS,DFW,NK,7.0,60.0
2025,2,LAS,DFW,NK,7.0,74.0
2025,2,LAS,DFW,NK,7.0,83.5
2025,2,LAS,DFW,NK,7.0,93.5
2025,2,LAS,DFW,NK,7.0,100.5
2025,2,LAS,DFW,NK,7.0,102.0
2025,2,LAS,DFW,NK,7.0,130.5
2025,2,LAS,DFW,NK,7.0,131.0
2025,2,LAS,DFW,NK,7.0,148.0
2025,2,LAS,DFW,NK,7.0,153.0
2025,2,LAS,DFW,NK,7.0,158.0
2025,2,LAS,DFW,NK,7.0,158.0
2025,2,LAS,DFW,NK,8.0,31.0
2025,2,LAS,DFW,NK,8.0,53.0
2025,2,LAS,DFW,NK,8.0,64.0
2025,2,LAS,DFW,NK,8.0,129.0
2025,2,LAS,DFW,NK,8.0,133.0
2025,2,LAS,DFW,NK,8.0,176.0
2025,2,LAS,DFW,NK,8.0,190.0
2025,2,LAS,DFW,NK,8.0,223.0
2025,2,LAS,DFW,NK,9.0,39.0
2025,2,LAS,DFW,NK,9.0,59.0
2025,2,LAS,DFW,NK,9.0,67.5
2025,2,LAS,DFW,NK,9.0,98.0
2025,2,LAS,DFW,NK,9.0,168.0
2025,2,LAS,DFW,NK,9.0,180.0
2025,2,LAS,DFW,NK,9.0,253.0
2025,2,LAS,DFW,NK,9.0,268.0
2025,2,LAS,DFW,NK,10.0,36.0
2025,2,LAS,DFW,NK,10.0,38.0
2025,2,LAS,DFW,NK,10.0,38.5
2025,2,LAS,DFW,NK,10.0,66.0
2025,2,LAS,DFW,NK,10.0,78.5
2025,2,LAS,DFW,NK,10.0,79.0
2025,2,LAS,DFW,NK,10.0,81.0
2025,2,LAS,DFW,NK,10.0,111.0
2025,2,LAS,DFW,NK,10.0,123.0
2025,2,LAS,DFW,NK,10.0,163.0
2025,2,LAS,DFW,NK,10.0,195.0
2025,2,LAS,DFW,NK,11.0,41.5
2025,2,LAS,DFW,NK,11.0,66.0
2025,2,LAS,DFW,NK,11.0,68.0
2025,2,LAS,DFW,NK,11.0,96.0
2025,2,LAS,DFW,NK,12.0,43.0
2025,2,LAS,DFW,NK,12.0,48.0
2025,2,LAS,DFW,NK,12.0,103.0
2025,2,LAS,DFW,NK,12.0,135.5
2025,2,LAS,DFW,NK,12.0,143.0
2025,2,LAS,DFW,NK,12.0,145.0
2025,2,LAS,DFW,NK,12.0,183.0
2025,2,LAS,DFW,NK,13.0,36.0
2025,2,LAS,DFW,NK,13.0,39.0
2025,2,LAS,DFW,NK,13.0,124.0
2025,2,LAS,DFW,NK,14.0,49.0
2025,2,LAS,DFW,NK,14.0,128.0
2025,2,LAS,DFW,NK,15.0,148.0
2025,2,LAS,DFW,NK,16.0,53.5
2025,2,LAS,DFW,NK,16.0,73.0
2025,2,LAS,DFW,NK,16.0,83.0
2025,2,LAS,DFW,NK,16.0,91.0
2025,2,LAS,DFW,NK,17.0,34.0
2025,2,LAS,DFW,NK,17.0,38.0
2025,2,LAS,DFW,NK,17.0,48.0
2025,2,LAS,DFW,NK,17.0,118.0
2025,2,LAS,DFW,NK,18.0,43.0
2025,2,LAS,DFW,NK,18.0,78.0
2025,2,LAS,DFW,NK,18.0,93.0
2025,2,LAS,DFW,NK,18.0,110.5
2025,2,LAS,DFW,NK,18.0,115.5
2025,2,LAS,DFW,NK,18.0,133.0
2025,2,LAS,DFW,NK,19.0,73.0
2025,2,LAS,DFW,NK,19.0,88.0
2025,2,LAS,DFW,NK,19.0,123.0
2025,2,LAS,DFW,NK,20.0,6.0
2025,2,LAS,DFW,NK,20.0,58.5
2025,2,LAS,DFW,NK,20.0,125.5
2025,2,LAS,DFW,NK,21.0,73.5
2025,2,LAS,DFW,NK,21.0,95.5
2025,2,LAS,DFW,NK,21.0,105.5
2025,2,LAS,DFW,NK,21.0,205.0
2025,2,LAS,DFW,NK,22.0,34.0
2025,2,LAS,DFW,NK,22.0,86.0
2025,2,LAS,DFW,NK,22.0,98.0
2025,2,LAS,DFW,NK,23.0,54.0
2025,2,LAS,DFW,NK,23.0,78.0
2025,2,LAS,DFW,NK,23.0,93.0
2025,2,LAS,DFW,NK,25.0,44.0
2025,2,LAS,DFW,NK,26.0,59.0
2025,2,LAS,DFW,NK,26.0,63.5
2025,2,LAS,DFW,NK,26.0,118.0
2025,2,LAS,DFW,NK,28.0,68.5
2025,2,LAS,DFW,NK,29.0,103.0
2025,2,LAS,DFW,NK,30.0,5.5
2025,2,LAS,DFW,NK,30.0,83.0
2025,2,LAS,DFW,NK,31.0,49.0
2025,2,LAS,DFW,NK,32.0,64.0
2025,2,LAS,DFW,NK,33.0,49.0
2025,2,LAS,DFW,NK,35.0,44.0
2025,2,LAS,DFW,NK,48.0,39.0
2025,2,LAS,DFW,NK,48.0,59.0
2025,2,LAS,DFW,NK,53.0,44.0
2025,2,LAS,DFW,NK,65.0,54.0
2025,2,LAS,DFW,NK,68.0,54.0
2025,2,LAS,LAX,NK,1.0,13.36
2025,2,LAS,LAX,NK,1.0,15.5
2025,2,LAS,LAX,NK,1.0,16.0
2025,2,LAS,LAX,NK,1.0,16.5
2025,2,LAS,LAX,NK,1.0,17.0
2025,2,LAS,LAX,NK,1.0,18.95
2025,2,LAS,LAX,NK,1.0,19.0
2025,2,LAS,LAX,NK,1.0,20.0
2025,2,LAS,LAX,NK,1.0,21.5
2025,2,LAS,LAX,NK,1.0,21.98
2025,2,LAS,LAX,NK,1.0,22.0
2025,2,LAS,LAX,NK,1.0,23.5
2025,2,LAS,LAX,NK,1.0,23.5
2025,2,LAS,LAX,NK,1.0,24.0
2025,2,LAS,LAX,NK,1.0,24.68
2025,2,LAS,LAX,NK,1.0,25.5
2025,2,LAS,LAX,NK,1.0,28.28
2025,2,LAS,LAX,NK,1.0,28.5
2025,2,LAS,LAX,NK,1.0,30.1
2025,2,LAS,LAX,NK,1.0,30.5
2025,2,LAS,LAX,NK,1.0,30.57
2025,2,LAS,LAX,NK,1.0,31.5
2025,2,LAS,LAX,NK,1.0,32.0
2025,2,LAS,LAX,NK,1.0,32.0
2025,2,LAS,LAX,NK,1.0,32.5
2025,2,LAS,LAX,NK,1.0,33.0
2025,2,LAS,LAX,NK,1.0,34.0
2025,2,LAS,LAX,NK,1.0,34.45
2025,2,LAS,LAX,NK,1.0,35.5
2025,2,LAS,LAX,NK,1.0,36.0
2025,2,LAS,LAX,NK,1.0,36.5
2025,2,LAS,LAX,NK,1.0,38.0
2025,2,LAS,LAX,NK,1.0,38.05
2025,2,LAS,LAX,NK,1.0,40.0
2025,2,LAS,LAX,NK,1.0,40.1
2025,2,LAS,LAX,NK,1.0,40.62
2025,2,LAS,LAX,NK,1.0,41.0
2025,2,LAS,LAX,NK,1.0,41.13
2025,2,LAS,LAX,NK,1.0,41.56
2025,2,LAS,LAX,NK,1.0,42.0
2025,2,LAS,LAX,NK,1.0,43.0
2025,2,LAS,LAX,NK,1.0,45.0
2025,2,LAS,LAX,NK,1.0,45.25
2025,2,LAS,LAX,NK,1.0,45.97
2025,2,LAS,LAX,NK,1.0,46.0
2025,2,LAS,LAX,NK,1.0,46.5
2025,2,LAS,LAX,NK,1.0,49.87
2025,2,LAS,LAX,NK,1.0,50.57
2025,2,LAS,LAX,NK,1.0,52.0
2025,2,LAS,LAX,NK,1.0,52.5
2025,2,LAS,LAX,NK,1.0,53.5
2025,2,LAS,LAX,NK,1.0,54.0
2025,2,LAS,LAX,NK,1.0,55.0
2025,2,LAS,LAX,NK,1.0,55.5
2025,2,LAS,LAX,NK,1.0,56.0
2025,2,LAS,LAX,NK,1.0,56.19
2025,2,LAS,LAX,NK,1.0,57.0
2025,2,LAS,LAX,NK,1.0,59.13
2025,2,LAS,LAX,NK,1.0,59.5
2025,2,LAS,LAX,NK,1.0,60.28
2025,2,LAS,LAX,NK,1.0,60.5
2025,2,LAS,LAX,NK,1.0,60.5
2025,2,LAS,LAX,NK,1.0,61.0
2025,2,LAS,LAX,NK,1.0,61.0
2025,2,LAS,LAX,NK,1.0,61.7
2025,2,LAS,LAX,NK,1.0,62.0
2025,2,LAS,LAX,NK,1.0,63.0
2025,2,LAS,LAX,NK,1.0,63.5
2025,2,LAS,LAX,NK,1.0,64.0
2025,2,LAS,LAX,NK,1.0,65.5
2025,2,LAS,LAX,NK,1.0,66.33
2025,2,LAS,LAX,NK,1.0,67.0
2025,2,LAS,LAX,NK,1.0,67.5
2025,2,LAS,LAX,NK,1.0,67.5
2025,2,LAS,LAX,NK,1.0,67.87
2025,2,LAS,LAX,NK,1.0,68.0
2025,2,LAS,LAX,NK,1.0,70.0
2025,2,LAS,LAX,NK,1.0,70.49
2025,2,LAS,LAX,NK,1.0,71.5
2025,2,LAS,LAX,NK,1.0,72.5
2025,2,LAS,LAX,NK,1.0,73.0
2025,2,LAS,LAX,NK,1.0,73.5
2025,2,LAS,LAX,NK,1.0,74.0
2025,2,LAS,LAX,NK,1.0,74.5
2025,2,LAS,LAX,NK,1.0,74.53
2025,2,LAS,LAX,NK,1.0,77.0
2025,2,LAS,LAX,NK,1.0,77.0
2025,2,LAS,LAX,NK,1.0,78.5
2025,2,LAS,LAX,NK,1.0,80.0
2025,2,LAS,LAX,NK,1.0,81.0
2025,2,LAS,LAX,NK,1.0,81.5
2025,2,LAS,LAX,NK,1.0,82.17
2025,2,LAS,LAX,NK,1.0,85.5
2025,2,LAS,LAX,NK,1.0,85.5
2025,2,LAS,LAX,NK,1.0,87.41
2025,2,LAS,LAX,NK,1.0,89.0
2025,2,LAS,LAX,NK,1.0,90.0
2025,2,LAS,LAX,NK,1.0,90.5
2025,2,LAS,LAX,NK,1.0,91.5
2025,2,LAS,LAX,NK,1.0,92.5
2025,2,LAS,LAX,NK,1.0,93.5
2025,2,LAS,LAX,NK,1.0,94.0
2025,2,LAS,LAX,NK,1.0,96.5
2025,2,LAS,LAX,NK,1.0,97.0
2025,2,LAS,LAX,NK,1.0,100.5
2025,2,LAS,LAX,NK,1.0,101.0
2025,2,LAS,LAX,NK,1.0,105.0
2025,2,LAS,LAX,NK,1.0,105.0
2025,2,LAS,LAX,NK,1.0,106.0
2025,2,LAS,LAX,NK,1.0,107.0
2025,2,LAS,LAX,NK,1.0,111.0
2025,2,LAS,LAX,NK,1.0,113.0
2025,2,LAS,LAX,NK,1.0,116.0
2025,2,LAS,LAX,NK,1.0,118.5
2025,2,LAS,LAX,NK,1.0,119.0
2025,2,LAS,LAX,NK,1.0,119.5
2025,2,LAS,LAX,NK,1.0,128.0
2025,2,LAS,LAX,NK,1.0,128.0
2025,2,LAS,LAX,NK,1.0,128.5
2025,2,LAS,LAX,NK,1.0,130.0
2025,2,LAS,LAX,NK,1.0,131.85
2025,2,LAS,LAX,NK,1.0,135.88
2025,2,LAS,LAX,NK,1.0,137.0
2025,2,LAS,LAX,NK,1.0,142.0
2025,2,LAS,LAX,NK,1.0,142.0
2025,2,LAS,LAX,NK,1.0,143.0
2025,2,LAS,LAX,NK,1.0,154.0
2025,2,LAS,LAX,NK,1.0,154.5
2025,2,LAS,LAX,NK,1.0,171.0
2025,2,LAS,LAX,NK,1.0,173.0
2025,2,LAS,LAX,NK,1.0,178.0
2025,2,LAS,LAX,NK,1.0,181.5
2025,2,LAS,LAX,NK,1.0,203.0
2025,2,LAS,LAX,NK,1.0,212.0
2025,2,LAS,LAX,NK,1.0,219.55
2025,2,LAS,LAX,NK,1.0,220.0
2025,2,LAS,LAX,NK,1.0,232.0
2025,2,LAS,LAX,NK,1.0,240.0
2025,2,LAS,LAX,NK,1.0,271.0
2025,2,LAS,LAX,NK,1.0,382.0
2025,2,LAS,LAX,NK,2.0,18.5
2025,2,LAS,LAX,NK,2.0,20.5
2025,2,LAS,LAX,NK,2.0,23.0
2025,2,LAS,LAX,NK,2.0,26.0
2025,2,LAS,LAX,NK,2.0,30.5
2025,2,LAS,LAX,NK,2.0,33.0
2025,2,LAS,LAX,NK,2.0,36.5
2025,2,LAS,LAX,NK,2.0,40.0
2025,2,LAS,LAX,NK,2.0,43.0
2025,2,LAS,LAX,NK,2.0,45.5
2025,2,LAS,LAX,NK,2.0,48.5
2025,2,LAS,LAX,NK,2.0,49.5
2025,2,LAS,LAX,NK,2.0,53.5
2025,2,LAS,LAX,NK,2.0,55.5
2025,2,LAS,LAX,NK,2.0,58.0
2025,2,LAS,LAX,NK,2.0,58.5
2025,2,LAS,LAX,NK,2.0,61.0
2025,2,LAS,LAX,NK,2.0,61.5
2025,2,LAS,LAX,NK,2.0,62.0
2025,2,LAS,LAX,NK,2.0,64.5
2025,2,LAS,LAX,NK,2.0,65.0
2025,2,LAS,LAX,NK,2.0,65.5
2025,2,LAS,LAX,NK,2.0,66.5
2025,2,LAS,LAX,NK,2.0,72.0
2025,2,LAS,LAX,NK,2.0,72.0
2025,2,LAS,LAX,NK,2.0,72.5
2025,2,LAS,LAX,NK,2.0,74.0
2025,2,LAS,LAX,NK,2.0,75.5
2025,2,LAS,LAX,NK,2.0,76.0
2025,2,LAS,LAX,NK,2.0,76.5
2025,2,LAS,LAX,NK,2.0,79.0
2025,2,LAS,LAX,NK,2.0,82.0
2025,2,LAS,LAX,NK,2.0,83.0
2025,2,LAS,LAX,NK,2.0,84.0
2025,2,LAS,LAX,NK,2.0,84.0
2025,2,LAS,LAX,NK,2.0,88.0
2025,2,LAS,LAX,NK,2.0,88.0
2025,2,LAS,LAX,NK,2.0,98.0
2025,2,LAS,LAX,NK,2.0,105.5
2025,2,LAS,LAX,NK,2.0,111.0
2025,2,LAS,LAX,NK,2.0,123.0
2025,2,LAS,LAX,NK,2.0,124.0
2025,2,LAS,LAX,NK,2.0,133.0
2025,2,LAS,LAX,NK,2.0,135.0
2025,2,LAS,LAX,NK,2.0,193.0
2025,2,LAS,LAX,NK,2.0,200.0
2025,2,LAS,LAX,NK,2.0,205.0
2025,2,LAS,LAX,NK,3.0,5.5
2025,2,LAS,LAX,NK,3.0,5.5
2025,2,LAS,LAX,NK,3.0,16.0
2025,2,LAS,LAX,NK,3.0,19.5
2025,2,LAS,LAX,NK,3.0,21.5
2025,2,LAS,LAX,NK,3.0,22.0
2025,2,LAS,LAX,NK,3.0,23.0
2025,2,LAS,LAX,NK,3.0,27.5
2025,2,LAS,LAX,NK,3.0,28.0
2025,2,LAS,LAX,NK,3.0,31.5
2025,2,LAS,LAX,NK,3.0,34.5
2025,2,LAS,LAX,NK,3.0,36.0
2025,2,LAS,LAX,NK,3.0,38.0
2025,2,LAS,LAX,NK,3.0,44.5
2025,2,LAS,LAX,NK,3.0,46.0
2025,2,LAS,LAX,NK,3.0,47.0
2025,2,LAS,LAX,NK,3.0,50.0
2025,2,LAS,LAX,NK,3.0,51.5
2025,2,LAS,LAX,NK,3.0,52.0
2025,2,LAS,LAX,NK,3.0,53.0
2025,2,LAS,LAX,NK,3.0,56.0
2025,2,LAS,LAX,NK,3.0,58.0
2025,2,LAS,LAX,NK,3.0,60.0
2025,2,LAS,LAX,NK,3.0,62.5
2025,2,LAS,LAX,NK,3.0,67.0
2025,2,LAS,LAX,NK,3.0,79.0
2025,2,LAS,LAX,NK,3.0,80.0
2025,2,LAS,LAX,NK,3.0,97.0
2025,2,LAS,LAX,NK,3.0,108.0
2025,2,LAS,LAX,NK,3.0,168.0
2025,2,LAS,LAX,NK,4.0,25.0
2025,2,LAS,LAX,NK,4.0,27.0
2025,2,LAS,LAX,NK,4.0,27.0
2025,2,LAS,LAX,NK,4.0,28.0
2025,2,LAS,LAX,NK,4.0,29.0
2025,2,LAS,LAX,NK,4.0,33.0
2025,2,LAS,LAX,NK,4.0,35.5
2025,2,LAS,LAX,NK,4.0,37.5
2025,2,LAS,LAX,NK,4.0,39.5
2025,2,LAS,LAX,NK,4.0,42.0
2025,2,LAS,LAX,NK,4.0,46.0
2025,2,LAS,LAX,NK,4.0,50.0
2025,2,LAS,LAX,NK,4.0,56.0
2025,2,LAS,LAX,NK,4.0,58.5
2025,2,LAS,LAX,NK,4.0,69.0
2025,2,LAS,LAX,NK,4.0,69.0
2025,2,LAS,LAX,NK,4.0,75.0
2025,2,LAS,LAX,NK,4.0,75.5
2025,2,LAS,LAX,NK,4.0,81.0
2025,2,LAS,LAX,NK,4.0,93.0
2025,2,LAS,LAX,NK,4.0,100.0
2025,2,LAS,LAX,NK,5.0,29.0
2025,2,LAS,LAX,NK,5.0,29.0
2025,2,LAS,LAX,NK,5.0,32.5
2025,2,LAS,LAX,NK,5.0,34.0
2025,2,LAS,LAX,NK,5.0,35.0
2025,2,LAS,LAX,NK,5.0,37.5
2025,2,LAS,LAX,NK,5.0,42.5
2025,2,LAS,LAX,NK,5.0,44.5
2025,2,LAS,LAX,NK,5.0,53.0
2025,2,LAS,LAX,NK,5.0,66.0
2025,2,LAS,LAX,NK,5.0,94.0
2025,2,LAS,LAX,NK,6.0,21.0
2025,2,LAS,LAX,NK,6.0,21.0
2025,2,LAS,LAX,NK,6.0,27.0
2025,2,LAS,LAX,NK,6.0,27.5
2025,2,LAS,LAX,NK,6.0,44.0
2025,2,LAS,LAX,NK,6.0,50.5
2025,2,LAS,LAX,NK,6.0,51.0
2025,2,LAS,LAX,NK,6.0,56.5
2025,2,LAS,LAX,NK,7.0,19.5
2025,2,LAS,LAX,NK,7.0,37.0
2025,2,LAS,LAX,NK,7.0,43.0
2025,2,LAS,LAX,NK,7.0,44.0
2025,2,LAS,LAX,NK,7.0,47.0
2025,2,LAS,LAX,NK,7.0,47.0
2025,2,LAS,LAX,NK,7.0,47.5
2025,2,LAS,LAX,NK,7.0,50.5
2025,2,LAS,LAX,NK,7.0,55.0
2025,2,LAS,LAX,NK,8.0,26.5
2025,2,LAS,LAX,NK,8.0,35.0
2025,2,LAS,LAX,NK,8.0,51.5
2025,2,LAS,LAX,NK,8.0,52.0
2025,2,LAS,LAX,NK,8.0,70.5
2025,2,LAS,LAX,NK,9.0,26.5
2025,2,LAS,LAX,NK,9.0,29.5
2025,2,LAS,LAX,NK,9.0,61.5
2025,2,LAS,LAX,NK,9.0,64.0
2025,2,LAS,LAX,NK,9.0,79.0
2025,2,LAS,LAX,NK,10.0,31.0
2025,2,LAS,LAX,NK,10.0,44.0
2025,2,LAS,LAX,NK,10.0,59.0
2025,2,LAS,LAX,NK,10.0,70.0
2025,2,LAS,LAX,NK,10.0,103.0
2025,2,LAS,LAX,NK,11.0,34.0
2025,2,LAS,LAX,NK,11.0,42.5
2025,2,LAS,LAX,NK,11.0,59.0
2025,2,LAS,LAX,NK,11.0,64.0
2025,2,LAS,LAX,NK,12.0,25.0
2025,2,LAS,LAX,NK,12.0,25.0
2025,2,LAS,LAX,NK,12.0,29.5
2025,2,LAS,LAX,NK,12.0,38.5
2025,2,LAS,LAX,NK,13.0,51.0
2025,2,LAS,LAX,NK,14.0,23.0
2025,2,LAS,LAX,NK,14.0,37.0
2025,2,LAS,LAX,NK,14.0,40.0
2025,2,LAS,LAX,NK,15.0,65.0
2025,2,LAS,LAX,NK,15.0,163.0
2025,2,LAS,LAX,NK,16.0,45.0
2025,2,LAS,LAX,NK,16.0,48.0
2025,2,LAS,LAX,NK,16.0,51.0
2025,2,LAS,LAX,NK,17.0,6.0
2025,2,LAS,LAX,NK,17.0,34.5
2025,2,LAS,LAX,NK,18.0,24.5
2025,2,LAS,LAX,NK,18.0,28.0
2025,2,LAS,LAX,NK,18.0,38.5
2025,2,LAS,LAX,NK,19.0,24.5
2025,2,LAS,LAX,NK,19.0,58.0
2025,2,LAS,LAX,NK,20.0,69.0
2025,2,LAS,LAX,NK,21.0,33.5
2025,2,LAS,LAX,NK,21.0,123.0
2025,2,LAS,LAX,NK,22.0,39.0
2025,2,LAS,LAX,NK,23.0,21.0
2025,2,LAS,LAX,NK,24.0,19.0
2025,2,LAS,LAX,NK,25.0,48.0
2025,2,LAS,LAX,NK,25.0,53.0
2025,2,LAS,LAX,NK,25.0,55.0
2025,2,LAS,LAX,NK,27.0,26.0
2025,2,LAS,LAX,NK,27.0,75.0
2025,2,LAS,LAX,NK,28.0,47.5
2025,2,LAS,LAX,NK,31.0,24.0
2025,2,LAS,LAX,NK,33.0,33.5
2025,2,LAS,LAX,NK,34.0,56.5
2025,2,LAS,LAX,NK,36.0,63.0
2025,2,LAS,LAX,NK,38.0,54.0
2025,2,LAS,LAX,NK,43.0,35.0
2025,2,LAS,LAX,NK,49.0,39.0
2025,2,LAS,LAX,NK,51.0,38.0
2025,2,LAS,LAX,NK,58.0,42.0
2025,2,LAS,LAX,NK,63.0,93.0
2025,2,LAS,LAX,NK,67.0,65.0
2025,2,LAS,LAX,NK,73.0,39.0
2025,2,LAS,LAX,NK,73.0,59.0
2025,2,LAS,LAX,NK,80.0,48.0
2025,2,LAS,LAX,NK,90.0,37.0
2025,2,LAS,LAX,NK,93.0,30.0
2025,2,LAS,LAX,NK,96.0,30.0
2025,2,LAS,LAX,NK,218.0,30.0
2025,2,LAS,ATL,NK,1.0,5.5
2025,2,LAS,ATL,NK,1.0,11.0
2025,2,LAS,ATL,NK,1.0,24.0
2025,2,LAS,ATL,NK,1.0,27.5
2025,2,LAS,ATL,NK,1.0,28.0
2025,2,LAS,ATL,NK,1.0,32.5
2025,2,LAS,ATL,NK,1.0,34.0
2025,2,LAS,ATL,NK,1.0,35.5
2025,2,LAS,ATL,NK,1.0,37.0
2025,2,LAS,ATL,NK,1.0,38.0
2025,2,LAS,ATL,NK,1.0,39.0
2025,2,LAS,ATL,NK,1.0,39.0
2025,2,LAS,ATL,NK,1.0,42.0
2025,2,LAS,ATL,NK,1.0,42.0
2025,2,LAS,ATL,NK,1.0,44.0
2025,2,LAS,ATL,NK,1.0,44.0
2025,2,LAS,ATL,NK,1.0,44.5
2025,2,LAS,ATL,NK,1.0,44.5
2025,2,LAS,ATL,NK,1.0,44.57
2025,2,LAS,ATL,NK,1.0,45.0
2025,2,LAS,ATL,NK,1.0,47.0
2025,2,LAS,ATL,NK,1.0,47.5
2025,2,LAS,ATL,NK,1.0,48.5
2025,2,LAS,ATL,NK,1.0,49.0
2025,2,LAS,ATL,NK,1.0,49.21
2025,2,LAS,ATL,NK,1.0,50.0
2025,2,LAS,ATL,NK,1.0,51.0
2025,2,LAS,ATL,NK,1.0,51.08
2025,2,LAS,ATL,NK,1.0,51.68
2025,2,LAS,ATL,NK,1.0,52.0
2025,2,LAS,ATL,NK,1.0,52.0
2025,2,LAS,ATL,NK,1.0,52.5
2025,2,LAS,ATL,NK,1.0,53.0
2025,2,LAS,ATL,NK,1.0,53.5
2025,2,LAS,ATL,NK,1.0,55.0
2025,2,LAS,ATL,NK,1.0,56.0
2025,2,LAS,ATL,NK,1.0,56.5
2025,2,LAS,ATL,NK,1.0,58.5
2025,2,LAS,ATL,NK,1.0,58.5
2025,2,LAS,ATL,NK,1.0,58.64
2025,2,LAS,ATL,NK,1.0,59.0
2025,2,LAS,ATL,NK,1.0,59.15
2025,2,LAS,ATL,NK,1.0,59.7
2025,2,LAS,ATL,NK,1.0,59.85
2025,2,LAS,ATL,NK,1.0,61.0
2025,2,LAS,ATL,NK,1.0,62.0
2025,2,LAS,ATL,NK,1.0,63.0
2025,2,LAS,ATL,NK,1.0,63.5
2025,2,LAS,ATL,NK,1.0,63.87
2025,2,LAS,ATL,NK,1.0,64.0
2025,2,LAS,ATL,NK,1.0,64.43
2025,2,LAS,ATL,NK,1.0,64.5
2025,2,LAS,ATL,NK,1.0,64.5
2025,2,LAS,ATL,NK,1.0,64.5
2025,2,LAS,ATL,NK,1.0,65.74
2025,2,LAS,ATL,NK,1.0,65.81
2025,2,LAS,ATL,NK,1.0,67.0
2025,2,LAS,ATL,NK,1.0,67.23
2025,2,LAS,ATL,NK,1.0,67.5
2025,2,LAS,ATL,NK,1.0,68.0
2025,2,LAS,ATL,NK,1.0,68.47
2025,2,LAS,ATL,NK,1.0,68.5
2025,2,LAS,ATL,NK,1.0,68.73
2025,2,LAS,ATL,NK,1.0,68.97
2025,2,LAS,ATL,NK,1.0,70.0
2025,2,LAS,ATL,NK,1.0,71.0
2025,2,LAS,ATL,NK,1.0,73.0
2025,2,LAS,ATL,NK,1.0,74.0
2025,2,LAS,ATL,NK,1.0,74.31
2025,2,LAS,ATL,NK,1.0,74.82
2025,2,LAS,ATL,NK,1.0,75.0
2025,2,LAS,ATL,NK,1.0,75.91
2025,2,LAS,ATL,NK,1.0,76.64
2025,2,LAS,ATL,NK,1.0,77.0
2025,2,LAS,ATL,NK,1.0,77.4
2025,2,LAS,ATL,NK,1.0,78.0
2025,2,LAS,ATL,NK,1.0,78.0
2025,2,LAS,ATL,NK,1.0,78.0
2025,2,LAS,ATL,NK,1.0,78.36
2025,2,LAS,ATL,NK,1.0,78.5
2025,2,LAS,ATL,NK,1.0,79.0
2025,2,LAS,ATL,NK,1.0,79.0
2025,2,LAS,ATL,NK,1.0,79.0
2025,2,LAS,ATL,NK,1.0,79.06
2025,2,LAS,ATL,NK,1.0,80.0
2025,2,LAS,ATL,NK,1.0,80.1
2025,2,LAS,ATL,NK,1.0,81.5
2025,2,LAS,ATL,NK,1.0,82.0
2025,2,LAS,ATL,NK,1.0,82.5
2025,2,LAS,ATL,NK,1.0,83.5
2025,2,LAS,ATL,NK,1.0,84.37
2025,2,LAS,ATL,NK,1.0,84.5
2025,2,LAS,ATL,NK,1.0,84.63
2025,2,LAS,ATL,NK,1.0,85.0
2025,2,LAS,ATL,NK,1.0,85.0
2025,2,LAS,ATL,NK,1.0,85.06
2025,2,LAS,ATL,NK,1.0,85.5
2025,2,LAS,ATL,NK,1.0,85.5
2025,2,LAS,ATL,NK,1.0,86.0
2025,2,LAS,ATL,NK,1.0,86.29
2025,2,LAS,ATL,NK,1.0,86.5
2025,2,LAS,ATL,NK,1.0,86.53
2025,2,LAS,ATL,NK,1.0,87.0
2025,2,LAS,ATL,NK,1.0,87.0
2025,2,LAS,ATL,NK,1.0,87.5
2025,2,LAS,ATL,NK,1.0,87.5
2025,2,LAS,ATL,NK,1.0,88.0
2025,2,LAS,ATL,NK,1.0,88.0
2025,2,LAS,ATL,NK,1.0,88.46
2025,2,LAS,ATL,NK,1.0,88.5
2025,2,LAS,ATL,NK,1.0,89.01
2025,2,LAS,ATL,NK,1.0,89.21
2025,2,LAS,ATL,NK,1.0,89.5
2025,2,LAS,ATL,NK,1.0,90.0
2025,2,LAS,ATL,NK,1.0,90.0
2025,2,LAS,ATL,NK,1.0,90.0
2025,2,LAS,ATL,NK,1.0,90.0
2025,2,LAS,ATL,NK,1.0,90.0
2025,2,LAS,ATL,NK,1.0,90.17
2025,2,LAS,ATL,NK,1.0,90.5
2025,2,LAS,ATL,NK,1.0,90.53
2025,2,LAS,ATL,NK,1.0,90.96
2025,2,LAS,ATL,NK,1.0,91.09
2025,2,LAS,ATL,NK,1.0,92.0
2025,2,LAS,ATL,NK,1.0,92.0
2025,2,LAS,ATL,NK,1.0,92.0
2025,2,LAS,ATL,NK,1.0,92.14
2025,2,LAS,ATL,NK,1.0,92.5
2025,2,LAS,ATL,NK,1.0,93.0
2025,2,LAS,ATL,NK,1.0,93.0
2025,2,LAS,ATL,NK,1.0,93.0
2025,2,LAS,ATL,NK,1.0,93.0
2025,2,LAS,ATL,NK,1.0,94.0
2025,2,LAS,ATL,NK,1.0,94.5
2025,2,LAS,ATL,NK,1.0,94.53
2025,2,LAS,ATL,NK,1.0,94.53
2025,2,LAS,ATL,NK,1.0,94.73
2025,2,LAS,ATL,NK,1.0,94.94
2025,2,LAS,ATL,NK,1.0,95.0
2025,2,LAS,ATL,NK,1.0,95.31
2025,2,LAS,ATL,NK,1.0,95.5
2025,2,LAS,ATL,NK,1.0,95.54
2025,2,LAS,ATL,NK,1.0,96.0
2025,2,LAS,ATL,NK,1.0,96.89
2025,2,LAS,ATL,NK,1.0,97.0
2025,2,LAS,ATL,NK,1.0,97.57
2025,2,LAS,ATL,NK,1.0,97.57
2025,2,LAS,ATL,NK,1.0,98.0
2025,2,LAS,ATL,NK,1.0,98.0
2025,2,LAS,ATL,NK,1.0,98.23
2025,2,LAS,ATL,NK,1.0,98.24
2025,2,LAS,ATL,NK,1.0,98.5
2025,2,LAS,ATL,NK,1.0,99.0
2025,2,LAS,ATL,NK,1.0,99.0
2025,2,LAS,ATL,NK,1.0,99.0
2025,2,LAS,ATL,NK,1.0,100.0
2025,2,LAS,ATL,NK,1.0,100.0
2025,2,LAS,ATL,NK,1.0,102.0
2025,2,LAS,ATL,NK,1.0,102.0
2025,2,LAS,ATL,NK,1.0,102.0
2025,2,LAS,ATL,NK,1.0,102.0
2025,2,LAS,ATL,NK,1.0,102.02
2025,2,LAS,ATL,NK,1.0,102.5
2025,2,LAS,ATL,NK,1.0,104.22
2025,2,LAS,ATL,NK,1.0,104.32
2025,2,LAS,ATL,NK,1.0,104.5
2025,2,LAS,ATL,NK,1.0,104.64
2025,2,LAS,ATL,NK,1.0,105.0
2025,2,LAS,ATL,NK,1.0,105.0
2025,2,LAS,ATL,NK,1.0,105.0
2025,2,LAS,ATL,NK,1.0,105.0
2025,2,LAS,ATL,NK,1.0,105.08
2025,2,LAS,ATL,NK,1.0,105.15
2025,2,LAS,ATL,NK,1.0,105.5
2025,2,LAS,ATL,NK,1.0,105.92
2025,2,LAS,ATL,NK,1.0,106.0
2025,2,LAS,ATL,NK,1.0,106.0
2025,2,LAS,ATL,NK,1.0,106.12
2025,2,LAS,ATL,NK,1.0,106.22
2025,2,LAS,ATL,NK,1.0,107.0
2025,2,LAS,ATL,NK,1.0,107.5
2025,2,LAS,ATL,NK,1.0,108.0
2025,2,LAS,ATL,NK,1.0,108.5
2025,2,LAS,ATL,NK,1.0,108.69
2025,2,LAS,ATL,NK,1.0,109.0
2025,2,LAS,ATL,NK,1.0,109.0
2025,2,LAS,ATL,NK,1.0,110.0
2025,2,LAS,ATL,NK,1.0,110.0
2025,2,LAS,ATL,NK,1.0,110.5
2025,2,LAS,ATL,NK,1.0,110.5
2025,2,LAS,ATL,NK,1.0,111.91
2025,2,LAS,ATL,NK,1.0,112.0
2025,2,LAS,ATL,NK,1.0,113.0
2025,2,LAS,ATL,NK,1.0,113.5
2025,2,LAS,ATL,NK,1.0,113.89
2025,2,LAS,ATL,NK,1.0,114.0
2025,2,LAS,ATL,NK,1.0,114.57
2025,2,LAS,ATL,NK,1.0,114.72
2025,2,LAS,ATL,NK,1.0,114.93
2025,2,LAS,ATL,NK,1.0,115.0
2025,2,LAS,ATL,NK,1.0,115.32
2025,2,LAS,ATL,NK,1.0,115.35
2025,2,LAS,ATL,NK,1.0,116.12
2025,2,LAS,ATL,NK,1.0,116.37
2025,2,LAS,ATL,NK,1.0,116.5
2025,2,LAS,ATL,NK,1.0,117.0
2025,2,LAS,ATL,NK,1.0,117.19
2025,2,LAS,ATL,NK,1.0,117.5
2025,2,LAS,ATL,NK,1.0,117.89
2025,2,LAS,ATL,NK,1.0,119.0
2025,2,LAS,ATL,NK,1.0,119.0
2025,2,LAS,ATL,NK,1.0,119.0
2025,2,LAS,ATL,NK,1.0,119.5
2025,2,LAS,ATL,NK,1.0,120.58
2025,2,LAS,ATL,NK,1.0,120.65
2025,2,LAS,ATL,NK,1.0,121.0
2025,2,LAS,ATL,NK,1.0,122.0
2025,2,LAS,ATL,NK,1.0,123.0
2025,2,LAS,ATL,NK,1.0,123.0
2025,2,LAS,ATL,NK,1.0,123.0
2025,2,LAS,ATL,NK,1.0,123.42
2025,2,LAS,ATL,NK,1.0,124.88
2025,2,LAS,ATL,NK,1.0,125.0
2025,2,LAS,ATL,NK,1.0,125.5
2025,2,LAS,ATL,NK,1.0,126.0
2025,2,LAS,ATL,NK,1.0,126.37
2025,2,LAS,ATL,NK,1.0,126.5
2025,2,LAS,ATL,NK,1.0,126.95
2025,2,LAS,ATL,NK,1.0,127.0
2025,2,LAS,ATL,NK,1.0,128.0
2025,2,LAS,ATL,NK,1.0,128.5
2025,2,LAS,ATL,NK,1.0,129.0
2025,2,LAS,ATL,NK,1.0,129.01
2025,2,LAS,ATL,NK,1.0,130.0
2025,2,LAS,ATL,NK,1.0,130.13
2025,2,LAS,ATL,NK,1.0,131.0
2025,2,LAS,ATL,NK,1.0,131.5
2025,2,LAS,ATL,NK,1.0,131.58
2025,2,LAS,ATL,NK,1.0,132.0
2025,2,LAS,ATL,NK,1.0,132.09
2025,2,LAS,ATL,NK,1.0,132.69
2025,2,LAS,ATL,NK,1.0,132.93
2025,2,LAS,ATL,NK,1.0,133.0
2025,2,LAS,ATL,NK,1.0,133.46
2025,2,LAS,ATL,NK,1.0,135.0
2025,2,LAS,ATL,NK,1.0,137.0
2025,2,LAS,ATL,NK,1.0,138.0
2025,2,LAS,ATL,NK,1.0,138.59
2025,2,LAS,ATL,NK,1.0,138.63
2025,2,LAS,ATL,NK,1.0,138.65
2025,2,LAS,ATL,NK,1.0,139.0
2025,2,LAS,ATL,NK,1.0,140.0
2025,2,LAS,ATL,NK,1.0,140.0
2025,2,LAS,ATL,NK,1.0,141.0
2025,2,LAS,ATL,NK,1.0,141.0
2025,2,LAS,ATL,NK,1.0,141.5
2025,2,LAS,ATL,NK,1.0,142.59
2025,2,LAS,ATL,NK,1.0,144.0
2025,2,LAS,ATL,NK,1.0,144.5
2025,2,LAS,ATL,NK,1.0,145.0
2025,2,LAS,ATL,NK,1.0,146.29
2025,2,LAS,ATL,NK,1.0,146.94
2025,2,LAS,ATL,NK,1.0,147.0
2025,2,LAS,ATL,NK,1.0,148.0
2025,2,LAS,ATL,NK,1.0,148.5
2025,2,LAS,ATL,NK,1.0,149.0
2025,2,LAS,ATL,NK,1.0,149.0
2025,2,LAS,ATL,NK,1.0,150.08
2025,2,LAS,ATL,NK,1.0,150.25
2025,2,LAS,ATL,NK,1.0,150.5
2025,2,LAS,ATL,NK,1.0,151.0
2025,2,LAS,ATL,NK,1.0,153.0
2025,2,LAS,ATL,NK,1.0,153.34
2025,2,LAS,ATL,NK,1.0,154.0
2025,2,LAS,ATL,NK,1.0,154.0
2025,2,LAS,ATL,NK,1.0,156.0
2025,2,LAS,ATL,NK,1.0,158.5
2025,2,LAS,ATL,NK,1.0,160.0
2025,2,LAS,ATL,NK,1.0,160.5
2025,2,LAS,ATL,NK,1.0,160.51
2025,2,LAS,ATL,NK,1.0,161.0
2025,2,LAS,ATL,NK,1.0,161.5
2025,2,LAS,ATL,NK,1.0,162.71
2025,2,LAS,ATL,NK,1.0,163.0
2025,2,LAS,ATL,NK,1.0,163.35
2025,2,LAS,ATL,NK,1.0,163.5
2025,2,LAS,ATL,NK,1.0,164.5
2025,2,LAS,ATL,NK,1.0,165.0
2025,2,LAS,ATL,NK,1.0,166.0
2025,2,LAS,ATL,NK,1.0,166.5
2025,2,LAS,ATL,NK,1.0,166.59
2025,2,LAS,ATL,NK,1.0,167.0
2025,2,LAS,ATL,NK,1.0,168.59
2025,2,LAS,ATL,NK,1.0,169.0
2025,2,LAS,ATL,NK,1.0,170.0
2025,2,LAS,ATL,NK,1.0,172.0
2025,2,LAS,ATL,NK,1.0,173.0
2025,2,LAS,ATL,NK,1.0,174.0
2025,2,LAS,ATL,NK,1.0,174.5
2025,2,LAS,ATL,NK,1.0,175.87
2025,2,LAS,ATL,NK,1.0,176.0
2025,2,LAS,ATL,NK,1.0,176.5
2025,2,LAS,ATL,NK,1.0,177.0
2025,2,LAS,ATL,NK,1.0,178.01
2025,2,LAS,ATL,NK,1.0,181.0
2025,2,LAS,ATL,NK,1.0,181.91
2025,2,LAS,ATL,NK,1.0,182.85
2025,2,LAS,ATL,NK,1.0,184.5
2025,2,LAS,ATL,NK,1.0,185.5
2025,2,LAS,ATL,NK,1.0,187.5
2025,2,LAS,ATL,NK,1.0,188.0
2025,2,LAS,ATL,NK,1.0,188.0
2025,2,LAS,ATL,NK,1.0,192.0
2025,2,LAS,ATL,NK,1.0,192.22
2025,2,LAS,ATL,NK,1.0,193.84
2025,2,LAS,ATL,NK,1.0,195.0
2025,2,LAS,ATL,NK,1.0,196.0
2025,2,LAS,ATL,NK,1.0,197.0
2025,2,LAS,ATL,NK,1.0,198.0
2025,2,LAS,ATL,NK,1.0,199.0
2025,2,LAS,ATL,NK,1.0,199.0
2025,2,LAS,ATL,NK,1.0,200.0
2025,2,LAS,ATL,NK,1.0,201.0
2025,2,LAS,ATL,NK,1.0,201.0
2025,2,LAS,ATL,NK,1.0,201.5
2025,2,LAS,ATL,NK,1.0,204.0
2025,2,LAS,ATL,NK,1.0,204.5
2025,2,LAS,ATL,NK,1.0,205.0
2025,2,LAS,ATL,NK,1.0,205.0
2025,2,LAS,ATL,NK,1.0,206.0
2025,2,LAS,ATL,NK,1.0,206.0
2025,2,LAS,ATL,NK,1.0,206.76
2025,2,LAS,ATL,NK,1.0,208.0
2025,2,LAS,ATL,NK,1.0,208.5
2025,2,LAS,ATL,NK,1.0,208.5
2025,2,LAS,ATL,NK,1.0,209.3
2025,2,LAS,ATL,NK,1.0,209.5
2025,2,LAS,ATL,NK,1.0,210.0
2025,2,LAS,ATL,NK,1.0,212.0
2025,2,LAS,ATL,NK,1.0,213.0
2025,2,LAS,ATL,NK,1.0,213.0
2025,2,LAS,ATL,NK,1.0,213.5
2025,2,LAS,ATL,NK,1.0,216.0
2025,2,LAS,ATL,NK,1.0,216.0
2025,2,LAS,ATL,NK,1.0,217.0
2025,2,LAS,ATL,NK,1.0,218.0
2025,2,LAS,ATL,NK,1.0,218.0
2025,2,LAS,ATL,NK,1.0,218.0
2025,2,LAS,ATL,NK,1.0,219.0
2025,2,LAS,ATL,NK,1.0,219.0
2025,2,LAS,ATL,NK,1.0,220.5
2025,2,LAS,ATL,NK,1.0,221.0
2025,2,LAS,ATL,NK,1.0,221.5
2025,2,LAS,ATL,NK,1.0,222.0
2025,2,LAS,ATL,NK,1.0,223.94
2025,2,LAS,ATL,NK,1.0,225.5
2025,2,LAS,ATL,NK,1.0,226.0
2025,2,LAS,ATL,NK,1.0,226.0
2025,2,LAS,ATL,NK,1.0,228.0
2025,2,LAS,ATL,NK,1.0,229.5
2025,2,LAS,ATL,NK,1.0,231.0
2025,2,LAS,ATL,NK,1.0,231.9
2025,2,LAS,ATL,NK,1.0,234.9
2025,2,LAS,ATL,NK,1.0,236.0
2025,2,LAS,ATL,NK,1.0,238.0
2025,2,LAS,ATL,NK,1.0,241.5
2025,2,LAS,ATL,NK,1.0,243.0
2025,2,LAS,ATL,NK,1.0,244.0
2025,2,LAS,ATL,NK,1.0,244.5
2025,2,LAS,ATL,NK,1.0,246.5
2025,2,LAS,ATL,NK,1.0,251.0
2025,2,LAS,ATL,NK,1.0,254.38
2025,2,LAS,ATL,NK,1.0,257.0
2025,2,LAS,ATL,NK,1.0,258.0
2025,2,LAS,ATL,NK,1.0,260.65
2025,2,LAS,ATL,NK,1.0,262.0
2025,2,LAS,ATL,NK,1.0,262.37
2025,2,LAS,ATL,NK,1.0,262.5
2025,2,LAS,ATL,NK,1.0,262.94
2025,2,LAS,ATL,NK,1.0,263.0
2025,2,LAS,ATL,NK,1.0,268.21
2025,2,LAS,ATL,NK,1.0,271.0
2025,2,LAS,ATL,NK,1.0,276.0
2025,2,LAS,ATL,NK,1.0,276.97
2025,2,LAS,ATL,NK,1.0,280.0
2025,2,LAS,ATL,NK,1.0,281.5
2025,2,LAS,ATL,NK,1.0,285.0
2025,2,LAS,ATL,NK,1.0,286.0
2025,2,LAS,ATL,NK,1.0,288.55
2025,2,LAS,ATL,NK,1.0,292.0
2025,2,LAS,ATL,NK,1.0,294.0
2025,2,LAS,ATL,NK,1.0,309.0
2025,2,LAS,ATL,NK,1.0,311.0
2025,2,LAS,ATL,NK,1.0,312.0
2025,2,LAS,ATL,NK,1.0,312.5
2025,2,LAS,ATL,NK,1.0,314.0
2025,2,LAS,ATL,NK,1.0,346.0
2025,2,LAS,ATL,NK,1.0,354.0
2025,2,LAS,ATL,NK,1.0,389.0
2025,2,LAS,ATL,NK,1.0,426.0
2025,2,LAS,ATL,NK,1.0,514.0
2025,2,LAS,ATL,NK,1.0,521.0
2025,2,LAS,ATL,NK,2.0,34.0
2025,2,LAS,ATL,NK,2.0,43.0
2025,2,LAS,ATL,NK,2.0,44.0
2025,2,LAS,ATL,NK,2.0,46.0
2025,2,LAS,ATL,NK,2.0,46.0
2025,2,LAS,ATL,NK,2.0,51.0
2025,2,LAS,ATL,NK,2.0,51.5
2025,2,LAS,ATL,NK,2.0,52.0
2025,2,LAS,ATL,NK,2.0,53.0
2025,2,LAS,ATL,NK,2.0,54.0
2025,2,LAS,ATL,NK,2.0,55.0
2025,2,LAS,ATL,NK,2.0,58.0
2025,2,LAS,ATL,NK,2.0,58.0
2025,2,LAS,ATL,NK,2.0,61.0
2025,2,LAS,ATL,NK,2.0,61.0
2025,2,LAS,ATL,NK,2.0,62.5
2025,2,LAS,ATL,NK,2.0,64.0
2025,2,LAS,ATL,NK,2.0,65.0
2025,2,LAS,ATL,NK,2.0,65.5
2025,2,LAS,ATL,NK,2.0,65.5
2025,2,LAS,ATL,NK,2.0,66.0
2025,2,LAS,ATL,NK,2.0,66.0
2025,2,LAS,ATL,NK,2.0,67.0
2025,2,LAS,ATL,NK,2.0,67.5
2025,2,LAS,ATL,NK,2.0,69.5
2025,2,LAS,ATL,NK,2.0,70.0
2025,2,LAS,ATL,NK,2.0,71.0
2025,2,LAS,ATL,NK,2.0,71.0
2025,2,LAS,ATL,NK,2.0,74.5
2025,2,LAS,ATL,NK,2.0,74.5
2025,2,LAS,ATL,NK,2.0,76.5
2025,2,LAS,ATL,NK,2.0,77.5
2025,2,LAS,ATL,NK,2.0,80.0
2025,2,LAS,ATL,NK,2.0,80.0
2025,2,LAS,ATL,NK,2.0,81.0
2025,2,LAS,ATL,NK,2.0,83.0
2025,2,LAS,ATL,NK,2.0,84.5
2025,2,LAS,ATL,NK,2.0,87.0
2025,2,LAS,ATL,NK,2.0,89.0
2025,2,LAS,ATL,NK,2.0,90.0
2025,2,LAS,ATL,NK,2.0,93.0
2025,2,LAS,ATL,NK,2.0,94.0
2025,2,LAS,ATL,NK,2.0,94.5
2025,2,LAS,ATL,NK,2.0,95.0
2025,2,LAS,ATL,NK,2.0,97.0
2025,2,LAS,ATL,NK,2.0,98.0
2025,2,LAS,ATL,NK,2.0,98.0
2025,2,LAS,ATL,NK,2.0,101.0
2025,2,LAS,ATL,NK,2.0,106.0
2025,2,LAS,ATL,NK,2.0,108.0
2025,2,LAS,ATL,NK,2.0,110.05
2025,2,LAS,ATL,NK,2.0,112.0
2025,2,LAS,ATL,NK,2.0,112.0
2025,2,LAS,ATL,NK,2.0,114.0
2025,2,LAS,ATL,NK,2.0,115.0
2025,2,LAS,ATL,NK,2.0,118.0
2025,2,LAS,ATL,NK,2.0,119.0
2025,2,LAS,ATL,NK,2.0,120.0
2025,2,LAS,ATL,NK,2.0,121.0
2025,2,LAS,ATL,NK,2.0,122.0
2025,2,LAS,ATL,NK,2.0,128.0
2025,2,LAS,ATL,NK,2.0,128.0
2025,2,LAS,ATL,NK,2.0,129.0
2025,2,LAS,ATL,NK,2.0,133.5
2025,2,LAS,ATL,NK,2.0,140.5
2025,2,LAS,ATL,NK,2.0,143.0
2025,2,LAS,ATL,NK,2.0,144.0
2025,2,LAS,ATL,NK,2.0,144.0
2025,2,LAS,ATL,NK,2.0,148.0
2025,2,LAS,ATL,NK,2.0,150.0
2025,2,LAS,ATL,NK,2.0,151.0
2025,2,LAS,ATL,NK,2.0,153.0
2025,2,LAS,ATL,NK,2.0,158.0
2025,2,LAS,ATL,NK,2.0,162.0
2025,2,LAS,ATL,NK,2.0,163.0
2025,2,LAS,ATL,NK,2.0,164.0
2025,2,LAS,ATL,NK,2.0,166.5
2025,2,LAS,ATL,NK,2.0,169.5
2025,2,LAS,ATL,NK,2.0,170.0
2025,2,LAS,ATL,NK,2.0,172.0
2025,2,LAS,ATL,NK,2.0,178.0
2025,2,LAS,ATL,NK,2.0,180.0
2025,2,LAS,ATL,NK,2.0,181.0
2025,2,LAS,ATL,NK,2.0,182.0
2025,2,LAS,ATL,NK,2.0,186.0
2025,2,LAS,ATL,NK,2.0,189.5
2025,2,LAS,ATL,NK,2.0,194.0
2025,2,LAS,ATL,NK,2.0,194.5
2025,2,LAS,ATL,NK,2.0,203.0
2025,2,LAS,ATL,NK,2.0,205.0
2025,2,LAS,ATL,NK,2.0,206.0
2025,2,LAS,ATL,NK,2.0,214.0
2025,2,LAS,ATL,NK,2.0,220.0
2025,2,LAS,ATL,NK,2.0,231.0
2025,2,LAS,ATL,NK,2.0,238.0
2025,2,LAS,ATL,NK,2.0,251.0
2025,2,LAS,ATL,NK,2.0,411.0
2025,2,LAS,ATL,NK,3.0,34.0
2025,2,LAS,ATL,NK,3.0,41.0
2025,2,LAS,ATL,NK,3.0,46.0
2025,2,LAS,ATL,NK,3.0,52.0
2025,2,LAS,ATL,NK,3.0,53.0
2025,2,LAS,ATL,NK,3.0,56.0
2025,2,LAS,ATL,NK,3.0,57.5
2025,2,LAS,ATL,NK,3.0,60.0
2025,2,LAS,ATL,NK,3.0,68.0
2025,2,LAS,ATL,NK,3.0,71.5
2025,2,LAS,ATL,NK,3.0,75.0
2025,2,LAS,ATL,NK,3.0,77.0
2025,2,LAS,ATL,NK,3.0,82.0
2025,2,LAS,ATL,NK,3.0,83.0
2025,2,LAS,ATL,NK,3.0,90.0
2025,2,LAS,ATL,NK,3.0,91.5
2025,2,LAS,ATL,NK,3.0,93.0
2025,2,LAS,ATL,NK,3.0,96.5
2025,2,LAS,ATL,NK,3.0,113.5
2025,2,LAS,ATL,NK,3.0,124.0
2025,2,LAS,ATL,NK,3.0,138.0
2025,2,LAS,ATL,NK,3.0,146.5
2025,2,LAS,ATL,NK,3.0,149.0
2025,2,LAS,ATL,NK,3.0,154.0
2025,2,LAS,ATL,NK,3.0,156.0
2025,2,LAS,ATL,NK,3.0,171.0
2025,2,LAS,ATL,NK,3.0,171.0
2025,2,LAS,ATL,NK,3.0,171.5
2025,2,LAS,ATL,NK,3.0,181.0
2025,2,LAS,ATL,NK,3.0,185.0
2025,2,LAS,ATL,NK,3.0,196.5
2025,2,LAS,ATL,NK,3.0,232.0
2025,2,LAS,ATL,NK,3.0,234.0
2025,2,LAS,ATL,NK,3.0,241.0
2025,2,LAS,ATL,NK,3.0,242.0
2025,2,LAS,ATL,NK,3.0,256.5
2025,2,LAS,ATL,NK,3.0,274.0
2025,2,LAS,ATL,NK,4.0,50.0
2025,2,LAS,ATL,NK,4.0,55.0
2025,2,LAS,ATL,NK,4.0,61.5
2025,2,LAS,ATL,NK,4.0,64.0
2025,2,LAS,ATL,NK,4.0,66.5
2025,2,LAS,ATL,NK,4.0,68.0
2025,2,LAS,ATL,NK,4.0,78.0
2025,2,LAS,ATL,NK,4.0,78.5
2025,2,LAS,ATL,NK,4.0,94.0
2025,2,LAS,ATL,NK,4.0,97.0
2025,2,LAS,ATL,NK,4.0,104.0
2025,2,LAS,ATL,NK,4.0,114.0
2025,2,LAS,ATL,NK,4.0,114.5
2025,2,LAS,ATL,NK,4.0,117.0
2025,2,LAS,ATL,NK,4.0,121.5
2025,2,LAS,ATL,NK,4.0,131.0
2025,2,LAS,ATL,NK,4.0,134.0
2025,2,LAS,ATL,NK,4.0,136.0
2025,2,LAS,ATL,NK,4.0,137.0
2025,2,LAS,ATL,NK,4.0,138.0
2025,2,LAS,ATL,NK,4.0,146.0
2025,2,LAS,ATL,NK,4.0,185.0
2025,2,LAS,ATL,NK,4.0,191.0
2025,2,LAS,ATL,NK,4.0,193.5
2025,2,LAS,ATL,NK,4.0,198.0
2025,2,LAS,ATL,NK,4.0,211.0
2025,2,LAS,ATL,NK,4.0,217.0
2025,2,LAS,ATL,NK,4.0,225.0
2025,2,LAS,ATL,NK,5.0,68.0
2025,2,LAS,ATL,NK,5.0,81.0
2025,2,LAS,ATL,NK,5.0,96.0
2025,2,LAS,ATL,NK,5.0,101.0
2025,2,LAS,ATL,NK,5.0,116.0
2025,2,LAS,ATL,NK,5.0,132.0
2025,2,LAS,ATL,NK,5.0,141.0
2025,2,LAS,ATL,NK,5.0,175.0
2025,2,LAS,ATL,NK,5.0,232.0
2025,2,LAS,ATL,NK,5.0,266.0
2025,2,LAS,ATL,NK,6.0,5.5
2025,2,LAS,ATL,NK,6.0,57.0
2025,2,LAS,ATL,NK,6.0,74.0
2025,2,LAS,ATL,NK,6.0,81.0
2025,2,LAS,ATL,NK,6.0,82.0
2025,2,LAS,ATL,NK,6.0,86.5
2025,2,LAS,ATL,NK,6.0,126.0
2025,2,LAS,ATL,NK,6.0,136.0
2025,2,LAS,ATL,NK,6.0,164.0
2025,2,LAS,ATL,NK,6.0,204.0
2025,2,LAS,ATL,NK,7.0,72.0
2025,2,LAS,ATL,NK,7.0,85.0
2025,2,LAS,ATL,NK,7.0,184.0
2025,2,LAS,ATL,NK,7.0,281.0
2025,2,LAS,ATL,NK,8.0,47.0
2025,2,LAS,ATL,NK,8.0,65.0
2025,2,LAS,ATL,NK,8.0,72.0
2025,2,LAS,ATL,NK,8.0,76.0
2025,2,LAS,ATL,NK,9.0,61.5
2025,2,LAS,ATL,NK,9.0,62.0
2025,2,LAS,ATL,NK,9.0,68.5
2025,2,LAS,ATL,NK,9.0,84.0
2025,2,LAS,ATL,NK,9.0,104.0
2025,2,LAS,ATL,NK,9.0,106.0
2025,2,LAS,ATL,NK,9.0,111.0
2025,2,LAS,ATL,NK,9.0,116.0
2025,2,LAS,ATL,NK,9.0,124.0
2025,2,LAS,ATL,NK,9.0,131.0
2025,2,LAS,ATL,NK,10.0,57.0
2025,2,LAS,ATL,NK,10.0,65.0
2025,2,LAS,ATL,NK,10.0,75.0
2025,2,LAS,ATL,NK,10.0,84.0
2025,2,LAS,ATL,NK,10.0,91.0
2025,2,LAS,ATL,NK,10.0,96.0
2025,2,LAS,ATL,NK,10.0,111.0
2025,2,LAS,ATL,NK,10.0,143.0
2025,2,LAS,ATL,NK,10.0,191.0
2025,2,LAS,ATL,NK,11.0,170.0
2025,2,LAS,ATL,NK,12.0,75.0
2025,2,LAS,ATL,NK,12.0,151.0
2025,2,LAS,ATL,NK,13.0,6.0
2025,2,LAS,ATL,NK,13.0,62.0
2025,2,LAS,ATL,NK,13.0,86.0
2025,2,LAS,ATL,NK,13.0,121.0
2025,2,LAS,ATL,NK,13.0,226.0
2025,2,LAS,ATL,NK,14.0,101.0
2025,2,LAS,ATL,NK,15.0,151.0
2025,2,LAS,ATL,NK,17.0,76.0
2025,2,LAS,ATL,NK,18.0,77.0
2025,2,LAS,ATL,NK,18.0,104.0
2025,2,LAS,ATL,NK,19.0,77.0
2025,2,LAS,ATL,NK,21.0,76.0
2025,2,LAS,ATL,NK,21.0,84.0
2025,2,LAS,ATL,NK,27.0,91.0
2025,2,LAS,ATL,NK,31.0,57.0
2025,2,LAS,ATL,NK,36.0,91.0
2025,2,LAS,IAH,NK,1.0,11.0
2025,2,LAS,IAH,NK,1.0,18.5
2025,2,LAS,IAH,NK,1.0,20.29
2025,2,LAS,IAH,NK,1.0,22.0
2025,2,LAS,IAH,NK,1.0,22.24
2025,2,LAS,IAH,NK,1.0,22.5
2025,2,LAS,IAH,NK,1.0,23.5
2025,2,LAS,IAH,NK,1.0,25.0
2025,2,LAS,IAH,NK,1.0,25.0
2025,2,LAS,IAH,NK,1.0,25.0
2025,2,LAS,IAH,NK,1.0,26.5
2025,2,LAS,IAH,NK,1.0,26.5
2025,2,LAS,IAH,NK,1.0,27.36
2025,2,LAS,IAH,NK,1.0,27.5
2025,2,LAS,IAH,NK,1.0,27.5
2025,2,LAS,IAH,NK,1.0,28.0
2025,2,LAS,IAH,NK,1.0,29.0
2025,2,LAS,IAH,NK,1.0,29.5
2025,2,LAS,IAH,NK,1.0,29.5
2025,2,LAS,IAH,NK,1.0,30.44
2025,2,LAS,IAH,NK,1.0,30.5
2025,2,LAS,IAH,NK,1.0,31.0
2025,2,LAS,IAH,NK,1.0,31.26
2025,2,LAS,IAH,NK,1.0,31.5
2025,2,LAS,IAH,NK,1.0,31.71
2025,2,LAS,IAH,NK,1.0,31.99
2025,2,LAS,IAH,NK,1.0,32.0
2025,2,LAS,IAH,NK,1.0,32.77
2025,2,LAS,IAH,NK,1.0,33.32
2025,2,LAS,IAH,NK,1.0,36.16
2025,2,LAS,IAH,NK,1.0,36.18
2025,2,LAS,IAH,NK,1.0,38.5
2025,2,LAS,IAH,NK,1.0,40.0
2025,2,LAS,IAH,NK,1.0,40.5
2025,2,LAS,IAH,NK,1.0,41.0
2025,2,LAS,IAH,NK,1.0,42.14
2025,2,LAS,IAH,NK,1.0,43.73
2025,2,LAS,IAH,NK,1.0,44.0
2025,2,LAS,IAH,NK,1.0,45.0
2025,2,LAS,IAH,NK,1.0,46.43
2025,2,LAS,IAH,NK,1.0,46.5
2025,2,LAS,IAH,NK,1.0,46.65
2025,2,LAS,IAH,NK,1.0,47.0
2025,2,LAS,IAH,NK,1.0,48.0
2025,2,LAS,IAH,NK,1.0,49.67
2025,2,LAS,IAH,NK,1.0,50.0
2025,2,LAS,IAH,NK,1.0,50.47
2025,2,LAS,IAH,NK,1.0,51.0
2025,2,LAS,IAH,NK,1.0,51.11
2025,2,LAS,IAH,NK,1.0,51.5
2025,2,LAS,IAH,NK,1.0,52.0
2025,2,LAS,IAH,NK,1.0,52.0
2025,2,LAS,IAH,NK,1.0,52.0
2025,2,LAS,IAH,NK,1.0,52.55
2025,2,LAS,IAH,NK,1.0,52.69
2025,2,LAS,IAH,NK,1.0,52.93
2025,2,LAS,IAH,NK,1.0,52.94
2025,2,LAS,IAH,NK,1.0,54.5
2025,2,LAS,IAH,NK,1.0,55.0
2025,2,LAS,IAH,NK,1.0,55.4
2025,2,LAS,IAH,NK,1.0,56.0
2025,2,LAS,IAH,NK,1.0,56.5
2025,2,LAS,IAH,NK,1.0,56.93
2025,2,LAS,IAH,NK,1.0,57.0
2025,2,LAS,IAH,NK,1.0,57.3
2025,2,LAS,IAH,NK,1.0,57.5
2025,2,LAS,IAH,NK,1.0,57.58
2025,2,LAS,IAH,NK,1.0,59.2
2025,2,LAS,IAH,NK,1.0,59.5
2025,2,LAS,IAH,NK,1.0,60.0
2025,2,LAS,IAH,NK,1.0,60.8
2025,2,LAS,IAH,NK,1.0,61.0
2025,2,LAS,IAH,NK,1.0,61.5
2025,2,LAS,IAH,NK,1.0,61.5
2025,2,LAS,IAH,NK,1.0,62.0
2025,2,LAS,IAH,NK,1.0,62.5
2025,2,LAS,IAH,NK,1.0,63.5
2025,2,LAS,IAH,NK,1.0,63.87
2025,2,LAS,IAH,NK,1.0,64.5
2025,2,LAS,IAH,NK,1.0,64.76
2025,2,LAS,IAH,NK,1.0,65.0
2025,2,LAS,IAH,NK,1.0,65.0
2025,2,LAS,IAH,NK,1.0,65.5
2025,2,LAS,IAH,NK,1.0,66.0
2025,2,LAS,IAH,NK,1.0,67.0
2025,2,LAS,IAH,NK,1.0,67.0
2025,2,LAS,IAH,NK,1.0,67.69
2025,2,LAS,IAH,NK,1.0,67.87
2025,2,LAS,IAH,NK,1.0,68.5
2025,2,LAS,IAH,NK,1.0,69.0
2025,2,LAS,IAH,NK,1.0,70.0
2025,2,LAS,IAH,NK,1.0,70.0
2025,2,LAS,IAH,NK,1.0,70.62
2025,2,LAS,IAH,NK,1.0,71.0
2025,2,LAS,IAH,NK,1.0,72.5
2025,2,LAS,IAH,NK,1.0,73.0
2025,2,LAS,IAH,NK,1.0,73.5
2025,2,LAS,IAH,NK,1.0,75.0
2025,2,LAS,IAH,NK,1.0,75.0
2025,2,LAS,IAH,NK,1.0,75.5
2025,2,LAS,IAH,NK,1.0,76.0
2025,2,LAS,IAH,NK,1.0,76.5
2025,2,LAS,IAH,NK,1.0,76.79
2025,2,LAS,IAH,NK,1.0,77.0
2025,2,LAS,IAH,NK,1.0,80.0
2025,2,LAS,IAH,NK,1.0,80.5
2025,2,LAS,IAH,NK,1.0,81.0
2025,2,LAS,IAH,NK,1.0,81.5
2025,2,LAS,IAH,NK,1.0,82.0
2025,2,LAS,IAH,NK,1.0,82.0
2025,2,LAS,IAH,NK,1.0,82.5
2025,2,LAS,IAH,NK,1.0,83.0
2025,2,LAS,IAH,NK,1.0,83.0
2025,2,LAS,IAH,NK,1.0,85.0
2025,2,LAS,IAH,NK,1.0,85.0
2025,2,LAS,IAH,NK,1.0,85.5
2025,2,LAS,IAH,NK,1.0,85.84
2025,2,LAS,IAH,NK,1.0,86.5
2025,2,LAS,IAH,NK,1.0,87.0
2025,2,LAS,IAH,NK,1.0,87.0
2025,2,LAS,IAH,NK,1.0,87.99
2025,2,LAS,IAH,NK,1.0,88.0
2025,2,LAS,IAH,NK,1.0,88.0
2025,2,LAS,IAH,NK,1.0,88.5
2025,2,LAS,IAH,NK,1.0,88.55
2025,2,LAS,IAH,NK,1.0,90.0
2025,2,LAS,IAH,NK,1.0,90.0
2025,2,LAS,IAH,NK,1.0,92.5
2025,2,LAS,IAH,NK,1.0,93.5
2025,2,LAS,IAH,NK,1.0,94.5
2025,2,LAS,IAH,NK,1.0,95.0
2025,2,LAS,IAH,NK,1.0,95.0
2025,2,LAS,IAH,NK,1.0,95.0
2025,2,LAS,IAH,NK,1.0,95.16
2025,2,LAS,IAH,NK,1.0,95.54
2025,2,LAS,IAH,NK,1.0,96.0
2025,2,LAS,IAH,NK,1.0,96.0
2025,2,LAS,IAH,NK,1.0,96.5
2025,2,LAS,IAH,NK,1.0,97.0
2025,2,LAS,IAH,NK,1.0,97.0
2025,2,LAS,IAH,NK,1.0,99.0
2025,2,LAS,IAH,NK,1.0,99.45
2025,2,LAS,IAH,NK,1.0,101.0
2025,2,LAS,IAH,NK,1.0,101.0
2025,2,LAS,IAH,NK,1.0,102.0
2025,2,LAS,IAH,NK,1.0,102.0
2025,2,LAS,IAH,NK,1.0,103.0
2025,2,LAS,IAH,NK,1.0,103.5
2025,2,LAS,IAH,NK,1.0,103.5
2025,2,LAS,IAH,NK,1.0,104.69
2025,2,LAS,IAH,NK,1.0,105.0
2025,2,LAS,IAH,NK,1.0,106.0
2025,2,LAS,IAH,NK,1.0,107.0
2025,2,LAS,IAH,NK,1.0,107.5
2025,2,LAS,IAH,NK,1.0,108.0
2025,2,LAS,IAH,NK,1.0,109.0
2025,2,LAS,IAH,NK,1.0,110.0
2025,2,LAS,IAH,NK,1.0,110.5
2025,2,LAS,IAH,NK,1.0,111.5
2025,2,LAS,IAH,NK,1.0,114.0
2025,2,LAS,IAH,NK,1.0,114.5
2025,2,LAS,IAH,NK,1.0,116.0
2025,2,LAS,IAH,NK,1.0,118.0
2025,2,LAS,IAH,NK,1.0,118.5
2025,2,LAS,IAH,NK,1.0,119.0
2025,2,LAS,IAH,NK,1.0,120.75
2025,2,LAS,IAH,NK,1.0,121.0
2025,2,LAS,IAH,NK,1.0,122.0
2025,2,LAS,IAH,NK,1.0,122.5
2025,2,LAS,IAH,NK,1.0,122.5
2025,2,LAS,IAH,NK,1.0,123.0
2025,2,LAS,IAH,NK,1.0,126.86
2025,2,LAS,IAH,NK,1.0,127.0
2025,2,LAS,IAH,NK,1.0,127.5
2025,2,LAS,IAH,NK,1.0,129.5
2025,2,LAS,IAH,NK,1.0,130.42
2025,2,LAS,IAH,NK,1.0,131.0
2025,2,LAS,IAH,NK,1.0,131.5
2025,2,LAS,IAH,NK,1.0,132.15
2025,2,LAS,IAH,NK,1.0,137.0
2025,2,LAS,IAH,NK,1.0,137.0
2025,2,LAS,IAH,NK,1.0,137.0
2025,2,LAS,IAH,NK,1.0,138.0
2025,2,LAS,IAH,NK,1.0,139.0
2025,2,LAS,IAH,NK,1.0,140.0
2025,2,LAS,IAH,NK,1.0,140.5
2025,2,LAS,IAH,NK,1.0,141.5
2025,2,LAS,IAH,NK,1.0,142.62
2025,2,LAS,IAH,NK,1.0,144.5
2025,2,LAS,IAH,NK,1.0,145.0
2025,2,LAS,IAH,NK,1.0,145.5
2025,2,LAS,IAH,NK,1.0,146.0
2025,2,LAS,IAH,NK,1.0,147.23
2025,2,LAS,IAH,NK,1.0,147.5
2025,2,LAS,IAH,NK,1.0,148.0
2025,2,LAS,IAH,NK,1.0,149.0
2025,2,LAS,IAH,NK,1.0,149.5
2025,2,LAS,IAH,NK,1.0,150.0
2025,2,LAS,IAH,NK,1.0,151.0
2025,2,LAS,IAH,NK,1.0,153.0
2025,2,LAS,IAH,NK,1.0,154.5
2025,2,LAS,IAH,NK,1.0,154.95
2025,2,LAS,IAH,NK,1.0,155.0
2025,2,LAS,IAH,NK,1.0,156.0
2025,2,LAS,IAH,NK,1.0,159.0
2025,2,LAS,IAH,NK,1.0,159.5
2025,2,LAS,IAH,NK,1.0,161.5
2025,2,LAS,IAH,NK,1.0,162.0
2025,2,LAS,IAH,NK,1.0,162.0
2025,2,LAS,IAH,NK,1.0,162.0
2025,2,LAS,IAH,NK,1.0,163.89
2025,2,LAS,IAH,NK,1.0,164.0
2025,2,LAS,IAH,NK,1.0,164.5
2025,2,LAS,IAH,NK,1.0,165.0
2025,2,LAS,IAH,NK,1.0,165.5
2025,2,LAS,IAH,NK,1.0,166.0
2025,2,LAS,IAH,NK,1.0,166.5
2025,2,LAS,IAH,NK,1.0,167.0
2025,2,LAS,IAH,NK,1.0,170.0
2025,2,LAS,IAH,NK,1.0,171.0
2025,2,LAS,IAH,NK,1.0,171.0
2025,2,LAS,IAH,NK,1.0,171.5
2025,2,LAS,IAH,NK,1.0,175.14
2025,2,LAS,IAH,NK,1.0,176.5
2025,2,LAS,IAH,NK,1.0,180.0
2025,2,LAS,IAH,NK,1.0,180.5
2025,2,LAS,IAH,NK,1.0,180.5
2025,2,LAS,IAH,NK,1.0,181.0
2025,2,LAS,IAH,NK,1.0,181.5
2025,2,LAS,IAH,NK,1.0,182.0
2025,2,LAS,IAH,NK,1.0,182.0
2025,2,LAS,IAH,NK,1.0,183.5
2025,2,LAS,IAH,NK,1.0,184.0
2025,2,LAS,IAH,NK,1.0,186.5
2025,2,LAS,IAH,NK,1.0,188.0
2025,2,LAS,IAH,NK,1.0,190.15
2025,2,LAS,IAH,NK,1.0,191.0
2025,2,LAS,IAH,NK,1.0,191.0
2025,2,LAS,IAH,NK,1.0,191.5
2025,2,LAS,IAH,NK,1.0,191.5
2025,2,LAS,IAH,NK,1.0,192.0
2025,2,LAS,IAH,NK,1.0,194.0
2025,2,LAS,IAH,NK,1.0,195.48
2025,2,LAS,IAH,NK,1.0,198.0
2025,2,LAS,IAH,NK,1.0,199.5
2025,2,LAS,IAH,NK,1.0,200.0
2025,2,LAS,IAH,NK,1.0,201.0
2025,2,LAS,IAH,NK,1.0,201.5
2025,2,LAS,IAH,NK,1.0,205.5
2025,2,LAS,IAH,NK,1.0,206.0
2025,2,LAS,IAH,NK,1.0,209.46
2025,2,LAS,IAH,NK,1.0,209.5
2025,2,LAS,IAH,NK,1.0,210.0
2025,2,LAS,IAH,NK,1.0,210.0
2025,2,LAS,IAH,NK,1.0,213.0
2025,2,LAS,IAH,NK,1.0,214.0
2025,2,LAS,IAH,NK,1.0,216.0
2025,2,LAS,IAH,NK,1.0,216.5
2025,2,LAS,IAH,NK,1.0,218.0
2025,2,LAS,IAH,NK,1.0,218.0
2025,2,LAS,IAH,NK,1.0,222.0
2025,2,LAS,IAH,NK,1.0,222.36
2025,2,LAS,IAH,NK,1.0,224.0
2025,2,LAS,IAH,NK,1.0,224.0
2025,2,LAS,IAH,NK,1.0,226.5
2025,2,LAS,IAH,NK,1.0,227.0
2025,2,LAS,IAH,NK,1.0,227.0
2025,2,LAS,IAH,NK,1.0,230.0
2025,2,LAS,IAH,NK,1.0,231.0
2025,2,LAS,IAH,NK,1.0,231.5
2025,2,LAS,IAH,NK,1.0,232.0
2025,2,LAS,IAH,NK,1.0,233.5
2025,2,LAS,IAH,NK,1.0,236.0
2025,2,LAS,IAH,NK,1.0,238.0
2025,2,LAS,IAH,NK,1.0,239.0
2025,2,LAS,IAH,NK,1.0,239.5
2025,2,LAS,IAH,NK,1.0,245.0
2025,2,LAS,IAH,NK,1.0,246.0
2025,2,LAS,IAH,NK,1.0,246.5
2025,2,LAS,IAH,NK,1.0,248.0
2025,2,LAS,IAH,NK,1.0,249.0
2025,2,LAS,IAH,NK,1.0,249.0
2025,2,LAS,IAH,NK,1.0,251.0
2025,2,LAS,IAH,NK,1.0,254.0
2025,2,LAS,IAH,NK,1.0,254.0
2025,2,LAS,IAH,NK,1.0,267.0
2025,2,LAS,IAH,NK,1.0,269.27
2025,2,LAS,IAH,NK,1.0,273.0
2025,2,LAS,IAH,NK,1.0,274.0
2025,2,LAS,IAH,NK,1.0,275.0
2025,2,LAS,IAH,NK,1.0,275.0
2025,2,LAS,IAH,NK,1.0,281.0
2025,2,LAS,IAH,NK,1.0,288.0
2025,2,LAS,IAH,NK,1.0,289.0
2025,2,LAS,IAH,NK,1.0,294.0
2025,2,LAS,IAH,NK,1.0,299.0
2025,2,LAS,IAH,NK,1.0,299.0
2025,2,LAS,IAH,NK,1.0,314.0
2025,2,LAS,IAH,NK,1.0,314.0
2025,2,LAS,IAH,NK,1.0,316.5
2025,2,LAS,IAH,NK,1.0,317.65
2025,2,LAS,IAH,NK,1.0,323.0
2025,2,LAS,IAH,NK,1.0,328.0
2025,2,LAS,IAH,NK,1.0,344.0
2025,2,LAS,IAH,NK,1.0,349.0
2025,2,LAS,IAH,NK,1.0,359.0
2025,2,LAS,IAH,NK,1.0,389.0
2025,2,LAS,IAH,NK,1.0,395.05
2025,2,LAS,IAH,NK,1.0,409.0
2025,2,LAS,IAH,NK,1.0,414.0
2025,2,LAS,IAH,NK,1.0,414.0
2025,2,LAS,IAH,NK,1.0,499.0
2025,2,LAS,IAH,NK,2.0,27.7
2025,2,LAS,IAH,NK,2.0,32.5
2025,2,LAS,IAH,NK,2.0,35.0
2025,2,LAS,IAH,NK,2.0,35.5
2025,2,LAS,IAH,NK,2.0,35.9
2025,2,LAS,IAH,NK,2.0,38.5
2025,2,LAS,IAH,NK,2.0,39.0
2025,2,LAS,IAH,NK,2.0,41.0
2025,2,LAS,IAH,NK,2.0,44.5
2025,2,LAS,IAH,NK,2.0,45.0
2025,2,LAS,IAH,NK,2.0,46.0
2025,2,LAS,IAH,NK,2.0,47.5
2025,2,LAS,IAH,NK,2.0,48.0
2025,2,LAS,IAH,NK,2.0,48.0
2025,2,LAS,IAH,NK,2.0,56.5
2025,2,LAS,IAH,NK,2.0,58.5
2025,2,LAS,IAH,NK,2.0,61.65
2025,2,LAS,IAH,NK,2.0,67.5
2025,2,LAS,IAH,NK,2.0,68.0
2025,2,LAS,IAH,NK,2.0,69.0
2025,2,LAS,IAH,NK,2.0,71.0
2025,2,LAS,IAH,NK,2.0,72.0
2025,2,LAS,IAH,NK,2.0,74.0
2025,2,LAS,IAH,NK,2.0,78.0
2025,2,LAS,IAH,NK,2.0,81.0
2025,2,LAS,IAH,NK,2.0,82.0
2025,2,LAS,IAH,NK,2.0,86.0
2025,2,LAS,IAH,NK,2.0,89.5
2025,2,LAS,IAH,NK,2.0,91.0
2025,2,LAS,IAH,NK,2.0,93.0
2025,2,LAS,IAH,NK,2.0,97.0
2025,2,LAS,IAH,NK,2.0,98.0
2025,2,LAS,IAH,NK,2.0,98.5
2025,2,LAS,IAH,NK,2.0,101.0
2025,2,LAS,IAH,NK,2.0,101.5
2025,2,LAS,IAH,NK,2.0,104.0
2025,2,LAS,IAH,NK,2.0,113.5
2025,2,LAS,IAH,NK,2.0,115.0
2025,2,LAS,IAH,NK,2.0,116.0
2025,2,LAS,IAH,NK,2.0,120.0
2025,2,LAS,IAH,NK,2.0,124.0
2025,2,LAS,IAH,NK,2.0,129.0
2025,2,LAS,IAH,NK,2.0,135.0
2025,2,LAS,IAH,NK,2.0,141.0
2025,2,LAS,IAH,NK,2.0,142.0
2025,2,LAS,IAH,NK,2.0,142.0
2025,2,LAS,IAH,NK,2.0,151.0
2025,2,LAS,IAH,NK,2.0,151.5
2025,2,LAS,IAH,NK,2.0,153.0
2025,2,LAS,IAH,NK,2.0,155.0
2025,2,LAS,IAH,NK,2.0,156.5
2025,2,LAS,IAH,NK,2.0,161.5
2025,2,LAS,IAH,NK,2.0,170.0
2025,2,LAS,IAH,NK,2.0,182.0
2025,2,LAS,IAH,NK,2.0,204.0
2025,2,LAS,IAH,NK,2.0,224.0
2025,2,LAS,IAH,NK,2.0,229.0
2025,2,LAS,IAH,NK,2.0,269.0
2025,2,LAS,IAH,NK,2.0,319.0
2025,2,LAS,IAH,NK,2.0,369.0
2025,2,LAS,IAH,NK,3.0,26.0
2025,2,LAS,IAH,NK,3.0,38.0
2025,2,LAS,IAH,NK,3.0,46.0
2025,2,LAS,IAH,NK,3.0,48.5
2025,2,LAS,IAH,NK,3.0,54.5
2025,2,LAS,IAH,NK,3.0,60.0
2025,2,LAS,IAH,NK,3.0,60.5
2025,2,LAS,IAH,NK,3.0,63.0
2025,2,LAS,IAH,NK,3.0,68.0
2025,2,LAS,IAH,NK,3.0,68.5
2025,2,LAS,IAH,NK,3.0,70.0
2025,2,LAS,IAH,NK,3.0,71.0
2025,2,LAS,IAH,NK,3.0,74.0
2025,2,LAS,IAH,NK,3.0,76.0
2025,2,LAS,IAH,NK,3.0,80.0
2025,2,LAS,IAH,NK,3.0,84.0
2025,2,LAS,IAH,NK,3.0,97.5
2025,2,LAS,IAH,NK,3.0,99.5
2025,2,LAS,IAH,NK,3.0,103.0
2025,2,LAS,IAH,NK,3.0,105.5
2025,2,LAS,IAH,NK,3.0,116.5
2025,2,LAS,IAH,NK,3.0,121.5
2025,2,LAS,IAH,NK,3.0,128.0
2025,2,LAS,IAH,NK,3.0,130.0
2025,2,LAS,IAH,NK,3.0,134.0
2025,2,LAS,IAH,NK,3.0,141.0
2025,2,LAS,IAH,NK,3.0,147.0
2025,2,LAS,IAH,NK,3.0,152.0
2025,2,LAS,IAH,NK,3.0,164.0
2025,2,LAS,IAH,NK,3.0,172.0
2025,2,LAS,IAH,NK,3.0,174.0
2025,2,LAS,IAH,NK,3.0,179.0
2025,2,LAS,IAH,NK,3.0,183.0
2025,2,LAS,IAH,NK,3.0,185.0
2025,2,LAS,IAH,NK,3.0,194.0
2025,2,LAS,IAH,NK,3.0,197.0
2025,2,LAS,IAH,NK,3.0,209.0
2025,2,LAS,IAH,NK,3.0,219.0
2025,2,LAS,IAH,NK,3.0,234.0
2025,2,LAS,IAH,NK,3.0,259.0
2025,2,LAS,IAH,NK,3.0,259.0
2025,2,LAS,IAH,NK,4.0,5.5
2025,2,LAS,IAH,NK,4.0,41.0
2025,2,LAS,IAH,NK,4.0,45.5
2025,2,LAS,IAH,NK,4.0,46.0
2025,2,LAS,IAH,NK,4.0,49.5
2025,2,LAS,IAH,NK,4.0,51.0
2025,2,LAS,IAH,NK,4.0,53.0
2025,2,LAS,IAH,NK,4.0,53.0
2025,2,LAS,IAH,NK,4.0,56.0
2025,2,LAS,IAH,NK,4.0,56.0
2025,2,LAS,IAH,NK,4.0,59.0
2025,2,LAS,IAH,NK,4.0,61.0
2025,2,LAS,IAH,NK,4.0,63.0
2025,2,LAS,IAH,NK,4.0,64.5
2025,2,LAS,IAH,NK,4.0,66.0
2025,2,LAS,IAH,NK,4.0,75.5
2025,2,LAS,IAH,NK,4.0,76.5
2025,2,LAS,IAH,NK,4.0,78.0
2025,2,LAS,IAH,NK,4.0,81.0
2025,2,LAS,IAH,NK,4.0,86.0
2025,2,LAS,IAH,NK,4.0,91.0
2025,2,LAS,IAH,NK,4.0,94.0
2025,2,LAS,IAH,NK,4.0,102.5
2025,2,LAS,IAH,NK,4.0,136.5
2025,2,LAS,IAH,NK,4.0,141.5
2025,2,LAS,IAH,NK,4.0,146.5
2025,2,LAS,IAH,NK,4.0,150.0
2025,2,LAS,IAH,NK,4.0,176.0
2025,2,LAS,IAH,NK,4.0,200.0
2025,2,LAS,IAH,NK,4.0,209.0
2025,2,LAS,IAH,NK,4.0,240.0
2025,2,LAS,IAH,NK,4.0,339.0
2025,2,LAS,IAH,NK,5.0,43.0
2025,2,LAS,IAH,NK,5.0,43.0
2025,2,LAS,IAH,NK,5.0,66.0
2025,2,LAS,IAH,NK,5.0,73.0
2025,2,LAS,IAH,NK,5.0,89.0
2025,2,LAS,IAH,NK,5.0,101.5
2025,2,LAS,IAH,NK,5.0,111.0
2025,2,LAS,IAH,NK,5.0,131.5
2025,2,LAS,IAH,NK,5.0,136.0
2025,2,LAS,IAH,NK,5.0,169.0
2025,2,LAS,IAH,NK,5.0,171.5
2025,2,LAS,IAH,NK,5.0,174.0
2025,2,LAS,IAH,NK,5.0,179.0
2025,2,LAS,IAH,NK,5.0,189.0
2025,2,LAS,IAH,NK,5.0,189.0
2025,2,LAS,IAH,NK,6.0,36.0
2025,2,LAS,IAH,NK,6.0,38.0
2025,2,LAS,IAH,NK,6.0,48.5
2025,2,LAS,IAH,NK,6.0,64.0
2025,2,LAS,IAH,NK,6.0,75.0
2025,2,LAS,IAH,NK,6.0,81.5
2025,2,LAS,IAH,NK,6.0,83.0
2025,2,LAS,IAH,NK,6.0,114.0
2025,2,LAS,IAH,NK,6.0,156.0
2025,2,LAS,IAH,NK,6.0,184.0
2025,2,LAS,IAH,NK,7.0,35.0
2025,2,LAS,IAH,NK,7.0,45.0
2025,2,LAS,IAH,NK,7.0,68.0
2025,2,LAS,IAH,NK,7.0,75.0
2025,2,LAS,IAH,NK,7.0,91.5
2025,2,LAS,IAH,NK,7.0,111.5
2025,2,LAS,IAH,NK,7.0,123.5
2025,2,LAS,IAH,NK,7.0,164.0
2025,2,LAS,IAH,NK,7.0,204.0
2025,2,LAS,IAH,NK,7.0,250.0
2025,2,LAS,IAH,NK,7.0,279.0
2025,2,LAS,IAH,NK,8.0,55.0
2025,2,LAS,IAH,NK,8.0,55.5
2025,2,LAS,IAH,NK,8.0,71.5
2025,2,LAS,IAH,NK,8.0,99.0
2025,2,LAS,IAH,NK,8.0,126.5
2025,2,LAS,IAH,NK,8.0,144.0
2025,2,LAS,IAH,NK,8.0,144.0
2025,2,LAS,IAH,NK,8.0,147.0
2025,2,LAS,IAH,NK,8.0,154.0
2025,2,LAS,IAH,NK,8.0,159.0
2025,2,LAS,IAH,NK,8.0,219.0
2025,2,LAS,IAH,NK,8.0,229.0
2025,2,LAS,IAH,NK,9.0,36.0
2025,2,LAS,IAH,NK,9.0,43.0
2025,2,LAS,IAH,NK,9.0,59.0
2025,2,LAS,IAH,NK,9.0,94.0
2025,2,LAS,IAH,NK,9.0,124.0
2025,2,LAS,IAH,NK,9.0,159.0
2025,2,LAS,IAH,NK,10.0,53.0
2025,2,LAS,IAH,NK,10.0,58.5
2025,2,LAS,IAH,NK,10.0,79.0
2025,2,LAS,IAH,NK,10.0,100.0
2025,2,LAS,IAH,NK,10.0,119.0
2025,2,LAS,IAH,NK,10.0,121.5
2025,2,LAS,IAH,NK,10.0,259.0
2025,2,LAS,IAH,NK,11.0,199.0
2025,2,LAS,IAH,NK,12.0,66.5
2025,2,LAS,IAH,NK,12.0,86.5
2025,2,LAS,IAH,NK,12.0,129.0
2025,2,LAS,IAH,NK,12.0,129.0
2025,2,LAS,IAH,NK,13.0,100.0
2025,2,LAS,IAH,NK,13.0,109.0
2025,2,LAS,IAH,NK,13.0,149.0
2025,2,LAS,IAH,NK,13.0,169.0
2025,2,LAS,IAH,NK,14.0,6.0
2025,2,LAS,IAH,NK,14.0,59.0
2025,2,LAS,IAH,NK,14.0,89.0
2025,2,LAS,IAH,NK,14.0,134.0
2025,2,LAS,IAH,NK,14.0,139.0
2025,2,LAS,IAH,NK,14.0,220.0
2025,2,LAS,IAH,NK,15.0,74.0
2025,2,LAS,IAH,NK,15.0,114.0
2025,2,LAS,IAH,NK,16.0,76.5
2025,2,LAS,IAH,NK,17.0,139.0
2025,2,LAS,IAH,NK,18.0,5.5
2025,2,LAS,IAH,NK,19.0,71.5
2025,2,LAS,IAH,NK,20.0,35.0
2025,2,LAS,IAH,NK,20.0,94.0
2025,2,LAS,IAH,NK,21.0,82.0
2025,2,LAS,IAH,NK,22.0,49.5
2025,2,LAS,IAH,NK,22.0,84.0
2025,2,LAS,IAH,NK,22.0,104.0
2025,2,LAS,IAH,NK,22.0,119.0
2025,2,LAS,IAH,NK,23.0,109.0
2025,2,LAS,IAH,NK,24.0,104.0
2025,2,LAS,IAH,NK,25.0,54.0
2025,2,LAS,IAH,NK,25.0,84.0
2025,2,LAS,IAH,NK,26.0,36.0
2025,2,LAS,IAH,NK,31.0,54.0
2025,2,LAS,IAH,NK,31.0,79.0
2025,2,LAS,IAH,NK,34.0,99.0
2025,2,LAS,IAH,NK,37.0,99.0
2025,2,LAS,IAH,NK,39.0,79.0
2025,2,LAS,IAH,NK,40.0,64.0
2025,2,LAS,IAH,NK,45.0,66.5
2025,2,LAS,IAH,NK,46.0,64.0
2025,2,LAS,IAH,NK,50.0,89.0
2025,2,LAS,IAH,NK,55.0,54.0
2025,2,IAH,FLL,NK,1.0,15.0
2025,2,IAH,FLL,NK,1.0,16.0
2025,2,IAH,FLL,NK,1.0,16.48
2025,2,IAH,FLL,NK,1.0,18.0
2025,2,IAH,FLL,NK,1.0,19.0
2025,2,IAH,FLL,NK,1.0,20.0
2025,2,IAH,FLL,NK,1.0,20.0
2025,2,IAH,FLL,NK,1.0,22.0
2025,2,IAH,FLL,NK,1.0,23.0
2025,2,IAH,FLL,NK,1.0,23.5
2025,2,IAH,FLL,NK,1.0,23.5
2025,2,IAH,FLL,NK,1.0,24.0
2025,2,IAH,FLL,NK,1.0,25.0
2025,2,IAH,FLL,NK,1.0,26.0
2025,2,IAH,FLL,NK,1.0,26.0
2025,2,IAH,FLL,NK,1.0,26.5
2025,2,IAH,FLL,NK,1.0,27.0
2025,2,IAH,FLL,NK,1.0,27.5
2025,2,IAH,FLL,NK,1.0,28.0
2025,2,IAH,FLL,NK,1.0,29.0
2025,2,IAH,FLL,NK,1.0,29.5
2025,2,IAH,FLL,NK,1.0,31.0
2025,2,IAH,FLL,NK,1.0,31.93
2025,2,IAH,FLL,NK,1.0,32.78
2025,2,IAH,FLL,NK,1.0,33.0
2025,2,IAH,FLL,NK,1.0,33.5
2025,2,IAH,FLL,NK,1.0,33.5
2025,2,IAH,FLL,NK,1.0,34.0
2025,2,IAH,FLL,NK,1.0,34.17
2025,2,IAH,FLL,NK,1.0,35.0
2025,2,IAH,FLL,NK,1.0,35.0
2025,2,IAH,FLL,NK,1.0,35.32
2025,2,IAH,FLL,NK,1.0,38.0
2025,2,IAH,FLL,NK,1.0,39.28
2025,2,IAH,FLL,NK,1.0,40.5
2025,2,IAH,FLL,NK,1.0,41.04
2025,2,IAH,FLL,NK,1.0,41.5
2025,2,IAH,FLL,NK,1.0,42.5
2025,2,IAH,FLL,NK,1.0,42.5
2025,2,IAH,FLL,NK,1.0,45.0
2025,2,IAH,FLL,NK,1.0,46.0
2025,2,IAH,FLL,NK,1.0,46.5
2025,2,IAH,FLL,NK,1.0,47.0
2025,2,IAH,FLL,NK,1.0,47.05
2025,2,IAH,FLL,NK,1.0,47.5
2025,2,IAH,FLL,NK,1.0,47.55
2025,2,IAH,FLL,NK,1.0,48.01
2025,2,IAH,FLL,NK,1.0,48.05
2025,2,IAH,FLL,NK,1.0,48.12
2025,2,IAH,FLL,NK,1.0,48.77
2025,2,IAH,FLL,NK,1.0,49.5
2025,2,IAH,FLL,NK,1.0,50.03
2025,2,IAH,FLL,NK,1.0,50.15
2025,2,IAH,FLL,NK,1.0,51.0
2025,2,IAH,FLL,NK,1.0,51.95
2025,2,IAH,FLL,NK,1.0,53.07
2025,2,IAH,FLL,NK,1.0,53.24
2025,2,IAH,FLL,NK,1.0,55.0
2025,2,IAH,FLL,NK,1.0,56.59
2025,2,IAH,FLL,NK,1.0,57.89
2025,2,IAH,FLL,NK,1.0,58.34
2025,2,IAH,FLL,NK,1.0,58.95
2025,2,IAH,FLL,NK,1.0,60.5
2025,2,IAH,FLL,NK,1.0,60.92
2025,2,IAH,FLL,NK,1.0,61.44
2025,2,IAH,FLL,NK,1.0,61.56
2025,2,IAH,FLL,NK,1.0,61.91
2025,2,IAH,FLL,NK,1.0,62.0
2025,2,IAH,FLL,NK,1.0,62.06
2025,2,IAH,FLL,NK,1.0,62.5
2025,2,IAH,FLL,NK,1.0,64.59
2025,2,IAH,FLL,NK,1.0,65.0
2025,2,IAH,FLL,NK,1.0,65.06
2025,2,IAH,FLL,NK,1.0,65.5
2025,2,IAH,FLL,NK,1.0,65.56
2025,2,IAH,FLL,NK,1.0,65.57
2025,2,IAH,FLL,NK,1.0,66.88
2025,2,IAH,FLL,NK,1.0,67.0
2025,2,IAH,FLL,NK,1.0,67.5
2025,2,IAH,FLL,NK,1.0,68.0
2025,2,IAH,FLL,NK,1.0,68.5
2025,2,IAH,FLL,NK,1.0,68.73
2025,2,IAH,FLL,NK,1.0,69.56
2025,2,IAH,FLL,NK,1.0,70.5
2025,2,IAH,FLL,NK,1.0,70.61
2025,2,IAH,FLL,NK,1.0,71.0
2025,2,IAH,FLL,NK,1.0,71.11
2025,2,IAH,FLL,NK,1.0,72.0
2025,2,IAH,FLL,NK,1.0,72.0
2025,2,IAH,FLL,NK,1.0,73.0
2025,2,IAH,FLL,NK,1.0,73.44
2025,2,IAH,FLL,NK,1.0,74.98
2025,2,IAH,FLL,NK,1.0,76.0
2025,2,IAH,FLL,NK,1.0,76.91
2025,2,IAH,FLL,NK,1.0,77.0
2025,2,IAH,FLL,NK,1.0,77.0
2025,2,IAH,FLL,NK,1.0,77.0
2025,2,IAH,FLL,NK,1.0,77.5
2025,2,IAH,FLL,NK,1.0,77.5
2025,2,IAH,FLL,NK,1.0,78.0
2025,2,IAH,FLL,NK,1.0,78.8
2025,2,IAH,FLL,NK,1.0,79.5
2025,2,IAH,FLL,NK,1.0,79.5
2025,2,IAH,FLL,NK,1.0,79.96
2025,2,IAH,FLL,NK,1.0,80.0
2025,2,IAH,FLL,NK,1.0,80.23
2025,2,IAH,FLL,NK,1.0,80.64
2025,2,IAH,FLL,NK,1.0,81.0
2025,2,IAH,FLL,NK,1.0,81.5
2025,2,IAH,FLL,NK,1.0,81.58
2025,2,IAH,FLL,NK,1.0,81.72
2025,2,IAH,FLL,NK,1.0,82.0
2025,2,IAH,FLL,NK,1.0,82.0
2025,2,IAH,FLL,NK,1.0,82.04
2025,2,IAH,FLL,NK,1.0,83.0
2025,2,IAH,FLL,NK,1.0,84.0
2025,2,IAH,FLL,NK,1.0,84.09
2025,2,IAH,FLL,NK,1.0,85.21
2025,2,IAH,FLL,NK,1.0,86.0
2025,2,IAH,FLL,NK,1.0,86.31
2025,2,IAH,FLL,NK,1.0,86.59
2025,2,IAH,FLL,NK,1.0,86.84
2025,2,IAH,FLL,NK,1.0,87.0
2025,2,IAH,FLL,NK,1.0,87.08
2025,2,IAH,FLL,NK,1.0,88.0
2025,2,IAH,FLL,NK,1.0,88.0
2025,2,IAH,FLL,NK,1.0,88.59
2025,2,IAH,FLL,NK,1.0,88.71
2025,2,IAH,FLL,NK,1.0,89.52
2025,2,IAH,FLL,NK,1.0,89.82
2025,2,IAH,FLL,NK,1.0,90.0
2025,2,IAH,FLL,NK,1.0,90.0
2025,2,IAH,FLL,NK,1.0,90.94
2025,2,IAH,FLL,NK,1.0,91.0
2025,2,IAH,FLL,NK,1.0,91.0
2025,2,IAH,FLL,NK,1.0,91.44
2025,2,IAH,FLL,NK,1.0,91.59
2025,2,IAH,FLL,NK,1.0,92.0
2025,2,IAH,FLL,NK,1.0,92.0
2025,2,IAH,FLL,NK,1.0,93.0
2025,2,IAH,FLL,NK,1.0,93.45
2025,2,IAH,FLL,NK,1.0,95.5
2025,2,IAH,FLL,NK,1.0,95.89
2025,2,IAH,FLL,NK,1.0,95.99
2025,2,IAH,FLL,NK,1.0,96.0
2025,2,IAH,FLL,NK,1.0,96.1
2025,2,IAH,FLL,NK,1.0,97.0
2025,2,IAH,FLL,NK,1.0,97.0
2025,2,IAH,FLL,NK,1.0,97.13
2025,2,IAH,FLL,NK,1.0,98.0
2025,2,IAH,FLL,NK,1.0,98.5
2025,2,IAH,FLL,NK,1.0,98.6
2025,2,IAH,FLL,NK,1.0,99.08
2025,2,IAH,FLL,NK,1.0,99.5
2025,2,IAH,FLL,NK,1.0,100.0
2025,2,IAH,FLL,NK,1.0,100.0
2025,2,IAH,FLL,NK,1.0,100.13
2025,2,IAH,FLL,NK,1.0,100.5
2025,2,IAH,FLL,NK,1.0,101.0
2025,2,IAH,FLL,NK,1.0,102.0
2025,2,IAH,FLL,NK,1.0,102.8
2025,2,IAH,FLL,NK,1.0,103.42
2025,2,IAH,FLL,NK,1.0,103.5
2025,2,IAH,FLL,NK,1.0,104.0
2025,2,IAH,FLL,NK,1.0,104.5
2025,2,IAH,FLL,NK,1.0,105.0
2025,2,IAH,FLL,NK,1.0,105.64
2025,2,IAH,FLL,NK,1.0,106.9
2025,2,IAH,FLL,NK,1.0,107.0
2025,2,IAH,FLL,NK,1.0,107.43
2025,2,IAH,FLL,NK,1.0,108.0
2025,2,IAH,FLL,NK,1.0,108.01
2025,2,IAH,FLL,NK,1.0,108.93
2025,2,IAH,FLL,NK,1.0,109.0
2025,2,IAH,FLL,NK,1.0,109.11
2025,2,IAH,FLL,NK,1.0,109.5
2025,2,IAH,FLL,NK,1.0,109.5
2025,2,IAH,FLL,NK,1.0,110.0
2025,2,IAH,FLL,NK,1.0,110.0
2025,2,IAH,FLL,NK,1.0,110.35
2025,2,IAH,FLL,NK,1.0,110.5
2025,2,IAH,FLL,NK,1.0,111.62
2025,2,IAH,FLL,NK,1.0,112.0
2025,2,IAH,FLL,NK,1.0,113.0
2025,2,IAH,FLL,NK,1.0,113.0
2025,2,IAH,FLL,NK,1.0,113.5
2025,2,IAH,FLL,NK,1.0,114.0
2025,2,IAH,FLL,NK,1.0,114.5
2025,2,IAH,FLL,NK,1.0,114.5
2025,2,IAH,FLL,NK,1.0,114.61
2025,2,IAH,FLL,NK,1.0,115.0
2025,2,IAH,FLL,NK,1.0,115.0
2025,2,IAH,FLL,NK,1.0,116.0
2025,2,IAH,FLL,NK,1.0,116.0
2025,2,IAH,FLL,NK,1.0,118.0
2025,2,IAH,FLL,NK,1.0,118.5
2025,2,IAH,FLL,NK,1.0,118.51
2025,2,IAH,FLL,NK,1.0,119.0
2025,2,IAH,FLL,NK,1.0,119.17
2025,2,IAH,FLL,NK,1.0,119.72
2025,2,IAH,FLL,NK,1.0,120.0
2025,2,IAH,FLL,NK,1.0,120.0
2025,2,IAH,FLL,NK,1.0,120.5
2025,2,IAH,FLL,NK,1.0,120.75
2025,2,IAH,FLL,NK,1.0,121.0
2025,2,IAH,FLL,NK,1.0,122.0
2025,2,IAH,FLL,NK,1.0,122.5
2025,2,IAH,FLL,NK,1.0,123.0
2025,2,IAH,FLL,NK,1.0,123.0
2025,2,IAH,FLL,NK,1.0,123.25
2025,2,IAH,FLL,NK,1.0,124.5
2025,2,IAH,FLL,NK,1.0,125.5
2025,2,IAH,FLL,NK,1.0,126.5
2025,2,IAH,FLL,NK,1.0,126.86
2025,2,IAH,FLL,NK,1.0,127.0
2025,2,IAH,FLL,NK,1.0,127.5
2025,2,IAH,FLL,NK,1.0,128.0
2025,2,IAH,FLL,NK,1.0,128.63
2025,2,IAH,FLL,NK,1.0,131.37
2025,2,IAH,FLL,NK,1.0,132.0
2025,2,IAH,FLL,NK,1.0,133.0
2025,2,IAH,FLL,NK,1.0,133.02
2025,2,IAH,FLL,NK,1.0,134.0
2025,2,IAH,FLL,NK,1.0,135.0
2025,2,IAH,FLL,NK,1.0,135.69
2025,2,IAH,FLL,NK,1.0,136.0
2025,2,IAH,FLL,NK,1.0,136.5
2025,2,IAH,FLL,NK,1.0,140.0
2025,2,IAH,FLL,NK,1.0,140.0
2025,2,IAH,FLL,NK,1.0,140.76
2025,2,IAH,FLL,NK,1.0,141.0
2025,2,IAH,FLL,NK,1.0,143.0
2025,2,IAH,FLL,NK,1.0,143.5
2025,2,IAH,FLL,NK,1.0,144.0
2025,2,IAH,FLL,NK,1.0,145.5
2025,2,IAH,FLL,NK,1.0,146.0
2025,2,IAH,FLL,NK,1.0,146.5
2025,2,IAH,FLL,NK,1.0,146.5
2025,2,IAH,FLL,NK,1.0,147.5
2025,2,IAH,FLL,NK,1.0,147.65
2025,2,IAH,FLL,NK,1.0,148.0
2025,2,IAH,FLL,NK,1.0,150.0
2025,2,IAH,FLL,NK,1.0,151.0
2025,2,IAH,FLL,NK,1.0,151.0
2025,2,IAH,FLL,NK,1.0,151.21
2025,2,IAH,FLL,NK,1.0,151.64
2025,2,IAH,FLL,NK,1.0,153.0
2025,2,IAH,FLL,NK,1.0,154.0
2025,2,IAH,FLL,NK,1.0,156.0
2025,2,IAH,FLL,NK,1.0,156.0
2025,2,IAH,FLL,NK,1.0,156.5
2025,2,IAH,FLL,NK,1.0,157.0
2025,2,IAH,FLL,NK,1.0,157.5
2025,2,IAH,FLL,NK,1.0,158.0
2025,2,IAH,FLL,NK,1.0,159.0
2025,2,IAH,FLL,NK,1.0,159.0
2025,2,IAH,FLL,NK,1.0,159.53
2025,2,IAH,FLL,NK,1.0,160.0
2025,2,IAH,FLL,NK,1.0,161.0
2025,2,IAH,FLL,NK,1.0,161.5
2025,2,IAH,FLL,NK,1.0,161.81
2025,2,IAH,FLL,NK,1.0,164.93
2025,2,IAH,FLL,NK,1.0,165.0
2025,2,IAH,FLL,NK,1.0,165.0
2025,2,IAH,FLL,NK,1.0,166.0
2025,2,IAH,FLL,NK,1.0,166.17
2025,2,IAH,FLL,NK,1.0,167.0
2025,2,IAH,FLL,NK,1.0,167.0
2025,2,IAH,FLL,NK,1.0,167.0
2025,2,IAH,FLL,NK,1.0,168.0
2025,2,IAH,FLL,NK,1.0,169.5
2025,2,IAH,FLL,NK,1.0,170.5
2025,2,IAH,FLL,NK,1.0,175.0
2025,2,IAH,FLL,NK,1.0,175.0
2025,2,IAH,FLL,NK,1.0,176.5
2025,2,IAH,FLL,NK,1.0,177.0
2025,2,IAH,FLL,NK,1.0,178.91
2025,2,IAH,FLL,NK,1.0,181.5
2025,2,IAH,FLL,NK,1.0,183.0
2025,2,IAH,FLL,NK,1.0,183.5
2025,2,IAH,FLL,NK,1.0,185.16
2025,2,IAH,FLL,NK,1.0,186.0
2025,2,IAH,FLL,NK,1.0,186.5
2025,2,IAH,FLL,NK,1.0,191.0
2025,2,IAH,FLL,NK,1.0,191.5
2025,2,IAH,FLL,NK,1.0,194.0
2025,2,IAH,FLL,NK,1.0,194.0
2025,2,IAH,FLL,NK,1.0,197.0
2025,2,IAH,FLL,NK,1.0,198.5
2025,2,IAH,FLL,NK,1.0,199.0
2025,2,IAH,FLL,NK,1.0,199.33
2025,2,IAH,FLL,NK,1.0,201.0
2025,2,IAH,FLL,NK,1.0,201.5
2025,2,IAH,FLL,NK,1.0,202.82
2025,2,IAH,FLL,NK,1.0,204.78
2025,2,IAH,FLL,NK,1.0,205.0
2025,2,IAH,FLL,NK,1.0,206.0
2025,2,IAH,FLL,NK,1.0,206.5
2025,2,IAH,FLL,NK,1.0,206.5
2025,2,IAH,FLL,NK,1.0,208.0
2025,2,IAH,FLL,NK,1.0,209.0
2025,2,IAH,FLL,NK,1.0,211.5
2025,2,IAH,FLL,NK,1.0,211.67
2025,2,IAH,FLL,NK,1.0,213.0
2025,2,IAH,FLL,NK,1.0,214.0
2025,2,IAH,FLL,NK,1.0,216.5
2025,2,IAH,FLL,NK,1.0,216.5
2025,2,IAH,FLL,NK,1.0,217.0
2025,2,IAH,FLL,NK,1.0,218.5
2025,2,IAH,FLL,NK,1.0,219.0
2025,2,IAH,FLL,NK,1.0,220.0
2025,2,IAH,FLL,NK,1.0,222.0
2025,2,IAH,FLL,NK,1.0,224.0
2025,2,IAH,FLL,NK,1.0,224.0
2025,2,IAH,FLL,NK,1.0,225.0
2025,2,IAH,FLL,NK,1.0,229.0
2025,2,IAH,FLL,NK,1.0,229.4
2025,2,IAH,FLL,NK,1.0,234.0
2025,2,IAH,FLL,NK,1.0,236.0
2025,2,IAH,FLL,NK,1.0,240.0
2025,2,IAH,FLL,NK,1.0,240.0
2025,2,IAH,FLL,NK,1.0,241.5
2025,2,IAH,FLL,NK,1.0,242.0
2025,2,IAH,FLL,NK,1.0,243.0
2025,2,IAH,FLL,NK,1.0,244.0
2025,2,IAH,FLL,NK,1.0,245.0
2025,2,IAH,FLL,NK,1.0,246.0
2025,2,IAH,FLL,NK,1.0,246.5
2025,2,IAH,FLL,NK,1.0,249.0
2025,2,IAH,FLL,NK,1.0,252.0
2025,2,IAH,FLL,NK,1.0,254.0
2025,2,IAH,FLL,NK,1.0,258.0
2025,2,IAH,FLL,NK,1.0,259.57
2025,2,IAH,FLL,NK,1.0,261.0
2025,2,IAH,FLL,NK,1.0,263.0
2025,2,IAH,FLL,NK,1.0,264.0
2025,2,IAH,FLL,NK,1.0,266.0
2025,2,IAH,FLL,NK,1.0,267.0
2025,2,IAH,FLL,NK,1.0,273.0
2025,2,IAH,FLL,NK,1.0,274.0
2025,2,IAH,FLL,NK,1.0,276.79
2025,2,IAH,FLL,NK,1.0,278.0
2025,2,IAH,FLL,NK,1.0,279.5
2025,2,IAH,FLL,NK,1.0,281.0
2025,2,IAH,FLL,NK,1.0,287.0
2025,2,IAH,FLL,NK,1.0,289.5
2025,2,IAH,FLL,NK,1.0,291.0
2025,2,IAH,FLL,NK,1.0,294.0
2025,2,IAH,FLL,NK,1.0,294.0
2025,2,IAH,FLL,NK,1.0,306.0
2025,2,IAH,FLL,NK,1.0,306.5
2025,2,IAH,FLL,NK,1.0,307.0
2025,2,IAH,FLL,NK,1.0,308.0
2025,2,IAH,FLL,NK,1.0,309.0
2025,2,IAH,FLL,NK,1.0,314.0
2025,2,IAH,FLL,NK,1.0,314.03
2025,2,IAH,FLL,NK,1.0,319.0
2025,2,IAH,FLL,NK,1.0,322.0
2025,2,IAH,FLL,NK,1.0,324.0
2025,2,IAH,FLL,NK,1.0,328.0
2025,2,IAH,FLL,NK,1.0,329.0
2025,2,IAH,FLL,NK,1.0,330.0
2025,2,IAH,FLL,NK,1.0,334.0
2025,2,IAH,FLL,NK,1.0,336.0
2025,2,IAH,FLL,NK,1.0,339.0
2025,2,IAH,FLL,NK,1.0,343.0
2025,2,IAH,FLL,NK,1.0,354.0
2025,2,IAH,FLL,NK,1.0,359.0
2025,2,IAH,FLL,NK,1.0,368.0
2025,2,IAH,FLL,NK,1.0,375.0
2025,2,IAH,FLL,NK,1.0,376.0
2025,2,IAH,FLL,NK,1.0,379.0
2025,2,IAH,FLL,NK,1.0,380.0
2025,2,IAH,FLL,NK,1.0,388.0
2025,2,IAH,FLL,NK,1.0,396.0
2025,2,IAH,FLL,NK,1.0,419.0
2025,2,IAH,FLL,NK,1.0,429.0
2025,2,IAH,FLL,NK,1.0,478.0
2025,2,IAH,FLL,NK,1.0,505.0
2025,2,IAH,FLL,NK,1.0,551.0
2025,2,IAH,FLL,NK,1.0,567.0
2025,2,IAH,FLL,NK,1.0,580.0
2025,2,IAH,FLL,NK,1.0,589.0
2025,2,IAH,FLL,NK,1.0,590.0
2025,2,IAH,FLL,NK,1.0,640.0
2025,2,IAH,FLL,NK,1.0,682.0
2025,2,IAH,FLL,NK,2.0,21.0
2025,2,IAH,FLL,NK,2.0,28.0
2025,2,IAH,FLL,NK,2.0,30.5
2025,2,IAH,FLL,NK,2.0,31.0
2025,2,IAH,FLL,NK,2.0,34.0
2025,2,IAH,FLL,NK,2.0,37.5
2025,2,IAH,FLL,NK,2.0,40.0
2025,2,IAH,FLL,NK,2.0,41.0
2025,2,IAH,FLL,NK,2.0,41.5
2025,2,IAH,FLL,NK,2.0,42.0
2025,2,IAH,FLL,NK,2.0,44.5
2025,2,IAH,FLL,NK,2.0,45.5
2025,2,IAH,FLL,NK,2.0,49.5
2025,2,IAH,FLL,NK,2.0,51.5
2025,2,IAH,FLL,NK,2.0,52.0
2025,2,IAH,FLL,NK,2.0,52.0
2025,2,IAH,FLL,NK,2.0,52.5
2025,2,IAH,FLL,NK,2.0,54.5
2025,2,IAH,FLL,NK,2.0,55.24
2025,2,IAH,FLL,NK,2.0,60.0
2025,2,IAH,FLL,NK,2.0,60.0
2025,2,IAH,FLL,NK,2.0,60.4
2025,2,IAH,FLL,NK,2.0,60.5
2025,2,IAH,FLL,NK,2.0,61.0
2025,2,IAH,FLL,NK,2.0,62.0
2025,2,IAH,FLL,NK,2.0,62.5
2025,2,IAH,FLL,NK,2.0,65.0
2025,2,IAH,FLL,NK,2.0,67.0
2025,2,IAH,FLL,NK,2.0,73.0
2025,2,IAH,FLL,NK,2.0,76.0
2025,2,IAH,FLL,NK,2.0,78.0
2025,2,IAH,FLL,NK,2.0,80.0
2025,2,IAH,FLL,NK,2.0,80.0
2025,2,IAH,FLL,NK,2.0,84.5
2025,2,IAH,FLL,NK,2.0,86.0
2025,2,IAH,FLL,NK,2.0,87.0
2025,2,IAH,FLL,NK,2.0,90.5
2025,2,IAH,FLL,NK,2.0,92.0
2025,2,IAH,FLL,NK,2.0,92.5
2025,2,IAH,FLL,NK,2.0,95.0
2025,2,IAH,FLL,NK,2.0,95.5
2025,2,IAH,FLL,NK,2.0,98.5
2025,2,IAH,FLL,NK,2.0,100.0
2025,2,IAH,FLL,NK,2.0,107.0
2025,2,IAH,FLL,NK,2.0,107.5
2025,2,IAH,FLL,NK,2.0,108.5
2025,2,IAH,FLL,NK,2.0,112.0
2025,2,IAH,FLL,NK,2.0,113.0
2025,2,IAH,FLL,NK,2.0,115.5
2025,2,IAH,FLL,NK,2.0,116.5
2025,2,IAH,FLL,NK,2.0,117.0
2025,2,IAH,FLL,NK,2.0,121.5
2025,2,IAH,FLL,NK,2.0,123.5
2025,2,IAH,FLL,NK,2.0,125.0
2025,2,IAH,FLL,NK,2.0,125.5
2025,2,IAH,FLL,NK,2.0,126.0
2025,2,IAH,FLL,NK,2.0,126.5
2025,2,IAH,FLL,NK,2.0,127.0
2025,2,IAH,FLL,NK,2.0,128.0
2025,2,IAH,FLL,NK,2.0,128.0
2025,2,IAH,FLL,NK,2.0,132.0
2025,2,IAH,FLL,NK,2.0,136.0
2025,2,IAH,FLL,NK,2.0,138.0
2025,2,IAH,FLL,NK,2.0,138.0
2025,2,IAH,FLL,NK,2.0,141.0
2025,2,IAH,FLL,NK,2.0,142.0
2025,2,IAH,FLL,NK,2.0,144.0
2025,2,IAH,FLL,NK,2.0,145.0
2025,2,IAH,FLL,NK,2.0,147.0
2025,2,IAH,FLL,NK,2.0,148.5
2025,2,IAH,FLL,NK,2.0,151.5
2025,2,IAH,FLL,NK,2.0,154.0
2025,2,IAH,FLL,NK,2.0,164.0
2025,2,IAH,FLL,NK,2.0,168.0
2025,2,IAH,FLL,NK,2.0,171.0
2025,2,IAH,FLL,NK,2.0,174.0
2025,2,IAH,FLL,NK,2.0,177.0
2025,2,IAH,FLL,NK,2.0,185.0
2025,2,IAH,FLL,NK,2.0,189.0
2025,2,IAH,FLL,NK,2.0,194.0
2025,2,IAH,FLL,NK,2.0,196.5
2025,2,IAH,FLL,NK,2.0,198.0
2025,2,IAH,FLL,NK,2.0,199.0
2025,2,IAH,FLL,NK,2.0,204.0
2025,2,IAH,FLL,NK,2.0,204.0
2025,2,IAH,FLL,NK,2.0,212.0
2025,2,IAH,FLL,NK,2.0,213.0
2025,2,IAH,FLL,NK,2.0,214.0
2025,2,IAH,FLL,NK,2.0,224.0
2025,2,IAH,FLL,NK,2.0,231.0
2025,2,IAH,FLL,NK,2.0,237.0
2025,2,IAH,FLL,NK,2.0,239.0
2025,2,IAH,FLL,NK,2.0,272.0
2025,2,IAH,FLL,NK,2.0,409.0
2025,2,IAH,FLL,NK,3.0,21.0
2025,2,IAH,FLL,NK,3.0,25.0
2025,2,IAH,FLL,NK,3.0,26.0
2025,2,IAH,FLL,NK,3.0,28.0
2025,2,IAH,FLL,NK,3.0,36.0
2025,2,IAH,FLL,NK,3.0,43.5
2025,2,IAH,FLL,NK,3.0,43.5
2025,2,IAH,FLL,NK,3.0,44.5
2025,2,IAH,FLL,NK,3.0,45.0
2025,2,IAH,FLL,NK,3.0,46.5
2025,2,IAH,FLL,NK,3.0,47.0
2025,2,IAH,FLL,NK,3.0,50.5
2025,2,IAH,FLL,NK,3.0,55.0
2025,2,IAH,FLL,NK,3.0,55.5
2025,2,IAH,FLL,NK,3.0,56.0
2025,2,IAH,FLL,NK,3.0,57.0
2025,2,IAH,FLL,NK,3.0,63.5
2025,2,IAH,FLL,NK,3.0,64.5
2025,2,IAH,FLL,NK,3.0,65.0
2025,2,IAH,FLL,NK,3.0,65.5
2025,2,IAH,FLL,NK,3.0,69.5
2025,2,IAH,FLL,NK,3.0,70.0
2025,2,IAH,FLL,NK,3.0,70.0
2025,2,IAH,FLL,NK,3.0,71.0
2025,2,IAH,FLL,NK,3.0,76.0
2025,2,IAH,FLL,NK,3.0,78.0
2025,2,IAH,FLL,NK,3.0,78.0
2025,2,IAH,FLL,NK,3.0,81.0
2025,2,IAH,FLL,NK,3.0,81.0
2025,2,IAH,FLL,NK,3.0,83.0
2025,2,IAH,FLL,NK,3.0,83.0
2025,2,IAH,FLL,NK,3.0,85.0
2025,2,IAH,FLL,NK,3.0,87.0
2025,2,IAH,FLL,NK,3.0,89.5
2025,2,IAH,FLL,NK,3.0,91.0
2025,2,IAH,FLL,NK,3.0,93.5
2025,2,IAH,FLL,NK,3.0,96.5
2025,2,IAH,FLL,NK,3.0,101.0
2025,2,IAH,FLL,NK,3.0,102.0
2025,2,IAH,FLL,NK,3.0,106.0
2025,2,IAH,FLL,NK,3.0,106.0
2025,2,IAH,FLL,NK,3.0,108.0
2025,2,IAH,FLL,NK,3.0,108.0
2025,2,IAH,FLL,NK,3.0,111.5
2025,2,IAH,FLL,NK,3.0,118.5
2025,2,IAH,FLL,NK,3.0,121.5
2025,2,IAH,FLL,NK,3.0,122.0
2025,2,IAH,FLL,NK,3.0,129.0
2025,2,IAH,FLL,NK,3.0,130.0
2025,2,IAH,FLL,NK,3.0,131.0
2025,2,IAH,FLL,NK,3.0,131.5
2025,2,IAH,FLL,NK,3.0,133.0
2025,2,IAH,FLL,NK,3.0,135.0
2025,2,IAH,FLL,NK,3.0,136.5
2025,2,IAH,FLL,NK,3.0,141.0
2025,2,IAH,FLL,NK,3.0,141.5
2025,2,IAH,FLL,NK,3.0,143.0
2025,2,IAH,FLL,NK,3.0,161.5
2025,2,IAH,FLL,NK,3.0,164.0
2025,2,IAH,FLL,NK,3.0,166.5
2025,2,IAH,FLL,NK,3.0,166.5
2025,2,IAH,FLL,NK,3.0,170.0
2025,2,IAH,FLL,NK,3.0,174.0
2025,2,IAH,FLL,NK,3.0,178.0
2025,2,IAH,FLL,NK,3.0,179.0
2025,2,IAH,FLL,NK,3.0,179.0
2025,2,IAH,FLL,NK,3.0,182.0
2025,2,IAH,FLL,NK,3.0,188.0
2025,2,IAH,FLL,NK,3.0,189.0
2025,2,IAH,FLL,NK,3.0,193.0
2025,2,IAH,FLL,NK,3.0,289.0
2025,2,IAH,FLL,NK,3.0,384.0
2025,2,IAH,FLL,NK,3.0,424.0
2025,2,IAH,FLL,NK,4.0,30.0
2025,2,IAH,FLL,NK,4.0,33.0
2025,2,IAH,FLL,NK,4.0,38.0
2025,2,IAH,FLL,NK,4.0,38.0
2025,2,IAH,FLL,NK,4.0,39.0
2025,2,IAH,FLL,NK,4.0,40.0
2025,2,IAH,FLL,NK,4.0,41.0
2025,2,IAH,FLL,NK,4.0,45.0
2025,2,IAH,FLL,NK,4.0,46.0
2025,2,IAH,FLL,NK,4.0,50.0
2025,2,IAH,FLL,NK,4.0,50.0
2025,2,IAH,FLL,NK,4.0,50.5
2025,2,IAH,FLL,NK,4.0,52.5
2025,2,IAH,FLL,NK,4.0,55.5
2025,2,IAH,FLL,NK,4.0,62.0
2025,2,IAH,FLL,NK,4.0,63.0
2025,2,IAH,FLL,NK,4.0,63.5
2025,2,IAH,FLL,NK,4.0,68.0
2025,2,IAH,FLL,NK,4.0,70.5
2025,2,IAH,FLL,NK,4.0,73.0
2025,2,IAH,FLL,NK,4.0,77.0
2025,2,IAH,FLL,NK,4.0,78.5
2025,2,IAH,FLL,NK,4.0,80.5
2025,2,IAH,FLL,NK,4.0,84.0
2025,2,IAH,FLL,NK,4.0,88.0
2025,2,IAH,FLL,NK,4.0,97.0
2025,2,IAH,FLL,NK,4.0,98.0
2025,2,IAH,FLL,NK,4.0,98.0
2025,2,IAH,FLL,NK,4.0,104.0
2025,2,IAH,FLL,NK,4.0,111.0
2025,2,IAH,FLL,NK,4.0,114.0
2025,2,IAH,FLL,NK,4.0,117.0
2025,2,IAH,FLL,NK,4.0,127.5
2025,2,IAH,FLL,NK,4.0,141.5
2025,2,IAH,FLL,NK,4.0,144.0
2025,2,IAH,FLL,NK,4.0,146.0
2025,2,IAH,FLL,NK,4.0,148.5
2025,2,IAH,FLL,NK,4.0,151.0
2025,2,IAH,FLL,NK,4.0,153.5
2025,2,IAH,FLL,NK,4.0,154.0
2025,2,IAH,FLL,NK,4.0,159.0
2025,2,IAH,FLL,NK,4.0,160.0
2025,2,IAH,FLL,NK,4.0,164.0
2025,2,IAH,FLL,NK,4.0,182.0
2025,2,IAH,FLL,NK,4.0,186.5
2025,2,IAH,FLL,NK,4.0,189.0
2025,2,IAH,FLL,NK,4.0,229.0
2025,2,IAH,FLL,NK,5.0,11.0
2025,2,IAH,FLL,NK,5.0,36.0
2025,2,IAH,FLL,NK,5.0,45.5
2025,2,IAH,FLL,NK,5.0,57.0
2025,2,IAH,FLL,NK,5.0,63.0
2025,2,IAH,FLL,NK,5.0,66.5
2025,2,IAH,FLL,NK,5.0,67.0
2025,2,IAH,FLL,NK,5.0,69.5
2025,2,IAH,FLL,NK,5.0,71.0
2025,2,IAH,FLL,NK,5.0,77.0
2025,2,IAH,FLL,NK,5.0,91.5
2025,2,IAH,FLL,NK,5.0,92.0
2025,2,IAH,FLL,NK,5.0,99.0
2025,2,IAH,FLL,NK,5.0,103.0
2025,2,IAH,FLL,NK,5.0,106.5
2025,2,IAH,FLL,NK,5.0,109.0
2025,2,IAH,FLL,NK,5.0,111.0
2025,2,IAH,FLL,NK,5.0,111.5
2025,2,IAH,FLL,NK,5.0,112.0
2025,2,IAH,FLL,NK,5.0,116.0
2025,2,IAH,FLL,NK,5.0,116.5
2025,2,IAH,FLL,NK,5.0,129.0
2025,2,IAH,FLL,NK,5.0,139.0
2025,2,IAH,FLL,NK,5.0,149.0
2025,2,IAH,FLL,NK,5.0,162.0
2025,2,IAH,FLL,NK,5.0,191.5
2025,2,IAH,FLL,NK,6.0,30.0
2025,2,IAH,FLL,NK,6.0,36.0
2025,2,IAH,FLL,NK,6.0,42.0
2025,2,IAH,FLL,NK,6.0,46.0
2025,2,IAH,FLL,NK,6.0,48.0
2025,2,IAH,FLL,NK,6.0,63.0
2025,2,IAH,FLL,NK,6.0,66.5
2025,2,IAH,FLL,NK,6.0,75.0
2025,2,IAH,FLL,NK,6.0,75.5
2025,2,IAH,FLL,NK,6.0,75.5
2025,2,IAH,FLL,NK,6.0,76.5
2025,2,IAH,FLL,NK,6.0,78.5
2025,2,IAH,FLL,NK,6.0,83.5
2025,2,IAH,FLL,NK,6.0,111.0
2025,2,IAH,FLL,NK,6.0,118.0
2025,2,IAH,FLL,NK,6.0,119.0
2025,2,IAH,FLL,NK,6.0,176.0
2025,2,IAH,FLL,NK,6.0,344.0
2025,2,IAH,FLL,NK,7.0,39.0
2025,2,IAH,FLL,NK,7.0,39.0
2025,2,IAH,FLL,NK,7.0,46.0
2025,2,IAH,FLL,NK,7.0,56.0
2025,2,IAH,FLL,NK,7.0,57.0
2025,2,IAH,FLL,NK,7.0,58.5
2025,2,IAH,FLL,NK,7.0,61.5
2025,2,IAH,FLL,NK,7.0,68.0
2025,2,IAH,FLL,NK,7.0,73.5
2025,2,IAH,FLL,NK,7.0,79.0
2025,2,IAH,FLL,NK,7.0,80.5
2025,2,IAH,FLL,NK,7.0,84.0
2025,2,IAH,FLL,NK,7.0,99.0
2025,2,IAH,FLL,NK,7.0,101.5
2025,2,IAH,FLL,NK,7.0,106.0
2025,2,IAH,FLL,NK,7.0,121.0
2025,2,IAH,FLL,NK,7.0,124.0
2025,2,IAH,FLL,NK,7.0,124.0
2025,2,IAH,FLL,NK,7.0,139.0
2025,2,IAH,FLL,NK,7.0,214.0
2025,2,IAH,FLL,NK,7.0,234.0
2025,2,IAH,FLL,NK,7.0,239.0
2025,2,IAH,FLL,NK,7.0,244.0
2025,2,IAH,FLL,NK,7.0,294.0
2025,2,IAH,FLL,NK,8.0,38.5
2025,2,IAH,FLL,NK,8.0,48.0
2025,2,IAH,FLL,NK,8.0,50.0
2025,2,IAH,FLL,NK,8.0,53.5
2025,2,IAH,FLL,NK,8.0,58.5
2025,2,IAH,FLL,NK,8.0,73.5
2025,2,IAH,FLL,NK,8.0,74.5
2025,2,IAH,FLL,NK,8.0,79.0
2025,2,IAH,FLL,NK,8.0,86.5
2025,2,IAH,FLL,NK,8.0,88.5
2025,2,IAH,FLL,NK,8.0,91.5
2025,2,IAH,FLL,NK,8.0,93.5
2025,2,IAH,FLL,NK,8.0,99.0
2025,2,IAH,FLL,NK,8.0,104.0
2025,2,IAH,FLL,NK,8.0,109.0
2025,2,IAH,FLL,NK,8.0,114.0
2025,2,IAH,FLL,NK,8.0,116.0
2025,2,IAH,FLL,NK,8.0,124.0
2025,2,IAH,FLL,NK,8.0,149.0
2025,2,IAH,FLL,NK,8.0,171.5
2025,2,IAH,FLL,NK,8.0,171.5
2025,2,IAH,FLL,NK,8.0,184.0
2025,2,IAH,FLL,NK,9.0,51.5
2025,2,IAH,FLL,NK,9.0,66.0
2025,2,IAH,FLL,NK,9.0,79.0
2025,2,IAH,FLL,NK,9.0,86.5
2025,2,IAH,FLL,NK,9.0,96.5
2025,2,IAH,FLL,NK,9.0,101.5
2025,2,IAH,FLL,NK,9.0,106.5
2025,2,IAH,FLL,NK,9.0,121.0
2025,2,IAH,FLL,NK,10.0,48.5
2025,2,IAH,FLL,NK,10.0,61.5
2025,2,IAH,FLL,NK,10.0,81.5
2025,2,IAH,FLL,NK,10.0,89.0
2025,2,IAH,FLL,NK,10.0,119.0
2025,2,IAH,FLL,NK,10.0,134.0
2025,2,IAH,FLL,NK,10.0,179.0
2025,2,IAH,FLL,NK,11.0,21.0
2025,2,IAH,FLL,NK,11.0,42.0
2025,2,IAH,FLL,NK,11.0,76.5
2025,2,IAH,FLL,NK,11.0,88.5
2025,2,IAH,FLL,NK,12.0,38.5
2025,2,IAH,FLL,NK,12.0,43.0
2025,2,IAH,FLL,NK,12.0,48.5
2025,2,IAH,FLL,NK,12.0,49.0
2025,2,IAH,FLL,NK,12.0,64.0
2025,2,IAH,FLL,NK,12.0,66.0
2025,2,IAH,FLL,NK,12.0,71.5
2025,2,IAH,FLL,NK,12.0,134.0
2025,2,IAH,FLL,NK,13.0,53.0
2025,2,IAH,FLL,NK,13.0,66.0
2025,2,IAH,FLL,NK,13.0,71.5
2025,2,IAH,FLL,NK,13.0,74.0
2025,2,IAH,FLL,NK,13.0,83.5
2025,2,IAH,FLL,NK,13.0,89.0
2025,2,IAH,FLL,NK,13.0,103.0
2025,2,IAH,FLL,NK,14.0,58.0
2025,2,IAH,FLL,NK,14.0,149.0
2025,2,IAH,FLL,NK,15.0,43.0
2025,2,IAH,FLL,NK,15.0,94.0
2025,2,IAH,FLL,NK,16.0,5.5
2025,2,IAH,FLL,NK,16.0,48.0
2025,2,IAH,FLL,NK,16.0,56.5
2025,2,IAH,FLL,NK,16.0,58.0
2025,2,IAH,FLL,NK,16.0,69.0
2025,2,IAH,FLL,NK,17.0,5.5
2025,2,IAH,FLL,NK,17.0,38.0
2025,2,IAH,FLL,NK,17.0,43.0
2025,2,IAH,FLL,NK,17.0,56.0
2025,2,IAH,FLL,NK,17.0,103.0
2025,2,IAH,FLL,NK,17.0,114.0
2025,2,IAH,FLL,NK,18.0,51.0
2025,2,IAH,FLL,NK,18.0,94.0
2025,2,IAH,FLL,NK,18.0,134.0
2025,2,IAH,FLL,NK,19.0,51.0
2025,2,IAH,FLL,NK,19.0,56.5
2025,2,IAH,FLL,NK,19.0,61.0
2025,2,IAH,FLL,NK,19.0,89.0
2025,2,IAH,FLL,NK,19.0,94.0
2025,2,IAH,FLL,NK,20.0,49.0
2025,2,IAH,FLL,NK,20.0,53.5
2025,2,IAH,FLL,NK,20.0,54.0
2025,2,IAH,FLL,NK,21.0,54.0
2025,2,IAH,FLL,NK,21.0,54.0
2025,2,IAH,FLL,NK,21.0,139.0
2025,2,IAH,FLL,NK,22.0,44.0
2025,2,IAH,FLL,NK,22.0,61.0
2025,2,IAH,FLL,NK,22.0,98.0
2025,2,IAH,FLL,NK,24.0,49.0
2025,2,IAH,FLL,NK,24.0,84.0
2025,2,IAH,FLL,NK,25.0,74.0
2025,2,IAH,FLL,NK,27.0,64.0
2025,2,IAH,FLL,NK,28.0,58.0
2025,2,IAH,FLL,NK,28.0,69.0
2025,2,IAH,FLL,NK,28.0,74.0
2025,2,IAH,FLL,NK,28.0,129.0
2025,2,IAH,FLL,NK,30.0,53.0
2025,2,IAH,FLL,NK,30.0,69.0
2025,2,IAH,FLL,NK,32.0,44.0
2025,2,IAH,FLL,NK,32.0,64.0
2025,2,IAH,FLL,NK,33.0,6.0
2025,2,IAH,FLL,NK,35.0,44.0
2025,2,IAH,FLL,NK,36.0,204.0
2025,2,IAH,FLL,NK,37.0,59.0
2025,2,IAH,FLL,NK,38.0,53.0
2025,2,IAH,FLL,NK,39.0,199.0
2025,2,IAH,FLL,NK,40.0,59.0
2025,2,IAH,FLL,NK,63.0,59.0
2025,2,IAH,MCO,NK,1.0,3.66
2025,2,IAH,MCO,NK,1.0,5.16
2025,2,IAH,MCO,NK,1.0,11.0
2025,2,IAH,MCO,NK,1.0,16.0
2025,2,IAH,MCO,NK,1.0,19.0
2025,2,IAH,MCO,NK,1.0,19.0
2025,2,IAH,MCO,NK,1.0,19.5
2025,2,IAH,MCO,NK,1.0,20.5
2025,2,IAH,MCO,NK,1.0,21.0
2025,2,IAH,MCO,NK,1.0,21.0
2025,2,IAH,MCO,NK,1.0,22.0
2025,2,IAH,MCO,NK,1.0,25.0
2025,2,IAH,MCO,NK,1.0,26.51
2025,2,IAH,MCO,NK,1.0,27.0
2025,2,IAH,MCO,NK,1.0,29.0
2025,2,IAH,MCO,NK,1.0,29.5
2025,2,IAH,MCO,NK,1.0,29.5
2025,2,IAH,MCO,NK,1.0,30.0
2025,2,IAH,MCO,NK,1.0,31.0
2025,2,IAH,MCO,NK,1.0,31.5
2025,2,IAH,MCO,NK,1.0,32.0
2025,2,IAH,MCO,NK,1.0,32.5
2025,2,IAH,MCO,NK,1.0,32.5
2025,2,IAH,MCO,NK,1.0,36.0
2025,2,IAH,MCO,NK,1.0,36.5
2025,2,IAH,MCO,NK,1.0,37.0
2025,2,IAH,MCO,NK,1.0,38.0
2025,2,IAH,MCO,NK,1.0,38.94
2025,2,IAH,MCO,NK,1.0,39.5
2025,2,IAH,MCO,NK,1.0,40.0
2025,2,IAH,MCO,NK,1.0,40.85
2025,2,IAH,MCO,NK,1.0,43.5
2025,2,IAH,MCO,NK,1.0,44.5
2025,2,IAH,MCO,NK,1.0,45.72
2025,2,IAH,MCO,NK,1.0,46.5
2025,2,IAH,MCO,NK,1.0,47.0
2025,2,IAH,MCO,NK,1.0,47.5
2025,2,IAH,MCO,NK,1.0,48.5
2025,2,IAH,MCO,NK,1.0,49.0
2025,2,IAH,MCO,NK,1.0,50.0
2025,2,IAH,MCO,NK,1.0,50.5
2025,2,IAH,MCO,NK,1.0,51.0
2025,2,IAH,MCO,NK,1.0,52.0
2025,2,IAH,MCO,NK,1.0,53.07
2025,2,IAH,MCO,NK,1.0,53.23
2025,2,IAH,MCO,NK,1.0,54.0
2025,2,IAH,MCO,NK,1.0,54.5
2025,2,IAH,MCO,NK,1.0,54.5
2025,2,IAH,MCO,NK,1.0,56.0
2025,2,IAH,MCO,NK,1.0,58.0
2025,2,IAH,MCO,NK,1.0,58.0
2025,2,IAH,MCO,NK,1.0,58.5
2025,2,IAH,MCO,NK,1.0,59.0
2025,2,IAH,MCO,NK,1.0,61.0
2025,2,IAH,MCO,NK,1.0,62.0
2025,2,IAH,MCO,NK,1.0,62.5
2025,2,IAH,MCO,NK,1.0,64.0
2025,2,IAH,MCO,NK,1.0,65.0
2025,2,IAH,MCO,NK,1.0,65.5
2025,2,IAH,MCO,NK,1.0,66.5
2025,2,IAH,MCO,NK,1.0,67.0
2025,2,IAH,MCO,NK,1.0,67.99
2025,2,IAH,MCO,NK,1.0,68.58
2025,2,IAH,MCO,NK,1.0,68.85
2025,2,IAH,MCO,NK,1.0,69.5
2025,2,IAH,MCO,NK,1.0,71.0
2025,2,IAH,MCO,NK,1.0,71.22
2025,2,IAH,MCO,NK,1.0,72.0
2025,2,IAH,MCO,NK,1.0,72.37
2025,2,IAH,MCO,NK,1.0,73.0
2025,2,IAH,MCO,NK,1.0,73.5
2025,2,IAH,MCO,NK,1.0,73.54
2025,2,IAH,MCO,NK,1.0,74.05
2025,2,IAH,MCO,NK,1.0,75.5
2025,2,IAH,MCO,NK,1.0,76.0
2025,2,IAH,MCO,NK,1.0,77.0
2025,2,IAH,MCO,NK,1.0,78.0
2025,2,IAH,MCO,NK,1.0,78.03
2025,2,IAH,MCO,NK,1.0,78.4
2025,2,IAH,MCO,NK,1.0,78.5
2025,2,IAH,MCO,NK,1.0,79.39
2025,2,IAH,MCO,NK,1.0,80.0
2025,2,IAH,MCO,NK,1.0,80.0
2025,2,IAH,MCO,NK,1.0,80.5
2025,2,IAH,MCO,NK,1.0,80.82
2025,2,IAH,MCO,NK,1.0,81.0
2025,2,IAH,MCO,NK,1.0,81.0
2025,2,IAH,MCO,NK,1.0,81.5
2025,2,IAH,MCO,NK,1.0,82.0
2025,2,IAH,MCO,NK,1.0,84.0
2025,2,IAH,MCO,NK,1.0,84.0
2025,2,IAH,MCO,NK,1.0,85.0
2025,2,IAH,MCO,NK,1.0,85.5
2025,2,IAH,MCO,NK,1.0,86.0
2025,2,IAH,MCO,NK,1.0,86.0
2025,2,IAH,MCO,NK,1.0,86.43
2025,2,IAH,MCO,NK,1.0,86.5
2025,2,IAH,MCO,NK,1.0,89.0
2025,2,IAH,MCO,NK,1.0,90.35
2025,2,IAH,MCO,NK,1.0,90.5
2025,2,IAH,MCO,NK,1.0,91.5
2025,2,IAH,MCO,NK,1.0,92.0
2025,2,IAH,MCO,NK,1.0,92.35
2025,2,IAH,MCO,NK,1.0,92.5
2025,2,IAH,MCO,NK,1.0,92.99
2025,2,IAH,MCO,NK,1.0,95.5
2025,2,IAH,MCO,NK,1.0,96.0
2025,2,IAH,MCO,NK,1.0,97.0
2025,2,IAH,MCO,NK,1.0,97.0
2025,2,IAH,MCO,NK,1.0,97.5
2025,2,IAH,MCO,NK,1.0,99.93
2025,2,IAH,MCO,NK,1.0,100.5
2025,2,IAH,MCO,NK,1.0,101.24
2025,2,IAH,MCO,NK,1.0,101.5
2025,2,IAH,MCO,NK,1.0,103.0
2025,2,IAH,MCO,NK,1.0,103.0
2025,2,IAH,MCO,NK,1.0,104.0
2025,2,IAH,MCO,NK,1.0,104.62
2025,2,IAH,MCO,NK,1.0,105.5
2025,2,IAH,MCO,NK,1.0,106.53
2025,2,IAH,MCO,NK,1.0,107.0
2025,2,IAH,MCO,NK,1.0,107.13
2025,2,IAH,MCO,NK,1.0,108.83
2025,2,IAH,MCO,NK,1.0,110.0
2025,2,IAH,MCO,NK,1.0,110.5
2025,2,IAH,MCO,NK,1.0,110.5
2025,2,IAH,MCO,NK,1.0,112.0
2025,2,IAH,MCO,NK,1.0,112.0
2025,2,IAH,MCO,NK,1.0,113.0
2025,2,IAH,MCO,NK,1.0,116.0
2025,2,IAH,MCO,NK,1.0,116.0
2025,2,IAH,MCO,NK,1.0,117.0
2025,2,IAH,MCO,NK,1.0,119.1
2025,2,IAH,MCO,NK,1.0,120.0
2025,2,IAH,MCO,NK,1.0,120.17
2025,2,IAH,MCO,NK,1.0,120.5
2025,2,IAH,MCO,NK,1.0,121.0
2025,2,IAH,MCO,NK,1.0,121.5
2025,2,IAH,MCO,NK,1.0,122.0
2025,2,IAH,MCO,NK,1.0,123.0
2025,2,IAH,MCO,NK,1.0,123.5
2025,2,IAH,MCO,NK,1.0,124.0
2025,2,IAH,MCO,NK,1.0,124.49
2025,2,IAH,MCO,NK,1.0,124.5
2025,2,IAH,MCO,NK,1.0,124.93
2025,2,IAH,MCO,NK,1.0,125.0
2025,2,IAH,MCO,NK,1.0,125.5
2025,2,IAH,MCO,NK,1.0,126.0
2025,2,IAH,MCO,NK,1.0,126.5
2025,2,IAH,MCO,NK,1.0,127.0
2025,2,IAH,MCO,NK,1.0,127.0
2025,2,IAH,MCO,NK,1.0,128.5
2025,2,IAH,MCO,NK,1.0,129.0
2025,2,IAH,MCO,NK,1.0,129.0
2025,2,IAH,MCO,NK,1.0,129.5
2025,2,IAH,MCO,NK,1.0,130.5
2025,2,IAH,MCO,NK,1.0,131.0
2025,2,IAH,MCO,NK,1.0,132.0
2025,2,IAH,MCO,NK,1.0,132.0
2025,2,IAH,MCO,NK,1.0,133.0
2025,2,IAH,MCO,NK,1.0,134.0
2025,2,IAH,MCO,NK,1.0,134.0
2025,2,IAH,MCO,NK,1.0,134.22
2025,2,IAH,MCO,NK,1.0,135.86
2025,2,IAH,MCO,NK,1.0,136.0
2025,2,IAH,MCO,NK,1.0,136.0
2025,2,IAH,MCO,NK,1.0,136.46
2025,2,IAH,MCO,NK,1.0,137.0
2025,2,IAH,MCO,NK,1.0,137.5
2025,2,IAH,MCO,NK,1.0,138.0
2025,2,IAH,MCO,NK,1.0,138.0
2025,2,IAH,MCO,NK,1.0,139.0
2025,2,IAH,MCO,NK,1.0,139.0
2025,2,IAH,MCO,NK,1.0,139.5
2025,2,IAH,MCO,NK,1.0,140.0
2025,2,IAH,MCO,NK,1.0,140.59
2025,2,IAH,MCO,NK,1.0,141.0
2025,2,IAH,MCO,NK,1.0,142.0
2025,2,IAH,MCO,NK,1.0,142.5
2025,2,IAH,MCO,NK,1.0,146.0
2025,2,IAH,MCO,NK,1.0,146.0
2025,2,IAH,MCO,NK,1.0,146.5
2025,2,IAH,MCO,NK,1.0,147.21
2025,2,IAH,MCO,NK,1.0,147.5
2025,2,IAH,MCO,NK,1.0,148.0
2025,2,IAH,MCO,NK,1.0,151.0
2025,2,IAH,MCO,NK,1.0,151.0
2025,2,IAH,MCO,NK,1.0,152.0
2025,2,IAH,MCO,NK,1.0,153.0
2025,2,IAH,MCO,NK,1.0,156.0
2025,2,IAH,MCO,NK,1.0,157.0
2025,2,IAH,MCO,NK,1.0,157.4
2025,2,IAH,MCO,NK,1.0,158.0
2025,2,IAH,MCO,NK,1.0,160.0
2025,2,IAH,MCO,NK,1.0,161.0
2025,2,IAH,MCO,NK,1.0,161.5
2025,2,IAH,MCO,NK,1.0,162.0
2025,2,IAH,MCO,NK,1.0,163.0
2025,2,IAH,MCO,NK,1.0,165.69
2025,2,IAH,MCO,NK,1.0,166.0
2025,2,IAH,MCO,NK,1.0,166.5
2025,2,IAH,MCO,NK,1.0,167.0
2025,2,IAH,MCO,NK,1.0,167.58
2025,2,IAH,MCO,NK,1.0,172.0
2025,2,IAH,MCO,NK,1.0,173.0
2025,2,IAH,MCO,NK,1.0,174.0
2025,2,IAH,MCO,NK,1.0,175.5
2025,2,IAH,MCO,NK,1.0,177.0
2025,2,IAH,MCO,NK,1.0,178.5
2025,2,IAH,MCO,NK,1.0,181.0
2025,2,IAH,MCO,NK,1.0,183.0
2025,2,IAH,MCO,NK,1.0,185.0
2025,2,IAH,MCO,NK,1.0,189.0
2025,2,IAH,MCO,NK,1.0,189.0
2025,2,IAH,MCO,NK,1.0,190.0
2025,2,IAH,MCO,NK,1.0,190.5
2025,2,IAH,MCO,NK,1.0,191.0
2025,2,IAH,MCO,NK,1.0,191.0
2025,2,IAH,MCO,NK,1.0,192.72
2025,2,IAH,MCO,NK,1.0,194.0
2025,2,IAH,MCO,NK,1.0,195.0
2025,2,IAH,MCO,NK,1.0,195.0
2025,2,IAH,MCO,NK,1.0,196.0
2025,2,IAH,MCO,NK,1.0,198.0
2025,2,IAH,MCO,NK,1.0,199.0
2025,2,IAH,MCO,NK,1.0,199.0
2025,2,IAH,MCO,NK,1.0,202.0
2025,2,IAH,MCO,NK,1.0,204.0
2025,2,IAH,MCO,NK,1.0,205.0
2025,2,IAH,MCO,NK,1.0,208.5
2025,2,IAH,MCO,NK,1.0,209.0
2025,2,IAH,MCO,NK,1.0,210.0
2025,2,IAH,MCO,NK,1.0,214.0
2025,2,IAH,MCO,NK,1.0,215.0
2025,2,IAH,MCO,NK,1.0,217.5
2025,2,IAH,MCO,NK,1.0,218.87
2025,2,IAH,MCO,NK,1.0,219.0
2025,2,IAH,MCO,NK,1.0,229.5
2025,2,IAH,MCO,NK,1.0,230.0
2025,2,IAH,MCO,NK,1.0,232.0
2025,2,IAH,MCO,NK,1.0,234.0
2025,2,IAH,MCO,NK,1.0,235.22
2025,2,IAH,MCO,NK,1.0,237.5
2025,2,IAH,MCO,NK,1.0,238.0
2025,2,IAH,MCO,NK,1.0,238.0
2025,2,IAH,MCO,NK,1.0,240.0
2025,2,IAH,MCO,NK,1.0,243.0
2025,2,IAH,MCO,NK,1.0,248.0
2025,2,IAH,MCO,NK,1.0,255.5
2025,2,IAH,MCO,NK,1.0,258.0
2025,2,IAH,MCO,NK,1.0,263.0
2025,2,IAH,MCO,NK,1.0,264.0
2025,2,IAH,MCO,NK,1.0,265.0
2025,2,IAH,MCO,NK,1.0,268.0
2025,2,IAH,MCO,NK,1.0,270.0
2025,2,IAH,MCO,NK,1.0,270.5
2025,2,IAH,MCO,NK,1.0,285.5
2025,2,IAH,MCO,NK,1.0,289.0
2025,2,IAH,MCO,NK,1.0,290.0
2025,2,IAH,MCO,NK,1.0,292.5
2025,2,IAH,MCO,NK,1.0,293.0
2025,2,IAH,MCO,NK,1.0,293.0
2025,2,IAH,MCO,NK,1.0,298.0
2025,2,IAH,MCO,NK,1.0,300.0
2025,2,IAH,MCO,NK,1.0,303.0
2025,2,IAH,MCO,NK,1.0,310.0
2025,2,IAH,MCO,NK,1.0,315.0
2025,2,IAH,MCO,NK,1.0,329.0
2025,2,IAH,MCO,NK,1.0,332.0
2025,2,IAH,MCO,NK,1.0,333.0
2025,2,IAH,MCO,NK,1.0,342.0
2025,2,IAH,MCO,NK,1.0,386.0
2025,2,IAH,MCO,NK,1.0,390.0
2025,2,IAH,MCO,NK,1.0,392.0
2025,2,IAH,MCO,NK,1.0,397.0
2025,2,IAH,MCO,NK,1.0,400.0
2025,2,IAH,MCO,NK,1.0,456.0
2025,2,IAH,MCO,NK,1.0,494.0
2025,2,IAH,MCO,NK,1.0,523.0
2025,2,IAH,MCO,NK,2.0,21.0
2025,2,IAH,MCO,NK,2.0,23.0
2025,2,IAH,MCO,NK,2.0,24.0
2025,2,IAH,MCO,NK,2.0,27.0
2025,2,IAH,MCO,NK,2.0,29.0
2025,2,IAH,MCO,NK,2.0,33.5
2025,2,IAH,MCO,NK,2.0,35.0
2025,2,IAH,MCO,NK,2.0,38.5
2025,2,IAH,MCO,NK,2.0,39.0
2025,2,IAH,MCO,NK,2.0,40.5
2025,2,IAH,MCO,NK,2.0,41.5
2025,2,IAH,MCO,NK,2.0,42.0
2025,2,IAH,MCO,NK,2.0,46.0
2025,2,IAH,MCO,NK,2.0,47.0
2025,2,IAH,MCO,NK,2.0,49.5
2025,2,IAH,MCO,NK,2.0,53.5
2025,2,IAH,MCO,NK,2.0,54.0
2025,2,IAH,MCO,NK,2.0,62.0
2025,2,IAH,MCO,NK,2.0,64.5
2025,2,IAH,MCO,NK,2.0,65.0
2025,2,IAH,MCO,NK,2.0,65.0
2025,2,IAH,MCO,NK,2.0,68.0
2025,2,IAH,MCO,NK,2.0,68.0
2025,2,IAH,MCO,NK,2.0,69.0
2025,2,IAH,MCO,NK,2.0,71.0
2025,2,IAH,MCO,NK,2.0,72.0
2025,2,IAH,MCO,NK,2.0,72.5
2025,2,IAH,MCO,NK,2.0,74.0
2025,2,IAH,MCO,NK,2.0,76.5
2025,2,IAH,MCO,NK,2.0,77.0
2025,2,IAH,MCO,NK,2.0,78.5
2025,2,IAH,MCO,NK,2.0,79.0
2025,2,IAH,MCO,NK,2.0,84.5
2025,2,IAH,MCO,NK,2.0,85.5
2025,2,IAH,MCO,NK,2.0,86.0
2025,2,IAH,MCO,NK,2.0,88.0
2025,2,IAH,MCO,NK,2.0,90.0
2025,2,IAH,MCO,NK,2.0,92.0
2025,2,IAH,MCO,NK,2.0,92.0
2025,2,IAH,MCO,NK,2.0,92.0
2025,2,IAH,MCO,NK,2.0,96.0
2025,2,IAH,MCO,NK,2.0,97.0
2025,2,IAH,MCO,NK,2.0,99.0
2025,2,IAH,MCO,NK,2.0,102.0
2025,2,IAH,MCO,NK,2.0,103.0
2025,2,IAH,MCO,NK,2.0,105.0
2025,2,IAH,MCO,NK,2.0,105.0
2025,2,IAH,MCO,NK,2.0,109.0
2025,2,IAH,MCO,NK,2.0,109.0
2025,2,IAH,MCO,NK,2.0,111.5
2025,2,IAH,MCO,NK,2.0,112.0
2025,2,IAH,MCO,NK,2.0,117.0
2025,2,IAH,MCO,NK,2.0,117.0
2025,2,IAH,MCO,NK,2.0,118.0
2025,2,IAH,MCO,NK,2.0,118.0
2025,2,IAH,MCO,NK,2.0,119.0
2025,2,IAH,MCO,NK,2.0,123.0
2025,2,IAH,MCO,NK,2.0,130.0
2025,2,IAH,MCO,NK,2.0,140.0
2025,2,IAH,MCO,NK,2.0,145.0
2025,2,IAH,MCO,NK,2.0,148.0
2025,2,IAH,MCO,NK,2.0,148.0
2025,2,IAH,MCO,NK,2.0,154.0
2025,2,IAH,MCO,NK,2.0,158.0
2025,2,IAH,MCO,NK,2.0,160.0
2025,2,IAH,MCO,NK,2.0,168.0
2025,2,IAH,MCO,NK,2.0,173.0
2025,2,IAH,MCO,NK,2.0,175.0
2025,2,IAH,MCO,NK,2.0,175.0
2025,2,IAH,MCO,NK,2.0,185.0
2025,2,IAH,MCO,NK,2.0,193.0
2025,2,IAH,MCO,NK,2.0,201.0
2025,2,IAH,MCO,NK,2.0,203.0
2025,2,IAH,MCO,NK,2.0,205.0
2025,2,IAH,MCO,NK,2.0,210.0
2025,2,IAH,MCO,NK,2.0,213.0
2025,2,IAH,MCO,NK,2.0,215.0
2025,2,IAH,MCO,NK,2.0,223.0
2025,2,IAH,MCO,NK,2.0,233.0
2025,2,IAH,MCO,NK,2.0,253.0
2025,2,IAH,MCO,NK,2.0,253.0
2025,2,IAH,MCO,NK,2.0,260.0
2025,2,IAH,MCO,NK,2.0,273.0
2025,2,IAH,MCO,NK,2.0,283.0
2025,2,IAH,MCO,NK,2.0,292.0
2025,2,IAH,MCO,NK,3.0,20.0
2025,2,IAH,MCO,NK,3.0,20.0
2025,2,IAH,MCO,NK,3.0,26.0
2025,2,IAH,MCO,NK,3.0,27.0
2025,2,IAH,MCO,NK,3.0,30.0
2025,2,IAH,MCO,NK,3.0,34.0
2025,2,IAH,MCO,NK,3.0,37.0
2025,2,IAH,MCO,NK,3.0,39.0
2025,2,IAH,MCO,NK,3.0,41.0
2025,2,IAH,MCO,NK,3.0,42.5
2025,2,IAH,MCO,NK,3.0,47.0
2025,2,IAH,MCO,NK,3.0,48.0
2025,2,IAH,MCO,NK,3.0,55.5
2025,2,IAH,MCO,NK,3.0,56.5
2025,2,IAH,MCO,NK,3.0,58.0
2025,2,IAH,MCO,NK,3.0,59.0
2025,2,IAH,MCO,NK,3.0,66.5
2025,2,IAH,MCO,NK,3.0,67.0
2025,2,IAH,MCO,NK,3.0,71.0
2025,2,IAH,MCO,NK,3.0,75.0
2025,2,IAH,MCO,NK,3.0,75.5
2025,2,IAH,MCO,NK,3.0,83.0
2025,2,IAH,MCO,NK,3.0,87.0
2025,2,IAH,MCO,NK,3.0,89.0
2025,2,IAH,MCO,NK,3.0,94.0
2025,2,IAH,MCO,NK,3.0,101.0
2025,2,IAH,MCO,NK,3.0,101.5
2025,2,IAH,MCO,NK,3.0,108.0
2025,2,IAH,MCO,NK,3.0,128.0
2025,2,IAH,MCO,NK,3.0,135.0
2025,2,IAH,MCO,NK,3.0,135.0
2025,2,IAH,MCO,NK,3.0,145.0
2025,2,IAH,MCO,NK,3.0,148.0
2025,2,IAH,MCO,NK,3.0,153.0
2025,2,IAH,MCO,NK,3.0,159.0
2025,2,IAH,MCO,NK,3.0,183.0
2025,2,IAH,MCO,NK,3.0,188.0
2025,2,IAH,MCO,NK,3.0,193.0
2025,2,IAH,MCO,NK,3.0,208.0
2025,2,IAH,MCO,NK,3.0,211.0
2025,2,IAH,MCO,NK,3.0,225.0
2025,2,IAH,MCO,NK,3.0,230.0
2025,2,IAH,MCO,NK,3.0,240.0
2025,2,IAH,MCO,NK,4.0,5.5
2025,2,IAH,MCO,NK,4.0,24.0
2025,2,IAH,MCO,NK,4.0,32.0
2025,2,IAH,MCO,NK,4.0,39.0
2025,2,IAH,MCO,NK,4.0,40.0
2025,2,IAH,MCO,NK,4.0,46.0
2025,2,IAH,MCO,NK,4.0,52.0
2025,2,IAH,MCO,NK,4.0,55.0
2025,2,IAH,MCO,NK,4.0,56.0
2025,2,IAH,MCO,NK,4.0,59.0
2025,2,IAH,MCO,NK,4.0,60.0
2025,2,IAH,MCO,NK,4.0,61.0
2025,2,IAH,MCO,NK,4.0,64.0
2025,2,IAH,MCO,NK,4.0,70.0
2025,2,IAH,MCO,NK,4.0,72.0
2025,2,IAH,MCO,NK,4.0,79.0
2025,2,IAH,MCO,NK,4.0,87.0
2025,2,IAH,MCO,NK,4.0,88.0
2025,2,IAH,MCO,NK,4.0,93.0
2025,2,IAH,MCO,NK,4.0,105.0
2025,2,IAH,MCO,NK,4.0,107.0
2025,2,IAH,MCO,NK,4.0,115.0
2025,2,IAH,MCO,NK,4.0,125.0
2025,2,IAH,MCO,NK,4.0,131.0
2025,2,IAH,MCO,NK,4.0,133.0
2025,2,IAH,MCO,NK,4.0,150.0
2025,2,IAH,MCO,NK,4.0,153.0
2025,2,IAH,MCO,NK,4.0,165.0
2025,2,IAH,MCO,NK,4.0,170.0
2025,2,IAH,MCO,NK,4.0,180.0
2025,2,IAH,MCO,NK,4.0,193.0
2025,2,IAH,MCO,NK,4.0,285.0
2025,2,IAH,MCO,NK,5.0,29.0
2025,2,IAH,MCO,NK,5.0,33.5
2025,2,IAH,MCO,NK,5.0,50.0
2025,2,IAH,MCO,NK,5.0,55.0
2025,2,IAH,MCO,NK,5.0,57.0
2025,2,IAH,MCO,NK,5.0,57.0
2025,2,IAH,MCO,NK,5.0,76.0
2025,2,IAH,MCO,NK,5.0,78.0
2025,2,IAH,MCO,NK,5.0,80.0
2025,2,IAH,MCO,NK,5.0,82.0
2025,2,IAH,MCO,NK,5.0,85.0
2025,2,IAH,MCO,NK,5.0,89.0
2025,2,IAH,MCO,NK,5.0,90.0
2025,2,IAH,MCO,NK,5.0,90.5
2025,2,IAH,MCO,NK,5.0,100.0
2025,2,IAH,MCO,NK,5.0,100.0
2025,2,IAH,MCO,NK,5.0,109.0
2025,2,IAH,MCO,NK,5.0,113.0
2025,2,IAH,MCO,NK,5.0,120.0
2025,2,IAH,MCO,NK,5.0,128.0
2025,2,IAH,MCO,NK,5.0,130.0
2025,2,IAH,MCO,NK,5.0,133.0
2025,2,IAH,MCO,NK,5.0,143.0
2025,2,IAH,MCO,NK,5.0,180.0
2025,2,IAH,MCO,NK,5.0,200.0
2025,2,IAH,MCO,NK,5.0,245.0
2025,2,IAH,MCO,NK,6.0,20.0
2025,2,IAH,MCO,NK,6.0,38.5
2025,2,IAH,MCO,NK,6.0,42.0
2025,2,IAH,MCO,NK,6.0,44.0
2025,2,IAH,MCO,NK,6.0,74.0
2025,2,IAH,MCO,NK,6.0,110.0
2025,2,IAH,MCO,NK,6.0,118.0
2025,2,IAH,MCO,NK,6.0,150.0
2025,2,IAH,MCO,NK,6.0,165.0
2025,2,IAH,MCO,NK,6.0,168.0
2025,2,IAH,MCO,NK,6.0,233.0
2025,2,IAH,MCO,NK,7.0,57.0
2025,2,IAH,MCO,NK,7.0,67.0
2025,2,IAH,MCO,NK,7.0,69.0
2025,2,IAH,MCO,NK,7.0,80.5
2025,2,IAH,MCO,NK,7.0,90.0
2025,2,IAH,MCO,NK,7.0,95.0
2025,2,IAH,MCO,NK,7.0,98.0
2025,2,IAH,MCO,NK,7.0,105.0
2025,2,IAH,MCO,NK,7.0,120.0
2025,2,IAH,MCO,NK,7.0,243.0
2025,2,IAH,MCO,NK,8.0,5.5
2025,2,IAH,MCO,NK,8.0,45.0
2025,2,IAH,MCO,NK,8.0,45.0
2025,2,IAH,MCO,NK,8.0,52.0
2025,2,IAH,MCO,NK,8.0,60.0
2025,2,IAH,MCO,NK,8.0,74.0
2025,2,IAH,MCO,NK,8.0,108.0
2025,2,IAH,MCO,NK,8.0,115.0
2025,2,IAH,MCO,NK,8.0,123.0
2025,2,IAH,MCO,NK,8.0,125.0
2025,2,IAH,MCO,NK,9.0,68.0
2025,2,IAH,MCO,NK,9.0,75.0
2025,2,IAH,MCO,NK,9.0,79.0
2025,2,IAH,MCO,NK,9.0,130.0
2025,2,IAH,MCO,NK,9.0,140.0
2025,2,IAH,MCO,NK,9.0,143.0
2025,2,IAH,MCO,NK,10.0,45.0
2025,2,IAH,MCO,NK,10.0,50.0
2025,2,IAH,MCO,NK,10.0,85.0
2025,2,IAH,MCO,NK,10.0,88.0
2025,2,IAH,MCO,NK,10.0,99.0
2025,2,IAH,MCO,NK,10.0,108.0
2025,2,IAH,MCO,NK,10.0,173.0
2025,2,IAH,MCO,NK,10.0,213.0
2025,2,IAH,MCO,NK,11.0,62.0
2025,2,IAH,MCO,NK,11.0,69.0
2025,2,IAH,MCO,NK,12.0,80.0
2025,2,IAH,MCO,NK,12.0,84.0
2025,2,IAH,MCO,NK,13.0,44.0
2025,2,IAH,MCO,NK,13.0,53.0
2025,2,IAH,MCO,NK,13.0,98.0
2025,2,IAH,MCO,NK,13.0,110.0
2025,2,IAH,MCO,NK,13.0,160.0
2025,2,IAH,MCO,NK,14.0,44.0
2025,2,IAH,MCO,NK,14.0,49.0
2025,2,IAH,MCO,NK,14.0,49.0
2025,2,IAH,MCO,NK,14.0,93.0
2025,2,IAH,MCO,NK,14.0,128.0
2025,2,IAH,MCO,NK,15.0,73.0
2025,2,IAH,MCO,NK,15.0,113.0
2025,2,IAH,MCO,NK,16.0,6.0
2025,2,IAH,MCO,NK,16.0,51.0
2025,2,IAH,MCO,NK,16.0,60.0
2025,2,IAH,MCO,NK,16.0,63.0
2025,2,IAH,MCO,NK,16.0,73.0
2025,2,IAH,MCO,NK,16.0,93.0
2025,2,IAH,MCO,NK,16.0,95.0
2025,2,IAH,MCO,NK,17.0,70.0
2025,2,IAH,MCO,NK,18.0,83.0
2025,2,IAH,MCO,NK,19.0,65.5
2025,2,IAH,MCO,NK,20.0,38.0
2025,2,IAH,MCO,NK,21.0,78.0
2025,2,IAH,MCO,NK,23.0,78.0
2025,2,IAH,MCO,NK,24.0,70.0
2025,2,IAH,MCO,NK,27.0,53.0
2025,2,IAH,MCO,NK,28.0,63.0
2025,2,IAH,MCO,NK,30.0,53.0
2025,2,IAH,MCO,NK,33.0,63.0
2025,2,IAH,MCO,NK,35.0,98.0
2025,2,IAH,MCO,NK,37.0,43.0
2025,2,IAH,MCO,NK,39.0,113.0
2025,2,IAH,MCO,NK,47.0,83.0
2025,2,IAH,MCO,NK,65.0,43.0
2025,2,IAH,MCO,NK,66.0,43.0
2025,2,DTW,FLL,NK,1.0,5.52
2025,2,DTW,FLL,NK,1.0,6.0
2025,2,DTW,FLL,NK,1.0,11.0
2025,2,DTW,FLL,NK,1.0,11.0
2025,2,DTW,FLL,NK,1.0,11.0
2025,2,DTW,FLL,NK,1.0,18.0
2025,2,DTW,FLL,NK,1.0,19.5
2025,2,DTW,FLL,NK,1.0,20.0
2025,2,DTW,FLL,NK,1.0,23.0
2025,2,DTW,FLL,NK,1.0,24.79
2025,2,DTW,FLL,NK,1.0,26.0
2025,2,DTW,FLL,NK,1.0,26.5
2025,2,DTW,FLL,NK,1.0,27.0
2025,2,DTW,FLL,NK,1.0,28.0
2025,2,DTW,FLL,NK,1.0,28.5
2025,2,DTW,FLL,NK,1.0,29.0
2025,2,DTW,FLL,NK,1.0,29.53
2025,2,DTW,FLL,NK,1.0,29.8
2025,2,DTW,FLL,NK,1.0,30.0
2025,2,DTW,FLL,NK,1.0,30.5
2025,2,DTW,FLL,NK,1.0,31.0
2025,2,DTW,FLL,NK,1.0,32.0
2025,2,DTW,FLL,NK,1.0,33.0
2025,2,DTW,FLL,NK,1.0,33.0
2025,2,DTW,FLL,NK,1.0,33.0
2025,2,DTW,FLL,NK,1.0,34.0
2025,2,DTW,FLL,NK,1.0,34.15
2025,2,DTW,FLL,NK,1.0,34.5
2025,2,DTW,FLL,NK,1.0,34.63
2025,2,DTW,FLL,NK,1.0,35.0
2025,2,DTW,FLL,NK,1.0,35.0
2025,2,DTW,FLL,NK,1.0,36.5
2025,2,DTW,FLL,NK,1.0,37.0
2025,2,DTW,FLL,NK,1.0,37.0
2025,2,DTW,FLL,NK,1.0,37.0
2025,2,DTW,FLL,NK,1.0,37.8
2025,2,DTW,FLL,NK,1.0,38.0
2025,2,DTW,FLL,NK,1.0,40.45
2025,2,DTW,FLL,NK,1.0,40.5
2025,2,DTW,FLL,NK,1.0,40.69
2025,2,DTW,FLL,NK,1.0,41.48
2025,2,DTW,FLL,NK,1.0,41.5
2025,2,DTW,FLL,NK,1.0,42.59
2025,2,DTW,FLL,NK,1.0,43.0
2025,2,DTW,FLL,NK,1.0,43.05
2025,2,DTW,FLL,NK,1.0,44.0
2025,2,DTW,FLL,NK,1.0,44.75
2025,2,DTW,FLL,NK,1.0,45.0
2025,2,DTW,FLL,NK,1.0,45.5
2025,2,DTW,FLL,NK,1.0,46.0
2025,2,DTW,FLL,NK,1.0,46.01
2025,2,DTW,FLL,NK,1.0,46.5
2025,2,DTW,FLL,NK,1.0,47.5
2025,2,DTW,FLL,NK,1.0,48.45
2025,2,DTW,FLL,NK,1.0,48.72
2025,2,DTW,FLL,NK,1.0,49.89
2025,2,DTW,FLL,NK,1.0,51.29
2025,2,DTW,FLL,NK,1.0,51.5
2025,2,DTW,FLL,NK,1.0,51.74
2025,2,DTW,FLL,NK,1.0,52.14
2025,2,DTW,FLL,NK,1.0,53.96
2025,2,DTW,FLL,NK,1.0,54.0
2025,2,DTW,FLL,NK,1.0,54.37
2025,2,DTW,FLL,NK,1.0,55.02
2025,2,DTW,FLL,NK,1.0,55.06
2025,2,DTW,FLL,NK,1.0,55.24
2025,2,DTW,FLL,NK,1.0,55.78
2025,2,DTW,FLL,NK,1.0,56.0
2025,2,DTW,FLL,NK,1.0,56.26
2025,2,DTW,FLL,NK,1.0,56.55
2025,2,DTW,FLL,NK,1.0,56.66
2025,2,DTW,FLL,NK,1.0,57.22
2025,2,DTW,FLL,NK,1.0,57.39
2025,2,DTW,FLL,NK,1.0,57.5
2025,2,DTW,FLL,NK,1.0,57.77
2025,2,DTW,FLL,NK,1.0,57.95
2025,2,DTW,FLL,NK,1.0,58.0
2025,2,DTW,FLL,NK,1.0,60.12
2025,2,DTW,FLL,NK,1.0,60.23
2025,2,DTW,FLL,NK,1.0,60.36
2025,2,DTW,FLL,NK,1.0,60.56
2025,2,DTW,FLL,NK,1.0,61.0
2025,2,DTW,FLL,NK,1.0,62.14
2025,2,DTW,FLL,NK,1.0,62.42
2025,2,DTW,FLL,NK,1.0,63.24
2025,2,DTW,FLL,NK,1.0,63.48
2025,2,DTW,FLL,NK,1.0,63.5
2025,2,DTW,FLL,NK,1.0,64.31
2025,2,DTW,FLL,NK,1.0,64.5
2025,2,DTW,FLL,NK,1.0,65.35
2025,2,DTW,FLL,NK,1.0,65.92
2025,2,DTW,FLL,NK,1.0,65.96
2025,2,DTW,FLL,NK,1.0,65.98
2025,2,DTW,FLL,NK,1.0,66.0
2025,2,DTW,FLL,NK,1.0,66.06
2025,2,DTW,FLL,NK,1.0,67.0
2025,2,DTW,FLL,NK,1.0,67.36
2025,2,DTW,FLL,NK,1.0,67.7
2025,2,DTW,FLL,NK,1.0,68.0
2025,2,DTW,FLL,NK,1.0,68.0
2025,2,DTW,FLL,NK,1.0,68.05
2025,2,DTW,FLL,NK,1.0,68.5
2025,2,DTW,FLL,NK,1.0,69.64
2025,2,DTW,FLL,NK,1.0,69.73
2025,2,DTW,FLL,NK,1.0,70.85
2025,2,DTW,FLL,NK,1.0,71.0
2025,2,DTW,FLL,NK,1.0,71.0
2025,2,DTW,FLL,NK,1.0,71.0
2025,2,DTW,FLL,NK,1.0,72.0
2025,2,DTW,FLL,NK,1.0,72.45
2025,2,DTW,FLL,NK,1.0,73.0
2025,2,DTW,FLL,NK,1.0,73.77
2025,2,DTW,FLL,NK,1.0,74.42
2025,2,DTW,FLL,NK,1.0,74.67
2025,2,DTW,FLL,NK,1.0,75.19
2025,2,DTW,FLL,NK,1.0,75.89
2025,2,DTW,FLL,NK,1.0,76.86
2025,2,DTW,FLL,NK,1.0,77.0
2025,2,DTW,FLL,NK,1.0,77.35
2025,2,DTW,FLL,NK,1.0,77.95
2025,2,DTW,FLL,NK,1.0,78.47
2025,2,DTW,FLL,NK,1.0,79.5
2025,2,DTW,FLL,NK,1.0,79.6
2025,2,DTW,FLL,NK,1.0,79.76
2025,2,DTW,FLL,NK,1.0,80.14
2025,2,DTW,FLL,NK,1.0,80.43
2025,2,DTW,FLL,NK,1.0,80.78
2025,2,DTW,FLL,NK,1.0,81.0
2025,2,DTW,FLL,NK,1.0,81.0
2025,2,DTW,FLL,NK,1.0,81.96
2025,2,DTW,FLL,NK,1.0,82.0
2025,2,DTW,FLL,NK,1.0,82.82
2025,2,DTW,FLL,NK,1.0,83.5
2025,2,DTW,FLL,NK,1.0,83.5
2025,2,DTW,FLL,NK,1.0,84.11
2025,2,DTW,FLL,NK,1.0,84.63
2025,2,DTW,FLL,NK,1.0,85.07
2025,2,DTW,FLL,NK,1.0,85.85
2025,2,DTW,FLL,NK,1.0,86.0
2025,2,DTW,FLL,NK,1.0,86.48
2025,2,DTW,FLL,NK,1.0,86.5
2025,2,DTW,FLL,NK,1.0,86.74
2025,2,DTW,FLL,NK,1.0,87.0
2025,2,DTW,FLL,NK,1.0,87.52
2025,2,DTW,FLL,NK,1.0,88.29
2025,2,DTW,FLL,NK,1.0,88.29
2025,2,DTW,FLL,NK,1.0,88.6
2025,2,DTW,FLL,NK,1.0,89.0
2025,2,DTW,FLL,NK,1.0,89.07
2025,2,DTW,FLL,NK,1.0,89.59
2025,2,DTW,FLL,NK,1.0,90.08
2025,2,DTW,FLL,NK,1.0,91.0
2025,2,DTW,FLL,NK,1.0,91.33
2025,2,DTW,FLL,NK,1.0,91.53
2025,2,DTW,FLL,NK,1.0,91.72
2025,2,DTW,FLL,NK,1.0,93.46
2025,2,DTW,FLL,NK,1.0,93.5
2025,2,DTW,FLL,NK,1.0,94.54
2025,2,DTW,FLL,NK,1.0,94.82
2025,2,DTW,FLL,NK,1.0,95.0
2025,2,DTW,FLL,NK,1.0,95.12
2025,2,DTW,FLL,NK,1.0,95.5
2025,2,DTW,FLL,NK,1.0,95.96
2025,2,DTW,FLL,NK,1.0,96.5
2025,2,DTW,FLL,NK,1.0,96.93
2025,2,DTW,FLL,NK,1.0,97.0
2025,2,DTW,FLL,NK,1.0,97.5
2025,2,DTW,FLL,NK,1.0,97.91
2025,2,DTW,FLL,NK,1.0,98.22
2025,2,DTW,FLL,NK,1.0,98.5
2025,2,DTW,FLL,NK,1.0,98.89
2025,2,DTW,FLL,NK,1.0,98.97
2025,2,DTW,FLL,NK,1.0,99.13
2025,2,DTW,FLL,NK,1.0,100.0
2025,2,DTW,FLL,NK,1.0,101.68
2025,2,DTW,FLL,NK,1.0,103.5
2025,2,DTW,FLL,NK,1.0,103.73
2025,2,DTW,FLL,NK,1.0,104.14
2025,2,DTW,FLL,NK,1.0,104.73
2025,2,DTW,FLL,NK,1.0,104.78
2025,2,DTW,FLL,NK,1.0,105.5
2025,2,DTW,FLL,NK,1.0,106.0
2025,2,DTW,FLL,NK,1.0,107.0
2025,2,DTW,FLL,NK,1.0,107.0
2025,2,DTW,FLL,NK,1.0,107.0
2025,2,DTW,FLL,NK,1.0,108.0
2025,2,DTW,FLL,NK,1.0,108.0
2025,2,DTW,FLL,NK,1.0,108.5
2025,2,DTW,FLL,NK,1.0,109.0
2025,2,DTW,FLL,NK,1.0,109.28
2025,2,DTW,FLL,NK,1.0,109.49
2025,2,DTW,FLL,NK,1.0,110.0
2025,2,DTW,FLL,NK,1.0,111.87
2025,2,DTW,FLL,NK,1.0,111.94
2025,2,DTW,FLL,NK,1.0,112.0
2025,2,DTW,FLL,NK,1.0,112.0
2025,2,DTW,FLL,NK,1.0,112.11
2025,2,DTW,FLL,NK,1.0,112.5
2025,2,DTW,FLL,NK,1.0,112.91
2025,2,DTW,FLL,NK,1.0,113.0
2025,2,DTW,FLL,NK,1.0,113.0
2025,2,DTW,FLL,NK,1.0,113.5
2025,2,DTW,FLL,NK,1.0,113.65
2025,2,DTW,FLL,NK,1.0,113.82
2025,2,DTW,FLL,NK,1.0,115.0
2025,2,DTW,FLL,NK,1.0,115.0
2025,2,DTW,FLL,NK,1.0,115.26
2025,2,DTW,FLL,NK,1.0,115.58
2025,2,DTW,FLL,NK,1.0,116.0
2025,2,DTW,FLL,NK,1.0,116.0
2025,2,DTW,FLL,NK,1.0,116.5
2025,2,DTW,FLL,NK,1.0,116.7
2025,2,DTW,FLL,NK,1.0,116.92
2025,2,DTW,FLL,NK,1.0,117.0
2025,2,DTW,FLL,NK,1.0,118.0
2025,2,DTW,FLL,NK,1.0,118.0
2025,2,DTW,FLL,NK,1.0,118.15
2025,2,DTW,FLL,NK,1.0,119.0
2025,2,DTW,FLL,NK,1.0,119.18
2025,2,DTW,FLL,NK,1.0,119.5
2025,2,DTW,FLL,NK,1.0,119.95
2025,2,DTW,FLL,NK,1.0,120.0
2025,2,DTW,FLL,NK,1.0,120.24
2025,2,DTW,FLL,NK,1.0,120.5
2025,2,DTW,FLL,NK,1.0,122.0
2025,2,DTW,FLL,NK,1.0,122.39
2025,2,DTW,FLL,NK,1.0,122.5
2025,2,DTW,FLL,NK,1.0,122.88
2025,2,DTW,FLL,NK,1.0,123.5
2025,2,DTW,FLL,NK,1.0,123.52
2025,2,DTW,FLL,NK,1.0,124.31
2025,2,DTW,FLL,NK,1.0,125.0
2025,2,DTW,FLL,NK,1.0,125.0
2025,2,DTW,FLL,NK,1.0,125.5
2025,2,DTW,FLL,NK,1.0,126.5
2025,2,DTW,FLL,NK,1.0,127.22
2025,2,DTW,FLL,NK,1.0,127.29
2025,2,DTW,FLL,NK,1.0,127.5
2025,2,DTW,FLL,NK,1.0,128.0
2025,2,DTW,FLL,NK,1.0,128.0
2025,2,DTW,FLL,NK,1.0,128.0
2025,2,DTW,FLL,NK,1.0,128.38
2025,2,DTW,FLL,NK,1.0,129.01
2025,2,DTW,FLL,NK,1.0,129.06
2025,2,DTW,FLL,NK,1.0,129.5
2025,2,DTW,FLL,NK,1.0,130.12
2025,2,DTW,FLL,NK,1.0,131.0
2025,2,DTW,FLL,NK,1.0,131.0
2025,2,DTW,FLL,NK,1.0,131.41
2025,2,DTW,FLL,NK,1.0,131.5
2025,2,DTW,FLL,NK,1.0,132.0
2025,2,DTW,FLL,NK,1.0,132.31
2025,2,DTW,FLL,NK,1.0,132.6
2025,2,DTW,FLL,NK,1.0,133.12
2025,2,DTW,FLL,NK,1.0,133.5
2025,2,DTW,FLL,NK,1.0,136.17
2025,2,DTW,FLL,NK,1.0,136.5
2025,2,DTW,FLL,NK,1.0,137.0
2025,2,DTW,FLL,NK,1.0,137.0
2025,2,DTW,FLL,NK,1.0,137.5
2025,2,DTW,FLL,NK,1.0,137.57
2025,2,DTW,FLL,NK,1.0,138.0
2025,2,DTW,FLL,NK,1.0,138.0
2025,2,DTW,FLL,NK,1.0,139.0
2025,2,DTW,FLL,NK,1.0,139.5
2025,2,DTW,FLL,NK,1.0,141.0
2025,2,DTW,FLL,NK,1.0,142.06
2025,2,DTW,FLL,NK,1.0,143.0
2025,2,DTW,FLL,NK,1.0,143.5
2025,2,DTW,FLL,NK,1.0,144.5
2025,2,DTW,FLL,NK,1.0,145.0
2025,2,DTW,FLL,NK,1.0,146.0
2025,2,DTW,FLL,NK,1.0,146.5
2025,2,DTW,FLL,NK,1.0,146.5
2025,2,DTW,FLL,NK,1.0,147.0
2025,2,DTW,FLL,NK,1.0,147.0
2025,2,DTW,FLL,NK,1.0,147.05
2025,2,DTW,FLL,NK,1.0,147.5
2025,2,DTW,FLL,NK,1.0,147.61
2025,2,DTW,FLL,NK,1.0,147.77
2025,2,DTW,FLL,NK,1.0,150.0
2025,2,DTW,FLL,NK,1.0,150.2
2025,2,DTW,FLL,NK,1.0,151.0
2025,2,DTW,FLL,NK,1.0,151.0
2025,2,DTW,FLL,NK,1.0,152.12
2025,2,DTW,FLL,NK,1.0,152.62
2025,2,DTW,FLL,NK,1.0,153.5
2025,2,DTW,FLL,NK,1.0,154.0
2025,2,DTW,FLL,NK,1.0,154.5
2025,2,DTW,FLL,NK,1.0,156.0
2025,2,DTW,FLL,NK,1.0,156.5
2025,2,DTW,FLL,NK,1.0,156.5
2025,2,DTW,FLL,NK,1.0,157.0
2025,2,DTW,FLL,NK,1.0,157.0
2025,2,DTW,FLL,NK,1.0,157.26
2025,2,DTW,FLL,NK,1.0,157.5
2025,2,DTW,FLL,NK,1.0,158.0
2025,2,DTW,FLL,NK,1.0,158.42
2025,2,DTW,FLL,NK,1.0,160.0
2025,2,DTW,FLL,NK,1.0,160.09
2025,2,DTW,FLL,NK,1.0,160.5
2025,2,DTW,FLL,NK,1.0,160.74
2025,2,DTW,FLL,NK,1.0,161.5
2025,2,DTW,FLL,NK,1.0,162.0
2025,2,DTW,FLL,NK,1.0,162.99
2025,2,DTW,FLL,NK,1.0,163.0
2025,2,DTW,FLL,NK,1.0,163.5
2025,2,DTW,FLL,NK,1.0,163.67
2025,2,DTW,FLL,NK,1.0,163.71
2025,2,DTW,FLL,NK,1.0,164.0
2025,2,DTW,FLL,NK,1.0,164.0
2025,2,DTW,FLL,NK,1.0,165.0
2025,2,DTW,FLL,NK,1.0,165.67
2025,2,DTW,FLL,NK,1.0,166.5
2025,2,DTW,FLL,NK,1.0,166.5
2025,2,DTW,FLL,NK,1.0,167.0
2025,2,DTW,FLL,NK,1.0,167.0
2025,2,DTW,FLL,NK,1.0,167.5
2025,2,DTW,FLL,NK,1.0,168.5
2025,2,DTW,FLL,NK,1.0,169.5
2025,2,DTW,FLL,NK,1.0,171.0
2025,2,DTW,FLL,NK,1.0,171.0
2025,2,DTW,FLL,NK,1.0,171.5
2025,2,DTW,FLL,NK,1.0,172.0
2025,2,DTW,FLL,NK,1.0,172.0
2025,2,DTW,FLL,NK,1.0,172.92
2025,2,DTW,FLL,NK,1.0,173.0
2025,2,DTW,FLL,NK,1.0,174.0
2025,2,DTW,FLL,NK,1.0,177.0
2025,2,DTW,FLL,NK,1.0,178.0
2025,2,DTW,FLL,NK,1.0,179.0
2025,2,DTW,FLL,NK,1.0,180.0
2025,2,DTW,FLL,NK,1.0,180.34
2025,2,DTW,FLL,NK,1.0,180.5
2025,2,DTW,FLL,NK,1.0,181.3
2025,2,DTW,FLL,NK,1.0,181.5
2025,2,DTW,FLL,NK,1.0,181.5
2025,2,DTW,FLL,NK,1.0,183.0
2025,2,DTW,FLL,NK,1.0,183.5
2025,2,DTW,FLL,NK,1.0,183.67
2025,2,DTW,FLL,NK,1.0,184.74
2025,2,DTW,FLL,NK,1.0,185.0
2025,2,DTW,FLL,NK,1.0,185.0
2025,2,DTW,FLL,NK,1.0,185.0
2025,2,DTW,FLL,NK,1.0,186.5
2025,2,DTW,FLL,NK,1.0,187.0
2025,2,DTW,FLL,NK,1.0,187.0
2025,2,DTW,FLL,NK,1.0,189.51
2025,2,DTW,FLL,NK,1.0,190.0
2025,2,DTW,FLL,NK,1.0,190.5
2025,2,DTW,FLL,NK,1.0,191.0
2025,2,DTW,FLL,NK,1.0,191.5
2025,2,DTW,FLL,NK,1.0,191.5
2025,2,DTW,FLL,NK,1.0,191.58
2025,2,DTW,FLL,NK,1.0,194.0
2025,2,DTW,FLL,NK,1.0,194.0
2025,2,DTW,FLL,NK,1.0,195.0
2025,2,DTW,FLL,NK,1.0,196.5
2025,2,DTW,FLL,NK,1.0,199.0
2025,2,DTW,FLL,NK,1.0,201.0
2025,2,DTW,FLL,NK,1.0,201.0
2025,2,DTW,FLL,NK,1.0,201.36
2025,2,DTW,FLL,NK,1.0,203.0
2025,2,DTW,FLL,NK,1.0,205.54
2025,2,DTW,FLL,NK,1.0,206.47
2025,2,DTW,FLL,NK,1.0,207.0
2025,2,DTW,FLL,NK,1.0,208.0
2025,2,DTW,FLL,NK,1.0,209.0
2025,2,DTW,FLL,NK,1.0,209.0
2025,2,DTW,FLL,NK,1.0,210.0
2025,2,DTW,FLL,NK,1.0,213.0
2025,2,DTW,FLL,NK,1.0,214.0
2025,2,DTW,FLL,NK,1.0,214.0
2025,2,DTW,FLL,NK,1.0,214.47
2025,2,DTW,FLL,NK,1.0,217.61
2025,2,DTW,FLL,NK,1.0,219.0
2025,2,DTW,FLL,NK,1.0,219.0
2025,2,DTW,FLL,NK,1.0,220.0
2025,2,DTW,FLL,NK,1.0,220.78
2025,2,DTW,FLL,NK,1.0,221.0
2025,2,DTW,FLL,NK,1.0,223.0
2025,2,DTW,FLL,NK,1.0,224.0
2025,2,DTW,FLL,NK,1.0,225.0
2025,2,DTW,FLL,NK,1.0,225.0
2025,2,DTW,FLL,NK,1.0,227.0
2025,2,DTW,FLL,NK,1.0,228.0
2025,2,DTW,FLL,NK,1.0,229.0
2025,2,DTW,FLL,NK,1.0,232.0
2025,2,DTW,FLL,NK,1.0,233.0
2025,2,DTW,FLL,NK,1.0,234.0
2025,2,DTW,FLL,NK,1.0,235.0
2025,2,DTW,FLL,NK,1.0,236.0
2025,2,DTW,FLL,NK,1.0,239.0
2025,2,DTW,FLL,NK,1.0,240.0
2025,2,DTW,FLL,NK,1.0,240.0
2025,2,DTW,FLL,NK,1.0,241.0
2025,2,DTW,FLL,NK,1.0,242.0
2025,2,DTW,FLL,NK,1.0,243.24
2025,2,DTW,FLL,NK,1.0,244.0
2025,2,DTW,FLL,NK,1.0,244.0
2025,2,DTW,FLL,NK,1.0,249.0
2025,2,DTW,FLL,NK,1.0,250.0
2025,2,DTW,FLL,NK,1.0,251.0
2025,2,DTW,FLL,NK,1.0,253.0
2025,2,DTW,FLL,NK,1.0,254.0
2025,2,DTW,FLL,NK,1.0,254.0
2025,2,DTW,FLL,NK,1.0,254.0
2025,2,DTW,FLL,NK,1.0,254.0
2025,2,DTW,FLL,NK,1.0,257.5
2025,2,DTW,FLL,NK,1.0,259.0
2025,2,DTW,FLL,NK,1.0,260.0
2025,2,DTW,FLL,NK,1.0,260.0
2025,2,DTW,FLL,NK,1.0,261.0
2025,2,DTW,FLL,NK,1.0,264.0
2025,2,DTW,FLL,NK,1.0,264.0
2025,2,DTW,FLL,NK,1.0,264.0
2025,2,DTW,FLL,NK,1.0,270.0
2025,2,DTW,FLL,NK,1.0,283.0
2025,2,DTW,FLL,NK,1.0,286.0
2025,2,DTW,FLL,NK,1.0,291.0
2025,2,DTW,FLL,NK,1.0,293.0
2025,2,DTW,FLL,NK,1.0,294.0
2025,2,DTW,FLL,NK,1.0,294.0
2025,2,DTW,FLL,NK,1.0,297.0
2025,2,DTW,FLL,NK,1.0,299.0
2025,2,DTW,FLL,NK,1.0,299.0
2025,2,DTW,FLL,NK,1.0,300.97
2025,2,DTW,FLL,NK,1.0,311.0
2025,2,DTW,FLL,NK,1.0,319.0
2025,2,DTW,FLL,NK,1.0,319.0
2025,2,DTW,FLL,NK,1.0,319.0
2025,2,DTW,FLL,NK,1.0,320.0
2025,2,DTW,FLL,NK,1.0,329.0
2025,2,DTW,FLL,NK,1.0,340.0
2025,2,DTW,FLL,NK,1.0,348.0
2025,2,DTW,FLL,NK,1.0,363.0
2025,2,DTW,FLL,NK,1.0,368.0
2025,2,DTW,FLL,NK,1.0,384.0
2025,2,DTW,FLL,NK,1.0,423.0
2025,2,DTW,FLL,NK,1.0,423.0
2025,2,DTW,FLL,NK,1.0,447.0
2025,2,DTW,FLL,NK,1.0,464.0
2025,2,DTW,FLL,NK,1.0,489.0
2025,2,DTW,FLL,NK,1.0,494.0
2025,2,DTW,FLL,NK,1.0,504.0
2025,2,DTW,FLL,NK,1.0,548.0
2025,2,DTW,FLL,NK,1.0,571.0
2025,2,DTW,FLL,NK,1.0,799.0
2025,2,DTW,FLL,NK,2.0,20.0
2025,2,DTW,FLL,NK,2.0,22.0
2025,2,DTW,FLL,NK,2.0,25.0
2025,2,DTW,FLL,NK,2.0,25.0
2025,2,DTW,FLL,NK,2.0,25.5
2025,2,DTW,FLL,NK,2.0,27.0
2025,2,DTW,FLL,NK,2.0,27.0
2025,2,DTW,FLL,NK,2.0,28.0
2025,2,DTW,FLL,NK,2.0,30.5
2025,2,DTW,FLL,NK,2.0,36.0
2025,2,DTW,FLL,NK,2.0,39.0
2025,2,DTW,FLL,NK,2.0,39.5
2025,2,DTW,FLL,NK,2.0,42.0
2025,2,DTW,FLL,NK,2.0,42.47
2025,2,DTW,FLL,NK,2.0,42.5
2025,2,DTW,FLL,NK,2.0,43.0
2025,2,DTW,FLL,NK,2.0,43.5
2025,2,DTW,FLL,NK,2.0,46.0
2025,2,DTW,FLL,NK,2.0,49.5
2025,2,DTW,FLL,NK,2.0,49.8
2025,2,DTW,FLL,NK,2.0,50.0
2025,2,DTW,FLL,NK,2.0,52.52
2025,2,DTW,FLL,NK,2.0,53.5
2025,2,DTW,FLL,NK,2.0,54.79
2025,2,DTW,FLL,NK,2.0,56.0
2025,2,DTW,FLL,NK,2.0,56.5
2025,2,DTW,FLL,NK,2.0,58.0
2025,2,DTW,FLL,NK,2.0,61.0
2025,2,DTW,FLL,NK,2.0,61.0
2025,2,DTW,FLL,NK,2.0,61.5
2025,2,DTW,FLL,NK,2.0,63.0
2025,2,DTW,FLL,NK,2.0,63.0
2025,2,DTW,FLL,NK,2.0,66.0
2025,2,DTW,FLL,NK,2.0,66.5
2025,2,DTW,FLL,NK,2.0,67.0
2025,2,DTW,FLL,NK,2.0,68.0
2025,2,DTW,FLL,NK,2.0,69.03
2025,2,DTW,FLL,NK,2.0,70.0
2025,2,DTW,FLL,NK,2.0,70.0
2025,2,DTW,FLL,NK,2.0,70.5
2025,2,DTW,FLL,NK,2.0,72.5
2025,2,DTW,FLL,NK,2.0,73.0
2025,2,DTW,FLL,NK,2.0,73.5
2025,2,DTW,FLL,NK,2.0,75.0
2025,2,DTW,FLL,NK,2.0,76.5
2025,2,DTW,FLL,NK,2.0,82.01
2025,2,DTW,FLL,NK,2.0,82.5
2025,2,DTW,FLL,NK,2.0,83.0
2025,2,DTW,FLL,NK,2.0,85.5
2025,2,DTW,FLL,NK,2.0,86.37
2025,2,DTW,FLL,NK,2.0,90.0
2025,2,DTW,FLL,NK,2.0,91.0
2025,2,DTW,FLL,NK,2.0,92.0
2025,2,DTW,FLL,NK,2.0,93.0
2025,2,DTW,FLL,NK,2.0,95.0
2025,2,DTW,FLL,NK,2.0,96.0
2025,2,DTW,FLL,NK,2.0,97.0
2025,2,DTW,FLL,NK,2.0,99.0
2025,2,DTW,FLL,NK,2.0,100.0
2025,2,DTW,FLL,NK,2.0,100.5
2025,2,DTW,FLL,NK,2.0,101.0
2025,2,DTW,FLL,NK,2.0,102.0
2025,2,DTW,FLL,NK,2.0,102.0
2025,2,DTW,FLL,NK,2.0,102.5
2025,2,DTW,FLL,NK,2.0,106.0
2025,2,DTW,FLL,NK,2.0,106.5
2025,2,DTW,FLL,NK,2.0,107.5
2025,2,DTW,FLL,NK,2.0,108.0
2025,2,DTW,FLL,NK,2.0,110.0
2025,2,DTW,FLL,NK,2.0,111.0
2025,2,DTW,FLL,NK,2.0,113.0
2025,2,DTW,FLL,NK,2.0,117.5
2025,2,DTW,FLL,NK,2.0,118.0
2025,2,DTW,FLL,NK,2.0,118.0
2025,2,DTW,FLL,NK,2.0,118.5
2025,2,DTW,FLL,NK,2.0,121.0
2025,2,DTW,FLL,NK,2.0,122.0
2025,2,DTW,FLL,NK,2.0,123.0
2025,2,DTW,FLL,NK,2.0,125.0
2025,2,DTW,FLL,NK,2.0,129.0
2025,2,DTW,FLL,NK,2.0,133.0
2025,2,DTW,FLL,NK,2.0,135.59
2025,2,DTW,FLL,NK,2.0,141.0
2025,2,DTW,FLL,NK,2.0,142.0
2025,2,DTW,FLL,NK,2.0,145.0
2025,2,DTW,FLL,NK,2.0,146.0
2025,2,DTW,FLL,NK,2.0,148.5
2025,2,DTW,FLL,NK,2.0,152.0
2025,2,DTW,FLL,NK,2.0,152.0
2025,2,DTW,FLL,NK,2.0,153.0
2025,2,DTW,FLL,NK,2.0,156.0
2025,2,DTW,FLL,NK,2.0,162.0
2025,2,DTW,FLL,NK,2.0,168.0
2025,2,DTW,FLL,NK,2.0,169.0
2025,2,DTW,FLL,NK,2.0,170.0
2025,2,DTW,FLL,NK,2.0,174.0
2025,2,DTW,FLL,NK,2.0,176.0
2025,2,DTW,FLL,NK,2.0,182.0
2025,2,DTW,FLL,NK,2.0,184.0
2025,2,DTW,FLL,NK,2.0,185.0
2025,2,DTW,FLL,NK,2.0,186.0
2025,2,DTW,FLL,NK,2.0,189.0
2025,2,DTW,FLL,NK,2.0,200.0
2025,2,DTW,FLL,NK,2.0,202.0
2025,2,DTW,FLL,NK,2.0,210.0
2025,2,DTW,FLL,NK,2.0,216.0
2025,2,DTW,FLL,NK,2.0,234.0
2025,2,DTW,FLL,NK,2.0,245.0
2025,2,DTW,FLL,NK,2.0,249.0
2025,2,DTW,FLL,NK,2.0,250.0
2025,2,DTW,FLL,NK,2.0,279.0
2025,2,DTW,FLL,NK,2.0,279.0
2025,2,DTW,FLL,NK,2.0,296.0
2025,2,DTW,FLL,NK,2.0,323.0
2025,2,DTW,FLL,NK,3.0,25.0
2025,2,DTW,FLL,NK,3.0,25.5
2025,2,DTW,FLL,NK,3.0,26.0
2025,2,DTW,FLL,NK,3.0,26.5
2025,2,DTW,FLL,NK,3.0,31.0
2025,2,DTW,FLL,NK,3.0,34.0
2025,2,DTW,FLL,NK,3.0,36.0
2025,2,DTW,FLL,NK,3.0,37.5
2025,2,DTW,FLL,NK,3.0,38.0
2025,2,DTW,FLL,NK,3.0,38.0
2025,2,DTW,FLL,NK,3.0,40.0
2025,2,DTW,FLL,NK,3.0,41.0
2025,2,DTW,FLL,NK,3.0,48.5
2025,2,DTW,FLL,NK,3.0,49.0
2025,2,DTW,FLL,NK,3.0,50.0
2025,2,DTW,FLL,NK,3.0,50.5
2025,2,DTW,FLL,NK,3.0,52.0
2025,2,DTW,FLL,NK,3.0,53.0
2025,2,DTW,FLL,NK,3.0,57.5
2025,2,DTW,FLL,NK,3.0,60.0
2025,2,DTW,FLL,NK,3.0,63.0
2025,2,DTW,FLL,NK,3.0,63.0
2025,2,DTW,FLL,NK,3.0,63.5
2025,2,DTW,FLL,NK,3.0,69.5
2025,2,DTW,FLL,NK,3.0,71.5
2025,2,DTW,FLL,NK,3.0,74.0
2025,2,DTW,FLL,NK,3.0,75.5
2025,2,DTW,FLL,NK,3.0,76.0
2025,2,DTW,FLL,NK,3.0,77.0
2025,2,DTW,FLL,NK,3.0,78.0
2025,2,DTW,FLL,NK,3.0,79.5
2025,2,DTW,FLL,NK,3.0,80.0
2025,2,DTW,FLL,NK,3.0,80.5
2025,2,DTW,FLL,NK,3.0,81.0
2025,2,DTW,FLL,NK,3.0,82.0
2025,2,DTW,FLL,NK,3.0,83.0
2025,2,DTW,FLL,NK,3.0,84.0
2025,2,DTW,FLL,NK,3.0,85.0
2025,2,DTW,FLL,NK,3.0,86.0
2025,2,DTW,FLL,NK,3.0,89.5
2025,2,DTW,FLL,NK,3.0,96.0
2025,2,DTW,FLL,NK,3.0,100.5
2025,2,DTW,FLL,NK,3.0,103.0
2025,2,DTW,FLL,NK,3.0,106.0
2025,2,DTW,FLL,NK,3.0,108.5
2025,2,DTW,FLL,NK,3.0,109.5
2025,2,DTW,FLL,NK,3.0,112.0
2025,2,DTW,FLL,NK,3.0,115.0
2025,2,DTW,FLL,NK,3.0,117.0
2025,2,DTW,FLL,NK,3.0,119.0
2025,2,DTW,FLL,NK,3.0,120.0
2025,2,DTW,FLL,NK,3.0,127.0
2025,2,DTW,FLL,NK,3.0,133.5
2025,2,DTW,FLL,NK,3.0,142.0
2025,2,DTW,FLL,NK,3.0,154.0
2025,2,DTW,FLL,NK,3.0,176.0
2025,2,DTW,FLL,NK,3.0,179.0
2025,2,DTW,FLL,NK,3.0,189.0
2025,2,DTW,FLL,NK,3.0,192.0
2025,2,DTW,FLL,NK,3.0,198.0
2025,2,DTW,FLL,NK,3.0,209.0
2025,2,DTW,FLL,NK,3.0,215.0
2025,2,DTW,FLL,NK,3.0,219.0
2025,2,DTW,FLL,NK,3.0,230.0
2025,2,DTW,FLL,NK,3.0,269.0
2025,2,DTW,FLL,NK,4.0,11.0
2025,2,DTW,FLL,NK,4.0,29.5
2025,2,DTW,FLL,NK,4.0,31.5
2025,2,DTW,FLL,NK,4.0,32.0
2025,2,DTW,FLL,NK,4.0,41.0
2025,2,DTW,FLL,NK,4.0,44.5
2025,2,DTW,FLL,NK,4.0,45.5
2025,2,DTW,FLL,NK,4.0,46.0
2025,2,DTW,FLL,NK,4.0,52.0
2025,2,DTW,FLL,NK,4.0,55.5
2025,2,DTW,FLL,NK,4.0,60.0
2025,2,DTW,FLL,NK,4.0,60.5
2025,2,DTW,FLL,NK,4.0,75.5
2025,2,DTW,FLL,NK,4.0,78.0
2025,2,DTW,FLL,NK,4.0,78.0
2025,2,DTW,FLL,NK,4.0,80.0
2025,2,DTW,FLL,NK,4.0,80.5
2025,2,DTW,FLL,NK,4.0,86.0
2025,2,DTW,FLL,NK,4.0,87.5
2025,2,DTW,FLL,NK,4.0,90.0
2025,2,DTW,FLL,NK,4.0,92.5
2025,2,DTW,FLL,NK,4.0,93.5
2025,2,DTW,FLL,NK,4.0,94.5
2025,2,DTW,FLL,NK,4.0,95.5
2025,2,DTW,FLL,NK,4.0,98.0
2025,2,DTW,FLL,NK,4.0,101.0
2025,2,DTW,FLL,NK,4.0,103.5
2025,2,DTW,FLL,NK,4.0,120.5
2025,2,DTW,FLL,NK,4.0,122.0
2025,2,DTW,FLL,NK,4.0,124.0
2025,2,DTW,FLL,NK,4.0,135.0
2025,2,DTW,FLL,NK,4.0,139.0
2025,2,DTW,FLL,NK,4.0,149.0
2025,2,DTW,FLL,NK,4.0,150.0
2025,2,DTW,FLL,NK,4.0,158.0
2025,2,DTW,FLL,NK,4.0,170.0
2025,2,DTW,FLL,NK,4.0,184.0
2025,2,DTW,FLL,NK,4.0,190.0
2025,2,DTW,FLL,NK,4.0,199.0
2025,2,DTW,FLL,NK,4.0,259.0
2025,2,DTW,FLL,NK,4.0,290.0
2025,2,DTW,FLL,NK,5.0,29.0
2025,2,DTW,FLL,NK,5.0,32.5
2025,2,DTW,FLL,NK,5.0,35.5
2025,2,DTW,FLL,NK,5.0,38.5
2025,2,DTW,FLL,NK,5.0,39.0
2025,2,DTW,FLL,NK,5.0,44.0
2025,2,DTW,FLL,NK,5.0,44.0
2025,2,DTW,FLL,NK,5.0,50.5
2025,2,DTW,FLL,NK,5.0,51.0
2025,2,DTW,FLL,NK,5.0,52.5
2025,2,DTW,FLL,NK,5.0,54.5
2025,2,DTW,FLL,NK,5.0,56.0
2025,2,DTW,FLL,NK,5.0,57.0
2025,2,DTW,FLL,NK,5.0,59.0
2025,2,DTW,FLL,NK,5.0,59.5
2025,2,DTW,FLL,NK,5.0,65.0
2025,2,DTW,FLL,NK,5.0,67.0
2025,2,DTW,FLL,NK,5.0,67.5
2025,2,DTW,FLL,NK,5.0,74.5
2025,2,DTW,FLL,NK,5.0,75.0
2025,2,DTW,FLL,NK,5.0,76.0
2025,2,DTW,FLL,NK,5.0,78.5
2025,2,DTW,FLL,NK,5.0,84.0
2025,2,DTW,FLL,NK,5.0,84.5
2025,2,DTW,FLL,NK,5.0,88.0
2025,2,DTW,FLL,NK,5.0,91.0
2025,2,DTW,FLL,NK,5.0,93.0
2025,2,DTW,FLL,NK,5.0,96.0
2025,2,DTW,FLL,NK,5.0,97.0
2025,2,DTW,FLL,NK,5.0,99.5
2025,2,DTW,FLL,NK,5.0,101.5
2025,2,DTW,FLL,NK,5.0,110.5
2025,2,DTW,FLL,NK,5.0,112.0
2025,2,DTW,FLL,NK,5.0,115.5
2025,2,DTW,FLL,NK,5.0,126.0
2025,2,DTW,FLL,NK,5.0,126.0
2025,2,DTW,FLL,NK,5.0,127.0
2025,2,DTW,FLL,NK,5.0,128.0
2025,2,DTW,FLL,NK,5.0,133.0
2025,2,DTW,FLL,NK,5.0,155.0
2025,2,DTW,FLL,NK,5.0,159.0
2025,2,DTW,FLL,NK,5.0,204.0
2025,2,DTW,FLL,NK,5.0,229.0
2025,2,DTW,FLL,NK,6.0,19.0
2025,2,DTW,FLL,NK,6.0,30.0
2025,2,DTW,FLL,NK,6.0,34.0
2025,2,DTW,FLL,NK,6.0,37.5
2025,2,DTW,FLL,NK,6.0,47.0
2025,2,DTW,FLL,NK,6.0,54.0
2025,2,DTW,FLL,NK,6.0,55.0
2025,2,DTW,FLL,NK,6.0,58.5
2025,2,DTW,FLL,NK,6.0,65.5
2025,2,DTW,FLL,NK,6.0,68.5
2025,2,DTW,FLL,NK,6.0,73.0
2025,2,DTW,FLL,NK,6.0,73.5
2025,2,DTW,FLL,NK,6.0,79.0
2025,2,DTW,FLL,NK,6.0,83.0
2025,2,DTW,FLL,NK,6.0,85.0
2025,2,DTW,FLL,NK,6.0,93.0
2025,2,DTW,FLL,NK,6.0,95.0
2025,2,DTW,FLL,NK,6.0,96.5
2025,2,DTW,FLL,NK,6.0,109.0
2025,2,DTW,FLL,NK,6.0,111.5
2025,2,DTW,FLL,NK,6.0,132.0
2025,2,DTW,FLL,NK,6.0,136.5
2025,2,DTW,FLL,NK,6.0,179.0
2025,2,DTW,FLL,NK,7.0,29.0
2025,2,DTW,FLL,NK,7.0,40.5
2025,2,DTW,FLL,NK,7.0,45.0
2025,2,DTW,FLL,NK,7.0,53.0
2025,2,DTW,FLL,NK,7.0,55.0
2025,2,DTW,FLL,NK,7.0,56.5
2025,2,DTW,FLL,NK,7.0,58.0
2025,2,DTW,FLL,NK,7.0,58.0
2025,2,DTW,FLL,NK,7.0,62.0
2025,2,DTW,FLL,NK,7.0,64.5
2025,2,DTW,FLL,NK,7.0,71.0
2025,2,DTW,FLL,NK,7.0,72.0
2025,2,DTW,FLL,NK,7.0,74.0
2025,2,DTW,FLL,NK,7.0,88.0
2025,2,DTW,FLL,NK,7.0,94.0
2025,2,DTW,FLL,NK,7.0,103.0
2025,2,DTW,FLL,NK,7.0,104.0
2025,2,DTW,FLL,NK,7.0,111.0
2025,2,DTW,FLL,NK,7.0,114.0
2025,2,DTW,FLL,NK,7.0,121.5
2025,2,DTW,FLL,NK,7.0,134.0
2025,2,DTW,FLL,NK,7.0,134.0
2025,2,DTW,FLL,NK,7.0,138.5
2025,2,DTW,FLL,NK,7.0,141.5
2025,2,DTW,FLL,NK,7.0,149.0
2025,2,DTW,FLL,NK,7.0,154.0
2025,2,DTW,FLL,NK,7.0,169.0
2025,2,DTW,FLL,NK,7.0,179.0
2025,2,DTW,FLL,NK,7.0,190.0
2025,2,DTW,FLL,NK,8.0,30.0
2025,2,DTW,FLL,NK,8.0,35.5
2025,2,DTW,FLL,NK,8.0,41.0
2025,2,DTW,FLL,NK,8.0,49.0
2025,2,DTW,FLL,NK,8.0,51.0
2025,2,DTW,FLL,NK,8.0,51.5
2025,2,DTW,FLL,NK,8.0,66.0
2025,2,DTW,FLL,NK,8.0,68.0
2025,2,DTW,FLL,NK,8.0,74.5
2025,2,DTW,FLL,NK,8.0,79.0
2025,2,DTW,FLL,NK,8.0,81.5
2025,2,DTW,FLL,NK,8.0,85.5
2025,2,DTW,FLL,NK,8.0,88.0
2025,2,DTW,FLL,NK,8.0,90.5
2025,2,DTW,FLL,NK,8.0,91.5
2025,2,DTW,FLL,NK,8.0,119.0
2025,2,DTW,FLL,NK,8.0,126.5
2025,2,DTW,FLL,NK,8.0,129.0
2025,2,DTW,FLL,NK,9.0,28.0
2025,2,DTW,FLL,NK,9.0,36.0
2025,2,DTW,FLL,NK,9.0,47.0
2025,2,DTW,FLL,NK,9.0,54.0
2025,2,DTW,FLL,NK,9.0,54.5
2025,2,DTW,FLL,NK,9.0,57.0
2025,2,DTW,FLL,NK,9.0,61.5
2025,2,DTW,FLL,NK,9.0,62.0
2025,2,DTW,FLL,NK,9.0,66.5
2025,2,DTW,FLL,NK,9.0,86.5
2025,2,DTW,FLL,NK,9.0,89.0
2025,2,DTW,FLL,NK,9.0,99.0
2025,2,DTW,FLL,NK,9.0,108.0
2025,2,DTW,FLL,NK,9.0,110.0
2025,2,DTW,FLL,NK,9.0,121.5
2025,2,DTW,FLL,NK,9.0,144.0
2025,2,DTW,FLL,NK,9.0,169.0
2025,2,DTW,FLL,NK,10.0,36.5
2025,2,DTW,FLL,NK,10.0,41.5
2025,2,DTW,FLL,NK,10.0,43.0
2025,2,DTW,FLL,NK,10.0,43.0
2025,2,DTW,FLL,NK,10.0,43.5
2025,2,DTW,FLL,NK,10.0,47.0
2025,2,DTW,FLL,NK,10.0,53.0
2025,2,DTW,FLL,NK,10.0,76.0
2025,2,DTW,FLL,NK,10.0,106.5
2025,2,DTW,FLL,NK,10.0,116.5
2025,2,DTW,FLL,NK,10.0,120.0
2025,2,DTW,FLL,NK,10.0,144.0
2025,2,DTW,FLL,NK,10.0,149.0
2025,2,DTW,FLL,NK,11.0,31.0
2025,2,DTW,FLL,NK,11.0,57.0
2025,2,DTW,FLL,NK,11.0,62.0
2025,2,DTW,FLL,NK,11.0,70.0
2025,2,DTW,FLL,NK,11.0,76.5
2025,2,DTW,FLL,NK,11.0,87.0
2025,2,DTW,FLL,NK,11.0,129.0
2025,2,DTW,FLL,NK,11.0,131.5
2025,2,DTW,FLL,NK,11.0,159.0
2025,2,DTW,FLL,NK,12.0,48.5
2025,2,DTW,FLL,NK,12.0,94.0
2025,2,DTW,FLL,NK,13.0,42.5
2025,2,DTW,FLL,NK,13.0,70.5
2025,2,DTW,FLL,NK,13.0,89.0
2025,2,DTW,FLL,NK,13.0,109.0
2025,2,DTW,FLL,NK,13.0,159.0
2025,2,DTW,FLL,NK,14.0,59.0
2025,2,DTW,FLL,NK,14.0,72.5
2025,2,DTW,FLL,NK,14.0,109.0
2025,2,DTW,FLL,NK,14.0,113.5
2025,2,DTW,FLL,NK,14.0,199.0
2025,2,DTW,FLL,NK,15.0,48.0
2025,2,DTW,FLL,NK,15.0,55.5
2025,2,DTW,FLL,NK,15.0,69.0
2025,2,DTW,FLL,NK,15.0,100.0
2025,2,DTW,FLL,NK,15.0,101.5
2025,2,DTW,FLL,NK,16.0,54.0
2025,2,DTW,FLL,NK,16.0,84.0
2025,2,DTW,FLL,NK,16.0,87.0
2025,2,DTW,FLL,NK,16.0,90.0
2025,2,DTW,FLL,NK,16.0,111.5
2025,2,DTW,FLL,NK,17.0,42.0
2025,2,DTW,FLL,NK,17.0,49.0
2025,2,DTW,FLL,NK,17.0,114.0
2025,2,DTW,FLL,NK,18.0,94.0
2025,2,DTW,FLL,NK,19.0,42.0
2025,2,DTW,FLL,NK,19.0,59.0
2025,2,DTW,FLL,NK,19.0,74.0
2025,2,DTW,FLL,NK,20.0,5.5
2025,2,DTW,FLL,NK,20.0,31.0
2025,2,DTW,FLL,NK,20.0,98.0
2025,2,DTW,FLL,NK,20.0,104.0
2025,2,DTW,FLL,NK,21.0,80.0
2025,2,DTW,FLL,NK,21.0,124.0
2025,2,DTW,FLL,NK,22.0,98.0
2025,2,DTW,FLL,NK,23.0,92.5
2025,2,DTW,FLL,NK,23.0,99.0
2025,2,DTW,FLL,NK,25.0,64.0
2025,2,DTW,FLL,NK,28.0,69.0
2025,2,DTW,FLL,NK,30.0,124.0
2025,2,DTW,FLL,NK,31.0,64.0
2025,2,DTW,FLL,NK,31.0,114.0
2025,2,DTW,FLL,NK,33.0,48.0
2025,2,DTW,FLL,NK,34.0,104.0
2025,2,DTW,FLL,NK,36.0,5.5
2025,2,DTW,FLL,NK,36.0,69.0
2025,2,DTW,FLL,NK,37.0,139.0
2025,2,DTW,FLL,NK,38.0,79.0
2025,2,DTW,FLL,NK,43.0,64.0
2025,2,DTW,FLL,NK,53.0,6.0
2025,2,DTW,MCO,NK,1.0,5.5
2025,2,DTW,MCO,NK,1.0,6.69
2025,2,DTW,MCO,NK,1.0,9.96
2025,2,DTW,MCO,NK,1.0,11.0
2025,2,DTW,MCO,NK,1.0,11.0
2025,2,DTW,MCO,NK,1.0,11.0
2025,2,DTW,MCO,NK,1.0,16.04
2025,2,DTW,MCO,NK,1.0,17.37
2025,2,DTW,MCO,NK,1.0,18.16
2025,2,DTW,MCO,NK,1.0,19.0
2025,2,DTW,MCO,NK,1.0,19.81
2025,2,DTW,MCO,NK,1.0,22.0
2025,2,DTW,MCO,NK,1.0,22.5
2025,2,DTW,MCO,NK,1.0,23.0
2025,2,DTW,MCO,NK,1.0,23.0
2025,2,DTW,MCO,NK,1.0,23.5
2025,2,DTW,MCO,NK,1.0,23.5
2025,2,DTW,MCO,NK,1.0,24.0
2025,2,DTW,MCO,NK,1.0,25.0
2025,2,DTW,MCO,NK,1.0,25.5
2025,2,DTW,MCO,NK,1.0,26.0
2025,2,DTW,MCO,NK,1.0,26.0
2025,2,DTW,MCO,NK,1.0,26.42
2025,2,DTW,MCO,NK,1.0,27.5
2025,2,DTW,MCO,NK,1.0,28.5
2025,2,DTW,MCO,NK,1.0,29.0
2025,2,DTW,MCO,NK,1.0,29.5
2025,2,DTW,MCO,NK,1.0,30.0
2025,2,DTW,MCO,NK,1.0,30.5
2025,2,DTW,MCO,NK,1.0,30.52
2025,2,DTW,MCO,NK,1.0,31.0
2025,2,DTW,MCO,NK,1.0,32.5
2025,2,DTW,MCO,NK,1.0,33.0
2025,2,DTW,MCO,NK,1.0,34.5
2025,2,DTW,MCO,NK,1.0,35.5
2025,2,DTW,MCO,NK,1.0,37.5
2025,2,DTW,MCO,NK,1.0,39.14
2025,2,DTW,MCO,NK,1.0,39.29
2025,2,DTW,MCO,NK,1.0,39.5
2025,2,DTW,MCO,NK,1.0,39.51
2025,2,DTW,MCO,NK,1.0,40.5
2025,2,DTW,MCO,NK,1.0,41.0
2025,2,DTW,MCO,NK,1.0,41.5
2025,2,DTW,MCO,NK,1.0,42.0
2025,2,DTW,MCO,NK,1.0,42.11
2025,2,DTW,MCO,NK,1.0,43.21
2025,2,DTW,MCO,NK,1.0,43.81
2025,2,DTW,MCO,NK,1.0,44.5
2025,2,DTW,MCO,NK,1.0,44.89
2025,2,DTW,MCO,NK,1.0,45.5
2025,2,DTW,MCO,NK,1.0,46.56
2025,2,DTW,MCO,NK,1.0,46.99
2025,2,DTW,MCO,NK,1.0,47.0
2025,2,DTW,MCO,NK,1.0,47.37
2025,2,DTW,MCO,NK,1.0,48.11
2025,2,DTW,MCO,NK,1.0,48.5
2025,2,DTW,MCO,NK,1.0,49.76
2025,2,DTW,MCO,NK,1.0,49.89
2025,2,DTW,MCO,NK,1.0,49.93
2025,2,DTW,MCO,NK,1.0,50.5
2025,2,DTW,MCO,NK,1.0,51.5
2025,2,DTW,MCO,NK,1.0,51.89
2025,2,DTW,MCO,NK,1.0,52.5
2025,2,DTW,MCO,NK,1.0,52.69
2025,2,DTW,MCO,NK,1.0,52.76
2025,2,DTW,MCO,NK,1.0,52.84
2025,2,DTW,MCO,NK,1.0,52.87
2025,2,DTW,MCO,NK,1.0,53.0
2025,2,DTW,MCO,NK,1.0,53.03
2025,2,DTW,MCO,NK,1.0,55.44
2025,2,DTW,MCO,NK,1.0,56.32
2025,2,DTW,MCO,NK,1.0,56.5
2025,2,DTW,MCO,NK,1.0,57.0
2025,2,DTW,MCO,NK,1.0,57.16
2025,2,DTW,MCO,NK,1.0,57.17
2025,2,DTW,MCO,NK,1.0,57.76
2025,2,DTW,MCO,NK,1.0,58.01
2025,2,DTW,MCO,NK,1.0,59.62
2025,2,DTW,MCO,NK,1.0,59.9
2025,2,DTW,MCO,NK,1.0,60.05
2025,2,DTW,MCO,NK,1.0,61.5
2025,2,DTW,MCO,NK,1.0,61.5
2025,2,DTW,MCO,NK,1.0,61.77
2025,2,DTW,MCO,NK,1.0,61.95
2025,2,DTW,MCO,NK,1.0,62.12
2025,2,DTW,MCO,NK,1.0,62.35
2025,2,DTW,MCO,NK,1.0,62.5
2025,2,DTW,MCO,NK,1.0,63.12
2025,2,DTW,MCO,NK,1.0,63.67
2025,2,DTW,MCO,NK,1.0,64.25
2025,2,DTW,MCO,NK,1.0,64.47
2025,2,DTW,MCO,NK,1.0,64.61
2025,2,DTW,MCO,NK,1.0,64.62
2025,2,DTW,MCO,NK,1.0,65.11
2025,2,DTW,MCO,NK,1.0,65.5
2025,2,DTW,MCO,NK,1.0,65.56
2025,2,DTW,MCO,NK,1.0,65.63
2025,2,DTW,MCO,NK,1.0,65.7
2025,2,DTW,MCO,NK,1.0,66.67
2025,2,DTW,MCO,NK,1.0,67.17
2025,2,DTW,MCO,NK,1.0,67.89
2025,2,DTW,MCO,NK,1.0,68.2
2025,2,DTW,MCO,NK,1.0,68.23
2025,2,DTW,MCO,NK,1.0,69.5
2025,2,DTW,MCO,NK,1.0,69.78
2025,2,DTW,MCO,NK,1.0,69.81
2025,2,DTW,MCO,NK,1.0,70.53
2025,2,DTW,MCO,NK,1.0,71.22
2025,2,DTW,MCO,NK,1.0,71.33
2025,2,DTW,MCO,NK,1.0,71.5
2025,2,DTW,MCO,NK,1.0,71.95
2025,2,DTW,MCO,NK,1.0,72.0
2025,2,DTW,MCO,NK,1.0,72.16
2025,2,DTW,MCO,NK,1.0,73.0
2025,2,DTW,MCO,NK,1.0,74.0
2025,2,DTW,MCO,NK,1.0,74.5
2025,2,DTW,MCO,NK,1.0,74.7
2025,2,DTW,MCO,NK,1.0,74.88
2025,2,DTW,MCO,NK,1.0,74.95
2025,2,DTW,MCO,NK,1.0,75.49
2025,2,DTW,MCO,NK,1.0,75.5
2025,2,DTW,MCO,NK,1.0,75.98
2025,2,DTW,MCO,NK,1.0,76.0
2025,2,DTW,MCO,NK,1.0,76.0
2025,2,DTW,MCO,NK,1.0,76.06
2025,2,DTW,MCO,NK,1.0,76.33
2025,2,DTW,MCO,NK,1.0,77.0
2025,2,DTW,MCO,NK,1.0,77.18
2025,2,DTW,MCO,NK,1.0,77.44
2025,2,DTW,MCO,NK,1.0,77.5
2025,2,DTW,MCO,NK,1.0,77.84
2025,2,DTW,MCO,NK,1.0,77.87
2025,2,DTW,MCO,NK,1.0,77.94
2025,2,DTW,MCO,NK,1.0,78.5
2025,2,DTW,MCO,NK,1.0,79.24
2025,2,DTW,MCO,NK,1.0,79.42
2025,2,DTW,MCO,NK,1.0,79.5
2025,2,DTW,MCO,NK,1.0,79.64
2025,2,DTW,MCO,NK,1.0,79.71
2025,2,DTW,MCO,NK,1.0,80.12
2025,2,DTW,MCO,NK,1.0,80.5
2025,2,DTW,MCO,NK,1.0,80.5
2025,2,DTW,MCO,NK,1.0,80.78
2025,2,DTW,MCO,NK,1.0,81.16
2025,2,DTW,MCO,NK,1.0,81.5
2025,2,DTW,MCO,NK,1.0,82.5
2025,2,DTW,MCO,NK,1.0,83.22
2025,2,DTW,MCO,NK,1.0,84.0
2025,2,DTW,MCO,NK,1.0,84.0
2025,2,DTW,MCO,NK,1.0,84.0
2025,2,DTW,MCO,NK,1.0,84.69
2025,2,DTW,MCO,NK,1.0,86.5
2025,2,DTW,MCO,NK,1.0,86.68
2025,2,DTW,MCO,NK,1.0,87.0
2025,2,DTW,MCO,NK,1.0,87.5
2025,2,DTW,MCO,NK,1.0,88.5
2025,2,DTW,MCO,NK,1.0,88.88
2025,2,DTW,MCO,NK,1.0,89.34
2025,2,DTW,MCO,NK,1.0,89.58
2025,2,DTW,MCO,NK,1.0,90.1
2025,2,DTW,MCO,NK,1.0,90.5
2025,2,DTW,MCO,NK,1.0,90.56
2025,2,DTW,MCO,NK,1.0,91.0
2025,2,DTW,MCO,NK,1.0,91.03
2025,2,DTW,MCO,NK,1.0,92.0
2025,2,DTW,MCO,NK,1.0,92.01
2025,2,DTW,MCO,NK,1.0,92.5
2025,2,DTW,MCO,NK,1.0,92.99
2025,2,DTW,MCO,NK,1.0,93.0
2025,2,DTW,MCO,NK,1.0,93.24
2025,2,DTW,MCO,NK,1.0,93.5
2025,2,DTW,MCO,NK,1.0,93.5
2025,2,DTW,MCO,NK,1.0,93.5
2025,2,DTW,MCO,NK,1.0,94.0
2025,2,DTW,MCO,NK,1.0,95.0
2025,2,DTW,MCO,NK,1.0,95.12
2025,2,DTW,MCO,NK,1.0,95.5
2025,2,DTW,MCO,NK,1.0,95.81
2025,2,DTW,MCO,NK,1.0,96.0
2025,2,DTW,MCO,NK,1.0,97.0
2025,2,DTW,MCO,NK,1.0,97.68
2025,2,DTW,MCO,NK,1.0,98.0
2025,2,DTW,MCO,NK,1.0,98.07
2025,2,DTW,MCO,NK,1.0,98.5
2025,2,DTW,MCO,NK,1.0,98.58
2025,2,DTW,MCO,NK,1.0,98.77
2025,2,DTW,MCO,NK,1.0,99.0
2025,2,DTW,MCO,NK,1.0,99.03
2025,2,DTW,MCO,NK,1.0,99.44
2025,2,DTW,MCO,NK,1.0,99.52
2025,2,DTW,MCO,NK,1.0,100.28
2025,2,DTW,MCO,NK,1.0,100.65
2025,2,DTW,MCO,NK,1.0,100.91
2025,2,DTW,MCO,NK,1.0,101.0
2025,2,DTW,MCO,NK,1.0,101.33
2025,2,DTW,MCO,NK,1.0,101.41
2025,2,DTW,MCO,NK,1.0,101.5
2025,2,DTW,MCO,NK,1.0,102.08
2025,2,DTW,MCO,NK,1.0,102.32
2025,2,DTW,MCO,NK,1.0,104.0
2025,2,DTW,MCO,NK,1.0,104.35
2025,2,DTW,MCO,NK,1.0,104.89
2025,2,DTW,MCO,NK,1.0,104.98
2025,2,DTW,MCO,NK,1.0,105.16
2025,2,DTW,MCO,NK,1.0,105.31
2025,2,DTW,MCO,NK,1.0,105.35
2025,2,DTW,MCO,NK,1.0,106.18
2025,2,DTW,MCO,NK,1.0,106.4
2025,2,DTW,MCO,NK,1.0,107.52
2025,2,DTW,MCO,NK,1.0,108.5
2025,2,DTW,MCO,NK,1.0,108.7
2025,2,DTW,MCO,NK,1.0,109.0
2025,2,DTW,MCO,NK,1.0,109.0
2025,2,DTW,MCO,NK,1.0,109.09
2025,2,DTW,MCO,NK,1.0,109.16
2025,2,DTW,MCO,NK,1.0,109.2
2025,2,DTW,MCO,NK,1.0,109.76
2025,2,DTW,MCO,NK,1.0,110.5
2025,2,DTW,MCO,NK,1.0,111.0
2025,2,DTW,MCO,NK,1.0,111.14
2025,2,DTW,MCO,NK,1.0,111.5
2025,2,DTW,MCO,NK,1.0,111.5
2025,2,DTW,MCO,NK,1.0,112.49
2025,2,DTW,MCO,NK,1.0,113.0
2025,2,DTW,MCO,NK,1.0,113.19
2025,2,DTW,MCO,NK,1.0,115.16
2025,2,DTW,MCO,NK,1.0,115.36
2025,2,DTW,MCO,NK,1.0,115.72
2025,2,DTW,MCO,NK,1.0,115.9
2025,2,DTW,MCO,NK,1.0,116.5
2025,2,DTW,MCO,NK,1.0,116.66
2025,2,DTW,MCO,NK,1.0,116.91
2025,2,DTW,MCO,NK,1.0,117.0
2025,2,DTW,MCO,NK,1.0,117.95
2025,2,DTW,MCO,NK,1.0,118.37
2025,2,DTW,MCO,NK,1.0,118.5
2025,2,DTW,MCO,NK,1.0,118.62
2025,2,DTW,MCO,NK,1.0,118.62
2025,2,DTW,MCO,NK,1.0,119.0
2025,2,DTW,MCO,NK,1.0,119.81
2025,2,DTW,MCO,NK,1.0,120.75
2025,2,DTW,MCO,NK,1.0,120.81
2025,2,DTW,MCO,NK,1.0,122.0
2025,2,DTW,MCO,NK,1.0,123.24
2025,2,DTW,MCO,NK,1.0,124.0
2025,2,DTW,MCO,NK,1.0,125.03
2025,2,DTW,MCO,NK,1.0,126.0
2025,2,DTW,MCO,NK,1.0,126.13
2025,2,DTW,MCO,NK,1.0,127.5
2025,2,DTW,MCO,NK,1.0,128.3
2025,2,DTW,MCO,NK,1.0,129.0
2025,2,DTW,MCO,NK,1.0,130.0
2025,2,DTW,MCO,NK,1.0,130.43
2025,2,DTW,MCO,NK,1.0,130.5
2025,2,DTW,MCO,NK,1.0,131.5
2025,2,DTW,MCO,NK,1.0,132.74
2025,2,DTW,MCO,NK,1.0,132.89
2025,2,DTW,MCO,NK,1.0,133.0
2025,2,DTW,MCO,NK,1.0,133.2
2025,2,DTW,MCO,NK,1.0,133.5
2025,2,DTW,MCO,NK,1.0,133.5
2025,2,DTW,MCO,NK,1.0,135.0
2025,2,DTW,MCO,NK,1.0,135.5
2025,2,DTW,MCO,NK,1.0,136.5
2025,2,DTW,MCO,NK,1.0,137.0
2025,2,DTW,MCO,NK,1.0,137.0
2025,2,DTW,MCO,NK,1.0,137.5
2025,2,DTW,MCO,NK,1.0,138.0
2025,2,DTW,MCO,NK,1.0,138.53
2025,2,DTW,MCO,NK,1.0,139.46
2025,2,DTW,MCO,NK,1.0,140.0
2025,2,DTW,MCO,NK,1.0,141.0
2025,2,DTW,MCO,NK,1.0,141.12
2025,2,DTW,MCO,NK,1.0,141.55
2025,2,DTW,MCO,NK,1.0,142.0
2025,2,DTW,MCO,NK,1.0,142.0
2025,2,DTW,MCO,NK,1.0,143.18
2025,2,DTW,MCO,NK,1.0,143.23
2025,2,DTW,MCO,NK,1.0,144.0
2025,2,DTW,MCO,NK,1.0,146.0
2025,2,DTW,MCO,NK,1.0,146.0
2025,2,DTW,MCO,NK,1.0,146.0
2025,2,DTW,MCO,NK,1.0,146.61
2025,2,DTW,MCO,NK,1.0,147.0
2025,2,DTW,MCO,NK,1.0,148.0
2025,2,DTW,MCO,NK,1.0,148.7
2025,2,DTW,MCO,NK,1.0,149.0
2025,2,DTW,MCO,NK,1.0,149.0
2025,2,DTW,MCO,NK,1.0,150.0
2025,2,DTW,MCO,NK,1.0,150.5
2025,2,DTW,MCO,NK,1.0,151.0
2025,2,DTW,MCO,NK,1.0,151.04
2025,2,DTW,MCO,NK,1.0,152.0
2025,2,DTW,MCO,NK,1.0,152.5
2025,2,DTW,MCO,NK,1.0,153.0
2025,2,DTW,MCO,NK,1.0,153.0
2025,2,DTW,MCO,NK,1.0,153.5
2025,2,DTW,MCO,NK,1.0,153.7
2025,2,DTW,MCO,NK,1.0,154.0
2025,2,DTW,MCO,NK,1.0,154.0
2025,2,DTW,MCO,NK,1.0,154.0
2025,2,DTW,MCO,NK,1.0,154.0
2025,2,DTW,MCO,NK,1.0,155.0
2025,2,DTW,MCO,NK,1.0,155.0
2025,2,DTW,MCO,NK,1.0,155.7
2025,2,DTW,MCO,NK,1.0,156.0
2025,2,DTW,MCO,NK,1.0,156.11
2025,2,DTW,MCO,NK,1.0,156.5
2025,2,DTW,MCO,NK,1.0,158.0
2025,2,DTW,MCO,NK,1.0,158.0
2025,2,DTW,MCO,NK,1.0,158.0
2025,2,DTW,MCO,NK,1.0,159.0
2025,2,DTW,MCO,NK,1.0,160.5
2025,2,DTW,MCO,NK,1.0,160.5
2025,2,DTW,MCO,NK,1.0,161.0
2025,2,DTW,MCO,NK,1.0,162.0
2025,2,DTW,MCO,NK,1.0,164.0
2025,2,DTW,MCO,NK,1.0,165.0
2025,2,DTW,MCO,NK,1.0,165.0
2025,2,DTW,MCO,NK,1.0,166.0
2025,2,DTW,MCO,NK,1.0,168.0
2025,2,DTW,MCO,NK,1.0,169.5
2025,2,DTW,MCO,NK,1.0,170.0
2025,2,DTW,MCO,NK,1.0,170.0
2025,2,DTW,MCO,NK,1.0,170.52
2025,2,DTW,MCO,NK,1.0,171.0
2025,2,DTW,MCO,NK,1.0,171.0
2025,2,DTW,MCO,NK,1.0,171.5
2025,2,DTW,MCO,NK,1.0,172.0
2025,2,DTW,MCO,NK,1.0,174.0
2025,2,DTW,MCO,NK,1.0,175.0
2025,2,DTW,MCO,NK,1.0,176.0
2025,2,DTW,MCO,NK,1.0,176.5
2025,2,DTW,MCO,NK,1.0,177.0
2025,2,DTW,MCO,NK,1.0,177.5
2025,2,DTW,MCO,NK,1.0,177.81
2025,2,DTW,MCO,NK,1.0,178.0
2025,2,DTW,MCO,NK,1.0,178.0
2025,2,DTW,MCO,NK,1.0,178.91
2025,2,DTW,MCO,NK,1.0,179.0
2025,2,DTW,MCO,NK,1.0,179.23
2025,2,DTW,MCO,NK,1.0,180.0
2025,2,DTW,MCO,NK,1.0,185.0
2025,2,DTW,MCO,NK,1.0,186.0
2025,2,DTW,MCO,NK,1.0,186.5
2025,2,DTW,MCO,NK,1.0,187.0
2025,2,DTW,MCO,NK,1.0,187.51
2025,2,DTW,MCO,NK,1.0,188.0
2025,2,DTW,MCO,NK,1.0,188.0
2025,2,DTW,MCO,NK,1.0,190.0
2025,2,DTW,MCO,NK,1.0,190.0
2025,2,DTW,MCO,NK,1.0,191.0
2025,2,DTW,MCO,NK,1.0,192.0
2025,2,DTW,MCO,NK,1.0,192.81
2025,2,DTW,MCO,NK,1.0,194.0
2025,2,DTW,MCO,NK,1.0,194.38
2025,2,DTW,MCO,NK,1.0,195.0
2025,2,DTW,MCO,NK,1.0,195.0
2025,2,DTW,MCO,NK,1.0,195.0
2025,2,DTW,MCO,NK,1.0,197.0
2025,2,DTW,MCO,NK,1.0,198.0
2025,2,DTW,MCO,NK,1.0,199.0
2025,2,DTW,MCO,NK,1.0,201.5
2025,2,DTW,MCO,NK,1.0,204.5
2025,2,DTW,MCO,NK,1.0,207.5
2025,2,DTW,MCO,NK,1.0,207.8
2025,2,DTW,MCO,NK,1.0,208.0
2025,2,DTW,MCO,NK,1.0,209.5
2025,2,DTW,MCO,NK,1.0,210.0
2025,2,DTW,MCO,NK,1.0,210.29
2025,2,DTW,MCO,NK,1.0,212.77
2025,2,DTW,MCO,NK,1.0,215.0
2025,2,DTW,MCO,NK,1.0,216.0
2025,2,DTW,MCO,NK,1.0,217.0
2025,2,DTW,MCO,NK,1.0,218.0
2025,2,DTW,MCO,NK,1.0,218.0
2025,2,DTW,MCO,NK,1.0,219.0
2025,2,DTW,MCO,NK,1.0,219.0
2025,2,DTW,MCO,NK,1.0,220.0
2025,2,DTW,MCO,NK,1.0,223.0
2025,2,DTW,MCO,NK,1.0,223.0
2025,2,DTW,MCO,NK,1.0,225.54
2025,2,DTW,MCO,NK,1.0,228.0
2025,2,DTW,MCO,NK,1.0,228.5
2025,2,DTW,MCO,NK,1.0,231.55
2025,2,DTW,MCO,NK,1.0,232.0
2025,2,DTW,MCO,NK,1.0,234.0
2025,2,DTW,MCO,NK,1.0,235.0
2025,2,DTW,MCO,NK,1.0,235.0
2025,2,DTW,MCO,NK,1.0,238.5
2025,2,DTW,MCO,NK,1.0,239.0
2025,2,DTW,MCO,NK,1.0,241.0
2025,2,DTW,MCO,NK,1.0,243.0
2025,2,DTW,MCO,NK,1.0,245.0
2025,2,DTW,MCO,NK,1.0,247.0
2025,2,DTW,MCO,NK,1.0,247.5
2025,2,DTW,MCO,NK,1.0,249.0
2025,2,DTW,MCO,NK,1.0,249.4
2025,2,DTW,MCO,NK,1.0,250.0
2025,2,DTW,MCO,NK,1.0,257.0
2025,2,DTW,MCO,NK,1.0,259.5
2025,2,DTW,MCO,NK,1.0,260.0
2025,2,DTW,MCO,NK,1.0,261.0
2025,2,DTW,MCO,NK,1.0,264.0
2025,2,DTW,MCO,NK,1.0,269.0
2025,2,DTW,MCO,NK,1.0,270.0
2025,2,DTW,MCO,NK,1.0,270.0
2025,2,DTW,MCO,NK,1.0,271.0
2025,2,DTW,MCO,NK,1.0,277.0
2025,2,DTW,MCO,NK,1.0,277.92
2025,2,DTW,MCO,NK,1.0,281.0
2025,2,DTW,MCO,NK,1.0,282.0
2025,2,DTW,MCO,NK,1.0,289.0
2025,2,DTW,MCO,NK,1.0,299.0
2025,2,DTW,MCO,NK,1.0,301.0
2025,2,DTW,MCO,NK,1.0,308.0
2025,2,DTW,MCO,NK,1.0,320.0
2025,2,DTW,MCO,NK,1.0,325.0
2025,2,DTW,MCO,NK,1.0,331.0
2025,2,DTW,MCO,NK,1.0,341.0
2025,2,DTW,MCO,NK,1.0,350.0
2025,2,DTW,MCO,NK,1.0,355.0
2025,2,DTW,MCO,NK,1.0,358.0
2025,2,DTW,MCO,NK,1.0,377.0
2025,2,DTW,MCO,NK,1.0,380.0
2025,2,DTW,MCO,NK,1.0,390.0
2025,2,DTW,MCO,NK,1.0,393.0
2025,2,DTW,MCO,NK,2.0,5.5
2025,2,DTW,MCO,NK,2.0,18.0
2025,2,DTW,MCO,NK,2.0,33.5
2025,2,DTW,MCO,NK,2.0,36.0
2025,2,DTW,MCO,NK,2.0,36.5
2025,2,DTW,MCO,NK,2.0,39.0
2025,2,DTW,MCO,NK,2.0,40.5
2025,2,DTW,MCO,NK,2.0,40.56
2025,2,DTW,MCO,NK,2.0,41.0
2025,2,DTW,MCO,NK,2.0,42.5
2025,2,DTW,MCO,NK,2.0,44.0
2025,2,DTW,MCO,NK,2.0,45.0
2025,2,DTW,MCO,NK,2.0,46.5
2025,2,DTW,MCO,NK,2.0,46.5
2025,2,DTW,MCO,NK,2.0,48.0
2025,2,DTW,MCO,NK,2.0,49.18
2025,2,DTW,MCO,NK,2.0,50.5
2025,2,DTW,MCO,NK,2.0,51.5
2025,2,DTW,MCO,NK,2.0,52.35
2025,2,DTW,MCO,NK,2.0,52.5
2025,2,DTW,MCO,NK,2.0,56.0
2025,2,DTW,MCO,NK,2.0,58.5
2025,2,DTW,MCO,NK,2.0,58.57
2025,2,DTW,MCO,NK,2.0,62.5
2025,2,DTW,MCO,NK,2.0,66.0
2025,2,DTW,MCO,NK,2.0,66.0
2025,2,DTW,MCO,NK,2.0,66.5
2025,2,DTW,MCO,NK,2.0,68.0
2025,2,DTW,MCO,NK,2.0,70.5
2025,2,DTW,MCO,NK,2.0,73.5
2025,2,DTW,MCO,NK,2.0,78.0
2025,2,DTW,MCO,NK,2.0,79.0
2025,2,DTW,MCO,NK,2.0,81.0
2025,2,DTW,MCO,NK,2.0,83.5
2025,2,DTW,MCO,NK,2.0,86.0
2025,2,DTW,MCO,NK,2.0,86.0
2025,2,DTW,MCO,NK,2.0,89.5
2025,2,DTW,MCO,NK,2.0,90.82
2025,2,DTW,MCO,NK,2.0,93.0
2025,2,DTW,MCO,NK,2.0,94.0
2025,2,DTW,MCO,NK,2.0,96.0
2025,2,DTW,MCO,NK,2.0,97.0
2025,2,DTW,MCO,NK,2.0,98.56
2025,2,DTW,MCO,NK,2.0,99.5
2025,2,DTW,MCO,NK,2.0,103.0
2025,2,DTW,MCO,NK,2.0,103.5
2025,2,DTW,MCO,NK,2.0,104.5
2025,2,DTW,MCO,NK,2.0,106.5
2025,2,DTW,MCO,NK,2.0,107.5
2025,2,DTW,MCO,NK,2.0,107.5
2025,2,DTW,MCO,NK,2.0,108.0
2025,2,DTW,MCO,NK,2.0,108.5
2025,2,DTW,MCO,NK,2.0,109.5
2025,2,DTW,MCO,NK,2.0,111.0
2025,2,DTW,MCO,NK,2.0,112.0
2025,2,DTW,MCO,NK,2.0,112.5
2025,2,DTW,MCO,NK,2.0,115.0
2025,2,DTW,MCO,NK,2.0,115.5
2025,2,DTW,MCO,NK,2.0,116.0
2025,2,DTW,MCO,NK,2.0,116.0
2025,2,DTW,MCO,NK,2.0,121.0
2025,2,DTW,MCO,NK,2.0,121.5
2025,2,DTW,MCO,NK,2.0,123.0
2025,2,DTW,MCO,NK,2.0,124.5
2025,2,DTW,MCO,NK,2.0,125.0
2025,2,DTW,MCO,NK,2.0,125.5
2025,2,DTW,MCO,NK,2.0,125.6
2025,2,DTW,MCO,NK,2.0,126.0
2025,2,DTW,MCO,NK,2.0,127.0
2025,2,DTW,MCO,NK,2.0,127.0
2025,2,DTW,MCO,NK,2.0,128.5
2025,2,DTW,MCO,NK,2.0,131.0
2025,2,DTW,MCO,NK,2.0,131.5
2025,2,DTW,MCO,NK,2.0,134.0
2025,2,DTW,MCO,NK,2.0,134.0
2025,2,DTW,MCO,NK,2.0,136.0
2025,2,DTW,MCO,NK,2.0,136.5
2025,2,DTW,MCO,NK,2.0,139.0
2025,2,DTW,MCO,NK,2.0,139.0
2025,2,DTW,MCO,NK,2.0,140.0
2025,2,DTW,MCO,NK,2.0,141.5
2025,2,DTW,MCO,NK,2.0,143.0
2025,2,DTW,MCO,NK,2.0,144.0
2025,2,DTW,MCO,NK,2.0,145.0
2025,2,DTW,MCO,NK,2.0,146.0
2025,2,DTW,MCO,NK,2.0,146.61
2025,2,DTW,MCO,NK,2.0,147.0
2025,2,DTW,MCO,NK,2.0,147.0
2025,2,DTW,MCO,NK,2.0,148.0
2025,2,DTW,MCO,NK,2.0,148.5
2025,2,DTW,MCO,NK,2.0,149.0
2025,2,DTW,MCO,NK,2.0,149.5
2025,2,DTW,MCO,NK,2.0,150.0
2025,2,DTW,MCO,NK,2.0,151.5
2025,2,DTW,MCO,NK,2.0,152.0
2025,2,DTW,MCO,NK,2.0,152.0
2025,2,DTW,MCO,NK,2.0,158.0
2025,2,DTW,MCO,NK,2.0,160.0
2025,2,DTW,MCO,NK,2.0,161.5
2025,2,DTW,MCO,NK,2.0,163.0
2025,2,DTW,MCO,NK,2.0,163.0
2025,2,DTW,MCO,NK,2.0,165.0
2025,2,DTW,MCO,NK,2.0,166.5
2025,2,DTW,MCO,NK,2.0,167.0
2025,2,DTW,MCO,NK,2.0,167.0
2025,2,DTW,MCO,NK,2.0,169.0
2025,2,DTW,MCO,NK,2.0,169.0
2025,2,DTW,MCO,NK,2.0,169.5
2025,2,DTW,MCO,NK,2.0,173.5
2025,2,DTW,MCO,NK,2.0,180.0
2025,2,DTW,MCO,NK,2.0,186.0
2025,2,DTW,MCO,NK,2.0,187.0
2025,2,DTW,MCO,NK,2.0,188.0
2025,2,DTW,MCO,NK,2.0,192.0
2025,2,DTW,MCO,NK,2.0,194.5
2025,2,DTW,MCO,NK,2.0,196.0
2025,2,DTW,MCO,NK,2.0,200.0
2025,2,DTW,MCO,NK,2.0,203.0
2025,2,DTW,MCO,NK,2.0,236.0
2025,2,DTW,MCO,NK,2.0,240.0
2025,2,DTW,MCO,NK,2.0,241.0
2025,2,DTW,MCO,NK,2.0,242.0
2025,2,DTW,MCO,NK,2.0,243.0
2025,2,DTW,MCO,NK,2.0,280.0
2025,2,DTW,MCO,NK,2.0,281.0
2025,2,DTW,MCO,NK,2.0,284.0
2025,2,DTW,MCO,NK,2.0,285.0
2025,2,DTW,MCO,NK,3.0,22.0
2025,2,DTW,MCO,NK,3.0,28.0
2025,2,DTW,MCO,NK,3.0,31.5
2025,2,DTW,MCO,NK,3.0,38.5
2025,2,DTW,MCO,NK,3.0,40.0
2025,2,DTW,MCO,NK,3.0,43.5
2025,2,DTW,MCO,NK,3.0,44.5
2025,2,DTW,MCO,NK,3.0,52.0
2025,2,DTW,MCO,NK,3.0,57.5
2025,2,DTW,MCO,NK,3.0,63.0
2025,2,DTW,MCO,NK,3.0,63.5
2025,2,DTW,MCO,NK,3.0,64.0
2025,2,DTW,MCO,NK,3.0,72.5
2025,2,DTW,MCO,NK,3.0,76.0
2025,2,DTW,MCO,NK,3.0,76.5
2025,2,DTW,MCO,NK,3.0,77.0
2025,2,DTW,MCO,NK,3.0,79.0
2025,2,DTW,MCO,NK,3.0,79.5
2025,2,DTW,MCO,NK,3.0,83.0
2025,2,DTW,MCO,NK,3.0,83.0
2025,2,DTW,MCO,NK,3.0,84.0
2025,2,DTW,MCO,NK,3.0,86.5
2025,2,DTW,MCO,NK,3.0,87.0
2025,2,DTW,MCO,NK,3.0,87.5
2025,2,DTW,MCO,NK,3.0,92.5
2025,2,DTW,MCO,NK,3.0,99.0
2025,2,DTW,MCO,NK,3.0,100.0
2025,2,DTW,MCO,NK,3.0,104.0
2025,2,DTW,MCO,NK,3.0,106.0
2025,2,DTW,MCO,NK,3.0,110.0
2025,2,DTW,MCO,NK,3.0,114.0
2025,2,DTW,MCO,NK,3.0,114.5
2025,2,DTW,MCO,NK,3.0,117.0
2025,2,DTW,MCO,NK,3.0,117.5
2025,2,DTW,MCO,NK,3.0,118.0
2025,2,DTW,MCO,NK,3.0,118.0
2025,2,DTW,MCO,NK,3.0,119.0
2025,2,DTW,MCO,NK,3.0,119.5
2025,2,DTW,MCO,NK,3.0,122.0
2025,2,DTW,MCO,NK,3.0,122.0
2025,2,DTW,MCO,NK,3.0,123.0
2025,2,DTW,MCO,NK,3.0,123.5
2025,2,DTW,MCO,NK,3.0,127.5
2025,2,DTW,MCO,NK,3.0,129.5
2025,2,DTW,MCO,NK,3.0,132.0
2025,2,DTW,MCO,NK,3.0,133.0
2025,2,DTW,MCO,NK,3.0,135.0
2025,2,DTW,MCO,NK,3.0,138.0
2025,2,DTW,MCO,NK,3.0,138.0
2025,2,DTW,MCO,NK,3.0,139.5
2025,2,DTW,MCO,NK,3.0,140.0
2025,2,DTW,MCO,NK,3.0,145.0
2025,2,DTW,MCO,NK,3.0,145.5
2025,2,DTW,MCO,NK,3.0,148.0
2025,2,DTW,MCO,NK,3.0,150.0
2025,2,DTW,MCO,NK,3.0,154.5
2025,2,DTW,MCO,NK,3.0,157.0
2025,2,DTW,MCO,NK,3.0,157.0
2025,2,DTW,MCO,NK,3.0,162.0
2025,2,DTW,MCO,NK,3.0,162.5
2025,2,DTW,MCO,NK,3.0,165.0
2025,2,DTW,MCO,NK,3.0,170.0
2025,2,DTW,MCO,NK,3.0,172.0
2025,2,DTW,MCO,NK,3.0,174.5
2025,2,DTW,MCO,NK,3.0,176.0
2025,2,DTW,MCO,NK,4.0,24.0
2025,2,DTW,MCO,NK,4.0,31.0
2025,2,DTW,MCO,NK,4.0,32.0
2025,2,DTW,MCO,NK,4.0,34.0
2025,2,DTW,MCO,NK,4.0,38.0
2025,2,DTW,MCO,NK,4.0,40.0
2025,2,DTW,MCO,NK,4.0,41.0
2025,2,DTW,MCO,NK,4.0,43.0
2025,2,DTW,MCO,NK,4.0,45.0
2025,2,DTW,MCO,NK,4.0,46.0
2025,2,DTW,MCO,NK,4.0,46.0
2025,2,DTW,MCO,NK,4.0,49.0
2025,2,DTW,MCO,NK,4.0,54.0
2025,2,DTW,MCO,NK,4.0,54.5
2025,2,DTW,MCO,NK,4.0,55.5
2025,2,DTW,MCO,NK,4.0,57.0
2025,2,DTW,MCO,NK,4.0,58.0
2025,2,DTW,MCO,NK,4.0,59.0
2025,2,DTW,MCO,NK,4.0,59.5
2025,2,DTW,MCO,NK,4.0,61.0
2025,2,DTW,MCO,NK,4.0,66.5
2025,2,DTW,MCO,NK,4.0,68.5
2025,2,DTW,MCO,NK,4.0,69.0
2025,2,DTW,MCO,NK,4.0,72.0
2025,2,DTW,MCO,NK,4.0,73.5
2025,2,DTW,MCO,NK,4.0,74.5
2025,2,DTW,MCO,NK,4.0,77.5
2025,2,DTW,MCO,NK,4.0,82.0
2025,2,DTW,MCO,NK,4.0,89.5
2025,2,DTW,MCO,NK,4.0,91.5
2025,2,DTW,MCO,NK,4.0,93.0
2025,2,DTW,MCO,NK,4.0,97.5
2025,2,DTW,MCO,NK,4.0,98.5
2025,2,DTW,MCO,NK,4.0,100.5
2025,2,DTW,MCO,NK,4.0,102.0
2025,2,DTW,MCO,NK,4.0,104.0
2025,2,DTW,MCO,NK,4.0,104.0
2025,2,DTW,MCO,NK,4.0,108.0
2025,2,DTW,MCO,NK,4.0,110.0
2025,2,DTW,MCO,NK,4.0,114.0
2025,2,DTW,MCO,NK,4.0,119.5
2025,2,DTW,MCO,NK,4.0,122.0
2025,2,DTW,MCO,NK,4.0,124.0
2025,2,DTW,MCO,NK,4.0,126.0
2025,2,DTW,MCO,NK,4.0,128.0
2025,2,DTW,MCO,NK,4.0,132.0
2025,2,DTW,MCO,NK,4.0,137.0
2025,2,DTW,MCO,NK,4.0,137.0
2025,2,DTW,MCO,NK,4.0,139.5
2025,2,DTW,MCO,NK,4.0,175.0
2025,2,DTW,MCO,NK,4.0,180.0
2025,2,DTW,MCO,NK,4.0,185.0
2025,2,DTW,MCO,NK,4.0,201.0
2025,2,DTW,MCO,NK,4.0,205.0
2025,2,DTW,MCO,NK,5.0,22.0
2025,2,DTW,MCO,NK,5.0,26.0
2025,2,DTW,MCO,NK,5.0,27.0
2025,2,DTW,MCO,NK,5.0,27.0
2025,2,DTW,MCO,NK,5.0,60.5
2025,2,DTW,MCO,NK,5.0,64.5
2025,2,DTW,MCO,NK,5.0,67.0
2025,2,DTW,MCO,NK,5.0,67.5
2025,2,DTW,MCO,NK,5.0,68.0
2025,2,DTW,MCO,NK,5.0,69.5
2025,2,DTW,MCO,NK,5.0,74.0
2025,2,DTW,MCO,NK,5.0,78.5
2025,2,DTW,MCO,NK,5.0,79.0
2025,2,DTW,MCO,NK,5.0,79.5
2025,2,DTW,MCO,NK,5.0,83.0
2025,2,DTW,MCO,NK,5.0,90.5
2025,2,DTW,MCO,NK,5.0,94.0
2025,2,DTW,MCO,NK,5.0,96.5
2025,2,DTW,MCO,NK,5.0,104.5
2025,2,DTW,MCO,NK,5.0,105.5
2025,2,DTW,MCO,NK,5.0,107.0
2025,2,DTW,MCO,NK,5.0,113.5
2025,2,DTW,MCO,NK,5.0,118.0
2025,2,DTW,MCO,NK,5.0,120.0
2025,2,DTW,MCO,NK,5.0,122.5
2025,2,DTW,MCO,NK,5.0,128.0
2025,2,DTW,MCO,NK,5.0,131.0
2025,2,DTW,MCO,NK,5.0,141.0
2025,2,DTW,MCO,NK,5.0,181.0
2025,2,DTW,MCO,NK,5.0,191.0
2025,2,DTW,MCO,NK,5.0,195.0
2025,2,DTW,MCO,NK,6.0,28.0
2025,2,DTW,MCO,NK,6.0,37.0
2025,2,DTW,MCO,NK,6.0,42.0
2025,2,DTW,MCO,NK,6.0,53.5
2025,2,DTW,MCO,NK,6.0,54.0
2025,2,DTW,MCO,NK,6.0,62.0
2025,2,DTW,MCO,NK,6.0,63.0
2025,2,DTW,MCO,NK,6.0,70.5
2025,2,DTW,MCO,NK,6.0,73.0
2025,2,DTW,MCO,NK,6.0,75.0
2025,2,DTW,MCO,NK,6.0,78.0
2025,2,DTW,MCO,NK,6.0,84.5
2025,2,DTW,MCO,NK,6.0,88.0
2025,2,DTW,MCO,NK,6.0,112.0
2025,2,DTW,MCO,NK,6.0,113.0
2025,2,DTW,MCO,NK,6.0,117.0
2025,2,DTW,MCO,NK,6.0,142.0
2025,2,DTW,MCO,NK,6.0,155.0
2025,2,DTW,MCO,NK,6.0,156.0
2025,2,DTW,MCO,NK,7.0,16.0
2025,2,DTW,MCO,NK,7.0,40.0
2025,2,DTW,MCO,NK,7.0,42.0
2025,2,DTW,MCO,NK,7.0,52.0
2025,2,DTW,MCO,NK,7.0,56.0
2025,2,DTW,MCO,NK,7.0,60.5
2025,2,DTW,MCO,NK,7.0,68.5
2025,2,DTW,MCO,NK,7.0,71.5
2025,2,DTW,MCO,NK,7.0,74.0
2025,2,DTW,MCO,NK,7.0,80.0
2025,2,DTW,MCO,NK,7.0,84.0
2025,2,DTW,MCO,NK,7.0,85.5
2025,2,DTW,MCO,NK,7.0,92.0
2025,2,DTW,MCO,NK,7.0,99.5
2025,2,DTW,MCO,NK,7.0,100.5
2025,2,DTW,MCO,NK,7.0,102.0
2025,2,DTW,MCO,NK,7.0,102.5
2025,2,DTW,MCO,NK,7.0,129.0
2025,2,DTW,MCO,NK,7.0,134.5
2025,2,DTW,MCO,NK,7.0,134.5
2025,2,DTW,MCO,NK,7.0,135.0
2025,2,DTW,MCO,NK,7.0,151.0
2025,2,DTW,MCO,NK,7.0,160.0
2025,2,DTW,MCO,NK,7.0,167.0
2025,2,DTW,MCO,NK,7.0,216.0
2025,2,DTW,MCO,NK,8.0,32.0
2025,2,DTW,MCO,NK,8.0,44.0
2025,2,DTW,MCO,NK,8.0,45.0
2025,2,DTW,MCO,NK,8.0,46.0
2025,2,DTW,MCO,NK,8.0,47.0
2025,2,DTW,MCO,NK,8.0,55.0
2025,2,DTW,MCO,NK,8.0,56.0
2025,2,DTW,MCO,NK,8.0,59.0
2025,2,DTW,MCO,NK,8.0,65.5
2025,2,DTW,MCO,NK,8.0,66.0
2025,2,DTW,MCO,NK,8.0,67.0
2025,2,DTW,MCO,NK,8.0,76.5
2025,2,DTW,MCO,NK,8.0,78.0
2025,2,DTW,MCO,NK,8.0,83.5
2025,2,DTW,MCO,NK,8.0,85.0
2025,2,DTW,MCO,NK,8.0,90.0
2025,2,DTW,MCO,NK,8.0,101.0
2025,2,DTW,MCO,NK,8.0,103.0
2025,2,DTW,MCO,NK,8.0,105.0
2025,2,DTW,MCO,NK,8.0,115.0
2025,2,DTW,MCO,NK,8.0,150.0
2025,2,DTW,MCO,NK,8.0,151.0
2025,2,DTW,MCO,NK,8.0,155.0
2025,2,DTW,MCO,NK,9.0,36.0
2025,2,DTW,MCO,NK,9.0,43.0
2025,2,DTW,MCO,NK,9.0,49.5
2025,2,DTW,MCO,NK,9.0,53.0
2025,2,DTW,MCO,NK,9.0,56.5
2025,2,DTW,MCO,NK,9.0,64.0
2025,2,DTW,MCO,NK,9.0,72.5
2025,2,DTW,MCO,NK,9.0,82.0
2025,2,DTW,MCO,NK,9.0,95.0
2025,2,DTW,MCO,NK,9.0,130.0
2025,2,DTW,MCO,NK,9.0,171.0
2025,2,DTW,MCO,NK,9.0,190.0
2025,2,DTW,MCO,NK,10.0,47.5
2025,2,DTW,MCO,NK,10.0,54.0
2025,2,DTW,MCO,NK,10.0,62.0
2025,2,DTW,MCO,NK,10.0,64.0
2025,2,DTW,MCO,NK,10.0,71.0
2025,2,DTW,MCO,NK,10.0,82.5
2025,2,DTW,MCO,NK,10.0,140.0
2025,2,DTW,MCO,NK,10.0,160.0
2025,2,DTW,MCO,NK,11.0,44.0
2025,2,DTW,MCO,NK,11.0,48.5
2025,2,DTW,MCO,NK,11.0,65.0
2025,2,DTW,MCO,NK,11.0,70.0
2025,2,DTW,MCO,NK,11.0,99.0
2025,2,DTW,MCO,NK,11.0,138.0
2025,2,DTW,MCO,NK,12.0,38.0
2025,2,DTW,MCO,NK,12.0,49.0
2025,2,DTW,MCO,NK,12.0,53.0
2025,2,DTW,MCO,NK,12.0,58.5
2025,2,DTW,MCO,NK,12.0,61.0
2025,2,DTW,MCO,NK,12.0,81.0
2025,2,DTW,MCO,NK,12.0,85.0
2025,2,DTW,MCO,NK,12.0,98.0
2025,2,DTW,MCO,NK,12.0,200.0
2025,2,DTW,MCO,NK,13.0,48.0
2025,2,DTW,MCO,NK,13.0,97.0
2025,2,DTW,MCO,NK,13.0,105.0
2025,2,DTW,MCO,NK,13.0,120.0
2025,2,DTW,MCO,NK,13.0,121.0
2025,2,DTW,MCO,NK,14.0,38.0
2025,2,DTW,MCO,NK,14.0,86.0
2025,2,DTW,MCO,NK,14.0,100.0
2025,2,DTW,MCO,NK,14.0,111.0
2025,2,DTW,MCO,NK,14.0,115.0
2025,2,DTW,MCO,NK,15.0,37.0
2025,2,DTW,MCO,NK,15.0,58.0
2025,2,DTW,MCO,NK,15.0,87.0
2025,2,DTW,MCO,NK,15.0,90.0
2025,2,DTW,MCO,NK,15.0,125.0
2025,2,DTW,MCO,NK,15.0,145.0
2025,2,DTW,MCO,NK,16.0,75.5
2025,2,DTW,MCO,NK,16.0,92.0
2025,2,DTW,MCO,NK,16.0,125.0
2025,2,DTW,MCO,NK,16.0,130.0
2025,2,DTW,MCO,NK,17.0,89.0
2025,2,DTW,MCO,NK,17.0,100.0
2025,2,DTW,MCO,NK,17.0,136.0
2025,2,DTW,MCO,NK,18.0,38.5
2025,2,DTW,MCO,NK,18.0,51.0
2025,2,DTW,MCO,NK,18.0,120.0
2025,2,DTW,MCO,NK,18.0,149.0
2025,2,DTW,MCO,NK,19.0,50.0
2025,2,DTW,MCO,NK,19.0,52.0
2025,2,DTW,MCO,NK,19.0,65.0
2025,2,DTW,MCO,NK,20.0,5.5
2025,2,DTW,MCO,NK,20.0,69.0
2025,2,DTW,MCO,NK,20.0,154.0
2025,2,DTW,MCO,NK,22.0,60.0
2025,2,DTW,MCO,NK,22.0,72.0
2025,2,DTW,MCO,NK,22.0,73.0
2025,2,DTW,MCO,NK,22.0,77.0
2025,2,DTW,MCO,NK,23.0,70.0
2025,2,DTW,MCO,NK,23.0,110.0
2025,2,DTW,MCO,NK,24.0,75.0
2025,2,DTW,MCO,NK,24.0,90.0
2025,2,DTW,MCO,NK,25.0,55.0
2025,2,DTW,MCO,NK,25.0,63.0
2025,2,DTW,MCO,NK,26.0,106.0
2025,2,DTW,MCO,NK,28.0,95.0
2025,2,DTW,MCO,NK,29.0,39.0
2025,2,DTW,MCO,NK,30.0,91.0
2025,2,DTW,MCO,NK,30.0,121.0
2025,2,DTW,MCO,NK,31.0,65.0
2025,2,DTW,MCO,NK,31.0,82.0
2025,2,DTW,MCO,NK,31.0,91.0
2025,2,DTW,MCO,NK,32.0,69.0
2025,2,DTW,MCO,NK,32.0,75.0
2025,2,DTW,MCO,NK,37.0,50.0
2025,2,DTW,MCO,NK,37.0,80.0
2025,2,DTW,MCO,NK,37.0,105.0
2025,2,DTW,MCO,NK,38.0,62.0
2025,2,DTW,MCO,NK,38.0,85.0
2025,2,DTW,MCO,NK,39.0,55.0
2025,2,DTW,MCO,NK,39.0,60.0
2025,2,DTW,MCO,NK,39.0,96.0
2025,2,DTW,MCO,NK,40.0,6.0
2025,2,DTW,MCO,NK,41.0,71.0
2025,2,DTW,MCO,NK,42.0,67.0
2025,2,DTW,MCO,NK,43.0,47.0
2025,2,DTW,MCO,NK,44.0,49.0
2025,2,DTW,MCO,NK,44.0,80.0
2025,2,DTW,MCO,NK,47.0,50.0
2025,2,DTW,MCO,NK,48.0,61.0
2025,2,DTW,MCO,NK,49.0,51.0
2025,2,DTW,MCO,NK,50.0,95.0
2025,2,DTW,MCO,NK,52.0,39.0
2025,2,DTW,MCO,NK,52.0,51.0
2025,2,DTW,MCO,NK,52.0,59.0
2025,2,DTW,MCO,NK,53.0,81.0
2025,2,DTW,MCO,NK,59.0,57.0
2025,2,DTW,MCO,NK,60.0,5.5
2025,2,DTW,MCO,NK,66.0,60.0
2025,2,DTW,MCO,NK,70.0,70.0
2025,2,DTW,MCO,NK,75.0,71.0
2025,2,BWI,FLL,NK,1.0,2.63
2025,2,BWI,FLL,NK,1.0,2.92
2025,2,BWI,FLL,NK,1.0,5.5
2025,2,BWI,FLL,NK,1.0,19.0
2025,2,BWI,FLL,NK,1.0,21.0
2025,2,BWI,FLL,NK,1.0,23.0
2025,2,BWI,FLL,NK,1.0,23.5
2025,2,BWI,FLL,NK,1.0,24.5
2025,2,BWI,FLL,NK,1.0,25.0
2025,2,BWI,FLL,NK,1.0,25.0
2025,2,BWI,FLL,NK,1.0,26.5
2025,2,BWI,FLL,NK,1.0,27.0
2025,2,BWI,FLL,NK,1.0,27.5
2025,2,BWI,FLL,NK,1.0,27.5
2025,2,BWI,FLL,NK,1.0,27.53
2025,2,BWI,FLL,NK,1.0,28.0
2025,2,BWI,FLL,NK,1.0,28.0
2025,2,BWI,FLL,NK,1.0,28.5
2025,2,BWI,FLL,NK,1.0,29.0
2025,2,BWI,FLL,NK,1.0,29.0
2025,2,BWI,FLL,NK,1.0,30.5
2025,2,BWI,FLL,NK,1.0,31.83
2025,2,BWI,FLL,NK,1.0,32.0
2025,2,BWI,FLL,NK,1.0,32.0
2025,2,BWI,FLL,NK,1.0,32.55
2025,2,BWI,FLL,NK,1.0,34.0
2025,2,BWI,FLL,NK,1.0,34.5
2025,2,BWI,FLL,NK,1.0,35.0
2025,2,BWI,FLL,NK,1.0,35.97
2025,2,BWI,FLL,NK,1.0,36.58
2025,2,BWI,FLL,NK,1.0,41.0
2025,2,BWI,FLL,NK,1.0,42.0
2025,2,BWI,FLL,NK,1.0,42.4
2025,2,BWI,FLL,NK,1.0,43.61
2025,2,BWI,FLL,NK,1.0,44.5
2025,2,BWI,FLL,NK,1.0,45.0
2025,2,BWI,FLL,NK,1.0,45.0
2025,2,BWI,FLL,NK,1.0,46.5
2025,2,BWI,FLL,NK,1.0,47.92
2025,2,BWI,FLL,NK,1.0,48.45
2025,2,BWI,FLL,NK,1.0,49.93
2025,2,BWI,FLL,NK,1.0,49.95
2025,2,BWI,FLL,NK,1.0,51.0
2025,2,BWI,FLL,NK,1.0,51.0
2025,2,BWI,FLL,NK,1.0,52.0
2025,2,BWI,FLL,NK,1.0,52.5
2025,2,BWI,FLL,NK,1.0,53.0
2025,2,BWI,FLL,NK,1.0,53.89
2025,2,BWI,FLL,NK,1.0,54.19
2025,2,BWI,FLL,NK,1.0,54.5
2025,2,BWI,FLL,NK,1.0,55.5
2025,2,BWI,FLL,NK,1.0,55.52
2025,2,BWI,FLL,NK,1.0,56.0
2025,2,BWI,FLL,NK,1.0,57.5
2025,2,BWI,FLL,NK,1.0,57.63
2025,2,BWI,FLL,NK,1.0,57.92
2025,2,BWI,FLL,NK,1.0,58.0
2025,2,BWI,FLL,NK,1.0,58.33
2025,2,BWI,FLL,NK,1.0,58.34
2025,2,BWI,FLL,NK,1.0,58.39
2025,2,BWI,FLL,NK,1.0,60.0
2025,2,BWI,FLL,NK,1.0,60.06
2025,2,BWI,FLL,NK,1.0,60.17
2025,2,BWI,FLL,NK,1.0,61.0
2025,2,BWI,FLL,NK,1.0,61.7
2025,2,BWI,FLL,NK,1.0,62.5
2025,2,BWI,FLL,NK,1.0,62.5
2025,2,BWI,FLL,NK,1.0,63.0
2025,2,BWI,FLL,NK,1.0,63.41
2025,2,BWI,FLL,NK,1.0,63.59
2025,2,BWI,FLL,NK,1.0,64.5
2025,2,BWI,FLL,NK,1.0,65.5
2025,2,BWI,FLL,NK,1.0,65.62
2025,2,BWI,FLL,NK,1.0,66.0
2025,2,BWI,FLL,NK,1.0,66.0
2025,2,BWI,FLL,NK,1.0,67.0
2025,2,BWI,FLL,NK,1.0,67.5
2025,2,BWI,FLL,NK,1.0,67.5
2025,2,BWI,FLL,NK,1.0,67.82
2025,2,BWI,FLL,NK,1.0,67.87
2025,2,BWI,FLL,NK,1.0,67.89
2025,2,BWI,FLL,NK,1.0,68.39
2025,2,BWI,FLL,NK,1.0,69.28
2025,2,BWI,FLL,NK,1.0,69.43
2025,2,BWI,FLL,NK,1.0,69.5
2025,2,BWI,FLL,NK,1.0,69.59
2025,2,BWI,FLL,NK,1.0,69.71
2025,2,BWI,FLL,NK,1.0,70.0
2025,2,BWI,FLL,NK,1.0,70.93
2025,2,BWI,FLL,NK,1.0,71.0
2025,2,BWI,FLL,NK,1.0,71.0
2025,2,BWI,FLL,NK,1.0,71.0
2025,2,BWI,FLL,NK,1.0,71.0
2025,2,BWI,FLL,NK,1.0,71.09
2025,2,BWI,FLL,NK,1.0,71.61
2025,2,BWI,FLL,NK,1.0,72.0
2025,2,BWI,FLL,NK,1.0,72.18
2025,2,BWI,FLL,NK,1.0,72.5
2025,2,BWI,FLL,NK,1.0,72.83
2025,2,BWI,FLL,NK,1.0,73.5
2025,2,BWI,FLL,NK,1.0,73.94
2025,2,BWI,FLL,NK,1.0,73.94
2025,2,BWI,FLL,NK,1.0,75.5
2025,2,BWI,FLL,NK,1.0,75.83
2025,2,BWI,FLL,NK,1.0,76.0
2025,2,BWI,FLL,NK,1.0,76.0
2025,2,BWI,FLL,NK,1.0,77.0
2025,2,BWI,FLL,NK,1.0,77.27
2025,2,BWI,FLL,NK,1.0,77.5
2025,2,BWI,FLL,NK,1.0,77.5
2025,2,BWI,FLL,NK,1.0,78.0
2025,2,BWI,FLL,NK,1.0,78.16
2025,2,BWI,FLL,NK,1.0,78.35
2025,2,BWI,FLL,NK,1.0,78.5
2025,2,BWI,FLL,NK,1.0,79.33
2025,2,BWI,FLL,NK,1.0,79.5
2025,2,BWI,FLL,NK,1.0,80.0
2025,2,BWI,FLL,NK,1.0,80.0
2025,2,BWI,FLL,NK,1.0,80.59
2025,2,BWI,FLL,NK,1.0,81.17
2025,2,BWI,FLL,NK,1.0,82.0
2025,2,BWI,FLL,NK,1.0,82.0
2025,2,BWI,FLL,NK,1.0,82.6
2025,2,BWI,FLL,NK,1.0,83.0
2025,2,BWI,FLL,NK,1.0,83.25
2025,2,BWI,FLL,NK,1.0,83.5
2025,2,BWI,FLL,NK,1.0,83.73
2025,2,BWI,FLL,NK,1.0,83.85
2025,2,BWI,FLL,NK,1.0,84.11
2025,2,BWI,FLL,NK,1.0,84.71
2025,2,BWI,FLL,NK,1.0,84.74
2025,2,BWI,FLL,NK,1.0,85.0
2025,2,BWI,FLL,NK,1.0,85.2
2025,2,BWI,FLL,NK,1.0,86.0
2025,2,BWI,FLL,NK,1.0,86.0
2025,2,BWI,FLL,NK,1.0,86.97
2025,2,BWI,FLL,NK,1.0,87.0
2025,2,BWI,FLL,NK,1.0,87.5
2025,2,BWI,FLL,NK,1.0,88.0
2025,2,BWI,FLL,NK,1.0,88.0
2025,2,BWI,FLL,NK,1.0,88.32
2025,2,BWI,FLL,NK,1.0,88.5
2025,2,BWI,FLL,NK,1.0,88.83
2025,2,BWI,FLL,NK,1.0,89.01
2025,2,BWI,FLL,NK,1.0,89.49
2025,2,BWI,FLL,NK,1.0,89.5
2025,2,BWI,FLL,NK,1.0,89.7
2025,2,BWI,FLL,NK,1.0,89.82
2025,2,BWI,FLL,NK,1.0,90.0
2025,2,BWI,FLL,NK,1.0,90.0
2025,2,BWI,FLL,NK,1.0,90.0
2025,2,BWI,FLL,NK,1.0,90.01
2025,2,BWI,FLL,NK,1.0,90.4
2025,2,BWI,FLL,NK,1.0,90.46
2025,2,BWI,FLL,NK,1.0,90.5
2025,2,BWI,FLL,NK,1.0,90.9
2025,2,BWI,FLL,NK,1.0,91.0
2025,2,BWI,FLL,NK,1.0,91.0
2025,2,BWI,FLL,NK,1.0,92.45
2025,2,BWI,FLL,NK,1.0,93.7
2025,2,BWI,FLL,NK,1.0,95.5
2025,2,BWI,FLL,NK,1.0,96.0
2025,2,BWI,FLL,NK,1.0,97.0
2025,2,BWI,FLL,NK,1.0,97.06
2025,2,BWI,FLL,NK,1.0,97.5
2025,2,BWI,FLL,NK,1.0,97.85
2025,2,BWI,FLL,NK,1.0,98.43
2025,2,BWI,FLL,NK,1.0,98.44
2025,2,BWI,FLL,NK,1.0,99.38
2025,2,BWI,FLL,NK,1.0,99.82
2025,2,BWI,FLL,NK,1.0,100.0
2025,2,BWI,FLL,NK,1.0,100.0
2025,2,BWI,FLL,NK,1.0,100.5
2025,2,BWI,FLL,NK,1.0,101.04
2025,2,BWI,FLL,NK,1.0,101.5
2025,2,BWI,FLL,NK,1.0,102.0
2025,2,BWI,FLL,NK,1.0,102.0
2025,2,BWI,FLL,NK,1.0,103.0
2025,2,BWI,FLL,NK,1.0,103.0
2025,2,BWI,FLL,NK,1.0,103.5
2025,2,BWI,FLL,NK,1.0,103.5
2025,2,BWI,FLL,NK,1.0,103.69
2025,2,BWI,FLL,NK,1.0,105.0
2025,2,BWI,FLL,NK,1.0,105.0
2025,2,BWI,FLL,NK,1.0,105.5
2025,2,BWI,FLL,NK,1.0,105.63
2025,2,BWI,FLL,NK,1.0,106.0
2025,2,BWI,FLL,NK,1.0,106.0
2025,2,BWI,FLL,NK,1.0,107.0
2025,2,BWI,FLL,NK,1.0,107.0
2025,2,BWI,FLL,NK,1.0,107.5
2025,2,BWI,FLL,NK,1.0,107.5
2025,2,BWI,FLL,NK,1.0,108.0
2025,2,BWI,FLL,NK,1.0,108.35
2025,2,BWI,FLL,NK,1.0,109.24
2025,2,BWI,FLL,NK,1.0,109.5
2025,2,BWI,FLL,NK,1.0,109.5
2025,2,BWI,FLL,NK,1.0,109.89
2025,2,BWI,FLL,NK,1.0,110.0
2025,2,BWI,FLL,NK,1.0,110.57
2025,2,BWI,FLL,NK,1.0,111.0
2025,2,BWI,FLL,NK,1.0,111.0
2025,2,BWI,FLL,NK,1.0,111.62
2025,2,BWI,FLL,NK,1.0,112.0
2025,2,BWI,FLL,NK,1.0,112.0
2025,2,BWI,FLL,NK,1.0,113.97
2025,2,BWI,FLL,NK,1.0,114.0
2025,2,BWI,FLL,NK,1.0,114.5
2025,2,BWI,FLL,NK,1.0,115.39
2025,2,BWI,FLL,NK,1.0,115.5
2025,2,BWI,FLL,NK,1.0,115.86
2025,2,BWI,FLL,NK,1.0,116.0
2025,2,BWI,FLL,NK,1.0,116.35
2025,2,BWI,FLL,NK,1.0,117.5
2025,2,BWI,FLL,NK,1.0,118.01
2025,2,BWI,FLL,NK,1.0,120.0
2025,2,BWI,FLL,NK,1.0,120.0
2025,2,BWI,FLL,NK,1.0,120.0
2025,2,BWI,FLL,NK,1.0,120.5
2025,2,BWI,FLL,NK,1.0,120.5
2025,2,BWI,FLL,NK,1.0,120.79
2025,2,BWI,FLL,NK,1.0,121.0
2025,2,BWI,FLL,NK,1.0,121.0
2025,2,BWI,FLL,NK,1.0,122.0
2025,2,BWI,FLL,NK,1.0,122.0
2025,2,BWI,FLL,NK,1.0,122.0
2025,2,BWI,FLL,NK,1.0,122.0
2025,2,BWI,FLL,NK,1.0,122.5
2025,2,BWI,FLL,NK,1.0,123.0
2025,2,BWI,FLL,NK,1.0,123.0
2025,2,BWI,FLL,NK,1.0,124.0
2025,2,BWI,FLL,NK,1.0,124.0
2025,2,BWI,FLL,NK,1.0,125.0
2025,2,BWI,FLL,NK,1.0,125.0
2025,2,BWI,FLL,NK,1.0,125.0
2025,2,BWI,FLL,NK,1.0,125.0
2025,2,BWI,FLL,NK,1.0,125.5
2025,2,BWI,FLL,NK,1.0,126.0
2025,2,BWI,FLL,NK,1.0,126.0
2025,2,BWI,FLL,NK,1.0,127.0
2025,2,BWI,FLL,NK,1.0,127.0
2025,2,BWI,FLL,NK,1.0,127.07
2025,2,BWI,FLL,NK,1.0,127.81
2025,2,BWI,FLL,NK,1.0,127.81
2025,2,BWI,FLL,NK,1.0,128.0
2025,2,BWI,FLL,NK,1.0,128.5
2025,2,BWI,FLL,NK,1.0,129.0
2025,2,BWI,FLL,NK,1.0,130.0
2025,2,BWI,FLL,NK,1.0,131.5
2025,2,BWI,FLL,NK,1.0,133.0
2025,2,BWI,FLL,NK,1.0,133.5
2025,2,BWI,FLL,NK,1.0,133.5
2025,2,BWI,FLL,NK,1.0,134.5
2025,2,BWI,FLL,NK,1.0,134.55
2025,2,BWI,FLL,NK,1.0,135.42
2025,2,BWI,FLL,NK,1.0,136.0
2025,2,BWI,FLL,NK,1.0,136.0
2025,2,BWI,FLL,NK,1.0,136.5
2025,2,BWI,FLL,NK,1.0,137.0
2025,2,BWI,FLL,NK,1.0,137.0
2025,2,BWI,FLL,NK,1.0,137.87
2025,2,BWI,FLL,NK,1.0,138.11
2025,2,BWI,FLL,NK,1.0,139.0
2025,2,BWI,FLL,NK,1.0,139.02
2025,2,BWI,FLL,NK,1.0,140.0
2025,2,BWI,FLL,NK,1.0,140.34
2025,2,BWI,FLL,NK,1.0,141.0
2025,2,BWI,FLL,NK,1.0,141.29
2025,2,BWI,FLL,NK,1.0,142.0
2025,2,BWI,FLL,NK,1.0,142.0
2025,2,BWI,FLL,NK,1.0,142.0
2025,2,BWI,FLL,NK,1.0,142.0
2025,2,BWI,FLL,NK,1.0,143.0
2025,2,BWI,FLL,NK,1.0,146.0
2025,2,BWI,FLL,NK,1.0,146.87
2025,2,BWI,FLL,NK,1.0,147.0
2025,2,BWI,FLL,NK,1.0,147.03
2025,2,BWI,FLL,NK,1.0,148.0
2025,2,BWI,FLL,NK,1.0,149.69
2025,2,BWI,FLL,NK,1.0,150.5
2025,2,BWI,FLL,NK,1.0,151.0
2025,2,BWI,FLL,NK,1.0,151.0
2025,2,BWI,FLL,NK,1.0,151.0
2025,2,BWI,FLL,NK,1.0,151.5
2025,2,BWI,FLL,NK,1.0,152.32
2025,2,BWI,FLL,NK,1.0,152.81
2025,2,BWI,FLL,NK,1.0,153.0
2025,2,BWI,FLL,NK,1.0,154.0
2025,2,BWI,FLL,NK,1.0,155.5
2025,2,BWI,FLL,NK,1.0,155.84
2025,2,BWI,FLL,NK,1.0,156.0
2025,2,BWI,FLL,NK,1.0,156.0
2025,2,BWI,FLL,NK,1.0,157.15
2025,2,BWI,FLL,NK,1.0,158.0
2025,2,BWI,FLL,NK,1.0,158.0
2025,2,BWI,FLL,NK,1.0,159.0
2025,2,BWI,FLL,NK,1.0,160.0
2025,2,BWI,FLL,NK,1.0,160.5
2025,2,BWI,FLL,NK,1.0,161.5
2025,2,BWI,FLL,NK,1.0,163.0
2025,2,BWI,FLL,NK,1.0,163.44
2025,2,BWI,FLL,NK,1.0,163.5
2025,2,BWI,FLL,NK,1.0,165.31
2025,2,BWI,FLL,NK,1.0,166.0
2025,2,BWI,FLL,NK,1.0,166.5
2025,2,BWI,FLL,NK,1.0,167.0
2025,2,BWI,FLL,NK,1.0,167.5
2025,2,BWI,FLL,NK,1.0,168.0
2025,2,BWI,FLL,NK,1.0,170.0
2025,2,BWI,FLL,NK,1.0,170.5
2025,2,BWI,FLL,NK,1.0,170.55
2025,2,BWI,FLL,NK,1.0,171.5
2025,2,BWI,FLL,NK,1.0,172.42
2025,2,BWI,FLL,NK,1.0,173.0
2025,2,BWI,FLL,NK,1.0,174.0
2025,2,BWI,FLL,NK,1.0,177.0
2025,2,BWI,FLL,NK,1.0,177.5
2025,2,BWI,FLL,NK,1.0,180.0
2025,2,BWI,FLL,NK,1.0,180.21
2025,2,BWI,FLL,NK,1.0,188.0
2025,2,BWI,FLL,NK,1.0,188.0
2025,2,BWI,FLL,NK,1.0,191.5
2025,2,BWI,FLL,NK,1.0,193.0
2025,2,BWI,FLL,NK,1.0,194.0
2025,2,BWI,FLL,NK,1.0,195.5
2025,2,BWI,FLL,NK,1.0,195.5
2025,2,BWI,FLL,NK,1.0,196.0
2025,2,BWI,FLL,NK,1.0,196.39
2025,2,BWI,FLL,NK,1.0,196.5
2025,2,BWI,FLL,NK,1.0,197.0
2025,2,BWI,FLL,NK,1.0,198.0
2025,2,BWI,FLL,NK,1.0,199.02
2025,2,BWI,FLL,NK,1.0,200.5
2025,2,BWI,FLL,NK,1.0,201.5
2025,2,BWI,FLL,NK,1.0,204.0
2025,2,BWI,FLL,NK,1.0,205.0
2025,2,BWI,FLL,NK,1.0,205.0
2025,2,BWI,FLL,NK,1.0,206.5
2025,2,BWI,FLL,NK,1.0,207.0
2025,2,BWI,FLL,NK,1.0,209.37
2025,2,BWI,FLL,NK,1.0,211.5
2025,2,BWI,FLL,NK,1.0,211.81
2025,2,BWI,FLL,NK,1.0,213.0
2025,2,BWI,FLL,NK,1.0,214.0
2025,2,BWI,FLL,NK,1.0,214.0
2025,2,BWI,FLL,NK,1.0,216.5
2025,2,BWI,FLL,NK,1.0,218.0
2025,2,BWI,FLL,NK,1.0,219.0
2025,2,BWI,FLL,NK,1.0,220.0
2025,2,BWI,FLL,NK,1.0,224.0
2025,2,BWI,FLL,NK,1.0,226.5
2025,2,BWI,FLL,NK,1.0,226.5
2025,2,BWI,FLL,NK,1.0,227.0
2025,2,BWI,FLL,NK,1.0,227.5
2025,2,BWI,FLL,NK,1.0,229.0
2025,2,BWI,FLL,NK,1.0,231.5
2025,2,BWI,FLL,NK,1.0,233.0
2025,2,BWI,FLL,NK,1.0,236.5
2025,2,BWI,FLL,NK,1.0,238.0
2025,2,BWI,FLL,NK,1.0,240.08
2025,2,BWI,FLL,NK,1.0,244.0
2025,2,BWI,FLL,NK,1.0,244.0
2025,2,BWI,FLL,NK,1.0,245.0
2025,2,BWI,FLL,NK,1.0,245.5
2025,2,BWI,FLL,NK,1.0,247.0
2025,2,BWI,FLL,NK,1.0,247.0
2025,2,BWI,FLL,NK,1.0,248.0
2025,2,BWI,FLL,NK,1.0,250.0
2025,2,BWI,FLL,NK,1.0,252.0
2025,2,BWI,FLL,NK,1.0,255.16
2025,2,BWI,FLL,NK,1.0,259.0
2025,2,BWI,FLL,NK,1.0,261.0
2025,2,BWI,FLL,NK,1.0,264.0
2025,2,BWI,FLL,NK,1.0,269.5
2025,2,BWI,FLL,NK,1.0,271.5
2025,2,BWI,FLL,NK,1.0,272.0
2025,2,BWI,FLL,NK,1.0,273.0
2025,2,BWI,FLL,NK,1.0,274.0
2025,2,BWI,FLL,NK,1.0,275.0
2025,2,BWI,FLL,NK,1.0,275.0
2025,2,BWI,FLL,NK,1.0,278.0
2025,2,BWI,FLL,NK,1.0,279.0
2025,2,BWI,FLL,NK,1.0,279.0
2025,2,BWI,FLL,NK,1.0,288.0
2025,2,BWI,FLL,NK,1.0,289.0
2025,2,BWI,FLL,NK,1.0,289.0
2025,2,BWI,FLL,NK,1.0,294.0
2025,2,BWI,FLL,NK,1.0,299.0
2025,2,BWI,FLL,NK,1.0,301.0
2025,2,BWI,FLL,NK,1.0,304.0
2025,2,BWI,FLL,NK,1.0,307.0
2025,2,BWI,FLL,NK,1.0,308.93
2025,2,BWI,FLL,NK,1.0,309.0
2025,2,BWI,FLL,NK,1.0,314.0
2025,2,BWI,FLL,NK,1.0,324.0
2025,2,BWI,FLL,NK,1.0,328.0
2025,2,BWI,FLL,NK,1.0,329.0
2025,2,BWI,FLL,NK,1.0,330.0
2025,2,BWI,FLL,NK,1.0,331.0
2025,2,BWI,FLL,NK,1.0,334.0
2025,2,BWI,FLL,NK,1.0,334.0
2025,2,BWI,FLL,NK,1.0,339.0
2025,2,BWI,FLL,NK,1.0,341.5
2025,2,BWI,FLL,NK,1.0,349.0
2025,2,BWI,FLL,NK,1.0,352.0
2025,2,BWI,FLL,NK,1.0,362.0
2025,2,BWI,FLL,NK,1.0,372.0
2025,2,BWI,FLL,NK,1.0,380.0
2025,2,BWI,FLL,NK,1.0,384.0
2025,2,BWI,FLL,NK,1.0,387.0
2025,2,BWI,FLL,NK,1.0,397.0
2025,2,BWI,FLL,NK,1.0,437.0
2025,2,BWI,FLL,NK,1.0,449.0
2025,2,BWI,FLL,NK,1.0,485.0
2025,2,BWI,FLL,NK,1.0,579.0
2025,2,BWI,FLL,NK,2.0,23.0
2025,2,BWI,FLL,NK,2.0,23.5
2025,2,BWI,FLL,NK,2.0,24.0
2025,2,BWI,FLL,NK,2.0,24.0
2025,2,BWI,FLL,NK,2.0,30.0
2025,2,BWI,FLL,NK,2.0,31.5
2025,2,BWI,FLL,NK,2.0,32.5
2025,2,BWI,FLL,NK,2.0,33.5
2025,2,BWI,FLL,NK,2.0,36.0
2025,2,BWI,FLL,NK,2.0,40.0
2025,2,BWI,FLL,NK,2.0,44.5
2025,2,BWI,FLL,NK,2.0,46.5
2025,2,BWI,FLL,NK,2.0,48.5
2025,2,BWI,FLL,NK,2.0,52.0
2025,2,BWI,FLL,NK,2.0,52.0
2025,2,BWI,FLL,NK,2.0,53.0
2025,2,BWI,FLL,NK,2.0,54.5
2025,2,BWI,FLL,NK,2.0,59.5
2025,2,BWI,FLL,NK,2.0,59.5
2025,2,BWI,FLL,NK,2.0,60.5
2025,2,BWI,FLL,NK,2.0,61.0
2025,2,BWI,FLL,NK,2.0,61.0
2025,2,BWI,FLL,NK,2.0,62.0
2025,2,BWI,FLL,NK,2.0,63.5
2025,2,BWI,FLL,NK,2.0,65.0
2025,2,BWI,FLL,NK,2.0,65.5
2025,2,BWI,FLL,NK,2.0,66.0
2025,2,BWI,FLL,NK,2.0,67.0
2025,2,BWI,FLL,NK,2.0,70.12
2025,2,BWI,FLL,NK,2.0,70.5
2025,2,BWI,FLL,NK,2.0,76.0
2025,2,BWI,FLL,NK,2.0,81.0
2025,2,BWI,FLL,NK,2.0,82.0
2025,2,BWI,FLL,NK,2.0,84.5
2025,2,BWI,FLL,NK,2.0,85.5
2025,2,BWI,FLL,NK,2.0,88.0
2025,2,BWI,FLL,NK,2.0,90.5
2025,2,BWI,FLL,NK,2.0,92.0
2025,2,BWI,FLL,NK,2.0,95.0
2025,2,BWI,FLL,NK,2.0,96.0
2025,2,BWI,FLL,NK,2.0,96.0
2025,2,BWI,FLL,NK,2.0,97.0
2025,2,BWI,FLL,NK,2.0,97.5
2025,2,BWI,FLL,NK,2.0,99.5
2025,2,BWI,FLL,NK,2.0,100.07
2025,2,BWI,FLL,NK,2.0,101.0
2025,2,BWI,FLL,NK,2.0,101.0
2025,2,BWI,FLL,NK,2.0,108.0
2025,2,BWI,FLL,NK,2.0,108.5
2025,2,BWI,FLL,NK,2.0,109.0
2025,2,BWI,FLL,NK,2.0,111.0
2025,2,BWI,FLL,NK,2.0,111.5
2025,2,BWI,FLL,NK,2.0,112.0
2025,2,BWI,FLL,NK,2.0,115.5
2025,2,BWI,FLL,NK,2.0,116.0
2025,2,BWI,FLL,NK,2.0,123.0
2025,2,BWI,FLL,NK,2.0,124.0
2025,2,BWI,FLL,NK,2.0,127.0
2025,2,BWI,FLL,NK,2.0,127.5
2025,2,BWI,FLL,NK,2.0,128.0
2025,2,BWI,FLL,NK,2.0,130.0
2025,2,BWI,FLL,NK,2.0,130.5
2025,2,BWI,FLL,NK,2.0,131.0
2025,2,BWI,FLL,NK,2.0,132.5
2025,2,BWI,FLL,NK,2.0,133.0
2025,2,BWI,FLL,NK,2.0,136.0
2025,2,BWI,FLL,NK,2.0,140.0
2025,2,BWI,FLL,NK,2.0,141.5
2025,2,BWI,FLL,NK,2.0,143.0
2025,2,BWI,FLL,NK,2.0,148.0
2025,2,BWI,FLL,NK,2.0,150.5
2025,2,BWI,FLL,NK,2.0,152.0
2025,2,BWI,FLL,NK,2.0,156.0
2025,2,BWI,FLL,NK,2.0,156.5
2025,2,BWI,FLL,NK,2.0,161.5
2025,2,BWI,FLL,NK,2.0,163.0
2025,2,BWI,FLL,NK,2.0,163.5
2025,2,BWI,FLL,NK,2.0,164.0
2025,2,BWI,FLL,NK,2.0,181.0
2025,2,BWI,FLL,NK,2.0,181.5
2025,2,BWI,FLL,NK,2.0,184.0
2025,2,BWI,FLL,NK,2.0,185.0
2025,2,BWI,FLL,NK,2.0,186.0
2025,2,BWI,FLL,NK,2.0,186.5
2025,2,BWI,FLL,NK,2.0,191.5
2025,2,BWI,FLL,NK,2.0,195.0
2025,2,BWI,FLL,NK,2.0,195.13
2025,2,BWI,FLL,NK,2.0,249.0
2025,2,BWI,FLL,NK,2.0,259.0
2025,2,BWI,FLL,NK,2.0,259.0
2025,2,BWI,FLL,NK,2.0,268.0
2025,2,BWI,FLL,NK,2.0,269.0
2025,2,BWI,FLL,NK,2.0,284.0
2025,2,BWI,FLL,NK,2.0,359.0
2025,2,BWI,FLL,NK,2.0,389.0
2025,2,BWI,FLL,NK,3.0,18.0
2025,2,BWI,FLL,NK,3.0,27.0
2025,2,BWI,FLL,NK,3.0,28.0
2025,2,BWI,FLL,NK,3.0,31.0
2025,2,BWI,FLL,NK,3.0,31.0
2025,2,BWI,FLL,NK,3.0,31.0
2025,2,BWI,FLL,NK,3.0,32.5
2025,2,BWI,FLL,NK,3.0,33.0
2025,2,BWI,FLL,NK,3.0,33.5
2025,2,BWI,FLL,NK,3.0,34.0
2025,2,BWI,FLL,NK,3.0,37.5
2025,2,BWI,FLL,NK,3.0,40.5
2025,2,BWI,FLL,NK,3.0,41.0
2025,2,BWI,FLL,NK,3.0,46.0
2025,2,BWI,FLL,NK,3.0,55.0
2025,2,BWI,FLL,NK,3.0,58.5
2025,2,BWI,FLL,NK,3.0,62.0
2025,2,BWI,FLL,NK,3.0,68.5
2025,2,BWI,FLL,NK,3.0,70.5
2025,2,BWI,FLL,NK,3.0,73.0
2025,2,BWI,FLL,NK,3.0,73.0
2025,2,BWI,FLL,NK,3.0,73.5
2025,2,BWI,FLL,NK,3.0,74.5
2025,2,BWI,FLL,NK,3.0,79.5
2025,2,BWI,FLL,NK,3.0,80.5
2025,2,BWI,FLL,NK,3.0,81.0
2025,2,BWI,FLL,NK,3.0,86.0
2025,2,BWI,FLL,NK,3.0,86.5
2025,2,BWI,FLL,NK,3.0,87.0
2025,2,BWI,FLL,NK,3.0,88.5
2025,2,BWI,FLL,NK,3.0,89.0
2025,2,BWI,FLL,NK,3.0,89.5
2025,2,BWI,FLL,NK,3.0,92.5
2025,2,BWI,FLL,NK,3.0,93.0
2025,2,BWI,FLL,NK,3.0,93.0
2025,2,BWI,FLL,NK,3.0,93.5
2025,2,BWI,FLL,NK,3.0,94.5
2025,2,BWI,FLL,NK,3.0,95.0
2025,2,BWI,FLL,NK,3.0,95.0
2025,2,BWI,FLL,NK,3.0,98.5
2025,2,BWI,FLL,NK,3.0,106.0
2025,2,BWI,FLL,NK,3.0,107.0
2025,2,BWI,FLL,NK,3.0,111.0
2025,2,BWI,FLL,NK,3.0,115.5
2025,2,BWI,FLL,NK,3.0,118.0
2025,2,BWI,FLL,NK,3.0,121.0
2025,2,BWI,FLL,NK,3.0,126.5
2025,2,BWI,FLL,NK,3.0,135.5
2025,2,BWI,FLL,NK,3.0,136.5
2025,2,BWI,FLL,NK,3.0,140.5
2025,2,BWI,FLL,NK,3.0,141.0
2025,2,BWI,FLL,NK,3.0,144.0
2025,2,BWI,FLL,NK,3.0,146.5
2025,2,BWI,FLL,NK,3.0,148.0
2025,2,BWI,FLL,NK,3.0,148.5
2025,2,BWI,FLL,NK,3.0,149.0
2025,2,BWI,FLL,NK,3.0,154.0
2025,2,BWI,FLL,NK,3.0,159.0
2025,2,BWI,FLL,NK,3.0,176.5
2025,2,BWI,FLL,NK,3.0,179.0
2025,2,BWI,FLL,NK,3.0,189.0
2025,2,BWI,FLL,NK,3.0,219.0
2025,2,BWI,FLL,NK,3.0,224.0
2025,2,BWI,FLL,NK,3.0,234.0
2025,2,BWI,FLL,NK,3.0,239.0
2025,2,BWI,FLL,NK,3.0,284.0
2025,2,BWI,FLL,NK,3.0,354.0
2025,2,BWI,FLL,NK,4.0,24.0
2025,2,BWI,FLL,NK,4.0,26.0
2025,2,BWI,FLL,NK,4.0,28.5
2025,2,BWI,FLL,NK,4.0,41.0
2025,2,BWI,FLL,NK,4.0,49.5
2025,2,BWI,FLL,NK,4.0,55.5
2025,2,BWI,FLL,NK,4.0,58.0
2025,2,BWI,FLL,NK,4.0,60.0
2025,2,BWI,FLL,NK,4.0,65.0
2025,2,BWI,FLL,NK,4.0,68.0
2025,2,BWI,FLL,NK,4.0,68.0
2025,2,BWI,FLL,NK,4.0,68.5
2025,2,BWI,FLL,NK,4.0,71.0
2025,2,BWI,FLL,NK,4.0,72.0
2025,2,BWI,FLL,NK,4.0,72.0
2025,2,BWI,FLL,NK,4.0,73.0
2025,2,BWI,FLL,NK,4.0,83.0
2025,2,BWI,FLL,NK,4.0,83.5
2025,2,BWI,FLL,NK,4.0,94.0
2025,2,BWI,FLL,NK,4.0,98.0
2025,2,BWI,FLL,NK,4.0,98.0
2025,2,BWI,FLL,NK,4.0,106.5
2025,2,BWI,FLL,NK,4.0,118.0
2025,2,BWI,FLL,NK,4.0,124.0
2025,2,BWI,FLL,NK,4.0,129.0
2025,2,BWI,FLL,NK,4.0,134.0
2025,2,BWI,FLL,NK,4.0,156.5
2025,2,BWI,FLL,NK,4.0,169.0
2025,2,BWI,FLL,NK,4.0,171.5
2025,2,BWI,FLL,NK,4.0,239.0
2025,2,BWI,FLL,NK,5.0,39.0
2025,2,BWI,FLL,NK,5.0,44.0
2025,2,BWI,FLL,NK,5.0,57.0
2025,2,BWI,FLL,NK,5.0,63.0
2025,2,BWI,FLL,NK,5.0,75.0
2025,2,BWI,FLL,NK,5.0,76.5
2025,2,BWI,FLL,NK,5.0,85.5
2025,2,BWI,FLL,NK,5.0,96.5
2025,2,BWI,FLL,NK,5.0,99.0
2025,2,BWI,FLL,NK,5.0,99.0
2025,2,BWI,FLL,NK,5.0,104.0
2025,2,BWI,FLL,NK,5.0,107.0
2025,2,BWI,FLL,NK,5.0,113.0
2025,2,BWI,FLL,NK,5.0,117.0
2025,2,BWI,FLL,NK,5.0,147.0
2025,2,BWI,FLL,NK,5.0,151.5
2025,2,BWI,FLL,NK,5.0,159.0
2025,2,BWI,FLL,NK,5.0,174.0
2025,2,BWI,FLL,NK,5.0,189.0
2025,2,BWI,FLL,NK,5.0,204.0
2025,2,BWI,FLL,NK,5.0,209.0
2025,2,BWI,FLL,NK,6.0,27.0
2025,2,BWI,FLL,NK,6.0,37.0
2025,2,BWI,FLL,NK,6.0,40.5
2025,2,BWI,FLL,NK,6.0,45.5
2025,2,BWI,FLL,NK,6.0,48.0
2025,2,BWI,FLL,NK,6.0,48.5
2025,2,BWI,FLL,NK,6.0,51.0
2025,2,BWI,FLL,NK,6.0,53.5
2025,2,BWI,FLL,NK,6.0,53.5
2025,2,BWI,FLL,NK,6.0,56.0
2025,2,BWI,FLL,NK,6.0,56.0
2025,2,BWI,FLL,NK,6.0,60.0
2025,2,BWI,FLL,NK,6.0,64.5
2025,2,BWI,FLL,NK,6.0,78.0
2025,2,BWI,FLL,NK,6.0,78.5
2025,2,BWI,FLL,NK,6.0,81.5
2025,2,BWI,FLL,NK,6.0,87.0
2025,2,BWI,FLL,NK,6.0,119.0
2025,2,BWI,FLL,NK,6.0,131.5
2025,2,BWI,FLL,NK,6.0,137.0
2025,2,BWI,FLL,NK,6.0,146.5
2025,2,BWI,FLL,NK,6.0,199.0
2025,2,BWI,FLL,NK,7.0,40.0
2025,2,BWI,FLL,NK,7.0,48.0
2025,2,BWI,FLL,NK,7.0,49.5
2025,2,BWI,FLL,NK,7.0,53.0
2025,2,BWI,FLL,NK,7.0,56.0
2025,2,BWI,FLL,NK,7.0,58.0
2025,2,BWI,FLL,NK,7.0,77.0
2025,2,BWI,FLL,NK,7.0,77.0
2025,2,BWI,FLL,NK,7.0,84.0
2025,2,BWI,FLL,NK,7.0,101.0
2025,2,BWI,FLL,NK,7.0,114.0
2025,2,BWI,FLL,NK,7.0,119.0
2025,2,BWI,FLL,NK,7.0,121.5
2025,2,BWI,FLL,NK,7.0,139.0
2025,2,BWI,FLL,NK,7.0,139.0
2025,2,BWI,FLL,NK,7.0,154.0
2025,2,BWI,FLL,NK,7.0,214.0
2025,2,BWI,FLL,NK,7.0,234.0
2025,2,BWI,FLL,NK,8.0,39.0
2025,2,BWI,FLL,NK,8.0,44.0
2025,2,BWI,FLL,NK,8.0,46.0
2025,2,BWI,FLL,NK,8.0,57.0
2025,2,BWI,FLL,NK,8.0,58.0
2025,2,BWI,FLL,NK,8.0,68.0
2025,2,BWI,FLL,NK,8.0,94.0
2025,2,BWI,FLL,NK,8.0,219.0
2025,2,BWI,FLL,NK,9.0,26.0
2025,2,BWI,FLL,NK,9.0,38.5
2025,2,BWI,FLL,NK,9.0,44.0
2025,2,BWI,FLL,NK,9.0,71.5
2025,2,BWI,FLL,NK,9.0,80.5
2025,2,BWI,FLL,NK,9.0,99.0
2025,2,BWI,FLL,NK,9.0,141.5
2025,2,BWI,FLL,NK,9.0,144.0
2025,2,BWI,FLL,NK,9.0,164.0
2025,2,BWI,FLL,NK,9.0,169.0
2025,2,BWI,FLL,NK,9.0,184.0
2025,2,BWI,FLL,NK,9.0,204.0
2025,2,BWI,FLL,NK,10.0,26.0
2025,2,BWI,FLL,NK,10.0,46.0
2025,2,BWI,FLL,NK,10.0,53.0
2025,2,BWI,FLL,NK,10.0,67.0
2025,2,BWI,FLL,NK,10.0,81.5
2025,2,BWI,FLL,NK,10.0,86.5
2025,2,BWI,FLL,NK,10.0,89.0
2025,2,BWI,FLL,NK,10.0,96.5
2025,2,BWI,FLL,NK,10.0,100.5
2025,2,BWI,FLL,NK,10.0,114.0
2025,2,BWI,FLL,NK,10.0,129.0
2025,2,BWI,FLL,NK,11.0,38.5
2025,2,BWI,FLL,NK,11.0,43.5
2025,2,BWI,FLL,NK,11.0,48.0
2025,2,BWI,FLL,NK,11.0,56.5
2025,2,BWI,FLL,NK,11.0,60.5
2025,2,BWI,FLL,NK,11.0,78.0
2025,2,BWI,FLL,NK,11.0,79.0
2025,2,BWI,FLL,NK,11.0,94.0
2025,2,BWI,FLL,NK,11.0,101.5
2025,2,BWI,FLL,NK,11.0,114.0
2025,2,BWI,FLL,NK,11.0,144.0
2025,2,BWI,FLL,NK,12.0,43.0
2025,2,BWI,FLL,NK,12.0,50.5
2025,2,BWI,FLL,NK,12.0,109.0
2025,2,BWI,FLL,NK,13.0,37.0
2025,2,BWI,FLL,NK,13.0,43.5
2025,2,BWI,FLL,NK,13.0,50.0
2025,2,BWI,FLL,NK,13.0,51.5
2025,2,BWI,FLL,NK,13.0,74.0
2025,2,BWI,FLL,NK,13.0,91.5
2025,2,BWI,FLL,NK,13.0,111.5
2025,2,BWI,FLL,NK,13.0,116.5
2025,2,BWI,FLL,NK,13.0,149.0
2025,2,BWI,FLL,NK,14.0,50.5
2025,2,BWI,FLL,NK,14.0,63.0
2025,2,BWI,FLL,NK,14.0,64.0
2025,2,BWI,FLL,NK,14.0,121.5
2025,2,BWI,FLL,NK,14.0,126.5
2025,2,BWI,FLL,NK,14.0,209.0
2025,2,BWI,FLL,NK,15.0,51.5
2025,2,BWI,FLL,NK,16.0,66.5
2025,2,BWI,FLL,NK,16.0,174.0
2025,2,BWI,FLL,NK,17.0,37.0
2025,2,BWI,FLL,NK,17.0,39.0
2025,2,BWI,FLL,NK,17.0,50.0
2025,2,BWI,FLL,NK,17.0,61.5
2025,2,BWI,FLL,NK,17.0,74.0
2025,2,BWI,FLL,NK,18.0,5.5
2025,2,BWI,FLL,NK,18.0,47.0
2025,2,BWI,FLL,NK,18.0,56.5
2025,2,BWI,FLL,NK,18.0,71.5
2025,2,BWI,FLL,NK,18.0,104.0
2025,2,BWI,FLL,NK,18.0,119.0
2025,2,BWI,FLL,NK,19.0,50.0
2025,2,BWI,FLL,NK,21.0,5.5
2025,2,BWI,FLL,NK,21.0,57.0
2025,2,BWI,FLL,NK,21.0,91.5
2025,2,BWI,FLL,NK,21.0,134.0
2025,2,BWI,FLL,NK,22.0,49.0
2025,2,BWI,FLL,NK,22.0,169.0
2025,2,BWI,FLL,NK,23.0,49.0
2025,2,BWI,FLL,NK,23.0,61.5
2025,2,BWI,FLL,NK,23.0,64.0
2025,2,BWI,FLL,NK,23.0,84.0
2025,2,BWI,FLL,NK,23.0,134.0
2025,2,BWI,FLL,NK,24.0,79.0
2025,2,BWI,FLL,NK,24.0,84.0
2025,2,BWI,FLL,NK,24.0,164.0
2025,2,BWI,FLL,NK,25.0,59.0
2025,2,BWI,FLL,NK,25.0,76.5
2025,2,BWI,FLL,NK,26.0,38.0
2025,2,BWI,FLL,NK,27.0,64.0
2025,2,BWI,FLL,NK,28.0,47.0
2025,2,BWI,FLL,NK,28.0,79.0
2025,2,BWI,FLL,NK,28.0,106.5
2025,2,BWI,FLL,NK,30.0,43.0
2025,2,BWI,FLL,NK,30.0,59.0
2025,2,BWI,FLL,NK,32.0,47.0
2025,2,BWI,FLL,NK,33.0,59.0
2025,2,BWI,FLL,NK,33.0,66.5
2025,2,BWI,FLL,NK,33.0,69.0
2025,2,BWI,FLL,NK,33.0,109.0
2025,2,BWI,FLL,NK,34.0,43.0
2025,2,BWI,FLL,NK,36.0,89.0
2025,2,BWI,FLL,NK,37.0,54.0
2025,2,BWI,FLL,NK,38.0,74.0
2025,2,BWI,FLL,NK,39.0,6.0
2025,2,BWI,FLL,NK,39.0,54.0
2025,2,BWI,FLL,NK,40.0,49.0
2025,2,BWI,FLL,NK,42.0,69.0
2025,2,BWI,FLL,NK,42.0,69.0
2025,2,BWI,FLL,NK,42.0,104.0
2025,2,BWI,FLL,NK,43.0,54.0
2025,2,PHL,MCO,NK,1.0,11.0
2025,2,PHL,MCO,NK,1.0,15.63
2025,2,PHL,MCO,NK,1.0,18.5
2025,2,PHL,MCO,NK,1.0,20.5
2025,2,PHL,MCO,NK,1.0,21.0
2025,2,PHL,MCO,NK,1.0,23.27
2025,2,PHL,MCO,NK,1.0,24.0
2025,2,PHL,MCO,NK,1.0,25.0
2025,2,PHL,MCO,NK,1.0,26.0
2025,2,PHL,MCO,NK,1.0,26.5
2025,2,PHL,MCO,NK,1.0,26.5
2025,2,PHL,MCO,NK,1.0,27.0
2025,2,PHL,MCO,NK,1.0,28.0
2025,2,PHL,MCO,NK,1.0,30.0
2025,2,PHL,MCO,NK,1.0,30.0
2025,2,PHL,MCO,NK,1.0,30.5
2025,2,PHL,MCO,NK,1.0,31.5
2025,2,PHL,MCO,NK,1.0,32.5
2025,2,PHL,MCO,NK,1.0,32.5
2025,2,PHL,MCO,NK,1.0,33.5
2025,2,PHL,MCO,NK,1.0,33.5
2025,2,PHL,MCO,NK,1.0,34.0
2025,2,PHL,MCO,NK,1.0,34.48
2025,2,PHL,MCO,NK,1.0,35.0
2025,2,PHL,MCO,NK,1.0,35.0
2025,2,PHL,MCO,NK,1.0,35.5
2025,2,PHL,MCO,NK,1.0,36.19
2025,2,PHL,MCO,NK,1.0,36.45
2025,2,PHL,MCO,NK,1.0,38.81
2025,2,PHL,MCO,NK,1.0,39.8
2025,2,PHL,MCO,NK,1.0,41.22
2025,2,PHL,MCO,NK,1.0,41.72
2025,2,PHL,MCO,NK,1.0,42.22
2025,2,PHL,MCO,NK,1.0,42.5
2025,2,PHL,MCO,NK,1.0,42.67
2025,2,PHL,MCO,NK,1.0,43.5
2025,2,PHL,MCO,NK,1.0,45.44
2025,2,PHL,MCO,NK,1.0,45.5
2025,2,PHL,MCO,NK,1.0,45.93
2025,2,PHL,MCO,NK,1.0,46.93
2025,2,PHL,MCO,NK,1.0,47.0
2025,2,PHL,MCO,NK,1.0,47.54
2025,2,PHL,MCO,NK,1.0,47.57
2025,2,PHL,MCO,NK,1.0,48.25
2025,2,PHL,MCO,NK,1.0,49.32
2025,2,PHL,MCO,NK,1.0,49.8
2025,2,PHL,MCO,NK,1.0,52.17
2025,2,PHL,MCO,NK,1.0,52.5
2025,2,PHL,MCO,NK,1.0,52.5
2025,2,PHL,MCO,NK,1.0,52.65
2025,2,PHL,MCO,NK,1.0,53.0
2025,2,PHL,MCO,NK,1.0,53.04
2025,2,PHL,MCO,NK,1.0,53.5
2025,2,PHL,MCO,NK,1.0,53.5
2025,2,PHL,MCO,NK,1.0,54.5
2025,2,PHL,MCO,NK,1.0,54.84
2025,2,PHL,MCO,NK,1.0,55.53
2025,2,PHL,MCO,NK,1.0,57.5
2025,2,PHL,MCO,NK,1.0,58.41
2025,2,PHL,MCO,NK,1.0,58.5
2025,2,PHL,MCO,NK,1.0,59.04
2025,2,PHL,MCO,NK,1.0,60.5
2025,2,PHL,MCO,NK,1.0,61.0
2025,2,PHL,MCO,NK,1.0,61.0
2025,2,PHL,MCO,NK,1.0,61.03
2025,2,PHL,MCO,NK,1.0,61.5
2025,2,PHL,MCO,NK,1.0,62.0
2025,2,PHL,MCO,NK,1.0,62.0
2025,2,PHL,MCO,NK,1.0,62.5
2025,2,PHL,MCO,NK,1.0,63.0
2025,2,PHL,MCO,NK,1.0,63.5
2025,2,PHL,MCO,NK,1.0,63.9
2025,2,PHL,MCO,NK,1.0,64.21
2025,2,PHL,MCO,NK,1.0,64.28
2025,2,PHL,MCO,NK,1.0,64.5
2025,2,PHL,MCO,NK,1.0,65.39
2025,2,PHL,MCO,NK,1.0,67.0
2025,2,PHL,MCO,NK,1.0,67.35
2025,2,PHL,MCO,NK,1.0,67.5
2025,2,PHL,MCO,NK,1.0,67.72
2025,2,PHL,MCO,NK,1.0,68.0
2025,2,PHL,MCO,NK,1.0,68.71
2025,2,PHL,MCO,NK,1.0,69.87
2025,2,PHL,MCO,NK,1.0,70.22
2025,2,PHL,MCO,NK,1.0,70.45
2025,2,PHL,MCO,NK,1.0,70.45
2025,2,PHL,MCO,NK,1.0,70.82
2025,2,PHL,MCO,NK,1.0,70.87
2025,2,PHL,MCO,NK,1.0,71.0
2025,2,PHL,MCO,NK,1.0,71.0
2025,2,PHL,MCO,NK,1.0,71.27
2025,2,PHL,MCO,NK,1.0,71.5
2025,2,PHL,MCO,NK,1.0,72.0
2025,2,PHL,MCO,NK,1.0,73.0
2025,2,PHL,MCO,NK,1.0,73.5
2025,2,PHL,MCO,NK,1.0,74.31
2025,2,PHL,MCO,NK,1.0,74.5
2025,2,PHL,MCO,NK,1.0,74.99
2025,2,PHL,MCO,NK,1.0,75.39
2025,2,PHL,MCO,NK,1.0,75.5
2025,2,PHL,MCO,NK,1.0,76.4
2025,2,PHL,MCO,NK,1.0,76.5
2025,2,PHL,MCO,NK,1.0,77.0
2025,2,PHL,MCO,NK,1.0,77.38
2025,2,PHL,MCO,NK,1.0,77.58
2025,2,PHL,MCO,NK,1.0,78.0
2025,2,PHL,MCO,NK,1.0,78.41
2025,2,PHL,MCO,NK,1.0,79.0
2025,2,PHL,MCO,NK,1.0,79.19
2025,2,PHL,MCO,NK,1.0,79.5
2025,2,PHL,MCO,NK,1.0,80.0
2025,2,PHL,MCO,NK,1.0,80.42
2025,2,PHL,MCO,NK,1.0,80.46
2025,2,PHL,MCO,NK,1.0,81.0
2025,2,PHL,MCO,NK,1.0,81.46
2025,2,PHL,MCO,NK,1.0,82.43
2025,2,PHL,MCO,NK,1.0,82.5
2025,2,PHL,MCO,NK,1.0,83.5
2025,2,PHL,MCO,NK,1.0,83.51
2025,2,PHL,MCO,NK,1.0,84.5
2025,2,PHL,MCO,NK,1.0,84.5
2025,2,PHL,MCO,NK,1.0,85.16
2025,2,PHL,MCO,NK,1.0,85.5
2025,2,PHL,MCO,NK,1.0,85.5
2025,2,PHL,MCO,NK,1.0,86.0
2025,2,PHL,MCO,NK,1.0,86.06
2025,2,PHL,MCO,NK,1.0,86.65
2025,2,PHL,MCO,NK,1.0,87.0
2025,2,PHL,MCO,NK,1.0,87.5
2025,2,PHL,MCO,NK,1.0,87.63
2025,2,PHL,MCO,NK,1.0,88.28
2025,2,PHL,MCO,NK,1.0,88.5
2025,2,PHL,MCO,NK,1.0,89.5
2025,2,PHL,MCO,NK,1.0,90.7
2025,2,PHL,MCO,NK,1.0,91.0
2025,2,PHL,MCO,NK,1.0,91.0
2025,2,PHL,MCO,NK,1.0,91.98
2025,2,PHL,MCO,NK,1.0,92.0
2025,2,PHL,MCO,NK,1.0,92.5
2025,2,PHL,MCO,NK,1.0,93.5
2025,2,PHL,MCO,NK,1.0,94.0
2025,2,PHL,MCO,NK,1.0,94.49
2025,2,PHL,MCO,NK,1.0,94.79
2025,2,PHL,MCO,NK,1.0,95.5
2025,2,PHL,MCO,NK,1.0,95.5
2025,2,PHL,MCO,NK,1.0,96.5
2025,2,PHL,MCO,NK,1.0,96.59
2025,2,PHL,MCO,NK,1.0,97.0
2025,2,PHL,MCO,NK,1.0,98.0
2025,2,PHL,MCO,NK,1.0,98.5
2025,2,PHL,MCO,NK,1.0,98.54
2025,2,PHL,MCO,NK,1.0,99.0
2025,2,PHL,MCO,NK,1.0,99.19
2025,2,PHL,MCO,NK,1.0,99.5
2025,2,PHL,MCO,NK,1.0,101.5
2025,2,PHL,MCO,NK,1.0,102.0
2025,2,PHL,MCO,NK,1.0,103.0
2025,2,PHL,MCO,NK,1.0,104.0
2025,2,PHL,MCO,NK,1.0,105.0
2025,2,PHL,MCO,NK,1.0,105.35
2025,2,PHL,MCO,NK,1.0,105.55
2025,2,PHL,MCO,NK,1.0,106.0
2025,2,PHL,MCO,NK,1.0,106.0
2025,2,PHL,MCO,NK,1.0,106.12
2025,2,PHL,MCO,NK,1.0,106.94
2025,2,PHL,MCO,NK,1.0,107.0
2025,2,PHL,MCO,NK,1.0,107.79
2025,2,PHL,MCO,NK,1.0,108.0
2025,2,PHL,MCO,NK,1.0,108.5
2025,2,PHL,MCO,NK,1.0,109.1
2025,2,PHL,MCO,NK,1.0,109.5
2025,2,PHL,MCO,NK,1.0,109.71
2025,2,PHL,MCO,NK,1.0,110.13
2025,2,PHL,MCO,NK,1.0,110.28
2025,2,PHL,MCO,NK,1.0,111.0
2025,2,PHL,MCO,NK,1.0,111.0
2025,2,PHL,MCO,NK,1.0,111.5
2025,2,PHL,MCO,NK,1.0,111.92
2025,2,PHL,MCO,NK,1.0,112.0
2025,2,PHL,MCO,NK,1.0,113.0
2025,2,PHL,MCO,NK,1.0,113.0
2025,2,PHL,MCO,NK,1.0,113.09
2025,2,PHL,MCO,NK,1.0,113.25
2025,2,PHL,MCO,NK,1.0,114.0
2025,2,PHL,MCO,NK,1.0,114.0
2025,2,PHL,MCO,NK,1.0,114.5
2025,2,PHL,MCO,NK,1.0,115.18
2025,2,PHL,MCO,NK,1.0,116.92
2025,2,PHL,MCO,NK,1.0,117.0
2025,2,PHL,MCO,NK,1.0,117.17
2025,2,PHL,MCO,NK,1.0,117.5
2025,2,PHL,MCO,NK,1.0,117.5
2025,2,PHL,MCO,NK,1.0,117.61
2025,2,PHL,MCO,NK,1.0,120.5
2025,2,PHL,MCO,NK,1.0,120.5
2025,2,PHL,MCO,NK,1.0,120.83
2025,2,PHL,MCO,NK,1.0,121.0
2025,2,PHL,MCO,NK,1.0,121.5
2025,2,PHL,MCO,NK,1.0,121.5
2025,2,PHL,MCO,NK,1.0,121.64
2025,2,PHL,MCO,NK,1.0,121.72
2025,2,PHL,MCO,NK,1.0,122.0
2025,2,PHL,MCO,NK,1.0,122.0
2025,2,PHL,MCO,NK,1.0,122.5
2025,2,PHL,MCO,NK,1.0,123.0
2025,2,PHL,MCO,NK,1.0,123.57
2025,2,PHL,MCO,NK,1.0,123.68
2025,2,PHL,MCO,NK,1.0,124.5
2025,2,PHL,MCO,NK,1.0,125.0
2025,2,PHL,MCO,NK,1.0,126.5
2025,2,PHL,MCO,NK,1.0,128.0
2025,2,PHL,MCO,NK,1.0,129.11
2025,2,PHL,MCO,NK,1.0,129.5
2025,2,PHL,MCO,NK,1.0,131.5
2025,2,PHL,MCO,NK,1.0,131.88
2025,2,PHL,MCO,NK,1.0,132.0
2025,2,PHL,MCO,NK,1.0,133.0
2025,2,PHL,MCO,NK,1.0,133.06
2025,2,PHL,MCO,NK,1.0,134.0
2025,2,PHL,MCO,NK,1.0,135.0
2025,2,PHL,MCO,NK,1.0,135.0
2025,2,PHL,MCO,NK,1.0,135.99
2025,2,PHL,MCO,NK,1.0,136.0
2025,2,PHL,MCO,NK,1.0,137.0
2025,2,PHL,MCO,NK,1.0,139.0
2025,2,PHL,MCO,NK,1.0,141.0
2025,2,PHL,MCO,NK,1.0,141.34
2025,2,PHL,MCO,NK,1.0,141.5
2025,2,PHL,MCO,NK,1.0,142.11
2025,2,PHL,MCO,NK,1.0,142.18
2025,2,PHL,MCO,NK,1.0,143.0
2025,2,PHL,MCO,NK,1.0,144.0
2025,2,PHL,MCO,NK,1.0,144.0
2025,2,PHL,MCO,NK,1.0,144.5
2025,2,PHL,MCO,NK,1.0,144.66
2025,2,PHL,MCO,NK,1.0,145.0
2025,2,PHL,MCO,NK,1.0,145.0
2025,2,PHL,MCO,NK,1.0,146.5
2025,2,PHL,MCO,NK,1.0,147.0
2025,2,PHL,MCO,NK,1.0,147.5
2025,2,PHL,MCO,NK,1.0,147.5
2025,2,PHL,MCO,NK,1.0,148.0
2025,2,PHL,MCO,NK,1.0,148.5
2025,2,PHL,MCO,NK,1.0,149.5
2025,2,PHL,MCO,NK,1.0,150.25
2025,2,PHL,MCO,NK,1.0,151.0
2025,2,PHL,MCO,NK,1.0,152.0
2025,2,PHL,MCO,NK,1.0,152.0
2025,2,PHL,MCO,NK,1.0,152.5
2025,2,PHL,MCO,NK,1.0,153.0
2025,2,PHL,MCO,NK,1.0,153.0
2025,2,PHL,MCO,NK,1.0,153.0
2025,2,PHL,MCO,NK,1.0,153.5
2025,2,PHL,MCO,NK,1.0,154.0
2025,2,PHL,MCO,NK,1.0,154.6
2025,2,PHL,MCO,NK,1.0,155.5
2025,2,PHL,MCO,NK,1.0,157.0
2025,2,PHL,MCO,NK,1.0,157.0
2025,2,PHL,MCO,NK,1.0,157.37
2025,2,PHL,MCO,NK,1.0,158.0
2025,2,PHL,MCO,NK,1.0,158.5
2025,2,PHL,MCO,NK,1.0,159.0
2025,2,PHL,MCO,NK,1.0,159.0
2025,2,PHL,MCO,NK,1.0,161.0
2025,2,PHL,MCO,NK,1.0,161.0
2025,2,PHL,MCO,NK,1.0,162.0
2025,2,PHL,MCO,NK,1.0,162.0
2025,2,PHL,MCO,NK,1.0,162.5
2025,2,PHL,MCO,NK,1.0,163.0
2025,2,PHL,MCO,NK,1.0,164.0
2025,2,PHL,MCO,NK,1.0,165.0
2025,2,PHL,MCO,NK,1.0,166.0
2025,2,PHL,MCO,NK,1.0,167.0
2025,2,PHL,MCO,NK,1.0,168.0
2025,2,PHL,MCO,NK,1.0,168.5
2025,2,PHL,MCO,NK,1.0,169.0
2025,2,PHL,MCO,NK,1.0,171.5
2025,2,PHL,MCO,NK,1.0,172.5
2025,2,PHL,MCO,NK,1.0,173.0
2025,2,PHL,MCO,NK,1.0,174.0
2025,2,PHL,MCO,NK,1.0,174.0
2025,2,PHL,MCO,NK,1.0,175.92
2025,2,PHL,MCO,NK,1.0,177.0
2025,2,PHL,MCO,NK,1.0,177.0
2025,2,PHL,MCO,NK,1.0,178.0
2025,2,PHL,MCO,NK,1.0,179.0
2025,2,PHL,MCO,NK,1.0,180.0
2025,2,PHL,MCO,NK,1.0,180.5
2025,2,PHL,MCO,NK,1.0,181.0
2025,2,PHL,MCO,NK,1.0,183.0
2025,2,PHL,MCO,NK,1.0,184.0
2025,2,PHL,MCO,NK,1.0,185.0
2025,2,PHL,MCO,NK,1.0,189.0
2025,2,PHL,MCO,NK,1.0,191.0
2025,2,PHL,MCO,NK,1.0,191.0
2025,2,PHL,MCO,NK,1.0,191.0
2025,2,PHL,MCO,NK,1.0,192.0
2025,2,PHL,MCO,NK,1.0,193.0
2025,2,PHL,MCO,NK,1.0,194.0
2025,2,PHL,MCO,NK,1.0,194.0
2025,2,PHL,MCO,NK,1.0,196.0
2025,2,PHL,MCO,NK,1.0,198.57
2025,2,PHL,MCO,NK,1.0,199.0
2025,2,PHL,MCO,NK,1.0,201.0
2025,2,PHL,MCO,NK,1.0,203.5
2025,2,PHL,MCO,NK,1.0,204.0
2025,2,PHL,MCO,NK,1.0,205.0
2025,2,PHL,MCO,NK,1.0,206.0
2025,2,PHL,MCO,NK,1.0,207.0
2025,2,PHL,MCO,NK,1.0,207.0
2025,2,PHL,MCO,NK,1.0,208.0
2025,2,PHL,MCO,NK,1.0,209.0
2025,2,PHL,MCO,NK,1.0,212.0
2025,2,PHL,MCO,NK,1.0,213.5
2025,2,PHL,MCO,NK,1.0,214.5
2025,2,PHL,MCO,NK,1.0,215.0
2025,2,PHL,MCO,NK,1.0,221.0
2025,2,PHL,MCO,NK,1.0,221.5
2025,2,PHL,MCO,NK,1.0,224.5
2025,2,PHL,MCO,NK,1.0,224.96
2025,2,PHL,MCO,NK,1.0,225.0
2025,2,PHL,MCO,NK,1.0,227.0
2025,2,PHL,MCO,NK,1.0,230.0
2025,2,PHL,MCO,NK,1.0,233.45
2025,2,PHL,MCO,NK,1.0,234.0
2025,2,PHL,MCO,NK,1.0,235.0
2025,2,PHL,MCO,NK,1.0,237.0
2025,2,PHL,MCO,NK,1.0,241.0
2025,2,PHL,MCO,NK,1.0,243.5
2025,2,PHL,MCO,NK,1.0,247.0
2025,2,PHL,MCO,NK,1.0,252.5
2025,2,PHL,MCO,NK,1.0,253.0
2025,2,PHL,MCO,NK,1.0,254.0
2025,2,PHL,MCO,NK,1.0,254.0
2025,2,PHL,MCO,NK,1.0,255.45
2025,2,PHL,MCO,NK,1.0,258.0
2025,2,PHL,MCO,NK,1.0,261.0
2025,2,PHL,MCO,NK,1.0,262.0
2025,2,PHL,MCO,NK,1.0,263.36
2025,2,PHL,MCO,NK,1.0,267.0
2025,2,PHL,MCO,NK,1.0,268.0
2025,2,PHL,MCO,NK,1.0,271.02
2025,2,PHL,MCO,NK,1.0,271.52
2025,2,PHL,MCO,NK,1.0,275.0
2025,2,PHL,MCO,NK,1.0,276.0
2025,2,PHL,MCO,NK,1.0,276.0
2025,2,PHL,MCO,NK,1.0,277.0
2025,2,PHL,MCO,NK,1.0,279.0
2025,2,PHL,MCO,NK,1.0,286.0
2025,2,PHL,MCO,NK,1.0,289.0
2025,2,PHL,MCO,NK,1.0,296.0
2025,2,PHL,MCO,NK,1.0,299.0
2025,2,PHL,MCO,NK,1.0,300.0
2025,2,PHL,MCO,NK,1.0,302.5
2025,2,PHL,MCO,NK,1.0,316.0
2025,2,PHL,MCO,NK,1.0,319.0
2025,2,PHL,MCO,NK,1.0,321.0
2025,2,PHL,MCO,NK,1.0,329.0
2025,2,PHL,MCO,NK,1.0,337.75
2025,2,PHL,MCO,NK,1.0,338.0
2025,2,PHL,MCO,NK,1.0,343.0
2025,2,PHL,MCO,NK,1.0,355.0
2025,2,PHL,MCO,NK,1.0,369.0
2025,2,PHL,MCO,NK,1.0,392.5
2025,2,PHL,MCO,NK,1.0,402.0
2025,2,PHL,MCO,NK,1.0,403.0
2025,2,PHL,MCO,NK,1.0,452.0
2025,2,PHL,MCO,NK,1.0,457.0
2025,2,PHL,MCO,NK,1.0,475.0
2025,2,PHL,MCO,NK,1.0,478.0
2025,2,PHL,MCO,NK,1.0,492.5
2025,2,PHL,MCO,NK,2.0,23.0
2025,2,PHL,MCO,NK,2.0,24.0
2025,2,PHL,MCO,NK,2.0,27.0
2025,2,PHL,MCO,NK,2.0,29.5
2025,2,PHL,MCO,NK,2.0,31.0
2025,2,PHL,MCO,NK,2.0,34.5
2025,2,PHL,MCO,NK,2.0,36.0
2025,2,PHL,MCO,NK,2.0,36.5
2025,2,PHL,MCO,NK,2.0,37.0
2025,2,PHL,MCO,NK,2.0,42.0
2025,2,PHL,MCO,NK,2.0,42.0
2025,2,PHL,MCO,NK,2.0,44.5
2025,2,PHL,MCO,NK,2.0,44.5
2025,2,PHL,MCO,NK,2.0,48.5
2025,2,PHL,MCO,NK,2.0,48.5
2025,2,PHL,MCO,NK,2.0,50.42
2025,2,PHL,MCO,NK,2.0,50.5
2025,2,PHL,MCO,NK,2.0,51.28
2025,2,PHL,MCO,NK,2.0,57.0
2025,2,PHL,MCO,NK,2.0,57.5
2025,2,PHL,MCO,NK,2.0,58.0
2025,2,PHL,MCO,NK,2.0,59.5
2025,2,PHL,MCO,NK,2.0,63.0
2025,2,PHL,MCO,NK,2.0,64.0
2025,2,PHL,MCO,NK,2.0,64.0
2025,2,PHL,MCO,NK,2.0,64.0
2025,2,PHL,MCO,NK,2.0,65.5
2025,2,PHL,MCO,NK,2.0,66.0
2025,2,PHL,MCO,NK,2.0,67.5
2025,2,PHL,MCO,NK,2.0,68.0
2025,2,PHL,MCO,NK,2.0,69.0
2025,2,PHL,MCO,NK,2.0,70.5
2025,2,PHL,MCO,NK,2.0,71.5
2025,2,PHL,MCO,NK,2.0,75.5
2025,2,PHL,MCO,NK,2.0,76.0
2025,2,PHL,MCO,NK,2.0,77.0
2025,2,PHL,MCO,NK,2.0,77.5
2025,2,PHL,MCO,NK,2.0,78.0
2025,2,PHL,MCO,NK,2.0,79.0
2025,2,PHL,MCO,NK,2.0,80.5
2025,2,PHL,MCO,NK,2.0,80.7
2025,2,PHL,MCO,NK,2.0,86.0
2025,2,PHL,MCO,NK,2.0,86.5
2025,2,PHL,MCO,NK,2.0,87.0
2025,2,PHL,MCO,NK,2.0,87.0
2025,2,PHL,MCO,NK,2.0,89.0
2025,2,PHL,MCO,NK,2.0,89.0
2025,2,PHL,MCO,NK,2.0,89.5
2025,2,PHL,MCO,NK,2.0,90.0
2025,2,PHL,MCO,NK,2.0,92.5
2025,2,PHL,MCO,NK,2.0,95.0
2025,2,PHL,MCO,NK,2.0,97.0
2025,2,PHL,MCO,NK,2.0,98.0
2025,2,PHL,MCO,NK,2.0,98.5
2025,2,PHL,MCO,NK,2.0,100.5
2025,2,PHL,MCO,NK,2.0,102.5
2025,2,PHL,MCO,NK,2.0,103.0
2025,2,PHL,MCO,NK,2.0,106.5
2025,2,PHL,MCO,NK,2.0,107.0
2025,2,PHL,MCO,NK,2.0,109.0
2025,2,PHL,MCO,NK,2.0,109.07
2025,2,PHL,MCO,NK,2.0,110.0
2025,2,PHL,MCO,NK,2.0,111.0
2025,2,PHL,MCO,NK,2.0,117.5
2025,2,PHL,MCO,NK,2.0,118.0
2025,2,PHL,MCO,NK,2.0,120.0
2025,2,PHL,MCO,NK,2.0,121.0
2025,2,PHL,MCO,NK,2.0,124.0
2025,2,PHL,MCO,NK,2.0,126.0
2025,2,PHL,MCO,NK,2.0,127.0
2025,2,PHL,MCO,NK,2.0,131.0
2025,2,PHL,MCO,NK,2.0,133.5
2025,2,PHL,MCO,NK,2.0,134.0
2025,2,PHL,MCO,NK,2.0,135.0
2025,2,PHL,MCO,NK,2.0,135.0
2025,2,PHL,MCO,NK,2.0,135.5
2025,2,PHL,MCO,NK,2.0,137.5
2025,2,PHL,MCO,NK,2.0,139.0
2025,2,PHL,MCO,NK,2.0,140.0
2025,2,PHL,MCO,NK,2.0,142.0
2025,2,PHL,MCO,NK,2.0,155.0
2025,2,PHL,MCO,NK,2.0,161.5
2025,2,PHL,MCO,NK,2.0,168.0
2025,2,PHL,MCO,NK,2.0,169.5
2025,2,PHL,MCO,NK,2.0,176.0
2025,2,PHL,MCO,NK,2.0,186.0
2025,2,PHL,MCO,NK,2.0,190.0
2025,2,PHL,MCO,NK,2.0,193.0
2025,2,PHL,MCO,NK,2.0,202.0
2025,2,PHL,MCO,NK,2.0,205.0
2025,2,PHL,MCO,NK,2.0,206.0
2025,2,PHL,MCO,NK,2.0,214.0
2025,2,PHL,MCO,NK,2.0,216.0
2025,2,PHL,MCO,NK,2.0,228.0
2025,2,PHL,MCO,NK,2.0,238.0
2025,2,PHL,MCO,NK,2.0,239.0
2025,2,PHL,MCO,NK,2.0,239.0
2025,2,PHL,MCO,NK,2.0,240.0
2025,2,PHL,MCO,NK,2.0,256.0
2025,2,PHL,MCO,NK,2.0,265.0
2025,2,PHL,MCO,NK,2.0,279.0
2025,2,PHL,MCO,NK,2.0,289.0
2025,2,PHL,MCO,NK,3.0,22.0
2025,2,PHL,MCO,NK,3.0,22.0
2025,2,PHL,MCO,NK,3.0,25.0
2025,2,PHL,MCO,NK,3.0,27.0
2025,2,PHL,MCO,NK,3.0,28.0
2025,2,PHL,MCO,NK,3.0,31.0
2025,2,PHL,MCO,NK,3.0,32.0
2025,2,PHL,MCO,NK,3.0,43.5
2025,2,PHL,MCO,NK,3.0,47.5
2025,2,PHL,MCO,NK,3.0,56.0
2025,2,PHL,MCO,NK,3.0,56.5
2025,2,PHL,MCO,NK,3.0,60.5
2025,2,PHL,MCO,NK,3.0,61.0
2025,2,PHL,MCO,NK,3.0,66.5
2025,2,PHL,MCO,NK,3.0,68.0
2025,2,PHL,MCO,NK,3.0,71.0
2025,2,PHL,MCO,NK,3.0,82.0
2025,2,PHL,MCO,NK,3.0,83.0
2025,2,PHL,MCO,NK,3.0,83.0
2025,2,PHL,MCO,NK,3.0,88.0
2025,2,PHL,MCO,NK,3.0,88.0
2025,2,PHL,MCO,NK,3.0,98.0
2025,2,PHL,MCO,NK,3.0,101.0
2025,2,PHL,MCO,NK,3.0,101.5
2025,2,PHL,MCO,NK,3.0,102.0
2025,2,PHL,MCO,NK,3.0,104.5
2025,2,PHL,MCO,NK,3.0,108.5
2025,2,PHL,MCO,NK,3.0,109.0
2025,2,PHL,MCO,NK,3.0,110.0
2025,2,PHL,MCO,NK,3.0,115.0
2025,2,PHL,MCO,NK,3.0,116.0
2025,2,PHL,MCO,NK,3.0,116.0
2025,2,PHL,MCO,NK,3.0,123.0
2025,2,PHL,MCO,NK,3.0,124.0
2025,2,PHL,MCO,NK,3.0,127.0
2025,2,PHL,MCO,NK,3.0,130.0
2025,2,PHL,MCO,NK,3.0,140.0
2025,2,PHL,MCO,NK,3.0,142.0
2025,2,PHL,MCO,NK,3.0,146.0
2025,2,PHL,MCO,NK,3.0,146.0
2025,2,PHL,MCO,NK,3.0,148.0
2025,2,PHL,MCO,NK,3.0,155.0
2025,2,PHL,MCO,NK,3.0,155.0
2025,2,PHL,MCO,NK,3.0,156.0
2025,2,PHL,MCO,NK,3.0,157.0
2025,2,PHL,MCO,NK,3.0,165.0
2025,2,PHL,MCO,NK,3.0,171.0
2025,2,PHL,MCO,NK,3.0,175.0
2025,2,PHL,MCO,NK,3.0,175.0
2025,2,PHL,MCO,NK,3.0,179.0
2025,2,PHL,MCO,NK,3.0,214.0
2025,2,PHL,MCO,NK,3.0,219.0
2025,2,PHL,MCO,NK,3.0,234.0
2025,2,PHL,MCO,NK,3.0,280.0
2025,2,PHL,MCO,NK,4.0,5.5
2025,2,PHL,MCO,NK,4.0,29.5
2025,2,PHL,MCO,NK,4.0,34.0
2025,2,PHL,MCO,NK,4.0,35.0
2025,2,PHL,MCO,NK,4.0,38.5
2025,2,PHL,MCO,NK,4.0,38.5
2025,2,PHL,MCO,NK,4.0,39.5
2025,2,PHL,MCO,NK,4.0,46.5
2025,2,PHL,MCO,NK,4.0,51.0
2025,2,PHL,MCO,NK,4.0,51.0
2025,2,PHL,MCO,NK,4.0,51.5
2025,2,PHL,MCO,NK,4.0,55.5
2025,2,PHL,MCO,NK,4.0,66.0
2025,2,PHL,MCO,NK,4.0,73.0
2025,2,PHL,MCO,NK,4.0,74.0
2025,2,PHL,MCO,NK,4.0,81.5
2025,2,PHL,MCO,NK,4.0,84.0
2025,2,PHL,MCO,NK,4.0,94.0
2025,2,PHL,MCO,NK,4.0,97.0
2025,2,PHL,MCO,NK,4.0,103.0
2025,2,PHL,MCO,NK,4.0,103.5
2025,2,PHL,MCO,NK,4.0,104.0
2025,2,PHL,MCO,NK,4.0,117.0
2025,2,PHL,MCO,NK,4.0,119.0
2025,2,PHL,MCO,NK,4.0,121.0
2025,2,PHL,MCO,NK,4.0,124.0
2025,2,PHL,MCO,NK,4.0,128.0
2025,2,PHL,MCO,NK,4.0,133.0
2025,2,PHL,MCO,NK,4.0,139.0
2025,2,PHL,MCO,NK,4.0,142.5
2025,2,PHL,MCO,NK,4.0,144.0
2025,2,PHL,MCO,NK,4.0,145.0
2025,2,PHL,MCO,NK,4.0,148.0
2025,2,PHL,MCO,NK,4.0,150.0
2025,2,PHL,MCO,NK,4.0,159.0
2025,2,PHL,MCO,NK,4.0,199.0
2025,2,PHL,MCO,NK,4.0,285.0
2025,2,PHL,MCO,NK,5.0,19.0
2025,2,PHL,MCO,NK,5.0,26.0
2025,2,PHL,MCO,NK,5.0,31.0
2025,2,PHL,MCO,NK,5.0,41.5
2025,2,PHL,MCO,NK,5.0,42.5
2025,2,PHL,MCO,NK,5.0,46.0
2025,2,PHL,MCO,NK,5.0,49.5
2025,2,PHL,MCO,NK,5.0,59.0
2025,2,PHL,MCO,NK,5.0,61.5
2025,2,PHL,MCO,NK,5.0,62.5
2025,2,PHL,MCO,NK,5.0,81.0
2025,2,PHL,MCO,NK,5.0,82.0
2025,2,PHL,MCO,NK,5.0,84.0
2025,2,PHL,MCO,NK,5.0,96.0
2025,2,PHL,MCO,NK,5.0,96.0
2025,2,PHL,MCO,NK,5.0,103.5
2025,2,PHL,MCO,NK,5.0,107.5
2025,2,PHL,MCO,NK,5.0,114.0
2025,2,PHL,MCO,NK,5.0,126.0
2025,2,PHL,MCO,NK,5.0,141.0
2025,2,PHL,MCO,NK,5.0,154.0
2025,2,PHL,MCO,NK,5.0,164.0
2025,2,PHL,MCO,NK,5.0,170.0
2025,2,PHL,MCO,NK,5.0,199.0
2025,2,PHL,MCO,NK,5.0,205.0
2025,2,PHL,MCO,NK,5.0,229.0
2025,2,PHL,MCO,NK,6.0,32.0
2025,2,PHL,MCO,NK,6.0,33.0
2025,2,PHL,MCO,NK,6.0,36.0
2025,2,PHL,MCO,NK,6.0,37.0
2025,2,PHL,MCO,NK,6.0,40.5
2025,2,PHL,MCO,NK,6.0,45.0
2025,2,PHL,MCO,NK,6.0,48.0
2025,2,PHL,MCO,NK,6.0,52.0
2025,2,PHL,MCO,NK,6.0,57.0
2025,2,PHL,MCO,NK,6.0,66.0
2025,2,PHL,MCO,NK,6.0,72.0
2025,2,PHL,MCO,NK,6.0,104.0
2025,2,PHL,MCO,NK,6.0,106.0
2025,2,PHL,MCO,NK,6.0,125.0
2025,2,PHL,MCO,NK,6.0,149.0
2025,2,PHL,MCO,NK,6.0,169.0
2025,2,PHL,MCO,NK,6.0,175.0
2025,2,PHL,MCO,NK,6.0,178.0
2025,2,PHL,MCO,NK,6.0,189.0
2025,2,PHL,MCO,NK,6.0,220.0
2025,2,PHL,MCO,NK,7.0,26.0
2025,2,PHL,MCO,NK,7.0,29.0
2025,2,PHL,MCO,NK,7.0,44.0
2025,2,PHL,MCO,NK,7.0,51.5
2025,2,PHL,MCO,NK,7.0,52.0
2025,2,PHL,MCO,NK,7.0,52.0
2025,2,PHL,MCO,NK,7.0,77.0
2025,2,PHL,MCO,NK,7.0,79.5
2025,2,PHL,MCO,NK,7.0,115.0
2025,2,PHL,MCO,NK,7.0,129.0
2025,2,PHL,MCO,NK,7.0,134.0
2025,2,PHL,MCO,NK,7.0,145.0
2025,2,PHL,MCO,NK,7.0,174.0
2025,2,PHL,MCO,NK,7.0,189.0
2025,2,PHL,MCO,NK,8.0,25.0
2025,2,PHL,MCO,NK,8.0,43.0
2025,2,PHL,MCO,NK,8.0,46.0
2025,2,PHL,MCO,NK,8.0,47.0
2025,2,PHL,MCO,NK,8.0,62.0
2025,2,PHL,MCO,NK,8.0,71.0
2025,2,PHL,MCO,NK,8.0,76.0
2025,2,PHL,MCO,NK,8.0,80.0
2025,2,PHL,MCO,NK,8.0,102.0
2025,2,PHL,MCO,NK,8.0,118.0
2025,2,PHL,MCO,NK,8.0,190.0
2025,2,PHL,MCO,NK,9.0,30.0
2025,2,PHL,MCO,NK,9.0,39.0
2025,2,PHL,MCO,NK,9.0,39.0
2025,2,PHL,MCO,NK,9.0,43.0
2025,2,PHL,MCO,NK,9.0,48.0
2025,2,PHL,MCO,NK,9.0,55.0
2025,2,PHL,MCO,NK,9.0,58.0
2025,2,PHL,MCO,NK,9.0,79.0
2025,2,PHL,MCO,NK,9.0,90.0
2025,2,PHL,MCO,NK,9.0,95.0
2025,2,PHL,MCO,NK,9.0,100.0
2025,2,PHL,MCO,NK,9.0,110.0
2025,2,PHL,MCO,NK,9.0,119.0
2025,2,PHL,MCO,NK,9.0,130.0
2025,2,PHL,MCO,NK,9.0,130.0
2025,2,PHL,MCO,NK,9.0,136.0
2025,2,PHL,MCO,NK,9.0,147.5
2025,2,PHL,MCO,NK,10.0,36.0
2025,2,PHL,MCO,NK,10.0,40.0
2025,2,PHL,MCO,NK,10.0,41.0
2025,2,PHL,MCO,NK,10.0,44.0
2025,2,PHL,MCO,NK,10.0,51.0
2025,2,PHL,MCO,NK,10.0,54.0
2025,2,PHL,MCO,NK,10.0,58.0
2025,2,PHL,MCO,NK,10.0,72.0
2025,2,PHL,MCO,NK,10.0,75.0
2025,2,PHL,MCO,NK,10.0,85.0
2025,2,PHL,MCO,NK,10.0,99.0
2025,2,PHL,MCO,NK,10.0,105.0
2025,2,PHL,MCO,NK,10.0,106.0
2025,2,PHL,MCO,NK,10.0,120.0
2025,2,PHL,MCO,NK,10.0,195.0
2025,2,PHL,MCO,NK,11.0,32.0
2025,2,PHL,MCO,NK,11.0,56.0
2025,2,PHL,MCO,NK,11.0,59.0
2025,2,PHL,MCO,NK,11.0,64.5
2025,2,PHL,MCO,NK,11.0,76.0
2025,2,PHL,MCO,NK,11.0,125.0
2025,2,PHL,MCO,NK,11.0,149.0
2025,2,PHL,MCO,NK,12.0,45.0
2025,2,PHL,MCO,NK,12.0,70.0
2025,2,PHL,MCO,NK,12.0,105.0
2025,2,PHL,MCO,NK,13.0,29.0
2025,2,PHL,MCO,NK,13.0,67.0
2025,2,PHL,MCO,NK,13.0,127.0
2025,2,PHL,MCO,NK,13.0,178.0
2025,2,PHL,MCO,NK,14.0,125.0
2025,2,PHL,MCO,NK,15.0,37.0
2025,2,PHL,MCO,NK,15.0,60.0
2025,2,PHL,MCO,NK,16.0,49.0
2025,2,PHL,MCO,NK,16.0,65.0
2025,2,PHL,MCO,NK,16.0,65.0
2025,2,PHL,MCO,NK,16.0,90.0
2025,2,PHL,MCO,NK,16.0,115.0
2025,2,PHL,MCO,NK,17.0,44.0
2025,2,PHL,MCO,NK,17.0,65.0
2025,2,PHL,MCO,NK,17.0,74.0
2025,2,PHL,MCO,NK,17.0,105.0
2025,2,PHL,MCO,NK,17.0,122.5
2025,2,PHL,MCO,NK,17.0,150.0
2025,2,PHL,MCO,NK,18.0,5.5
2025,2,PHL,MCO,NK,18.0,46.0
2025,2,PHL,MCO,NK,18.0,95.0
2025,2,PHL,MCO,NK,19.0,85.0
2025,2,PHL,MCO,NK,19.0,85.0
2025,2,PHL,MCO,NK,19.0,109.0
2025,2,PHL,MCO,NK,20.0,38.0
2025,2,PHL,MCO,NK,20.0,69.0
2025,2,PHL,MCO,NK,20.0,115.0
2025,2,PHL,MCO,NK,20.0,120.0
2025,2,PHL,MCO,NK,21.0,80.0
2025,2,PHL,MCO,NK,21.0,100.0
2025,2,PHL,MCO,NK,21.0,132.0
2025,2,PHL,MCO,NK,22.0,33.0
2025,2,PHL,MCO,NK,22.0,94.0
2025,2,PHL,MCO,NK,23.0,45.0
2025,2,PHL,MCO,NK,23.0,55.0
2025,2,PHL,MCO,NK,23.0,75.0
2025,2,PHL,MCO,NK,24.0,41.0
2025,2,PHL,MCO,NK,25.0,33.0
2025,2,PHL,MCO,NK,25.0,39.0
2025,2,PHL,MCO,NK,25.0,70.0
2025,2,PHL,MCO,NK,26.0,56.0
2025,2,PHL,MCO,NK,26.0,100.0
2025,2,PHL,MCO,NK,27.0,50.0
2025,2,PHL,MCO,NK,27.0,54.0
2025,2,PHL,MCO,NK,28.0,59.0
2025,2,PHL,MCO,NK,30.0,70.0
2025,2,PHL,MCO,NK,31.0,80.0
2025,2,PHL,MCO,NK,32.0,6.0
2025,2,PHL,MCO,NK,32.0,84.0
2025,2,PHL,MCO,NK,34.0,119.0
2025,2,PHL,MCO,NK,35.0,55.0
2025,2,PHL,MCO,NK,36.0,110.0
2025,2,PHL,MCO,NK,38.0,115.0
2025,2,PHL,MCO,NK,40.0,99.0
2025,2,PHL,MCO,NK,41.0,41.0
2025,2,PHL,MCO,NK,41.0,49.0
2025,2,PHL,MCO,NK,41.0,54.0
2025,2,PHL,MCO,NK,41.0,120.0
2025,2,PHL,MCO,NK,42.0,60.0
2025,2,PHL,MCO,NK,43.0,50.0
2025,2,PHL,MCO,NK,45.0,75.0
2025,2,PHL,MCO,NK,46.0,60.0
2025,2,PHL,MCO,NK,62.0,69.0
2025,2,PHL,MCO,NK,101.0,49.0
2025,2,PHL,MCO,NK,105.0,50.0
2025,2,ATL,FLL,NK,1.0,5.5
2025,2,ATL,FLL,NK,1.0,5.5
2025,2,ATL,FLL,NK,1.0,12.02
2025,2,ATL,FLL,NK,1.0,15.91
2025,2,ATL,FLL,NK,1.0,16.0
2025,2,ATL,FLL,NK,1.0,18.5
2025,2,ATL,FLL,NK,1.0,19.35
2025,2,ATL,FLL,NK,1.0,19.5
2025,2,ATL,FLL,NK,1.0,19.5
2025,2,ATL,FLL,NK,1.0,20.5
2025,2,ATL,FLL,NK,1.0,20.77
2025,2,ATL,FLL,NK,1.0,20.86
2025,2,ATL,FLL,NK,1.0,21.22
2025,2,ATL,FLL,NK,1.0,21.35
2025,2,ATL,FLL,NK,1.0,22.5
2025,2,ATL,FLL,NK,1.0,23.0
2025,2,ATL,FLL,NK,1.0,23.32
2025,2,ATL,FLL,NK,1.0,23.5
2025,2,ATL,FLL,NK,1.0,24.07
2025,2,ATL,FLL,NK,1.0,24.27
2025,2,ATL,FLL,NK,1.0,25.5
2025,2,ATL,FLL,NK,1.0,26.77
2025,2,ATL,FLL,NK,1.0,27.0
2025,2,ATL,FLL,NK,1.0,27.0
2025,2,ATL,FLL,NK,1.0,27.0
2025,2,ATL,FLL,NK,1.0,27.5
2025,2,ATL,FLL,NK,1.0,27.55
2025,2,ATL,FLL,NK,1.0,28.35
2025,2,ATL,FLL,NK,1.0,28.8
2025,2,ATL,FLL,NK,1.0,29.5
2025,2,ATL,FLL,NK,1.0,29.64
2025,2,ATL,FLL,NK,1.0,30.91
2025,2,ATL,FLL,NK,1.0,32.87
2025,2,ATL,FLL,NK,1.0,33.0
2025,2,ATL,FLL,NK,1.0,33.6
2025,2,ATL,FLL,NK,1.0,33.7
2025,2,ATL,FLL,NK,1.0,33.95
2025,2,ATL,FLL,NK,1.0,34.34
2025,2,ATL,FLL,NK,1.0,34.5
2025,2,ATL,FLL,NK,1.0,35.05
2025,2,ATL,FLL,NK,1.0,35.41
2025,2,ATL,FLL,NK,1.0,35.5
2025,2,ATL,FLL,NK,1.0,36.01
2025,2,ATL,FLL,NK,1.0,36.85
2025,2,ATL,FLL,NK,1.0,37.39
2025,2,ATL,FLL,NK,1.0,37.5
2025,2,ATL,FLL,NK,1.0,38.0
2025,2,ATL,FLL,NK,1.0,38.12
2025,2,ATL,FLL,NK,1.0,38.57
2025,2,ATL,FLL,NK,1.0,38.62
2025,2,ATL,FLL,NK,1.0,39.67
2025,2,ATL,FLL,NK,1.0,40.0
2025,2,ATL,FLL,NK,1.0,41.9
2025,2,ATL,FLL,NK,1.0,41.92
2025,2,ATL,FLL,NK,1.0,42.0
2025,2,ATL,FLL,NK,1.0,42.15
2025,2,ATL,FLL,NK,1.0,42.39
2025,2,ATL,FLL,NK,1.0,42.55
2025,2,ATL,FLL,NK,1.0,43.48
2025,2,ATL,FLL,NK,1.0,43.51
2025,2,ATL,FLL,NK,1.0,43.51
2025,2,ATL,FLL,NK,1.0,43.52
2025,2,ATL,FLL,NK,1.0,46.68
2025,2,ATL,FLL,NK,1.0,46.94
2025,2,ATL,FLL,NK,1.0,47.78
2025,2,ATL,FLL,NK,1.0,48.21
2025,2,ATL,FLL,NK,1.0,49.5
2025,2,ATL,FLL,NK,1.0,50.5
2025,2,ATL,FLL,NK,1.0,51.01
2025,2,ATL,FLL,NK,1.0,51.62
2025,2,ATL,FLL,NK,1.0,52.9
2025,2,ATL,FLL,NK,1.0,52.9
2025,2,ATL,FLL,NK,1.0,53.36
2025,2,ATL,FLL,NK,1.0,53.4
2025,2,ATL,FLL,NK,1.0,53.5
2025,2,ATL,FLL,NK,1.0,53.52
2025,2,ATL,FLL,NK,1.0,54.09
2025,2,ATL,FLL,NK,1.0,54.49
2025,2,ATL,FLL,NK,1.0,54.89
2025,2,ATL,FLL,NK,1.0,55.68
2025,2,ATL,FLL,NK,1.0,56.0
2025,2,ATL,FLL,NK,1.0,56.31
2025,2,ATL,FLL,NK,1.0,56.53
2025,2,ATL,FLL,NK,1.0,56.53
2025,2,ATL,FLL,NK,1.0,57.0
2025,2,ATL,FLL,NK,1.0,58.01
2025,2,ATL,FLL,NK,1.0,59.14
2025,2,ATL,FLL,NK,1.0,59.28
2025,2,ATL,FLL,NK,1.0,59.5
2025,2,ATL,FLL,NK,1.0,60.15
2025,2,ATL,FLL,NK,1.0,60.32
2025,2,ATL,FLL,NK,1.0,60.87
2025,2,ATL,FLL,NK,1.0,61.72
2025,2,ATL,FLL,NK,1.0,61.96
2025,2,ATL,FLL,NK,1.0,62.0
2025,2,ATL,FLL,NK,1.0,62.44
2025,2,ATL,FLL,NK,1.0,62.77
2025,2,ATL,FLL,NK,1.0,62.99
2025,2,ATL,FLL,NK,1.0,64.0
2025,2,ATL,FLL,NK,1.0,64.2
2025,2,ATL,FLL,NK,1.0,64.28
2025,2,ATL,FLL,NK,1.0,64.7
2025,2,ATL,FLL,NK,1.0,65.0
2025,2,ATL,FLL,NK,1.0,65.0
2025,2,ATL,FLL,NK,1.0,65.0
2025,2,ATL,FLL,NK,1.0,65.63
2025,2,ATL,FLL,NK,1.0,65.74
2025,2,ATL,FLL,NK,1.0,66.55
2025,2,ATL,FLL,NK,1.0,66.58
2025,2,ATL,FLL,NK,1.0,67.0
2025,2,ATL,FLL,NK,1.0,67.66
2025,2,ATL,FLL,NK,1.0,68.0
2025,2,ATL,FLL,NK,1.0,68.5
2025,2,ATL,FLL,NK,1.0,69.11
2025,2,ATL,FLL,NK,1.0,71.05
2025,2,ATL,FLL,NK,1.0,71.51
2025,2,ATL,FLL,NK,1.0,72.0
2025,2,ATL,FLL,NK,1.0,72.5
2025,2,ATL,FLL,NK,1.0,73.0
2025,2,ATL,FLL,NK,1.0,73.18
2025,2,ATL,FLL,NK,1.0,74.33
2025,2,ATL,FLL,NK,1.0,74.5
2025,2,ATL,FLL,NK,1.0,75.0
2025,2,ATL,FLL,NK,1.0,75.46
2025,2,ATL,FLL,NK,1.0,75.5
2025,2,ATL,FLL,NK,1.0,76.26
2025,2,ATL,FLL,NK,1.0,76.61
2025,2,ATL,FLL,NK,1.0,77.45
2025,2,ATL,FLL,NK,1.0,80.0
2025,2,ATL,FLL,NK,1.0,80.5
2025,2,ATL,FLL,NK,1.0,80.5
2025,2,ATL,FLL,NK,1.0,82.0
2025,2,ATL,FLL,NK,1.0,82.0
2025,2,ATL,FLL,NK,1.0,83.0
2025,2,ATL,FLL,NK,1.0,84.5
2025,2,ATL,FLL,NK,1.0,85.0
2025,2,ATL,FLL,NK,1.0,85.06
2025,2,ATL,FLL,NK,1.0,85.5
2025,2,ATL,FLL,NK,1.0,86.5
2025,2,ATL,FLL,NK,1.0,86.55
2025,2,ATL,FLL,NK,1.0,87.0
2025,2,ATL,FLL,NK,1.0,87.5
2025,2,ATL,FLL,NK,1.0,89.5
2025,2,ATL,FLL,NK,1.0,90.0
2025,2,ATL,FLL,NK,1.0,91.89
2025,2,ATL,FLL,NK,1.0,92.0
2025,2,ATL,FLL,NK,1.0,92.0
2025,2,ATL,FLL,NK,1.0,93.0
2025,2,ATL,FLL,NK,1.0,94.5
2025,2,ATL,FLL,NK,1.0,95.0
2025,2,ATL,FLL,NK,1.0,95.0
2025,2,ATL,FLL,NK,1.0,95.5
2025,2,ATL,FLL,NK,1.0,96.0
2025,2,ATL,FLL,NK,1.0,96.0
2025,2,ATL,FLL,NK,1.0,97.0
2025,2,ATL,FLL,NK,1.0,97.5
2025,2,ATL,FLL,NK,1.0,97.5
2025,2,ATL,FLL,NK,1.0,99.5
2025,2,ATL,FLL,NK,1.0,99.82
2025,2,ATL,FLL,NK,1.0,100.0
2025,2,ATL,FLL,NK,1.0,100.0
2025,2,ATL,FLL,NK,1.0,100.0
2025,2,ATL,FLL,NK,1.0,100.5
2025,2,ATL,FLL,NK,1.0,101.0
2025,2,ATL,FLL,NK,1.0,102.5
2025,2,ATL,FLL,NK,1.0,102.5
2025,2,ATL,FLL,NK,1.0,103.0
2025,2,ATL,FLL,NK,1.0,103.5
2025,2,ATL,FLL,NK,1.0,104.5
2025,2,ATL,FLL,NK,1.0,105.0
2025,2,ATL,FLL,NK,1.0,105.5
2025,2,ATL,FLL,NK,1.0,107.0
2025,2,ATL,FLL,NK,1.0,107.0
2025,2,ATL,FLL,NK,1.0,107.5
2025,2,ATL,FLL,NK,1.0,107.5
2025,2,ATL,FLL,NK,1.0,108.0
2025,2,ATL,FLL,NK,1.0,108.0
2025,2,ATL,FLL,NK,1.0,110.0
2025,2,ATL,FLL,NK,1.0,111.0
2025,2,ATL,FLL,NK,1.0,112.5
2025,2,ATL,FLL,NK,1.0,113.5
2025,2,ATL,FLL,NK,1.0,114.5
2025,2,ATL,FLL,NK,1.0,114.5
2025,2,ATL,FLL,NK,1.0,115.0
2025,2,ATL,FLL,NK,1.0,116.0
2025,2,ATL,FLL,NK,1.0,117.0
2025,2,ATL,FLL,NK,1.0,117.5
2025,2,ATL,FLL,NK,1.0,118.0
2025,2,ATL,FLL,NK,1.0,118.0
2025,2,ATL,FLL,NK,1.0,118.5
2025,2,ATL,FLL,NK,1.0,118.66
2025,2,ATL,FLL,NK,1.0,118.79
2025,2,ATL,FLL,NK,1.0,121.0
2025,2,ATL,FLL,NK,1.0,121.02
2025,2,ATL,FLL,NK,1.0,123.5
2025,2,ATL,FLL,NK,1.0,124.47
2025,2,ATL,FLL,NK,1.0,126.0
2025,2,ATL,FLL,NK,1.0,126.0
2025,2,ATL,FLL,NK,1.0,127.0
2025,2,ATL,FLL,NK,1.0,127.0
2025,2,ATL,FLL,NK,1.0,128.24
2025,2,ATL,FLL,NK,1.0,128.5
2025,2,ATL,FLL,NK,1.0,129.0
2025,2,ATL,FLL,NK,1.0,130.04
2025,2,ATL,FLL,NK,1.0,131.5
2025,2,ATL,FLL,NK,1.0,131.9
2025,2,ATL,FLL,NK,1.0,132.0
2025,2,ATL,FLL,NK,1.0,132.5
2025,2,ATL,FLL,NK,1.0,134.0
2025,2,ATL,FLL,NK,1.0,134.5
2025,2,ATL,FLL,NK,1.0,135.0
2025,2,ATL,FLL,NK,1.0,135.0
2025,2,ATL,FLL,NK,1.0,135.5
2025,2,ATL,FLL,NK,1.0,137.0
2025,2,ATL,FLL,NK,1.0,137.5
2025,2,ATL,FLL,NK,1.0,138.0
2025,2,ATL,FLL,NK,1.0,138.0
2025,2,ATL,FLL,NK,1.0,138.5
2025,2,ATL,FLL,NK,1.0,138.5
2025,2,ATL,FLL,NK,1.0,139.0
2025,2,ATL,FLL,NK,1.0,140.27
2025,2,ATL,FLL,NK,1.0,140.56
2025,2,ATL,FLL,NK,1.0,143.0
2025,2,ATL,FLL,NK,1.0,145.0
2025,2,ATL,FLL,NK,1.0,146.0
2025,2,ATL,FLL,NK,1.0,148.0
2025,2,ATL,FLL,NK,1.0,148.83
2025,2,ATL,FLL,NK,1.0,149.0
2025,2,ATL,FLL,NK,1.0,150.0
2025,2,ATL,FLL,NK,1.0,150.5
2025,2,ATL,FLL,NK,1.0,151.0
2025,2,ATL,FLL,NK,1.0,151.0
2025,2,ATL,FLL,NK,1.0,152.0
2025,2,ATL,FLL,NK,1.0,153.0
2025,2,ATL,FLL,NK,1.0,154.5
2025,2,ATL,FLL,NK,1.0,155.0
2025,2,ATL,FLL,NK,1.0,158.0
2025,2,ATL,FLL,NK,1.0,162.0
2025,2,ATL,FLL,NK,1.0,163.0
2025,2,ATL,FLL,NK,1.0,163.5
2025,2,ATL,FLL,NK,1.0,164.0
2025,2,ATL,FLL,NK,1.0,166.0
2025,2,ATL,FLL,NK,1.0,170.0
2025,2,ATL,FLL,NK,1.0,170.0
2025,2,ATL,FLL,NK,1.0,170.5
2025,2,ATL,FLL,NK,1.0,170.74
2025,2,ATL,FLL,NK,1.0,172.0
2025,2,ATL,FLL,NK,1.0,173.0
2025,2,ATL,FLL,NK,1.0,173.42
2025,2,ATL,FLL,NK,1.0,173.5
2025,2,ATL,FLL,NK,1.0,174.55
2025,2,ATL,FLL,NK,1.0,175.0
2025,2,ATL,FLL,NK,1.0,176.5
2025,2,ATL,FLL,NK,1.0,177.0
2025,2,ATL,FLL,NK,1.0,178.0
2025,2,ATL,FLL,NK,1.0,181.0
2025,2,ATL,FLL,NK,1.0,181.0
2025,2,ATL,FLL,NK,1.0,181.2
2025,2,ATL,FLL,NK,1.0,181.5
2025,2,ATL,FLL,NK,1.0,182.0
2025,2,ATL,FLL,NK,1.0,183.0
2025,2,ATL,FLL,NK,1.0,183.5
2025,2,ATL,FLL,NK,1.0,184.0
2025,2,ATL,FLL,NK,1.0,186.0
2025,2,ATL,FLL,NK,1.0,186.5
2025,2,ATL,FLL,NK,1.0,189.0
2025,2,ATL,FLL,NK,1.0,191.0
2025,2,ATL,FLL,NK,1.0,194.0
2025,2,ATL,FLL,NK,1.0,194.0
2025,2,ATL,FLL,NK,1.0,195.0
2025,2,ATL,FLL,NK,1.0,195.0
2025,2,ATL,FLL,NK,1.0,199.0
2025,2,ATL,FLL,NK,1.0,200.0
2025,2,ATL,FLL,NK,1.0,201.5
2025,2,ATL,FLL,NK,1.0,204.0
2025,2,ATL,FLL,NK,1.0,204.0
2025,2,ATL,FLL,NK,1.0,205.0
2025,2,ATL,FLL,NK,1.0,207.5
2025,2,ATL,FLL,NK,1.0,208.0
2025,2,ATL,FLL,NK,1.0,210.0
2025,2,ATL,FLL,NK,1.0,212.0
2025,2,ATL,FLL,NK,1.0,213.0
2025,2,ATL,FLL,NK,1.0,213.0
2025,2,ATL,FLL,NK,1.0,214.0
2025,2,ATL,FLL,NK,1.0,214.0
2025,2,ATL,FLL,NK,1.0,219.0
2025,2,ATL,FLL,NK,1.0,226.0
2025,2,ATL,FLL,NK,1.0,226.5
2025,2,ATL,FLL,NK,1.0,226.5
2025,2,ATL,FLL,NK,1.0,229.0
2025,2,ATL,FLL,NK,1.0,233.0
2025,2,ATL,FLL,NK,1.0,235.0
2025,2,ATL,FLL,NK,1.0,235.5
2025,2,ATL,FLL,NK,1.0,249.0
2025,2,ATL,FLL,NK,1.0,250.0
2025,2,ATL,FLL,NK,1.0,251.5
2025,2,ATL,FLL,NK,1.0,251.5
2025,2,ATL,FLL,NK,1.0,254.0
2025,2,ATL,FLL,NK,1.0,256.0
2025,2,ATL,FLL,NK,1.0,259.0
2025,2,ATL,FLL,NK,1.0,260.0
2025,2,ATL,FLL,NK,1.0,264.0
2025,2,ATL,FLL,NK,1.0,266.0
2025,2,ATL,FLL,NK,1.0,269.0
2025,2,ATL,FLL,NK,1.0,270.0
2025,2,ATL,FLL,NK,1.0,278.0
2025,2,ATL,FLL,NK,1.0,279.0
2025,2,ATL,FLL,NK,1.0,289.0
2025,2,ATL,FLL,NK,1.0,309.0
2025,2,ATL,FLL,NK,1.0,324.0
2025,2,ATL,FLL,NK,1.0,329.0
2025,2,ATL,FLL,NK,1.0,340.0
2025,2,ATL,FLL,NK,1.0,358.0
2025,2,ATL,FLL,NK,1.0,361.0
2025,2,ATL,FLL,NK,1.0,384.0
2025,2,ATL,FLL,NK,1.0,389.0
2025,2,ATL,FLL,NK,1.0,404.0
2025,2,ATL,FLL,NK,1.0,487.0
2025,2,ATL,FLL,NK,2.0,17.33
2025,2,ATL,FLL,NK,2.0,18.5
2025,2,ATL,FLL,NK,2.0,23.24
2025,2,ATL,FLL,NK,2.0,24.0
2025,2,ATL,FLL,NK,2.0,24.5
2025,2,ATL,FLL,NK,2.0,25.5
2025,2,ATL,FLL,NK,2.0,26.5
2025,2,ATL,FLL,NK,2.0,28.0
2025,2,ATL,FLL,NK,2.0,28.5
2025,2,ATL,FLL,NK,2.0,32.0
2025,2,ATL,FLL,NK,2.0,32.0
2025,2,ATL,FLL,NK,2.0,32.89
2025,2,ATL,FLL,NK,2.0,35.5
2025,2,ATL,FLL,NK,2.0,35.5
2025,2,ATL,FLL,NK,2.0,37.0
2025,2,ATL,FLL,NK,2.0,41.04
2025,2,ATL,FLL,NK,2.0,42.5
2025,2,ATL,FLL,NK,2.0,42.5
2025,2,ATL,FLL,NK,2.0,45.0
2025,2,ATL,FLL,NK,2.0,45.5
2025,2,ATL,FLL,NK,2.0,47.0
2025,2,ATL,FLL,NK,2.0,48.86
2025,2,ATL,FLL,NK,2.0,55.0
2025,2,ATL,FLL,NK,2.0,57.5
2025,2,ATL,FLL,NK,2.0,60.0
2025,2,ATL,FLL,NK,2.0,63.29
2025,2,ATL,FLL,NK,2.0,64.5
2025,2,ATL,FLL,NK,2.0,65.5
2025,2,ATL,FLL,NK,2.0,68.5
2025,2,ATL,FLL,NK,2.0,70.0
2025,2,ATL,FLL,NK,2.0,70.0
2025,2,ATL,FLL,NK,2.0,75.0
2025,2,ATL,FLL,NK,2.0,75.5
2025,2,ATL,FLL,NK,2.0,77.5
2025,2,ATL,FLL,NK,2.0,79.5
2025,2,ATL,FLL,NK,2.0,79.5
2025,2,ATL,FLL,NK,2.0,87.0
2025,2,ATL,FLL,NK,2.0,87.5
2025,2,ATL,FLL,NK,2.0,88.0
2025,2,ATL,FLL,NK,2.0,89.5
2025,2,ATL,FLL,NK,2.0,90.0
2025,2,ATL,FLL,NK,2.0,90.0
2025,2,ATL,FLL,NK,2.0,91.0
2025,2,ATL,FLL,NK,2.0,91.0
2025,2,ATL,FLL,NK,2.0,92.5
2025,2,ATL,FLL,NK,2.0,95.0
2025,2,ATL,FLL,NK,2.0,97.0
2025,2,ATL,FLL,NK,2.0,98.0
2025,2,ATL,FLL,NK,2.0,98.5
2025,2,ATL,FLL,NK,2.0,102.0
2025,2,ATL,FLL,NK,2.0,103.5
2025,2,ATL,FLL,NK,2.0,104.5
2025,2,ATL,FLL,NK,2.0,106.0
2025,2,ATL,FLL,NK,2.0,108.0
2025,2,ATL,FLL,NK,2.0,108.5
2025,2,ATL,FLL,NK,2.0,108.5
2025,2,ATL,FLL,NK,2.0,109.5
2025,2,ATL,FLL,NK,2.0,110.0
2025,2,ATL,FLL,NK,2.0,110.0
2025,2,ATL,FLL,NK,2.0,110.5
2025,2,ATL,FLL,NK,2.0,112.5
2025,2,ATL,FLL,NK,2.0,113.5
2025,2,ATL,FLL,NK,2.0,113.5
2025,2,ATL,FLL,NK,2.0,115.0
2025,2,ATL,FLL,NK,2.0,116.0
2025,2,ATL,FLL,NK,2.0,117.0
2025,2,ATL,FLL,NK,2.0,121.0
2025,2,ATL,FLL,NK,2.0,125.0
2025,2,ATL,FLL,NK,2.0,126.0
2025,2,ATL,FLL,NK,2.0,128.0
2025,2,ATL,FLL,NK,2.0,128.5
2025,2,ATL,FLL,NK,2.0,129.5
2025,2,ATL,FLL,NK,2.0,130.0
2025,2,ATL,FLL,NK,2.0,130.0
2025,2,ATL,FLL,NK,2.0,131.5
2025,2,ATL,FLL,NK,2.0,134.0
2025,2,ATL,FLL,NK,2.0,135.0
2025,2,ATL,FLL,NK,2.0,136.0
2025,2,ATL,FLL,NK,2.0,136.0
2025,2,ATL,FLL,NK,2.0,141.0
2025,2,ATL,FLL,NK,2.0,141.0
2025,2,ATL,FLL,NK,2.0,147.0
2025,2,ATL,FLL,NK,2.0,148.5
2025,2,ATL,FLL,NK,2.0,151.0
2025,2,ATL,FLL,NK,2.0,156.0
2025,2,ATL,FLL,NK,2.0,156.0
2025,2,ATL,FLL,NK,2.0,156.5
2025,2,ATL,FLL,NK,2.0,159.0
2025,2,ATL,FLL,NK,2.0,159.0
2025,2,ATL,FLL,NK,2.0,161.5
2025,2,ATL,FLL,NK,2.0,163.0
2025,2,ATL,FLL,NK,2.0,166.5
2025,2,ATL,FLL,NK,2.0,169.0
2025,2,ATL,FLL,NK,2.0,174.0
2025,2,ATL,FLL,NK,2.0,179.0
2025,2,ATL,FLL,NK,2.0,183.0
2025,2,ATL,FLL,NK,2.0,189.0
2025,2,ATL,FLL,NK,2.0,201.5
2025,2,ATL,FLL,NK,2.0,206.0
2025,2,ATL,FLL,NK,2.0,219.0
2025,2,ATL,FLL,NK,2.0,220.0
2025,2,ATL,FLL,NK,2.0,229.0
2025,2,ATL,FLL,NK,2.0,294.0
2025,2,ATL,FLL,NK,2.0,379.0
2025,2,ATL,FLL,NK,2.0,394.0
2025,2,ATL,FLL,NK,3.0,20.5
2025,2,ATL,FLL,NK,3.0,26.5
2025,2,ATL,FLL,NK,3.0,28.5
2025,2,ATL,FLL,NK,3.0,31.5
2025,2,ATL,FLL,NK,3.0,34.5
2025,2,ATL,FLL,NK,3.0,50.0
2025,2,ATL,FLL,NK,3.0,52.5
2025,2,ATL,FLL,NK,3.0,55.0
2025,2,ATL,FLL,NK,3.0,57.0
2025,2,ATL,FLL,NK,3.0,57.5
2025,2,ATL,FLL,NK,3.0,61.0
2025,2,ATL,FLL,NK,3.0,62.5
2025,2,ATL,FLL,NK,3.0,65.5
2025,2,ATL,FLL,NK,3.0,67.0
2025,2,ATL,FLL,NK,3.0,67.5
2025,2,ATL,FLL,NK,3.0,68.0
2025,2,ATL,FLL,NK,3.0,72.0
2025,2,ATL,FLL,NK,3.0,72.5
2025,2,ATL,FLL,NK,3.0,73.0
2025,2,ATL,FLL,NK,3.0,73.5
2025,2,ATL,FLL,NK,3.0,75.0
2025,2,ATL,FLL,NK,3.0,76.0
2025,2,ATL,FLL,NK,3.0,77.0
2025,2,ATL,FLL,NK,3.0,80.0
2025,2,ATL,FLL,NK,3.0,81.0
2025,2,ATL,FLL,NK,3.0,83.0
2025,2,ATL,FLL,NK,3.0,85.0
2025,2,ATL,FLL,NK,3.0,86.0
2025,2,ATL,FLL,NK,3.0,88.0
2025,2,ATL,FLL,NK,3.0,88.5
2025,2,ATL,FLL,NK,3.0,93.5
2025,2,ATL,FLL,NK,3.0,95.5
2025,2,ATL,FLL,NK,3.0,96.0
2025,2,ATL,FLL,NK,3.0,96.5
2025,2,ATL,FLL,NK,3.0,101.0
2025,2,ATL,FLL,NK,3.0,103.0
2025,2,ATL,FLL,NK,3.0,106.5
2025,2,ATL,FLL,NK,3.0,112.0
2025,2,ATL,FLL,NK,3.0,114.0
2025,2,ATL,FLL,NK,3.0,114.0
2025,2,ATL,FLL,NK,3.0,118.0
2025,2,ATL,FLL,NK,3.0,118.5
2025,2,ATL,FLL,NK,3.0,121.0
2025,2,ATL,FLL,NK,3.0,121.5
2025,2,ATL,FLL,NK,3.0,121.5
2025,2,ATL,FLL,NK,3.0,122.5
2025,2,ATL,FLL,NK,3.0,123.5
2025,2,ATL,FLL,NK,3.0,124.0
2025,2,ATL,FLL,NK,3.0,129.0
2025,2,ATL,FLL,NK,3.0,139.0
2025,2,ATL,FLL,NK,3.0,143.5
2025,2,ATL,FLL,NK,3.0,148.5
2025,2,ATL,FLL,NK,3.0,149.0
2025,2,ATL,FLL,NK,3.0,154.0
2025,2,ATL,FLL,NK,3.0,156.0
2025,2,ATL,FLL,NK,3.0,161.5
2025,2,ATL,FLL,NK,3.0,166.0
2025,2,ATL,FLL,NK,3.0,169.0
2025,2,ATL,FLL,NK,3.0,169.0
2025,2,ATL,FLL,NK,3.0,176.5
2025,2,ATL,FLL,NK,3.0,178.0
2025,2,ATL,FLL,NK,3.0,294.0
2025,2,ATL,FLL,NK,4.0,11.0
2025,2,ATL,FLL,NK,4.0,19.0
2025,2,ATL,FLL,NK,4.0,24.0
2025,2,ATL,FLL,NK,4.0,28.0
2025,2,ATL,FLL,NK,4.0,28.0
2025,2,ATL,FLL,NK,4.0,30.0
2025,2,ATL,FLL,NK,4.0,31.5
2025,2,ATL,FLL,NK,4.0,33.5
2025,2,ATL,FLL,NK,4.0,40.0
2025,2,ATL,FLL,NK,4.0,54.5
2025,2,ATL,FLL,NK,4.0,59.5
2025,2,ATL,FLL,NK,4.0,60.0
2025,2,ATL,FLL,NK,4.0,60.0
2025,2,ATL,FLL,NK,4.0,62.0
2025,2,ATL,FLL,NK,4.0,63.0
2025,2,ATL,FLL,NK,4.0,63.5
2025,2,ATL,FLL,NK,4.0,66.5
2025,2,ATL,FLL,NK,4.0,67.5
2025,2,ATL,FLL,NK,4.0,68.0
2025,2,ATL,FLL,NK,4.0,70.5
2025,2,ATL,FLL,NK,4.0,73.0
2025,2,ATL,FLL,NK,4.0,74.5
2025,2,ATL,FLL,NK,4.0,76.0
2025,2,ATL,FLL,NK,4.0,78.5
2025,2,ATL,FLL,NK,4.0,80.0
2025,2,ATL,FLL,NK,4.0,83.5
2025,2,ATL,FLL,NK,4.0,91.0
2025,2,ATL,FLL,NK,4.0,98.0
2025,2,ATL,FLL,NK,4.0,98.5
2025,2,ATL,FLL,NK,4.0,105.0
2025,2,ATL,FLL,NK,4.0,106.0
2025,2,ATL,FLL,NK,4.0,113.0
2025,2,ATL,FLL,NK,4.0,116.0
2025,2,ATL,FLL,NK,4.0,120.0
2025,2,ATL,FLL,NK,4.0,122.0
2025,2,ATL,FLL,NK,4.0,123.0
2025,2,ATL,FLL,NK,4.0,132.0
2025,2,ATL,FLL,NK,4.0,141.5
2025,2,ATL,FLL,NK,4.0,141.5
2025,2,ATL,FLL,NK,4.0,143.5
2025,2,ATL,FLL,NK,4.0,160.0
2025,2,ATL,FLL,NK,4.0,179.0
2025,2,ATL,FLL,NK,4.0,184.0
2025,2,ATL,FLL,NK,4.0,204.0
2025,2,ATL,FLL,NK,4.0,216.0
2025,2,ATL,FLL,NK,4.0,229.0
2025,2,ATL,FLL,NK,4.0,279.0
2025,2,ATL,FLL,NK,5.0,19.0
2025,2,ATL,FLL,NK,5.0,21.0
2025,2,ATL,FLL,NK,5.0,24.0
2025,2,ATL,FLL,NK,5.0,29.0
2025,2,ATL,FLL,NK,5.0,30.0
2025,2,ATL,FLL,NK,5.0,30.0
2025,2,ATL,FLL,NK,5.0,33.5
2025,2,ATL,FLL,NK,5.0,35.0
2025,2,ATL,FLL,NK,5.0,37.5
2025,2,ATL,FLL,NK,5.0,40.5
2025,2,ATL,FLL,NK,5.0,44.5
2025,2,ATL,FLL,NK,5.0,45.5
2025,2,ATL,FLL,NK,5.0,47.5
2025,2,ATL,FLL,NK,5.0,51.0
2025,2,ATL,FLL,NK,5.0,58.5
2025,2,ATL,FLL,NK,5.0,64.5
2025,2,ATL,FLL,NK,5.0,73.5
2025,2,ATL,FLL,NK,5.0,77.5
2025,2,ATL,FLL,NK,5.0,78.0
2025,2,ATL,FLL,NK,5.0,78.5
2025,2,ATL,FLL,NK,5.0,82.5
2025,2,ATL,FLL,NK,5.0,84.0
2025,2,ATL,FLL,NK,5.0,87.0
2025,2,ATL,FLL,NK,5.0,88.5
2025,2,ATL,FLL,NK,5.0,90.5
2025,2,ATL,FLL,NK,5.0,99.0
2025,2,ATL,FLL,NK,5.0,101.5
2025,2,ATL,FLL,NK,5.0,105.5
2025,2,ATL,FLL,NK,5.0,107.0
2025,2,ATL,FLL,NK,5.0,109.0
2025,2,ATL,FLL,NK,5.0,113.0
2025,2,ATL,FLL,NK,5.0,119.0
2025,2,ATL,FLL,NK,5.0,126.5
2025,2,ATL,FLL,NK,5.0,131.0
2025,2,ATL,FLL,NK,5.0,134.0
2025,2,ATL,FLL,NK,5.0,136.5
2025,2,ATL,FLL,NK,5.0,138.0
2025,2,ATL,FLL,NK,5.0,151.5
2025,2,ATL,FLL,NK,5.0,154.0
2025,2,ATL,FLL,NK,6.0,35.0
2025,2,ATL,FLL,NK,6.0,41.0
2025,2,ATL,FLL,NK,6.0,45.0
2025,2,ATL,FLL,NK,6.0,47.0
2025,2,ATL,FLL,NK,6.0,51.0
2025,2,ATL,FLL,NK,6.0,52.5
2025,2,ATL,FLL,NK,6.0,66.0
2025,2,ATL,FLL,NK,6.0,81.0
2025,2,ATL,FLL,NK,6.0,84.0
2025,2,ATL,FLL,NK,6.0,88.0
2025,2,ATL,FLL,NK,6.0,90.5
2025,2,ATL,FLL,NK,6.0,91.5
2025,2,ATL,FLL,NK,6.0,124.0
2025,2,ATL,FLL,NK,6.0,139.0
2025,2,ATL,FLL,NK,6.0,183.0
2025,2,ATL,FLL,NK,7.0,26.0
2025,2,ATL,FLL,NK,7.0,32.5
2025,2,ATL,FLL,NK,7.0,34.0
2025,2,ATL,FLL,NK,7.0,41.0
2025,2,ATL,FLL,NK,7.0,41.5
2025,2,ATL,FLL,NK,7.0,50.0
2025,2,ATL,FLL,NK,7.0,53.5
2025,2,ATL,FLL,NK,7.0,57.0
2025,2,ATL,FLL,NK,7.0,63.5
2025,2,ATL,FLL,NK,7.0,70.0
2025,2,ATL,FLL,NK,7.0,86.0
2025,2,ATL,FLL,NK,7.0,109.0
2025,2,ATL,FLL,NK,7.0,194.0
2025,2,ATL,FLL,NK,8.0,26.0
2025,2,ATL,FLL,NK,8.0,36.5
2025,2,ATL,FLL,NK,8.0,43.0
2025,2,ATL,FLL,NK,8.0,47.5
2025,2,ATL,FLL,NK,8.0,54.5
2025,2,ATL,FLL,NK,8.0,58.0
2025,2,ATL,FLL,NK,8.0,61.0
2025,2,ATL,FLL,NK,8.0,66.0
2025,2,ATL,FLL,NK,8.0,66.0
2025,2,ATL,FLL,NK,8.0,67.0
2025,2,ATL,FLL,NK,8.0,77.0
2025,2,ATL,FLL,NK,8.0,81.0
2025,2,ATL,FLL,NK,8.0,97.0
2025,2,ATL,FLL,NK,8.0,101.0
2025,2,ATL,FLL,NK,8.0,106.5
2025,2,ATL,FLL,NK,8.0,113.0
2025,2,ATL,FLL,NK,8.0,116.5
2025,2,ATL,FLL,NK,8.0,119.0
2025,2,ATL,FLL,NK,8.0,129.0
2025,2,ATL,FLL,NK,8.0,136.5
2025,2,ATL,FLL,NK,8.0,151.5
2025,2,ATL,FLL,NK,9.0,29.0
2025,2,ATL,FLL,NK,9.0,29.0
2025,2,ATL,FLL,NK,9.0,31.0
2025,2,ATL,FLL,NK,9.0,36.0
2025,2,ATL,FLL,NK,9.0,36.5
2025,2,ATL,FLL,NK,9.0,43.0
2025,2,ATL,FLL,NK,9.0,44.5
2025,2,ATL,FLL,NK,9.0,48.0
2025,2,ATL,FLL,NK,9.0,55.0
2025,2,ATL,FLL,NK,9.0,61.0
2025,2,ATL,FLL,NK,9.0,62.0
2025,2,ATL,FLL,NK,9.0,62.5
2025,2,ATL,FLL,NK,9.0,78.0
2025,2,ATL,FLL,NK,9.0,83.0
2025,2,ATL,FLL,NK,9.0,91.5
2025,2,ATL,FLL,NK,9.0,94.0
2025,2,ATL,FLL,NK,9.0,103.0
2025,2,ATL,FLL,NK,9.0,126.5
2025,2,ATL,FLL,NK,9.0,144.0
2025,2,ATL,FLL,NK,10.0,36.0
2025,2,ATL,FLL,NK,10.0,36.0
2025,2,ATL,FLL,NK,10.0,43.5
2025,2,ATL,FLL,NK,10.0,47.0
2025,2,ATL,FLL,NK,10.0,51.0
2025,2,ATL,FLL,NK,10.0,61.5
2025,2,ATL,FLL,NK,10.0,76.0
2025,2,ATL,FLL,NK,10.0,101.5
2025,2,ATL,FLL,NK,10.0,116.5
2025,2,ATL,FLL,NK,10.0,144.0
2025,2,ATL,FLL,NK,11.0,21.0
2025,2,ATL,FLL,NK,11.0,43.5
2025,2,ATL,FLL,NK,11.0,46.0
2025,2,ATL,FLL,NK,11.0,48.0
2025,2,ATL,FLL,NK,11.0,50.5
2025,2,ATL,FLL,NK,11.0,53.5
2025,2,ATL,FLL,NK,11.0,57.0
2025,2,ATL,FLL,NK,11.0,71.0
2025,2,ATL,FLL,NK,11.0,71.5
2025,2,ATL,FLL,NK,11.0,96.0
2025,2,ATL,FLL,NK,11.0,111.5
2025,2,ATL,FLL,NK,11.0,124.0
2025,2,ATL,FLL,NK,12.0,21.0
2025,2,ATL,FLL,NK,12.0,31.0
2025,2,ATL,FLL,NK,12.0,32.5
2025,2,ATL,FLL,NK,12.0,33.0
2025,2,ATL,FLL,NK,12.0,34.0
2025,2,ATL,FLL,NK,12.0,41.0
2025,2,ATL,FLL,NK,12.0,48.5
2025,2,ATL,FLL,NK,12.0,52.0
2025,2,ATL,FLL,NK,12.0,58.0
2025,2,ATL,FLL,NK,12.0,70.5
2025,2,ATL,FLL,NK,12.0,71.5
2025,2,ATL,FLL,NK,12.0,76.5
2025,2,ATL,FLL,NK,12.0,86.5
2025,2,ATL,FLL,NK,12.0,104.0
2025,2,ATL,FLL,NK,13.0,26.0
2025,2,ATL,FLL,NK,13.0,39.0
2025,2,ATL,FLL,NK,13.0,46.0
2025,2,ATL,FLL,NK,13.0,49.5
2025,2,ATL,FLL,NK,13.0,53.0
2025,2,ATL,FLL,NK,13.0,58.0
2025,2,ATL,FLL,NK,13.0,58.5
2025,2,ATL,FLL,NK,13.0,71.0
2025,2,ATL,FLL,NK,13.0,71.0
2025,2,ATL,FLL,NK,13.0,79.0
2025,2,ATL,FLL,NK,13.0,83.5
2025,2,ATL,FLL,NK,13.0,149.0
2025,2,ATL,FLL,NK,14.0,31.0
2025,2,ATL,FLL,NK,14.0,39.0
2025,2,ATL,FLL,NK,14.0,39.5
2025,2,ATL,FLL,NK,14.0,60.5
2025,2,ATL,FLL,NK,14.0,66.5
2025,2,ATL,FLL,NK,14.0,69.5
2025,2,ATL,FLL,NK,14.0,76.5
2025,2,ATL,FLL,NK,14.0,78.0
2025,2,ATL,FLL,NK,14.0,79.0
2025,2,ATL,FLL,NK,14.0,81.5
2025,2,ATL,FLL,NK,14.0,81.5
2025,2,ATL,FLL,NK,14.0,84.0
2025,2,ATL,FLL,NK,14.0,96.5
2025,2,ATL,FLL,NK,14.0,99.0
2025,2,ATL,FLL,NK,14.0,164.0
2025,2,ATL,FLL,NK,14.0,244.0
2025,2,ATL,FLL,NK,15.0,34.0
2025,2,ATL,FLL,NK,15.0,41.5
2025,2,ATL,FLL,NK,15.0,50.0
2025,2,ATL,FLL,NK,15.0,111.5
2025,2,ATL,FLL,NK,15.0,134.0
2025,2,ATL,FLL,NK,15.0,144.0
2025,2,ATL,FLL,NK,15.0,179.0
2025,2,ATL,FLL,NK,16.0,42.0
2025,2,ATL,FLL,NK,16.0,46.0
2025,2,ATL,FLL,NK,16.0,79.0
2025,2,ATL,FLL,NK,16.0,194.0
2025,2,ATL,FLL,NK,17.0,40.0
2025,2,ATL,FLL,NK,17.0,63.0
2025,2,ATL,FLL,NK,17.0,99.0
2025,2,ATL,FLL,NK,17.0,118.0
2025,2,ATL,FLL,NK,17.0,154.0
2025,2,ATL,FLL,NK,18.0,38.5
2025,2,ATL,FLL,NK,18.0,42.0
2025,2,ATL,FLL,NK,18.0,48.5
2025,2,ATL,FLL,NK,18.0,53.0
2025,2,ATL,FLL,NK,18.0,60.5
2025,2,ATL,FLL,NK,18.0,89.0
2025,2,ATL,FLL,NK,18.0,109.0
2025,2,ATL,FLL,NK,18.0,114.0
2025,2,ATL,FLL,NK,19.0,64.0
2025,2,ATL,FLL,NK,19.0,86.5
2025,2,ATL,FLL,NK,19.0,93.0
2025,2,ATL,FLL,NK,20.0,5.5
2025,2,ATL,FLL,NK,20.0,69.5
2025,2,ATL,FLL,NK,21.0,39.5
2025,2,ATL,FLL,NK,21.0,51.5
2025,2,ATL,FLL,NK,21.0,61.5
2025,2,ATL,FLL,NK,21.0,74.0
2025,2,ATL,FLL,NK,21.0,104.0
2025,2,ATL,FLL,NK,22.0,5.5
2025,2,ATL,FLL,NK,22.0,38.5
2025,2,ATL,FLL,NK,22.0,46.5
2025,2,ATL,FLL,NK,22.0,53.0
2025,2,ATL,FLL,NK,22.0,94.0
2025,2,ATL,FLL,NK,23.0,55.5
2025,2,ATL,FLL,NK,23.0,69.0
2025,2,ATL,FLL,NK,24.0,52.0
2025,2,ATL,FLL,NK,24.0,52.0
2025,2,ATL,FLL,NK,24.0,55.5
2025,2,ATL,FLL,NK,24.0,56.0
2025,2,ATL,FLL,NK,24.0,56.0
2025,2,ATL,FLL,NK,25.0,46.5
2025,2,ATL,FLL,NK,25.0,51.5
2025,2,ATL,FLL,NK,25.0,62.0
2025,2,ATL,FLL,NK,25.0,64.0
2025,2,ATL,FLL,NK,25.0,89.0
2025,2,ATL,FLL,NK,25.0,119.0
2025,2,ATL,FLL,NK,26.0,63.0
2025,2,ATL,FLL,NK,26.0,69.0
2025,2,ATL,FLL,NK,27.0,48.0
2025,2,ATL,FLL,NK,27.0,69.0
2025,2,ATL,FLL,NK,27.0,74.0
2025,2,ATL,FLL,NK,28.0,56.5
2025,2,ATL,FLL,NK,28.0,89.0
2025,2,ATL,FLL,NK,29.0,45.0
2025,2,ATL,FLL,NK,31.0,35.0
2025,2,ATL,FLL,NK,32.0,56.5
2025,2,ATL,FLL,NK,32.0,77.0
2025,2,ATL,FLL,NK,33.0,104.0
2025,2,ATL,FLL,NK,35.0,43.0
2025,2,ATL,FLL,NK,36.0,39.0
2025,2,ATL,FLL,NK,36.0,56.0
2025,2,ATL,FLL,NK,36.0,159.0
2025,2,ATL,FLL,NK,39.0,59.0
2025,2,ATL,FLL,NK,39.0,74.0
2025,2,ATL,FLL,NK,41.0,59.0
2025,2,ATL,FLL,NK,43.0,94.0
2025,2,ATL,FLL,NK,46.0,64.0
2025,2,ATL,FLL,NK,47.0,38.0
2025,2,ATL,FLL,NK,49.0,49.0
2025,2,ATL,FLL,NK,51.0,54.0
2025,2,ATL,FLL,NK,56.0,54.0
2025,2,ATL,FLL,NK,62.0,6.0
2025,2,ATL,FLL,NK,67.0,49.0
2025,2,ATL,FLL,NK,80.0,54.0
2025,2,ATL,FLL,NK,81.0,59.0
2025,2,ATL,FLL,NK,81.0,129.0
2025,2,ATL,FLL,NK,92.0,44.0
2025,2,ATL,FLL,NK,102.0,44.0
2025,2,ATL,FLL,NK,106.0,49.0
2025,2,ATL,FLL,NK,134.0,44.0
2025,2,ORD,FLL,NK,1.0,5.47
2025,2,ORD,FLL,NK,1.0,7.27
2025,2,ORD,FLL,NK,1.0,20.0
2025,2,ORD,FLL,NK,1.0,21.0
2025,2,ORD,FLL,NK,1.0,21.5
2025,2,ORD,FLL,NK,1.0,24.5
2025,2,ORD,FLL,NK,1.0,24.5
2025,2,ORD,FLL,NK,1.0,25.0
2025,2,ORD,FLL,NK,1.0,25.0
2025,2,ORD,FLL,NK,1.0,27.33
2025,2,ORD,FLL,NK,1.0,28.0
2025,2,ORD,FLL,NK,1.0,29.0
2025,2,ORD,FLL,NK,1.0,30.0
2025,2,ORD,FLL,NK,1.0,30.0
2025,2,ORD,FLL,NK,1.0,30.5
2025,2,ORD,FLL,NK,1.0,31.0
2025,2,ORD,FLL,NK,1.0,31.0
2025,2,ORD,FLL,NK,1.0,31.53
2025,2,ORD,FLL,NK,1.0,31.61
2025,2,ORD,FLL,NK,1.0,32.0
2025,2,ORD,FLL,NK,1.0,32.0
2025,2,ORD,FLL,NK,1.0,33.23
2025,2,ORD,FLL,NK,1.0,34.0
2025,2,ORD,FLL,NK,1.0,34.5
2025,2,ORD,FLL,NK,1.0,34.5
2025,2,ORD,FLL,NK,1.0,34.5
2025,2,ORD,FLL,NK,1.0,35.0
2025,2,ORD,FLL,NK,1.0,36.0
2025,2,ORD,FLL,NK,1.0,36.5
2025,2,ORD,FLL,NK,1.0,37.14
2025,2,ORD,FLL,NK,1.0,38.0
2025,2,ORD,FLL,NK,1.0,38.5
2025,2,ORD,FLL,NK,1.0,39.63
2025,2,ORD,FLL,NK,1.0,40.99
2025,2,ORD,FLL,NK,1.0,41.0
2025,2,ORD,FLL,NK,1.0,41.5
2025,2,ORD,FLL,NK,1.0,42.0
2025,2,ORD,FLL,NK,1.0,42.23
2025,2,ORD,FLL,NK,1.0,42.24
2025,2,ORD,FLL,NK,1.0,42.38
2025,2,ORD,FLL,NK,1.0,42.66
2025,2,ORD,FLL,NK,1.0,43.41
2025,2,ORD,FLL,NK,1.0,43.72
2025,2,ORD,FLL,NK,1.0,44.0
2025,2,ORD,FLL,NK,1.0,45.0
2025,2,ORD,FLL,NK,1.0,45.4
2025,2,ORD,FLL,NK,1.0,46.0
2025,2,ORD,FLL,NK,1.0,46.0
2025,2,ORD,FLL,NK,1.0,47.0
2025,2,ORD,FLL,NK,1.0,48.0
2025,2,ORD,FLL,NK,1.0,48.39
2025,2,ORD,FLL,NK,1.0,49.0
2025,2,ORD,FLL,NK,1.0,50.0
2025,2,ORD,FLL,NK,1.0,50.68
2025,2,ORD,FLL,NK,1.0,51.0
2025,2,ORD,FLL,NK,1.0,51.35
2025,2,ORD,FLL,NK,1.0,51.5
2025,2,ORD,FLL,NK,1.0,52.13
2025,2,ORD,FLL,NK,1.0,52.67
2025,2,ORD,FLL,NK,1.0,53.5
2025,2,ORD,FLL,NK,1.0,54.5
2025,2,ORD,FLL,NK,1.0,55.0
2025,2,ORD,FLL,NK,1.0,55.15
2025,2,ORD,FLL,NK,1.0,55.65
2025,2,ORD,FLL,NK,1.0,55.72
2025,2,ORD,FLL,NK,1.0,57.0
2025,2,ORD,FLL,NK,1.0,58.13
2025,2,ORD,FLL,NK,1.0,59.5
2025,2,ORD,FLL,NK,1.0,60.0
2025,2,ORD,FLL,NK,1.0,61.0
2025,2,ORD,FLL,NK,1.0,61.16
2025,2,ORD,FLL,NK,1.0,61.33
2025,2,ORD,FLL,NK,1.0,62.0
2025,2,ORD,FLL,NK,1.0,62.48
2025,2,ORD,FLL,NK,1.0,62.5
2025,2,ORD,FLL,NK,1.0,62.51
2025,2,ORD,FLL,NK,1.0,62.55
2025,2,ORD,FLL,NK,1.0,63.5
2025,2,ORD,FLL,NK,1.0,63.6
2025,2,ORD,FLL,NK,1.0,64.0
2025,2,ORD,FLL,NK,1.0,64.08
2025,2,ORD,FLL,NK,1.0,64.5
2025,2,ORD,FLL,NK,1.0,64.65
2025,2,ORD,FLL,NK,1.0,65.0
2025,2,ORD,FLL,NK,1.0,66.0
2025,2,ORD,FLL,NK,1.0,66.2
2025,2,ORD,FLL,NK,1.0,66.5
2025,2,ORD,FLL,NK,1.0,67.11
2025,2,ORD,FLL,NK,1.0,67.68
2025,2,ORD,FLL,NK,1.0,67.7
2025,2,ORD,FLL,NK,1.0,68.5
2025,2,ORD,FLL,NK,1.0,69.39
2025,2,ORD,FLL,NK,1.0,70.5
2025,2,ORD,FLL,NK,1.0,71.0
2025,2,ORD,FLL,NK,1.0,71.0
2025,2,ORD,FLL,NK,1.0,72.32
2025,2,ORD,FLL,NK,1.0,72.5
2025,2,ORD,FLL,NK,1.0,72.5
2025,2,ORD,FLL,NK,1.0,72.64
2025,2,ORD,FLL,NK,1.0,72.96
2025,2,ORD,FLL,NK,1.0,73.4
2025,2,ORD,FLL,NK,1.0,73.5
2025,2,ORD,FLL,NK,1.0,73.5
2025,2,ORD,FLL,NK,1.0,73.64
2025,2,ORD,FLL,NK,1.0,73.72
2025,2,ORD,FLL,NK,1.0,76.0
2025,2,ORD,FLL,NK,1.0,78.0
2025,2,ORD,FLL,NK,1.0,78.11
2025,2,ORD,FLL,NK,1.0,79.5
2025,2,ORD,FLL,NK,1.0,80.0
2025,2,ORD,FLL,NK,1.0,80.0
2025,2,ORD,FLL,NK,1.0,80.5
2025,2,ORD,FLL,NK,1.0,81.16
2025,2,ORD,FLL,NK,1.0,81.2
2025,2,ORD,FLL,NK,1.0,82.0
2025,2,ORD,FLL,NK,1.0,83.47
2025,2,ORD,FLL,NK,1.0,83.5
2025,2,ORD,FLL,NK,1.0,83.94
2025,2,ORD,FLL,NK,1.0,84.1
2025,2,ORD,FLL,NK,1.0,84.5
2025,2,ORD,FLL,NK,1.0,84.91
2025,2,ORD,FLL,NK,1.0,84.95
2025,2,ORD,FLL,NK,1.0,84.96
2025,2,ORD,FLL,NK,1.0,85.5
2025,2,ORD,FLL,NK,1.0,85.95
2025,2,ORD,FLL,NK,1.0,86.47
2025,2,ORD,FLL,NK,1.0,86.95
2025,2,ORD,FLL,NK,1.0,88.0
2025,2,ORD,FLL,NK,1.0,88.5
2025,2,ORD,FLL,NK,1.0,88.58
2025,2,ORD,FLL,NK,1.0,89.5
2025,2,ORD,FLL,NK,1.0,90.0
2025,2,ORD,FLL,NK,1.0,90.0
2025,2,ORD,FLL,NK,1.0,90.25
2025,2,ORD,FLL,NK,1.0,90.42
2025,2,ORD,FLL,NK,1.0,90.5
2025,2,ORD,FLL,NK,1.0,90.89
2025,2,ORD,FLL,NK,1.0,91.0
2025,2,ORD,FLL,NK,1.0,92.5
2025,2,ORD,FLL,NK,1.0,92.7
2025,2,ORD,FLL,NK,1.0,93.0
2025,2,ORD,FLL,NK,1.0,93.66
2025,2,ORD,FLL,NK,1.0,93.71
2025,2,ORD,FLL,NK,1.0,94.7
2025,2,ORD,FLL,NK,1.0,95.0
2025,2,ORD,FLL,NK,1.0,95.5
2025,2,ORD,FLL,NK,1.0,95.5
2025,2,ORD,FLL,NK,1.0,96.0
2025,2,ORD,FLL,NK,1.0,96.24
2025,2,ORD,FLL,NK,1.0,96.39
2025,2,ORD,FLL,NK,1.0,96.42
2025,2,ORD,FLL,NK,1.0,96.97
2025,2,ORD,FLL,NK,1.0,97.5
2025,2,ORD,FLL,NK,1.0,98.0
2025,2,ORD,FLL,NK,1.0,98.0
2025,2,ORD,FLL,NK,1.0,98.01
2025,2,ORD,FLL,NK,1.0,98.46
2025,2,ORD,FLL,NK,1.0,98.5
2025,2,ORD,FLL,NK,1.0,98.5
2025,2,ORD,FLL,NK,1.0,99.87
2025,2,ORD,FLL,NK,1.0,100.0
2025,2,ORD,FLL,NK,1.0,100.21
2025,2,ORD,FLL,NK,1.0,101.0
2025,2,ORD,FLL,NK,1.0,101.0
2025,2,ORD,FLL,NK,1.0,101.0
2025,2,ORD,FLL,NK,1.0,103.0
2025,2,ORD,FLL,NK,1.0,104.0
2025,2,ORD,FLL,NK,1.0,105.78
2025,2,ORD,FLL,NK,1.0,108.0
2025,2,ORD,FLL,NK,1.0,108.0
2025,2,ORD,FLL,NK,1.0,108.0
2025,2,ORD,FLL,NK,1.0,108.39
2025,2,ORD,FLL,NK,1.0,108.5
2025,2,ORD,FLL,NK,1.0,109.22
2025,2,ORD,FLL,NK,1.0,109.5
2025,2,ORD,FLL,NK,1.0,110.0
2025,2,ORD,FLL,NK,1.0,110.5
2025,2,ORD,FLL,NK,1.0,111.66
2025,2,ORD,FLL,NK,1.0,112.0
2025,2,ORD,FLL,NK,1.0,112.74
2025,2,ORD,FLL,NK,1.0,113.0
2025,2,ORD,FLL,NK,1.0,113.71
2025,2,ORD,FLL,NK,1.0,114.88
2025,2,ORD,FLL,NK,1.0,114.91
2025,2,ORD,FLL,NK,1.0,115.5
2025,2,ORD,FLL,NK,1.0,115.87
2025,2,ORD,FLL,NK,1.0,116.0
2025,2,ORD,FLL,NK,1.0,116.0
2025,2,ORD,FLL,NK,1.0,117.5
2025,2,ORD,FLL,NK,1.0,121.0
2025,2,ORD,FLL,NK,1.0,121.5
2025,2,ORD,FLL,NK,1.0,122.0
2025,2,ORD,FLL,NK,1.0,122.0
2025,2,ORD,FLL,NK,1.0,122.0
2025,2,ORD,FLL,NK,1.0,122.5
2025,2,ORD,FLL,NK,1.0,123.0
2025,2,ORD,FLL,NK,1.0,123.0
2025,2,ORD,FLL,NK,1.0,123.5
2025,2,ORD,FLL,NK,1.0,124.35
2025,2,ORD,FLL,NK,1.0,124.36
2025,2,ORD,FLL,NK,1.0,124.5
2025,2,ORD,FLL,NK,1.0,125.0
2025,2,ORD,FLL,NK,1.0,125.0
2025,2,ORD,FLL,NK,1.0,125.5
2025,2,ORD,FLL,NK,1.0,125.5
2025,2,ORD,FLL,NK,1.0,125.9
2025,2,ORD,FLL,NK,1.0,126.0
2025,2,ORD,FLL,NK,1.0,127.0
2025,2,ORD,FLL,NK,1.0,127.32
2025,2,ORD,FLL,NK,1.0,127.5
2025,2,ORD,FLL,NK,1.0,128.0
2025,2,ORD,FLL,NK,1.0,128.61
2025,2,ORD,FLL,NK,1.0,131.0
2025,2,ORD,FLL,NK,1.0,131.11
2025,2,ORD,FLL,NK,1.0,132.0
2025,2,ORD,FLL,NK,1.0,133.0
2025,2,ORD,FLL,NK,1.0,133.4
2025,2,ORD,FLL,NK,1.0,133.5
2025,2,ORD,FLL,NK,1.0,133.5
2025,2,ORD,FLL,NK,1.0,133.56
2025,2,ORD,FLL,NK,1.0,134.0
2025,2,ORD,FLL,NK,1.0,134.1
2025,2,ORD,FLL,NK,1.0,135.0
2025,2,ORD,FLL,NK,1.0,137.0
2025,2,ORD,FLL,NK,1.0,138.5
2025,2,ORD,FLL,NK,1.0,139.5
2025,2,ORD,FLL,NK,1.0,140.0
2025,2,ORD,FLL,NK,1.0,140.5
2025,2,ORD,FLL,NK,1.0,141.0
2025,2,ORD,FLL,NK,1.0,141.0
2025,2,ORD,FLL,NK,1.0,142.0
2025,2,ORD,FLL,NK,1.0,142.5
2025,2,ORD,FLL,NK,1.0,143.0
2025,2,ORD,FLL,NK,1.0,144.0
2025,2,ORD,FLL,NK,1.0,145.5
2025,2,ORD,FLL,NK,1.0,145.5
2025,2,ORD,FLL,NK,1.0,147.0
2025,2,ORD,FLL,NK,1.0,147.65
2025,2,ORD,FLL,NK,1.0,148.15
2025,2,ORD,FLL,NK,1.0,149.0
2025,2,ORD,FLL,NK,1.0,149.67
2025,2,ORD,FLL,NK,1.0,150.0
2025,2,ORD,FLL,NK,1.0,151.0
2025,2,ORD,FLL,NK,1.0,153.5
2025,2,ORD,FLL,NK,1.0,154.0
2025,2,ORD,FLL,NK,1.0,154.5
2025,2,ORD,FLL,NK,1.0,156.0
2025,2,ORD,FLL,NK,1.0,156.0
2025,2,ORD,FLL,NK,1.0,157.0
2025,2,ORD,FLL,NK,1.0,157.0
2025,2,ORD,FLL,NK,1.0,158.0
2025,2,ORD,FLL,NK,1.0,158.09
2025,2,ORD,FLL,NK,1.0,161.0
2025,2,ORD,FLL,NK,1.0,161.5
2025,2,ORD,FLL,NK,1.0,161.5
2025,2,ORD,FLL,NK,1.0,162.0
2025,2,ORD,FLL,NK,1.0,163.0
2025,2,ORD,FLL,NK,1.0,164.0
2025,2,ORD,FLL,NK,1.0,164.24
2025,2,ORD,FLL,NK,1.0,165.45
2025,2,ORD,FLL,NK,1.0,166.0
2025,2,ORD,FLL,NK,1.0,166.0
2025,2,ORD,FLL,NK,1.0,169.0
2025,2,ORD,FLL,NK,1.0,169.5
2025,2,ORD,FLL,NK,1.0,170.0
2025,2,ORD,FLL,NK,1.0,171.0
2025,2,ORD,FLL,NK,1.0,171.0
2025,2,ORD,FLL,NK,1.0,172.41
2025,2,ORD,FLL,NK,1.0,172.5
2025,2,ORD,FLL,NK,1.0,173.0
2025,2,ORD,FLL,NK,1.0,173.0
2025,2,ORD,FLL,NK,1.0,174.0
2025,2,ORD,FLL,NK,1.0,175.5
2025,2,ORD,FLL,NK,1.0,178.0
2025,2,ORD,FLL,NK,1.0,178.0
2025,2,ORD,FLL,NK,1.0,178.0
2025,2,ORD,FLL,NK,1.0,179.0
2025,2,ORD,FLL,NK,1.0,179.0
2025,2,ORD,FLL,NK,1.0,183.0
2025,2,ORD,FLL,NK,1.0,183.0
2025,2,ORD,FLL,NK,1.0,184.0
2025,2,ORD,FLL,NK,1.0,185.89
2025,2,ORD,FLL,NK,1.0,186.5
2025,2,ORD,FLL,NK,1.0,187.5
2025,2,ORD,FLL,NK,1.0,188.5
2025,2,ORD,FLL,NK,1.0,189.0
2025,2,ORD,FLL,NK,1.0,189.0
2025,2,ORD,FLL,NK,1.0,189.0
2025,2,ORD,FLL,NK,1.0,191.0
2025,2,ORD,FLL,NK,1.0,191.0
2025,2,ORD,FLL,NK,1.0,191.5
2025,2,ORD,FLL,NK,1.0,191.5
2025,2,ORD,FLL,NK,1.0,196.5
2025,2,ORD,FLL,NK,1.0,198.0
2025,2,ORD,FLL,NK,1.0,199.0
2025,2,ORD,FLL,NK,1.0,201.0
2025,2,ORD,FLL,NK,1.0,202.0
2025,2,ORD,FLL,NK,1.0,203.0
2025,2,ORD,FLL,NK,1.0,203.0
2025,2,ORD,FLL,NK,1.0,203.0
2025,2,ORD,FLL,NK,1.0,203.5
2025,2,ORD,FLL,NK,1.0,205.93
2025,2,ORD,FLL,NK,1.0,206.0
2025,2,ORD,FLL,NK,1.0,208.0
2025,2,ORD,FLL,NK,1.0,208.5
2025,2,ORD,FLL,NK,1.0,208.5
2025,2,ORD,FLL,NK,1.0,209.0
2025,2,ORD,FLL,NK,1.0,209.5
2025,2,ORD,FLL,NK,1.0,210.0
2025,2,ORD,FLL,NK,1.0,210.5
2025,2,ORD,FLL,NK,1.0,211.5
2025,2,ORD,FLL,NK,1.0,211.5
2025,2,ORD,FLL,NK,1.0,212.0
2025,2,ORD,FLL,NK,1.0,213.0
2025,2,ORD,FLL,NK,1.0,214.0
2025,2,ORD,FLL,NK,1.0,214.0
2025,2,ORD,FLL,NK,1.0,217.0
2025,2,ORD,FLL,NK,1.0,218.0
2025,2,ORD,FLL,NK,1.0,220.5
2025,2,ORD,FLL,NK,1.0,221.5
2025,2,ORD,FLL,NK,1.0,222.0
2025,2,ORD,FLL,NK,1.0,224.0
2025,2,ORD,FLL,NK,1.0,224.0
2025,2,ORD,FLL,NK,1.0,224.99
2025,2,ORD,FLL,NK,1.0,226.5
2025,2,ORD,FLL,NK,1.0,226.5
2025,2,ORD,FLL,NK,1.0,228.5
2025,2,ORD,FLL,NK,1.0,229.5
2025,2,ORD,FLL,NK,1.0,230.5
2025,2,ORD,FLL,NK,1.0,230.5
2025,2,ORD,FLL,NK,1.0,234.0
2025,2,ORD,FLL,NK,1.0,234.0
2025,2,ORD,FLL,NK,1.0,234.0
2025,2,ORD,FLL,NK,1.0,236.0
2025,2,ORD,FLL,NK,1.0,236.5
2025,2,ORD,FLL,NK,1.0,237.0
2025,2,ORD,FLL,NK,1.0,242.0
2025,2,ORD,FLL,NK,1.0,242.0
2025,2,ORD,FLL,NK,1.0,242.5
2025,2,ORD,FLL,NK,1.0,244.0
2025,2,ORD,FLL,NK,1.0,246.0
2025,2,ORD,FLL,NK,1.0,247.0
2025,2,ORD,FLL,NK,1.0,248.5
2025,2,ORD,FLL,NK,1.0,251.0
2025,2,ORD,FLL,NK,1.0,252.0
2025,2,ORD,FLL,NK,1.0,253.0
2025,2,ORD,FLL,NK,1.0,253.0
2025,2,ORD,FLL,NK,1.0,254.0
2025,2,ORD,FLL,NK,1.0,254.39
2025,2,ORD,FLL,NK,1.0,255.5
2025,2,ORD,FLL,NK,1.0,256.0
2025,2,ORD,FLL,NK,1.0,256.0
2025,2,ORD,FLL,NK,1.0,256.0
2025,2,ORD,FLL,NK,1.0,257.0
2025,2,ORD,FLL,NK,1.0,257.37
2025,2,ORD,FLL,NK,1.0,258.0
2025,2,ORD,FLL,NK,1.0,261.5
2025,2,ORD,FLL,NK,1.0,262.5
2025,2,ORD,FLL,NK,1.0,263.58
2025,2,ORD,FLL,NK,1.0,264.0
2025,2,ORD,FLL,NK,1.0,264.0
2025,2,ORD,FLL,NK,1.0,264.5
2025,2,ORD,FLL,NK,1.0,266.0
2025,2,ORD,FLL,NK,1.0,266.5
2025,2,ORD,FLL,NK,1.0,267.0
2025,2,ORD,FLL,NK,1.0,267.0
2025,2,ORD,FLL,NK,1.0,270.0
2025,2,ORD,FLL,NK,1.0,271.5
2025,2,ORD,FLL,NK,1.0,271.5
2025,2,ORD,FLL,NK,1.0,274.0
2025,2,ORD,FLL,NK,1.0,277.0
2025,2,ORD,FLL,NK,1.0,285.0
2025,2,ORD,FLL,NK,1.0,286.5
2025,2,ORD,FLL,NK,1.0,289.0
2025,2,ORD,FLL,NK,1.0,291.0
2025,2,ORD,FLL,NK,1.0,299.0
2025,2,ORD,FLL,NK,1.0,311.37
2025,2,ORD,FLL,NK,1.0,311.5
2025,2,ORD,FLL,NK,1.0,313.0
2025,2,ORD,FLL,NK,1.0,316.0
2025,2,ORD,FLL,NK,1.0,316.0
2025,2,ORD,FLL,NK,1.0,317.0
2025,2,ORD,FLL,NK,1.0,321.5
2025,2,ORD,FLL,NK,1.0,323.0
2025,2,ORD,FLL,NK,1.0,334.0
2025,2,ORD,FLL,NK,1.0,335.0
2025,2,ORD,FLL,NK,1.0,341.0
2025,2,ORD,FLL,NK,1.0,343.0
2025,2,ORD,FLL,NK,1.0,344.0
2025,2,ORD,FLL,NK,1.0,344.0
2025,2,ORD,FLL,NK,1.0,349.0
2025,2,ORD,FLL,NK,1.0,349.0
2025,2,ORD,FLL,NK,1.0,352.0
2025,2,ORD,FLL,NK,1.0,352.0
2025,2,ORD,FLL,NK,1.0,353.5
2025,2,ORD,FLL,NK,1.0,357.0
2025,2,ORD,FLL,NK,1.0,358.0
2025,2,ORD,FLL,NK,1.0,368.0
2025,2,ORD,FLL,NK,1.0,372.0
2025,2,ORD,FLL,NK,1.0,373.0
2025,2,ORD,FLL,NK,1.0,373.0
2025,2,ORD,FLL,NK,1.0,378.0
2025,2,ORD,FLL,NK,1.0,378.0
2025,2,ORD,FLL,NK,1.0,385.0
2025,2,ORD,FLL,NK,1.0,389.0
2025,2,ORD,FLL,NK,1.0,394.0
2025,2,ORD,FLL,NK,1.0,398.0
2025,2,ORD,FLL,NK,1.0,409.0
2025,2,ORD,FLL,NK,1.0,413.0
2025,2,ORD,FLL,NK,1.0,423.0
2025,2,ORD,FLL,NK,1.0,423.0
2025,2,ORD,FLL,NK,1.0,434.0
2025,2,ORD,FLL,NK,1.0,442.0
2025,2,ORD,FLL,NK,1.0,453.0
2025,2,ORD,FLL,NK,1.0,504.0
2025,2,ORD,FLL,NK,1.0,518.0
2025,2,ORD,FLL,NK,1.0,523.0
2025,2,ORD,FLL,NK,1.0,528.0
2025,2,ORD,FLL,NK,2.0,11.0
2025,2,ORD,FLL,NK,2.0,35.0
2025,2,ORD,FLL,NK,2.0,36.0
2025,2,ORD,FLL,NK,2.0,39.0
2025,2,ORD,FLL,NK,2.0,39.0
2025,2,ORD,FLL,NK,2.0,40.0
2025,2,ORD,FLL,NK,2.0,40.0
2025,2,ORD,FLL,NK,2.0,41.0
2025,2,ORD,FLL,NK,2.0,43.0
2025,2,ORD,FLL,NK,2.0,44.0
2025,2,ORD,FLL,NK,2.0,44.5
2025,2,ORD,FLL,NK,2.0,45.5
2025,2,ORD,FLL,NK,2.0,48.5
2025,2,ORD,FLL,NK,2.0,49.5
2025,2,ORD,FLL,NK,2.0,50.5
2025,2,ORD,FLL,NK,2.0,51.5
2025,2,ORD,FLL,NK,2.0,52.0
2025,2,ORD,FLL,NK,2.0,52.03
2025,2,ORD,FLL,NK,2.0,55.5
2025,2,ORD,FLL,NK,2.0,56.5
2025,2,ORD,FLL,NK,2.0,57.0
2025,2,ORD,FLL,NK,2.0,61.5
2025,2,ORD,FLL,NK,2.0,61.91
2025,2,ORD,FLL,NK,2.0,62.5
2025,2,ORD,FLL,NK,2.0,65.0
2025,2,ORD,FLL,NK,2.0,67.16
2025,2,ORD,FLL,NK,2.0,67.5
2025,2,ORD,FLL,NK,2.0,68.5
2025,2,ORD,FLL,NK,2.0,70.0
2025,2,ORD,FLL,NK,2.0,71.05
2025,2,ORD,FLL,NK,2.0,72.0
2025,2,ORD,FLL,NK,2.0,72.0
2025,2,ORD,FLL,NK,2.0,73.0
2025,2,ORD,FLL,NK,2.0,75.0
2025,2,ORD,FLL,NK,2.0,76.02
2025,2,ORD,FLL,NK,2.0,77.0
2025,2,ORD,FLL,NK,2.0,81.0
2025,2,ORD,FLL,NK,2.0,85.0
2025,2,ORD,FLL,NK,2.0,86.0
2025,2,ORD,FLL,NK,2.0,88.0
2025,2,ORD,FLL,NK,2.0,88.5
2025,2,ORD,FLL,NK,2.0,95.0
2025,2,ORD,FLL,NK,2.0,95.0
2025,2,ORD,FLL,NK,2.0,97.0
2025,2,ORD,FLL,NK,2.0,98.0
2025,2,ORD,FLL,NK,2.0,105.0
2025,2,ORD,FLL,NK,2.0,105.5
2025,2,ORD,FLL,NK,2.0,106.0
2025,2,ORD,FLL,NK,2.0,106.5
2025,2,ORD,FLL,NK,2.0,108.5
2025,2,ORD,FLL,NK,2.0,112.0
2025,2,ORD,FLL,NK,2.0,112.78
2025,2,ORD,FLL,NK,2.0,113.0
2025,2,ORD,FLL,NK,2.0,113.5
2025,2,ORD,FLL,NK,2.0,116.0
2025,2,ORD,FLL,NK,2.0,117.5
2025,2,ORD,FLL,NK,2.0,118.0
2025,2,ORD,FLL,NK,2.0,120.0
2025,2,ORD,FLL,NK,2.0,123.0
2025,2,ORD,FLL,NK,2.0,124.0
2025,2,ORD,FLL,NK,2.0,126.5
2025,2,ORD,FLL,NK,2.0,126.5
2025,2,ORD,FLL,NK,2.0,127.5
2025,2,ORD,FLL,NK,2.0,135.0
2025,2,ORD,FLL,NK,2.0,139.5
2025,2,ORD,FLL,NK,2.0,143.0
2025,2,ORD,FLL,NK,2.0,146.0
2025,2,ORD,FLL,NK,2.0,150.5
2025,2,ORD,FLL,NK,2.0,158.0
2025,2,ORD,FLL,NK,2.0,159.0
2025,2,ORD,FLL,NK,2.0,160.0
2025,2,ORD,FLL,NK,2.0,163.0
2025,2,ORD,FLL,NK,2.0,163.28
2025,2,ORD,FLL,NK,2.0,168.0
2025,2,ORD,FLL,NK,2.0,172.0
2025,2,ORD,FLL,NK,2.0,174.0
2025,2,ORD,FLL,NK,2.0,184.0
2025,2,ORD,FLL,NK,2.0,193.0
2025,2,ORD,FLL,NK,2.0,194.0
2025,2,ORD,FLL,NK,2.0,194.0
2025,2,ORD,FLL,NK,2.0,199.0
2025,2,ORD,FLL,NK,2.0,200.0
2025,2,ORD,FLL,NK,2.0,206.5
2025,2,ORD,FLL,NK,2.0,219.0
2025,2,ORD,FLL,NK,2.0,219.0
2025,2,ORD,FLL,NK,2.0,222.0
2025,2,ORD,FLL,NK,2.0,248.0
2025,2,ORD,FLL,NK,2.0,249.0
2025,2,ORD,FLL,NK,2.0,252.0
2025,2,ORD,FLL,NK,2.0,252.0
2025,2,ORD,FLL,NK,2.0,254.0
2025,2,ORD,FLL,NK,2.0,254.0
2025,2,ORD,FLL,NK,2.0,254.0
2025,2,ORD,FLL,NK,2.0,262.0
2025,2,ORD,FLL,NK,2.0,264.0
2025,2,ORD,FLL,NK,2.0,272.0
2025,2,ORD,FLL,NK,2.0,277.0
2025,2,ORD,FLL,NK,2.0,279.0
2025,2,ORD,FLL,NK,2.0,286.5
2025,2,ORD,FLL,NK,2.0,293.0
2025,2,ORD,FLL,NK,3.0,18.0
2025,2,ORD,FLL,NK,3.0,24.0
2025,2,ORD,FLL,NK,3.0,38.5
2025,2,ORD,FLL,NK,3.0,39.0
2025,2,ORD,FLL,NK,3.0,42.0
2025,2,ORD,FLL,NK,3.0,43.0
2025,2,ORD,FLL,NK,3.0,44.0
2025,2,ORD,FLL,NK,3.0,47.0
2025,2,ORD,FLL,NK,3.0,48.0
2025,2,ORD,FLL,NK,3.0,51.0
2025,2,ORD,FLL,NK,3.0,60.5
2025,2,ORD,FLL,NK,3.0,67.0
2025,2,ORD,FLL,NK,3.0,70.0
2025,2,ORD,FLL,NK,3.0,70.5
2025,2,ORD,FLL,NK,3.0,75.5
2025,2,ORD,FLL,NK,3.0,78.0
2025,2,ORD,FLL,NK,3.0,78.0
2025,2,ORD,FLL,NK,3.0,82.0
2025,2,ORD,FLL,NK,3.0,83.0
2025,2,ORD,FLL,NK,3.0,85.5
2025,2,ORD,FLL,NK,3.0,86.0
2025,2,ORD,FLL,NK,3.0,91.0
2025,2,ORD,FLL,NK,3.0,92.0
2025,2,ORD,FLL,NK,3.0,93.5
2025,2,ORD,FLL,NK,3.0,101.0
2025,2,ORD,FLL,NK,3.0,102.0
2025,2,ORD,FLL,NK,3.0,103.0
2025,2,ORD,FLL,NK,3.0,105.5
2025,2,ORD,FLL,NK,3.0,106.0
2025,2,ORD,FLL,NK,3.0,107.0
2025,2,ORD,FLL,NK,3.0,111.0
2025,2,ORD,FLL,NK,3.0,117.0
2025,2,ORD,FLL,NK,3.0,118.0
2025,2,ORD,FLL,NK,3.0,124.0
2025,2,ORD,FLL,NK,3.0,126.0
2025,2,ORD,FLL,NK,3.0,128.0
2025,2,ORD,FLL,NK,3.0,133.0
2025,2,ORD,FLL,NK,3.0,139.0
2025,2,ORD,FLL,NK,3.0,141.5
2025,2,ORD,FLL,NK,3.0,142.0
2025,2,ORD,FLL,NK,3.0,146.5
2025,2,ORD,FLL,NK,3.0,148.0
2025,2,ORD,FLL,NK,3.0,149.0
2025,2,ORD,FLL,NK,3.0,151.5
2025,2,ORD,FLL,NK,3.0,153.0
2025,2,ORD,FLL,NK,3.0,156.0
2025,2,ORD,FLL,NK,3.0,164.0
2025,2,ORD,FLL,NK,3.0,166.5
2025,2,ORD,FLL,NK,3.0,171.5
2025,2,ORD,FLL,NK,3.0,176.5
2025,2,ORD,FLL,NK,3.0,188.0
2025,2,ORD,FLL,NK,3.0,190.0
2025,2,ORD,FLL,NK,3.0,206.5
2025,2,ORD,FLL,NK,3.0,221.5
2025,2,ORD,FLL,NK,3.0,223.0
2025,2,ORD,FLL,NK,3.0,226.0
2025,2,ORD,FLL,NK,3.0,229.0
2025,2,ORD,FLL,NK,3.0,241.5
2025,2,ORD,FLL,NK,3.0,241.5
2025,2,ORD,FLL,NK,3.0,244.0
2025,2,ORD,FLL,NK,3.0,291.5
2025,2,ORD,FLL,NK,3.0,294.0
2025,2,ORD,FLL,NK,3.0,296.5
2025,2,ORD,FLL,NK,3.0,303.5
2025,2,ORD,FLL,NK,3.0,316.0
2025,2,ORD,FLL,NK,3.0,319.0
2025,2,ORD,FLL,NK,3.0,329.0
2025,2,ORD,FLL,NK,3.0,359.0
2025,2,ORD,FLL,NK,3.0,369.0
2025,2,ORD,FLL,NK,4.0,36.0
2025,2,ORD,FLL,NK,4.0,48.5
2025,2,ORD,FLL,NK,4.0,49.0
2025,2,ORD,FLL,NK,4.0,50.0
2025,2,ORD,FLL,NK,4.0,51.0
2025,2,ORD,FLL,NK,4.0,53.5
2025,2,ORD,FLL,NK,4.0,54.0
2025,2,ORD,FLL,NK,4.0,55.5
2025,2,ORD,FLL,NK,4.0,56.0
2025,2,ORD,FLL,NK,4.0,56.5
2025,2,ORD,FLL,NK,4.0,58.5
2025,2,ORD,FLL,NK,4.0,58.5
2025,2,ORD,FLL,NK,4.0,60.5
2025,2,ORD,FLL,NK,4.0,61.5
2025,2,ORD,FLL,NK,4.0,62.0
2025,2,ORD,FLL,NK,4.0,65.0
2025,2,ORD,FLL,NK,4.0,65.5
2025,2,ORD,FLL,NK,4.0,71.0
2025,2,ORD,FLL,NK,4.0,73.0
2025,2,ORD,FLL,NK,4.0,75.0
2025,2,ORD,FLL,NK,4.0,75.5
2025,2,ORD,FLL,NK,4.0,78.5
2025,2,ORD,FLL,NK,4.0,81.0
2025,2,ORD,FLL,NK,4.0,86.0
2025,2,ORD,FLL,NK,4.0,111.0
2025,2,ORD,FLL,NK,4.0,116.5
2025,2,ORD,FLL,NK,4.0,128.5
2025,2,ORD,FLL,NK,4.0,129.0
2025,2,ORD,FLL,NK,4.0,131.5
2025,2,ORD,FLL,NK,4.0,171.5
2025,2,ORD,FLL,NK,4.0,175.0
2025,2,ORD,FLL,NK,4.0,176.5
2025,2,ORD,FLL,NK,4.0,204.0
2025,2,ORD,FLL,NK,4.0,225.0
2025,2,ORD,FLL,NK,4.0,267.0
2025,2,ORD,FLL,NK,4.0,284.0
2025,2,ORD,FLL,NK,4.0,354.0
2025,2,ORD,FLL,NK,4.0,393.0
2025,2,ORD,FLL,NK,4.0,408.0
2025,2,ORD,FLL,NK,5.0,46.0
2025,2,ORD,FLL,NK,5.0,47.0
2025,2,ORD,FLL,NK,5.0,53.0
2025,2,ORD,FLL,NK,5.0,58.0
2025,2,ORD,FLL,NK,5.0,61.0
2025,2,ORD,FLL,NK,5.0,61.0
2025,2,ORD,FLL,NK,5.0,67.0
2025,2,ORD,FLL,NK,5.0,83.0
2025,2,ORD,FLL,NK,5.0,83.5
2025,2,ORD,FLL,NK,5.0,96.0
2025,2,ORD,FLL,NK,5.0,113.0
2025,2,ORD,FLL,NK,5.0,114.0
2025,2,ORD,FLL,NK,5.0,121.0
2025,2,ORD,FLL,NK,5.0,121.5
2025,2,ORD,FLL,NK,5.0,136.0
2025,2,ORD,FLL,NK,5.0,136.5
2025,2,ORD,FLL,NK,5.0,146.5
2025,2,ORD,FLL,NK,5.0,159.0
2025,2,ORD,FLL,NK,5.0,184.0
2025,2,ORD,FLL,NK,5.0,209.0
2025,2,ORD,FLL,NK,5.0,239.0
2025,2,ORD,FLL,NK,5.0,249.0
2025,2,ORD,FLL,NK,5.0,364.0
2025,2,ORD,FLL,NK,6.0,36.0
2025,2,ORD,FLL,NK,6.0,40.0
2025,2,ORD,FLL,NK,6.0,43.0
2025,2,ORD,FLL,NK,6.0,52.0
2025,2,ORD,FLL,NK,6.0,60.0
2025,2,ORD,FLL,NK,6.0,63.5
2025,2,ORD,FLL,NK,6.0,68.0
2025,2,ORD,FLL,NK,6.0,68.0
2025,2,ORD,FLL,NK,6.0,83.0
2025,2,ORD,FLL,NK,6.0,98.0
2025,2,ORD,FLL,NK,6.0,111.5
2025,2,ORD,FLL,NK,6.0,136.5
2025,2,ORD,FLL,NK,6.0,154.0
2025,2,ORD,FLL,NK,6.0,229.0
2025,2,ORD,FLL,NK,6.0,274.0
2025,2,ORD,FLL,NK,6.0,403.0
2025,2,ORD,FLL,NK,7.0,48.0
2025,2,ORD,FLL,NK,7.0,52.0
2025,2,ORD,FLL,NK,7.0,55.0
2025,2,ORD,FLL,NK,7.0,56.0
2025,2,ORD,FLL,NK,7.0,66.5
2025,2,ORD,FLL,NK,7.0,68.0
2025,2,ORD,FLL,NK,7.0,73.0
2025,2,ORD,FLL,NK,7.0,88.0
2025,2,ORD,FLL,NK,7.0,96.5
2025,2,ORD,FLL,NK,7.0,119.0
2025,2,ORD,FLL,NK,7.0,124.0
2025,2,ORD,FLL,NK,7.0,131.5
2025,2,ORD,FLL,NK,7.0,141.5
2025,2,ORD,FLL,NK,7.0,144.0
2025,2,ORD,FLL,NK,8.0,45.0
2025,2,ORD,FLL,NK,8.0,54.0
2025,2,ORD,FLL,NK,8.0,67.0
2025,2,ORD,FLL,NK,8.0,71.5
2025,2,ORD,FLL,NK,8.0,76.5
2025,2,ORD,FLL,NK,8.0,86.5
2025,2,ORD,FLL,NK,8.0,89.0
2025,2,ORD,FLL,NK,8.0,91.5
2025,2,ORD,FLL,NK,8.0,94.0
2025,2,ORD,FLL,NK,8.0,116.5
2025,2,ORD,FLL,NK,8.0,119.0
2025,2,ORD,FLL,NK,8.0,156.5
2025,2,ORD,FLL,NK,8.0,174.0
2025,2,ORD,FLL,NK,8.0,204.0
2025,2,ORD,FLL,NK,8.0,224.0
2025,2,ORD,FLL,NK,9.0,49.0
2025,2,ORD,FLL,NK,9.0,76.0
2025,2,ORD,FLL,NK,9.0,91.0
2025,2,ORD,FLL,NK,9.0,100.0
2025,2,ORD,FLL,NK,9.0,104.0
2025,2,ORD,FLL,NK,9.0,154.0
2025,2,ORD,FLL,NK,9.0,161.5
2025,2,ORD,FLL,NK,9.0,166.5
2025,2,ORD,FLL,NK,9.0,249.0
2025,2,ORD,FLL,NK,9.0,324.0
2025,2,ORD,FLL,NK,10.0,139.0
2025,2,ORD,FLL,NK,10.0,149.0
2025,2,ORD,FLL,NK,10.0,216.5
2025,2,ORD,FLL,NK,11.0,101.5
2025,2,ORD,FLL,NK,11.0,216.5
2025,2,ORD,FLL,NK,12.0,71.5
2025,2,ORD,FLL,NK,12.0,81.5
2025,2,ORD,FLL,NK,12.0,111.5
2025,2,ORD,FLL,NK,12.0,134.0
2025,2,ORD,FLL,NK,12.0,159.0
2025,2,ORD,FLL,NK,12.0,279.0
2025,2,ORD,FLL,NK,13.0,53.0
2025,2,ORD,FLL,NK,13.0,86.5
2025,2,ORD,FLL,NK,13.0,109.0
2025,2,ORD,FLL,NK,13.0,109.0
2025,2,ORD,FLL,NK,14.0,66.5
2025,2,ORD,FLL,NK,14.0,96.5
2025,2,ORD,FLL,NK,14.0,269.0
2025,2,ORD,FLL,NK,15.0,56.0
2025,2,ORD,FLL,NK,15.0,106.5
2025,2,ORD,FLL,NK,15.0,134.0
2025,2,ORD,FLL,NK,16.0,38.0
2025,2,ORD,FLL,NK,16.0,81.5
2025,2,ORD,FLL,NK,16.0,84.0
2025,2,ORD,FLL,NK,16.0,101.5
2025,2,ORD,FLL,NK,16.0,189.0
2025,2,ORD,FLL,NK,16.0,239.0
2025,2,ORD,FLL,NK,17.0,76.5
2025,2,ORD,FLL,NK,17.0,81.0
2025,2,ORD,FLL,NK,17.0,129.0
2025,2,ORD,FLL,NK,18.0,119.0
2025,2,ORD,FLL,NK,19.0,94.0
2025,2,ORD,FLL,NK,19.0,124.0
2025,2,ORD,FLL,NK,19.0,194.0
2025,2,ORD,FLL,NK,20.0,54.0
2025,2,ORD,FLL,NK,20.0,59.0
2025,2,ORD,FLL,NK,20.0,91.5
2025,2,ORD,FLL,NK,20.0,99.0
2025,2,ORD,FLL,NK,20.0,114.0
2025,2,ORD,FLL,NK,20.0,129.0
2025,2,ORD,FLL,NK,21.0,53.0
2025,2,ORD,FLL,NK,21.0,58.0
2025,2,ORD,FLL,NK,21.0,64.0
2025,2,ORD,FLL,NK,22.0,64.0
2025,2,ORD,FLL,NK,22.0,96.0
2025,2,ORD,FLL,NK,23.0,104.0
2025,2,ORD,FLL,NK,24.0,5.5
2025,2,ORD,FLL,NK,24.0,89.0
2025,2,ORD,FLL,NK,24.0,104.0
2025,2,ORD,FLL,NK,25.0,84.0
2025,2,ORD,FLL,NK,25.0,109.0
2025,2,ORD,FLL,NK,26.0,5.5
2025,2,ORD,FLL,NK,27.0,97.0
2025,2,ORD,FLL,NK,28.0,99.0
2025,2,ORD,FLL,NK,29.0,219.0
2025,2,ORD,FLL,NK,30.0,89.0
2025,2,ORD,FLL,NK,30.0,204.0
2025,2,ORD,FLL,NK,32.0,99.0
2025,2,ORD,FLL,NK,33.0,59.0
2025,2,ORD,FLL,NK,33.0,69.0
2025,2,ORD,FLL,NK,34.0,63.0
2025,2,ORD,FLL,NK,35.0,6.0
2025,2,ORD,FLL,NK,36.0,94.0
2025,2,ORD,FLL,NK,36.0,114.0
2025,2,ORD,FLL,NK,38.0,58.0
2025,2,ORD,FLL,NK,41.0,64.0
2025,2,ORD,FLL,NK,44.0,63.0
2025,2,ORD,FLL,NK,46.0,74.0
2025,2,ORD,FLL,NK,47.0,59.0
2025,2,ORD,FLL,NK,47.0,69.0
2025,2,ORD,FLL,NK,53.0,84.0
2025,2,ORD,FLL,NK,54.0,79.0
2025,2,ORD,FLL,NK,55.0,69.0
2025,2,ORD,FLL,NK,55.0,74.0
2025,2,ORD,FLL,NK,55.0,229.0
2025,2,ORD,FLL,NK,56.0,63.0
2025,2,ORD,FLL,NK,60.0,74.0
2025,2,ORD,FLL,NK,63.0,79.0
2025,2,ORD,FLL,NK,89.0,79.0
