YEAR,QUARTER,ORIGIN,DEST,OPERATING_CARRIER,PASSENGERS,MARKET_FARE
2025,1,FLL,LGA,NK,1.0,5.5
2025,1,FLL,LGA,NK,1.0,5.5
2025,1,FLL,LGA,NK,1.0,5.53
2025,1,FLL,LGA,NK,1.0,14.57
2025,1,FLL,LGA,NK,1.0,15.0
2025,1,FLL,LGA,NK,1.0,15.0
2025,1,FLL,LGA,NK,1.0,16.5
2025,1,FLL,LGA,NK,1.0,17.5
2025,1,FLL,LGA,NK,1.0,19.0
2025,1,FLL,LGA,NK,1.0,19.5
2025,1,FLL,LGA,NK,1.0,20.0
2025,1,FLL,LGA,NK,1.0,21.0
2025,1,FLL,LGA,NK,1.0,21.0
2025,1,FLL,LGA,NK,1.0,21.5
2025,1,FLL,LGA,NK,1.0,23.0
2025,1,FLL,LGA,NK,1.0,23.5
2025,1,FLL,LGA,NK,1.0,24.0
2025,1,FLL,LGA,NK,1.0,24.5
2025,1,FLL,LGA,NK,1.0,24.5
2025,1,FLL,LGA,NK,1.0,24.77
2025,1,FLL,LGA,NK,1.0,25.0
2025,1,FLL,LGA,NK,1.0,26.0
2025,1,FLL,LGA,NK,1.0,26.0
2025,1,FLL,LGA,NK,1.0,27.0
2025,1,FLL,LGA,NK,1.0,27.74
2025,1,FLL,LGA,NK,1.0,28.0
2025,1,FLL,LGA,NK,1.0,29.0
2025,1,FLL,LGA,NK,1.0,29.5
2025,1,FLL,LGA,NK,1.0,29.94
2025,1,FLL,LGA,NK,1.0,30.5
2025,1,FLL,LGA,NK,1.0,30.66
2025,1,FLL,LGA,NK,1.0,31.0
2025,1,FLL,LGA,NK,1.0,31.5
2025,1,FLL,LGA,NK,1.0,32.0
2025,1,FLL,LGA,NK,1.0,33.5
2025,1,FLL,LGA,NK,1.0,33.5
2025,1,FLL,LGA,NK,1.0,34.5
2025,1,FLL,LGA,NK,1.0,35.17
2025,1,FLL,LGA,NK,1.0,35.18
2025,1,FLL,LGA,NK,1.0,35.41
2025,1,FLL,LGA,NK,1.0,36.23
2025,1,FLL,LGA,NK,1.0,36.5
2025,1,FLL,LGA,NK,1.0,37.3
2025,1,FLL,LGA,NK,1.0,38.27
2025,1,FLL,LGA,NK,1.0,39.2
2025,1,FLL,LGA,NK,1.0,39.5
2025,1,FLL,LGA,NK,1.0,39.54
2025,1,FLL,LGA,NK,1.0,40.13
2025,1,FLL,LGA,NK,1.0,40.54
2025,1,FLL,LGA,NK,1.0,40.71
2025,1,FLL,LGA,NK,1.0,41.12
2025,1,FLL,LGA,NK,1.0,42.72
2025,1,FLL,LGA,NK,1.0,43.22
2025,1,FLL,LGA,NK,1.0,43.55
2025,1,FLL,LGA,NK,1.0,43.59
2025,1,FLL,LGA,NK,1.0,43.61
2025,1,FLL,LGA,NK,1.0,44.23
2025,1,FLL,LGA,NK,1.0,44.91
2025,1,FLL,LGA,NK,1.0,45.58
2025,1,FLL,LGA,NK,1.0,46.21
2025,1,FLL,LGA,NK,1.0,46.24
2025,1,FLL,LGA,NK,1.0,46.57
2025,1,FLL,LGA,NK,1.0,49.62
2025,1,FLL,LGA,NK,1.0,49.77
2025,1,FLL,LGA,NK,1.0,50.03
2025,1,FLL,LGA,NK,1.0,50.35
2025,1,FLL,LGA,NK,1.0,50.5
2025,1,FLL,LGA,NK,1.0,50.76
2025,1,FLL,LGA,NK,1.0,52.05
2025,1,FLL,LGA,NK,1.0,52.27
2025,1,FLL,LGA,NK,1.0,52.5
2025,1,FLL,LGA,NK,1.0,54.4
2025,1,FLL,LGA,NK,1.0,55.28
2025,1,FLL,LGA,NK,1.0,55.98
2025,1,FLL,LGA,NK,1.0,56.05
2025,1,FLL,LGA,NK,1.0,56.3
2025,1,FLL,LGA,NK,1.0,56.48
2025,1,FLL,LGA,NK,1.0,56.5
2025,1,FLL,LGA,NK,1.0,56.92
2025,1,FLL,LGA,NK,1.0,57.0
2025,1,FLL,LGA,NK,1.0,57.86
2025,1,FLL,LGA,NK,1.0,58.0
2025,1,FLL,LGA,NK,1.0,58.29
2025,1,FLL,LGA,NK,1.0,58.8
2025,1,FLL,LGA,NK,1.0,58.85
2025,1,FLL,LGA,NK,1.0,61.31
2025,1,FLL,LGA,NK,1.0,61.52
2025,1,FLL,LGA,NK,1.0,62.04
2025,1,FLL,LGA,NK,1.0,62.59
2025,1,FLL,LGA,NK,1.0,63.32
2025,1,FLL,LGA,NK,1.0,63.83
2025,1,FLL,LGA,NK,1.0,64.83
2025,1,FLL,LGA,NK,1.0,65.33
2025,1,FLL,LGA,NK,1.0,65.84
2025,1,FLL,LGA,NK,1.0,66.34
2025,1,FLL,LGA,NK,1.0,66.43
2025,1,FLL,LGA,NK,1.0,67.4
2025,1,FLL,LGA,NK,1.0,67.5
2025,1,FLL,LGA,NK,1.0,67.5
2025,1,FLL,LGA,NK,1.0,68.0
2025,1,FLL,LGA,NK,1.0,68.35
2025,1,FLL,LGA,NK,1.0,68.5
2025,1,FLL,LGA,NK,1.0,68.95
2025,1,FLL,LGA,NK,1.0,70.01
2025,1,FLL,LGA,NK,1.0,70.5
2025,1,FLL,LGA,NK,1.0,70.5
2025,1,FLL,LGA,NK,1.0,70.86
2025,1,FLL,LGA,NK,1.0,71.0
2025,1,FLL,LGA,NK,1.0,72.0
2025,1,FLL,LGA,NK,1.0,72.0
2025,1,FLL,LGA,NK,1.0,72.5
2025,1,FLL,LGA,NK,1.0,72.95
2025,1,FLL,LGA,NK,1.0,73.39
2025,1,FLL,LGA,NK,1.0,73.63
2025,1,FLL,LGA,NK,1.0,74.15
2025,1,FLL,LGA,NK,1.0,74.47
2025,1,FLL,LGA,NK,1.0,75.0
2025,1,FLL,LGA,NK,1.0,75.0
2025,1,FLL,LGA,NK,1.0,75.72
2025,1,FLL,LGA,NK,1.0,76.22
2025,1,FLL,LGA,NK,1.0,76.79
2025,1,FLL,LGA,NK,1.0,77.5
2025,1,FLL,LGA,NK,1.0,78.27
2025,1,FLL,LGA,NK,1.0,79.0
2025,1,FLL,LGA,NK,1.0,79.34
2025,1,FLL,LGA,NK,1.0,79.41
2025,1,FLL,LGA,NK,1.0,80.0
2025,1,FLL,LGA,NK,1.0,80.83
2025,1,FLL,LGA,NK,1.0,80.91
2025,1,FLL,LGA,NK,1.0,81.0
2025,1,FLL,LGA,NK,1.0,81.92
2025,1,FLL,LGA,NK,1.0,83.0
2025,1,FLL,LGA,NK,1.0,83.03
2025,1,FLL,LGA,NK,1.0,84.93
2025,1,FLL,LGA,NK,1.0,85.5
2025,1,FLL,LGA,NK,1.0,86.0
2025,1,FLL,LGA,NK,1.0,86.16
2025,1,FLL,LGA,NK,1.0,86.3
2025,1,FLL,LGA,NK,1.0,87.5
2025,1,FLL,LGA,NK,1.0,88.0
2025,1,FLL,LGA,NK,1.0,89.3
2025,1,FLL,LGA,NK,1.0,89.46
2025,1,FLL,LGA,NK,1.0,89.5
2025,1,FLL,LGA,NK,1.0,89.5
2025,1,FLL,LGA,NK,1.0,89.53
2025,1,FLL,LGA,NK,1.0,89.82
2025,1,FLL,LGA,NK,1.0,90.55
2025,1,FLL,LGA,NK,1.0,90.96
2025,1,FLL,LGA,NK,1.0,91.52
2025,1,FLL,LGA,NK,1.0,92.0
2025,1,FLL,LGA,NK,1.0,92.0
2025,1,FLL,LGA,NK,1.0,92.21
2025,1,FLL,LGA,NK,1.0,92.47
2025,1,FLL,LGA,NK,1.0,92.5
2025,1,FLL,LGA,NK,1.0,93.0
2025,1,FLL,LGA,NK,1.0,93.0
2025,1,FLL,LGA,NK,1.0,93.88
2025,1,FLL,LGA,NK,1.0,93.98
2025,1,FLL,LGA,NK,1.0,94.0
2025,1,FLL,LGA,NK,1.0,94.48
2025,1,FLL,LGA,NK,1.0,94.5
2025,1,FLL,LGA,NK,1.0,94.61
2025,1,FLL,LGA,NK,1.0,94.74
2025,1,FLL,LGA,NK,1.0,94.99
2025,1,FLL,LGA,NK,1.0,95.15
2025,1,FLL,LGA,NK,1.0,95.5
2025,1,FLL,LGA,NK,1.0,96.0
2025,1,FLL,LGA,NK,1.0,96.69
2025,1,FLL,LGA,NK,1.0,97.56
2025,1,FLL,LGA,NK,1.0,98.0
2025,1,FLL,LGA,NK,1.0,98.22
2025,1,FLL,LGA,NK,1.0,99.01
2025,1,FLL,LGA,NK,1.0,99.5
2025,1,FLL,LGA,NK,1.0,99.76
2025,1,FLL,LGA,NK,1.0,100.0
2025,1,FLL,LGA,NK,1.0,100.01
2025,1,FLL,LGA,NK,1.0,100.5
2025,1,FLL,LGA,NK,1.0,101.25
2025,1,FLL,LGA,NK,1.0,102.0
2025,1,FLL,LGA,NK,1.0,103.0
2025,1,FLL,LGA,NK,1.0,103.88
2025,1,FLL,LGA,NK,1.0,104.0
2025,1,FLL,LGA,NK,1.0,104.5
2025,1,FLL,LGA,NK,1.0,104.53
2025,1,FLL,LGA,NK,1.0,105.54
2025,1,FLL,LGA,NK,1.0,106.51
2025,1,FLL,LGA,NK,1.0,107.0
2025,1,FLL,LGA,NK,1.0,107.94
2025,1,FLL,LGA,NK,1.0,108.0
2025,1,FLL,LGA,NK,1.0,108.0
2025,1,FLL,LGA,NK,1.0,108.5
2025,1,FLL,LGA,NK,1.0,108.5
2025,1,FLL,LGA,NK,1.0,110.0
2025,1,FLL,LGA,NK,1.0,110.06
2025,1,FLL,LGA,NK,1.0,110.47
2025,1,FLL,LGA,NK,1.0,110.5
2025,1,FLL,LGA,NK,1.0,111.5
2025,1,FLL,LGA,NK,1.0,111.5
2025,1,FLL,LGA,NK,1.0,112.0
2025,1,FLL,LGA,NK,1.0,112.58
2025,1,FLL,LGA,NK,1.0,112.95
2025,1,FLL,LGA,NK,1.0,113.08
2025,1,FLL,LGA,NK,1.0,114.0
2025,1,FLL,LGA,NK,1.0,115.92
2025,1,FLL,LGA,NK,1.0,116.0
2025,1,FLL,LGA,NK,1.0,116.0
2025,1,FLL,LGA,NK,1.0,116.0
2025,1,FLL,LGA,NK,1.0,116.0
2025,1,FLL,LGA,NK,1.0,117.0
2025,1,FLL,LGA,NK,1.0,117.0
2025,1,FLL,LGA,NK,1.0,117.13
2025,1,FLL,LGA,NK,1.0,117.44
2025,1,FLL,LGA,NK,1.0,117.5
2025,1,FLL,LGA,NK,1.0,117.61
2025,1,FLL,LGA,NK,1.0,118.0
2025,1,FLL,LGA,NK,1.0,118.0
2025,1,FLL,LGA,NK,1.0,119.61
2025,1,FLL,LGA,NK,1.0,120.5
2025,1,FLL,LGA,NK,1.0,120.8
2025,1,FLL,LGA,NK,1.0,121.0
2025,1,FLL,LGA,NK,1.0,121.5
2025,1,FLL,LGA,NK,1.0,121.5
2025,1,FLL,LGA,NK,1.0,122.63
2025,1,FLL,LGA,NK,1.0,122.86
2025,1,FLL,LGA,NK,1.0,123.0
2025,1,FLL,LGA,NK,1.0,123.0
2025,1,FLL,LGA,NK,1.0,123.0
2025,1,FLL,LGA,NK,1.0,124.0
2025,1,FLL,LGA,NK,1.0,124.0
2025,1,FLL,LGA,NK,1.0,124.64
2025,1,FLL,LGA,NK,1.0,124.98
2025,1,FLL,LGA,NK,1.0,125.0
2025,1,FLL,LGA,NK,1.0,126.37
2025,1,FLL,LGA,NK,1.0,126.5
2025,1,FLL,LGA,NK,1.0,126.9
2025,1,FLL,LGA,NK,1.0,126.99
2025,1,FLL,LGA,NK,1.0,128.0
2025,1,FLL,LGA,NK,1.0,128.0
2025,1,FLL,LGA,NK,1.0,128.8
2025,1,FLL,LGA,NK,1.0,129.5
2025,1,FLL,LGA,NK,1.0,130.0
2025,1,FLL,LGA,NK,1.0,130.0
2025,1,FLL,LGA,NK,1.0,130.29
2025,1,FLL,LGA,NK,1.0,131.0
2025,1,FLL,LGA,NK,1.0,131.5
2025,1,FLL,LGA,NK,1.0,132.0
2025,1,FLL,LGA,NK,1.0,132.36
2025,1,FLL,LGA,NK,1.0,132.5
2025,1,FLL,LGA,NK,1.0,132.68
2025,1,FLL,LGA,NK,1.0,133.0
2025,1,FLL,LGA,NK,1.0,133.0
2025,1,FLL,LGA,NK,1.0,134.0
2025,1,FLL,LGA,NK,1.0,134.5
2025,1,FLL,LGA,NK,1.0,134.81
2025,1,FLL,LGA,NK,1.0,136.0
2025,1,FLL,LGA,NK,1.0,136.0
2025,1,FLL,LGA,NK,1.0,136.63
2025,1,FLL,LGA,NK,1.0,137.13
2025,1,FLL,LGA,NK,1.0,137.34
2025,1,FLL,LGA,NK,1.0,137.7
2025,1,FLL,LGA,NK,1.0,138.0
2025,1,FLL,LGA,NK,1.0,138.5
2025,1,FLL,LGA,NK,1.0,139.71
2025,1,FLL,LGA,NK,1.0,141.0
2025,1,FLL,LGA,NK,1.0,141.5
2025,1,FLL,LGA,NK,1.0,141.88
2025,1,FLL,LGA,NK,1.0,142.23
2025,1,FLL,LGA,NK,1.0,142.5
2025,1,FLL,LGA,NK,1.0,143.0
2025,1,FLL,LGA,NK,1.0,143.08
2025,1,FLL,LGA,NK,1.0,144.0
2025,1,FLL,LGA,NK,1.0,144.74
2025,1,FLL,LGA,NK,1.0,146.0
2025,1,FLL,LGA,NK,1.0,146.31
2025,1,FLL,LGA,NK,1.0,146.5
2025,1,FLL,LGA,NK,1.0,146.74
2025,1,FLL,LGA,NK,1.0,147.0
2025,1,FLL,LGA,NK,1.0,147.0
2025,1,FLL,LGA,NK,1.0,147.26
2025,1,FLL,LGA,NK,1.0,147.78
2025,1,FLL,LGA,NK,1.0,148.0
2025,1,FLL,LGA,NK,1.0,148.0
2025,1,FLL,LGA,NK,1.0,148.0
2025,1,FLL,LGA,NK,1.0,149.5
2025,1,FLL,LGA,NK,1.0,150.0
2025,1,FLL,LGA,NK,1.0,150.5
2025,1,FLL,LGA,NK,1.0,151.0
2025,1,FLL,LGA,NK,1.0,151.0
2025,1,FLL,LGA,NK,1.0,151.44
2025,1,FLL,LGA,NK,1.0,151.5
2025,1,FLL,LGA,NK,1.0,152.0
2025,1,FLL,LGA,NK,1.0,152.5
2025,1,FLL,LGA,NK,1.0,153.0
2025,1,FLL,LGA,NK,1.0,153.0
2025,1,FLL,LGA,NK,1.0,153.5
2025,1,FLL,LGA,NK,1.0,153.57
2025,1,FLL,LGA,NK,1.0,154.5
2025,1,FLL,LGA,NK,1.0,155.29
2025,1,FLL,LGA,NK,1.0,156.0
2025,1,FLL,LGA,NK,1.0,156.0
2025,1,FLL,LGA,NK,1.0,157.71
2025,1,FLL,LGA,NK,1.0,157.81
2025,1,FLL,LGA,NK,1.0,158.0
2025,1,FLL,LGA,NK,1.0,160.32
2025,1,FLL,LGA,NK,1.0,161.0
2025,1,FLL,LGA,NK,1.0,162.0
2025,1,FLL,LGA,NK,1.0,163.0
2025,1,FLL,LGA,NK,1.0,164.0
2025,1,FLL,LGA,NK,1.0,164.5
2025,1,FLL,LGA,NK,1.0,164.5
2025,1,FLL,LGA,NK,1.0,166.0
2025,1,FLL,LGA,NK,1.0,166.5
2025,1,FLL,LGA,NK,1.0,166.5
2025,1,FLL,LGA,NK,1.0,167.0
2025,1,FLL,LGA,NK,1.0,167.0
2025,1,FLL,LGA,NK,1.0,167.5
2025,1,FLL,LGA,NK,1.0,168.0
2025,1,FLL,LGA,NK,1.0,168.15
2025,1,FLL,LGA,NK,1.0,170.0
2025,1,FLL,LGA,NK,1.0,170.37
2025,1,FLL,LGA,NK,1.0,171.0
2025,1,FLL,LGA,NK,1.0,171.5
2025,1,FLL,LGA,NK,1.0,172.5
2025,1,FLL,LGA,NK,1.0,172.5
2025,1,FLL,LGA,NK,1.0,173.5
2025,1,FLL,LGA,NK,1.0,173.5
2025,1,FLL,LGA,NK,1.0,174.0
2025,1,FLL,LGA,NK,1.0,174.0
2025,1,FLL,LGA,NK,1.0,174.0
2025,1,FLL,LGA,NK,1.0,174.89
2025,1,FLL,LGA,NK,1.0,175.0
2025,1,FLL,LGA,NK,1.0,176.0
2025,1,FLL,LGA,NK,1.0,176.5
2025,1,FLL,LGA,NK,1.0,177.0
2025,1,FLL,LGA,NK,1.0,178.5
2025,1,FLL,LGA,NK,1.0,179.0
2025,1,FLL,LGA,NK,1.0,180.0
2025,1,FLL,LGA,NK,1.0,180.5
2025,1,FLL,LGA,NK,1.0,181.0
2025,1,FLL,LGA,NK,1.0,181.5
2025,1,FLL,LGA,NK,1.0,182.0
2025,1,FLL,LGA,NK,1.0,182.0
2025,1,FLL,LGA,NK,1.0,182.43
2025,1,FLL,LGA,NK,1.0,182.5
2025,1,FLL,LGA,NK,1.0,183.5
2025,1,FLL,LGA,NK,1.0,183.94
2025,1,FLL,LGA,NK,1.0,184.5
2025,1,FLL,LGA,NK,1.0,184.95
2025,1,FLL,LGA,NK,1.0,185.0
2025,1,FLL,LGA,NK,1.0,185.45
2025,1,FLL,LGA,NK,1.0,186.5
2025,1,FLL,LGA,NK,1.0,187.0
2025,1,FLL,LGA,NK,1.0,187.0
2025,1,FLL,LGA,NK,1.0,188.0
2025,1,FLL,LGA,NK,1.0,188.0
2025,1,FLL,LGA,NK,1.0,189.0
2025,1,FLL,LGA,NK,1.0,190.0
2025,1,FLL,LGA,NK,1.0,191.0
2025,1,FLL,LGA,NK,1.0,191.0
2025,1,FLL,LGA,NK,1.0,192.0
2025,1,FLL,LGA,NK,1.0,193.0
2025,1,FLL,LGA,NK,1.0,193.0
2025,1,FLL,LGA,NK,1.0,193.0
2025,1,FLL,LGA,NK,1.0,194.0
2025,1,FLL,LGA,NK,1.0,194.52
2025,1,FLL,LGA,NK,1.0,195.0
2025,1,FLL,LGA,NK,1.0,197.0
2025,1,FLL,LGA,NK,1.0,197.0
2025,1,FLL,LGA,NK,1.0,197.47
2025,1,FLL,LGA,NK,1.0,198.0
2025,1,FLL,LGA,NK,1.0,198.01
2025,1,FLL,LGA,NK,1.0,199.5
2025,1,FLL,LGA,NK,1.0,200.5
2025,1,FLL,LGA,NK,1.0,201.05
2025,1,FLL,LGA,NK,1.0,201.5
2025,1,FLL,LGA,NK,1.0,204.0
2025,1,FLL,LGA,NK,1.0,204.5
2025,1,FLL,LGA,NK,1.0,205.5
2025,1,FLL,LGA,NK,1.0,206.0
2025,1,FLL,LGA,NK,1.0,207.0
2025,1,FLL,LGA,NK,1.0,207.0
2025,1,FLL,LGA,NK,1.0,207.5
2025,1,FLL,LGA,NK,1.0,208.0
2025,1,FLL,LGA,NK,1.0,208.5
2025,1,FLL,LGA,NK,1.0,208.5
2025,1,FLL,LGA,NK,1.0,209.0
2025,1,FLL,LGA,NK,1.0,210.07
2025,1,FLL,LGA,NK,1.0,210.45
2025,1,FLL,LGA,NK,1.0,211.0
2025,1,FLL,LGA,NK,1.0,212.0
2025,1,FLL,LGA,NK,1.0,212.0
2025,1,FLL,LGA,NK,1.0,213.5
2025,1,FLL,LGA,NK,1.0,214.0
2025,1,FLL,LGA,NK,1.0,214.5
2025,1,FLL,LGA,NK,1.0,215.0
2025,1,FLL,LGA,NK,1.0,215.0
2025,1,FLL,LGA,NK,1.0,216.0
2025,1,FLL,LGA,NK,1.0,216.5
2025,1,FLL,LGA,NK,1.0,220.0
2025,1,FLL,LGA,NK,1.0,220.13
2025,1,FLL,LGA,NK,1.0,221.0
2025,1,FLL,LGA,NK,1.0,222.0
2025,1,FLL,LGA,NK,1.0,224.0
2025,1,FLL,LGA,NK,1.0,225.15
2025,1,FLL,LGA,NK,1.0,225.5
2025,1,FLL,LGA,NK,1.0,226.0
2025,1,FLL,LGA,NK,1.0,226.5
2025,1,FLL,LGA,NK,1.0,227.66
2025,1,FLL,LGA,NK,1.0,228.17
2025,1,FLL,LGA,NK,1.0,229.0
2025,1,FLL,LGA,NK,1.0,230.5
2025,1,FLL,LGA,NK,1.0,230.5
2025,1,FLL,LGA,NK,1.0,232.0
2025,1,FLL,LGA,NK,1.0,233.0
2025,1,FLL,LGA,NK,1.0,233.5
2025,1,FLL,LGA,NK,1.0,234.0
2025,1,FLL,LGA,NK,1.0,235.0
2025,1,FLL,LGA,NK,1.0,236.5
2025,1,FLL,LGA,NK,1.0,238.0
2025,1,FLL,LGA,NK,1.0,239.0
2025,1,FLL,LGA,NK,1.0,240.0
2025,1,FLL,LGA,NK,1.0,240.5
2025,1,FLL,LGA,NK,1.0,241.0
2025,1,FLL,LGA,NK,1.0,241.5
2025,1,FLL,LGA,NK,1.0,244.0
2025,1,FLL,LGA,NK,1.0,244.0
2025,1,FLL,LGA,NK,1.0,246.0
2025,1,FLL,LGA,NK,1.0,252.0
2025,1,FLL,LGA,NK,1.0,254.0
2025,1,FLL,LGA,NK,1.0,255.3
2025,1,FLL,LGA,NK,1.0,255.5
2025,1,FLL,LGA,NK,1.0,256.0
2025,1,FLL,LGA,NK,1.0,256.5
2025,1,FLL,LGA,NK,1.0,256.54
2025,1,FLL,LGA,NK,1.0,257.5
2025,1,FLL,LGA,NK,1.0,258.0
2025,1,FLL,LGA,NK,1.0,259.0
2025,1,FLL,LGA,NK,1.0,259.0
2025,1,FLL,LGA,NK,1.0,266.5
2025,1,FLL,LGA,NK,1.0,266.5
2025,1,FLL,LGA,NK,1.0,270.0
2025,1,FLL,LGA,NK,1.0,277.0
2025,1,FLL,LGA,NK,1.0,279.0
2025,1,FLL,LGA,NK,1.0,280.0
2025,1,FLL,LGA,NK,1.0,280.43
2025,1,FLL,LGA,NK,1.0,282.95
2025,1,FLL,LGA,NK,1.0,284.0
2025,1,FLL,LGA,NK,1.0,285.0
2025,1,FLL,LGA,NK,1.0,287.0
2025,1,FLL,LGA,NK,1.0,287.0
2025,1,FLL,LGA,NK,1.0,290.0
2025,1,FLL,LGA,NK,1.0,292.0
2025,1,FLL,LGA,NK,1.0,292.0
2025,1,FLL,LGA,NK,1.0,295.0
2025,1,FLL,LGA,NK,1.0,296.5
2025,1,FLL,LGA,NK,1.0,296.5
2025,1,FLL,LGA,NK,1.0,299.0
2025,1,FLL,LGA,NK,1.0,303.5
2025,1,FLL,LGA,NK,1.0,304.0
2025,1,FLL,LGA,NK,1.0,305.56
2025,1,FLL,LGA,NK,1.0,307.0
2025,1,FLL,LGA,NK,1.0,310.0
2025,1,FLL,LGA,NK,1.0,313.0
2025,1,FLL,LGA,NK,1.0,314.0
2025,1,FLL,LGA,NK,1.0,315.0
2025,1,FLL,LGA,NK,1.0,316.5
2025,1,FLL,LGA,NK,1.0,319.0
2025,1,FLL,LGA,NK,1.0,322.0
2025,1,FLL,LGA,NK,1.0,324.0
2025,1,FLL,LGA,NK,1.0,325.0
2025,1,FLL,LGA,NK,1.0,327.0
2025,1,FLL,LGA,NK,1.0,354.0
2025,1,FLL,LGA,NK,1.0,358.0
2025,1,FLL,LGA,NK,1.0,364.0
2025,1,FLL,LGA,NK,1.0,368.0
2025,1,FLL,LGA,NK,1.0,375.0
2025,1,FLL,LGA,NK,1.0,379.0
2025,1,FLL,LGA,NK,1.0,384.0
2025,1,FLL,LGA,NK,1.0,388.0
2025,1,FLL,LGA,NK,1.0,408.0
2025,1,FLL,LGA,NK,1.0,412.0
2025,1,FLL,LGA,NK,1.0,414.0
2025,1,FLL,LGA,NK,1.0,416.0
2025,1,FLL,LGA,NK,1.0,417.0
2025,1,FLL,LGA,NK,1.0,422.5
2025,1,FLL,LGA,NK,1.0,423.0
2025,1,FLL,LGA,NK,1.0,435.0
2025,1,FLL,LGA,NK,1.0,439.0
2025,1,FLL,LGA,NK,1.0,446.5
2025,1,FLL,LGA,NK,1.0,451.5
2025,1,FLL,LGA,NK,1.0,499.0
2025,1,FLL,LGA,NK,1.0,513.0
2025,1,FLL,LGA,NK,2.0,6.0
2025,1,FLL,LGA,NK,2.0,11.0
2025,1,FLL,LGA,NK,2.0,15.0
2025,1,FLL,LGA,NK,2.0,16.0
2025,1,FLL,LGA,NK,2.0,16.0
2025,1,FLL,LGA,NK,2.0,17.0
2025,1,FLL,LGA,NK,2.0,20.5
2025,1,FLL,LGA,NK,2.0,22.0
2025,1,FLL,LGA,NK,2.0,23.0
2025,1,FLL,LGA,NK,2.0,25.0
2025,1,FLL,LGA,NK,2.0,32.0
2025,1,FLL,LGA,NK,2.0,32.0
2025,1,FLL,LGA,NK,2.0,33.0
2025,1,FLL,LGA,NK,2.0,33.0
2025,1,FLL,LGA,NK,2.0,34.0
2025,1,FLL,LGA,NK,2.0,34.5
2025,1,FLL,LGA,NK,2.0,35.0
2025,1,FLL,LGA,NK,2.0,35.5
2025,1,FLL,LGA,NK,2.0,35.5
2025,1,FLL,LGA,NK,2.0,43.0
2025,1,FLL,LGA,NK,2.0,44.73
2025,1,FLL,LGA,NK,2.0,45.5
2025,1,FLL,LGA,NK,2.0,46.0
2025,1,FLL,LGA,NK,2.0,47.24
2025,1,FLL,LGA,NK,2.0,47.5
2025,1,FLL,LGA,NK,2.0,48.5
2025,1,FLL,LGA,NK,2.0,53.0
2025,1,FLL,LGA,NK,2.0,53.77
2025,1,FLL,LGA,NK,2.0,54.28
2025,1,FLL,LGA,NK,2.0,55.5
2025,1,FLL,LGA,NK,2.0,56.0
2025,1,FLL,LGA,NK,2.0,57.0
2025,1,FLL,LGA,NK,2.0,58.0
2025,1,FLL,LGA,NK,2.0,59.5
2025,1,FLL,LGA,NK,2.0,60.5
2025,1,FLL,LGA,NK,2.0,62.0
2025,1,FLL,LGA,NK,2.0,62.0
2025,1,FLL,LGA,NK,2.0,64.33
2025,1,FLL,LGA,NK,2.0,66.5
2025,1,FLL,LGA,NK,2.0,66.5
2025,1,FLL,LGA,NK,2.0,68.0
2025,1,FLL,LGA,NK,2.0,69.5
2025,1,FLL,LGA,NK,2.0,72.0
2025,1,FLL,LGA,NK,2.0,73.0
2025,1,FLL,LGA,NK,2.0,73.5
2025,1,FLL,LGA,NK,2.0,74.5
2025,1,FLL,LGA,NK,2.0,76.5
2025,1,FLL,LGA,NK,2.0,76.5
2025,1,FLL,LGA,NK,2.0,76.89
2025,1,FLL,LGA,NK,2.0,77.0
2025,1,FLL,LGA,NK,2.0,77.5
2025,1,FLL,LGA,NK,2.0,78.5
2025,1,FLL,LGA,NK,2.0,83.5
2025,1,FLL,LGA,NK,2.0,84.5
2025,1,FLL,LGA,NK,2.0,84.5
2025,1,FLL,LGA,NK,2.0,88.0
2025,1,FLL,LGA,NK,2.0,88.5
2025,1,FLL,LGA,NK,2.0,90.0
2025,1,FLL,LGA,NK,2.0,91.61
2025,1,FLL,LGA,NK,2.0,92.0
2025,1,FLL,LGA,NK,2.0,93.0
2025,1,FLL,LGA,NK,2.0,93.0
2025,1,FLL,LGA,NK,2.0,93.5
2025,1,FLL,LGA,NK,2.0,95.0
2025,1,FLL,LGA,NK,2.0,95.0
2025,1,FLL,LGA,NK,2.0,95.5
2025,1,FLL,LGA,NK,2.0,96.0
2025,1,FLL,LGA,NK,2.0,96.0
2025,1,FLL,LGA,NK,2.0,98.0
2025,1,FLL,LGA,NK,2.0,98.5
2025,1,FLL,LGA,NK,2.0,100.0
2025,1,FLL,LGA,NK,2.0,100.5
2025,1,FLL,LGA,NK,2.0,101.0
2025,1,FLL,LGA,NK,2.0,101.0
2025,1,FLL,LGA,NK,2.0,102.02
2025,1,FLL,LGA,NK,2.0,103.0
2025,1,FLL,LGA,NK,2.0,103.0
2025,1,FLL,LGA,NK,2.0,103.53
2025,1,FLL,LGA,NK,2.0,104.0
2025,1,FLL,LGA,NK,2.0,105.5
2025,1,FLL,LGA,NK,2.0,107.0
2025,1,FLL,LGA,NK,2.0,109.5
2025,1,FLL,LGA,NK,2.0,110.0
2025,1,FLL,LGA,NK,2.0,111.0
2025,1,FLL,LGA,NK,2.0,112.0
2025,1,FLL,LGA,NK,2.0,113.0
2025,1,FLL,LGA,NK,2.0,120.0
2025,1,FLL,LGA,NK,2.0,120.5
2025,1,FLL,LGA,NK,2.0,121.0
2025,1,FLL,LGA,NK,2.0,122.0
2025,1,FLL,LGA,NK,2.0,124.5
2025,1,FLL,LGA,NK,2.0,125.5
2025,1,FLL,LGA,NK,2.0,128.0
2025,1,FLL,LGA,NK,2.0,129.0
2025,1,FLL,LGA,NK,2.0,129.0
2025,1,FLL,LGA,NK,2.0,130.0
2025,1,FLL,LGA,NK,2.0,130.0
2025,1,FLL,LGA,NK,2.0,131.5
2025,1,FLL,LGA,NK,2.0,132.0
2025,1,FLL,LGA,NK,2.0,136.0
2025,1,FLL,LGA,NK,2.0,136.5
2025,1,FLL,LGA,NK,2.0,137.0
2025,1,FLL,LGA,NK,2.0,137.2
2025,1,FLL,LGA,NK,2.0,137.5
2025,1,FLL,LGA,NK,2.0,138.0
2025,1,FLL,LGA,NK,2.0,139.0
2025,1,FLL,LGA,NK,2.0,139.5
2025,1,FLL,LGA,NK,2.0,140.5
2025,1,FLL,LGA,NK,2.0,140.5
2025,1,FLL,LGA,NK,2.0,141.5
2025,1,FLL,LGA,NK,2.0,143.0
2025,1,FLL,LGA,NK,2.0,144.5
2025,1,FLL,LGA,NK,2.0,145.0
2025,1,FLL,LGA,NK,2.0,146.0
2025,1,FLL,LGA,NK,2.0,150.0
2025,1,FLL,LGA,NK,2.0,151.0
2025,1,FLL,LGA,NK,2.0,152.0
2025,1,FLL,LGA,NK,2.0,153.5
2025,1,FLL,LGA,NK,2.0,154.0
2025,1,FLL,LGA,NK,2.0,154.0
2025,1,FLL,LGA,NK,2.0,154.79
2025,1,FLL,LGA,NK,2.0,155.5
2025,1,FLL,LGA,NK,2.0,156.0
2025,1,FLL,LGA,NK,2.0,156.5
2025,1,FLL,LGA,NK,2.0,159.0
2025,1,FLL,LGA,NK,2.0,160.0
2025,1,FLL,LGA,NK,2.0,161.0
2025,1,FLL,LGA,NK,2.0,161.5
2025,1,FLL,LGA,NK,2.0,162.0
2025,1,FLL,LGA,NK,2.0,164.0
2025,1,FLL,LGA,NK,2.0,165.0
2025,1,FLL,LGA,NK,2.0,167.86
2025,1,FLL,LGA,NK,2.0,168.5
2025,1,FLL,LGA,NK,2.0,169.0
2025,1,FLL,LGA,NK,2.0,170.0
2025,1,FLL,LGA,NK,2.0,172.0
2025,1,FLL,LGA,NK,2.0,177.0
2025,1,FLL,LGA,NK,2.0,178.0
2025,1,FLL,LGA,NK,2.0,179.5
2025,1,FLL,LGA,NK,2.0,185.0
2025,1,FLL,LGA,NK,2.0,186.0
2025,1,FLL,LGA,NK,2.0,187.0
2025,1,FLL,LGA,NK,2.0,187.0
2025,1,FLL,LGA,NK,2.0,190.0
2025,1,FLL,LGA,NK,2.0,192.0
2025,1,FLL,LGA,NK,2.0,197.0
2025,1,FLL,LGA,NK,2.0,199.0
2025,1,FLL,LGA,NK,2.0,204.0
2025,1,FLL,LGA,NK,2.0,204.0
2025,1,FLL,LGA,NK,2.0,211.5
2025,1,FLL,LGA,NK,2.0,216.0
2025,1,FLL,LGA,NK,2.0,217.0
2025,1,FLL,LGA,NK,2.0,220.0
2025,1,FLL,LGA,NK,2.0,223.0
2025,1,FLL,LGA,NK,2.0,235.0
2025,1,FLL,LGA,NK,2.0,237.0
2025,1,FLL,LGA,NK,2.0,260.0
2025,1,FLL,LGA,NK,2.0,260.0
2025,1,FLL,LGA,NK,2.0,289.0
2025,1,FLL,LGA,NK,2.0,304.0
2025,1,FLL,LGA,NK,2.0,314.0
2025,1,FLL,LGA,NK,2.0,317.0
2025,1,FLL,LGA,NK,2.0,325.0
2025,1,FLL,LGA,NK,2.0,440.0
2025,1,FLL,LGA,NK,3.0,18.0
2025,1,FLL,LGA,NK,3.0,22.0
2025,1,FLL,LGA,NK,3.0,28.0
2025,1,FLL,LGA,NK,3.0,30.0
2025,1,FLL,LGA,NK,3.0,31.0
2025,1,FLL,LGA,NK,3.0,35.0
2025,1,FLL,LGA,NK,3.0,36.0
2025,1,FLL,LGA,NK,3.0,46.0
2025,1,FLL,LGA,NK,3.0,50.5
2025,1,FLL,LGA,NK,3.0,53.5
2025,1,FLL,LGA,NK,3.0,55.5
2025,1,FLL,LGA,NK,3.0,56.5
2025,1,FLL,LGA,NK,3.0,57.5
2025,1,FLL,LGA,NK,3.0,57.5
2025,1,FLL,LGA,NK,3.0,58.5
2025,1,FLL,LGA,NK,3.0,59.3
2025,1,FLL,LGA,NK,3.0,59.5
2025,1,FLL,LGA,NK,3.0,62.5
2025,1,FLL,LGA,NK,3.0,67.0
2025,1,FLL,LGA,NK,3.0,67.0
2025,1,FLL,LGA,NK,3.0,69.5
2025,1,FLL,LGA,NK,3.0,73.5
2025,1,FLL,LGA,NK,3.0,75.0
2025,1,FLL,LGA,NK,3.0,76.0
2025,1,FLL,LGA,NK,3.0,80.0
2025,1,FLL,LGA,NK,3.0,80.5
2025,1,FLL,LGA,NK,3.0,81.0
2025,1,FLL,LGA,NK,3.0,82.0
2025,1,FLL,LGA,NK,3.0,85.0
2025,1,FLL,LGA,NK,3.0,86.0
2025,1,FLL,LGA,NK,3.0,86.5
2025,1,FLL,LGA,NK,3.0,86.5
2025,1,FLL,LGA,NK,3.0,88.0
2025,1,FLL,LGA,NK,3.0,88.0
2025,1,FLL,LGA,NK,3.0,90.0
2025,1,FLL,LGA,NK,3.0,91.0
2025,1,FLL,LGA,NK,3.0,91.5
2025,1,FLL,LGA,NK,3.0,94.0
2025,1,FLL,LGA,NK,3.0,96.5
2025,1,FLL,LGA,NK,3.0,101.0
2025,1,FLL,LGA,NK,3.0,102.0
2025,1,FLL,LGA,NK,3.0,103.5
2025,1,FLL,LGA,NK,3.0,105.0
2025,1,FLL,LGA,NK,3.0,106.0
2025,1,FLL,LGA,NK,3.0,106.0
2025,1,FLL,LGA,NK,3.0,107.0
2025,1,FLL,LGA,NK,3.0,111.0
2025,1,FLL,LGA,NK,3.0,112.5
2025,1,FLL,LGA,NK,3.0,118.5
2025,1,FLL,LGA,NK,3.0,122.0
2025,1,FLL,LGA,NK,3.0,123.0
2025,1,FLL,LGA,NK,3.0,123.5
2025,1,FLL,LGA,NK,3.0,126.0
2025,1,FLL,LGA,NK,3.0,135.0
2025,1,FLL,LGA,NK,3.0,136.5
2025,1,FLL,LGA,NK,3.0,137.0
2025,1,FLL,LGA,NK,3.0,138.5
2025,1,FLL,LGA,NK,3.0,142.0
2025,1,FLL,LGA,NK,3.0,144.0
2025,1,FLL,LGA,NK,3.0,151.0
2025,1,FLL,LGA,NK,3.0,155.0
2025,1,FLL,LGA,NK,3.0,157.0
2025,1,FLL,LGA,NK,3.0,160.0
2025,1,FLL,LGA,NK,3.0,161.0
2025,1,FLL,LGA,NK,3.0,165.0
2025,1,FLL,LGA,NK,3.0,167.0
2025,1,FLL,LGA,NK,3.0,168.0
2025,1,FLL,LGA,NK,3.0,169.0
2025,1,FLL,LGA,NK,3.0,171.0
2025,1,FLL,LGA,NK,3.0,188.5
2025,1,FLL,LGA,NK,3.0,195.0
2025,1,FLL,LGA,NK,3.0,199.0
2025,1,FLL,LGA,NK,3.0,200.0
2025,1,FLL,LGA,NK,3.0,210.0
2025,1,FLL,LGA,NK,3.0,218.0
2025,1,FLL,LGA,NK,3.0,245.0
2025,1,FLL,LGA,NK,3.0,264.0
2025,1,FLL,LGA,NK,3.0,329.0
2025,1,FLL,LGA,NK,3.0,367.0
2025,1,FLL,LGA,NK,4.0,15.5
2025,1,FLL,LGA,NK,4.0,18.0
2025,1,FLL,LGA,NK,4.0,22.0
2025,1,FLL,LGA,NK,4.0,31.0
2025,1,FLL,LGA,NK,4.0,36.0
2025,1,FLL,LGA,NK,4.0,37.0
2025,1,FLL,LGA,NK,4.0,37.5
2025,1,FLL,LGA,NK,4.0,40.5
2025,1,FLL,LGA,NK,4.0,43.0
2025,1,FLL,LGA,NK,4.0,53.5
2025,1,FLL,LGA,NK,4.0,56.0
2025,1,FLL,LGA,NK,4.0,62.0
2025,1,FLL,LGA,NK,4.0,63.0
2025,1,FLL,LGA,NK,4.0,65.0
2025,1,FLL,LGA,NK,4.0,68.0
2025,1,FLL,LGA,NK,4.0,70.0
2025,1,FLL,LGA,NK,4.0,70.5
2025,1,FLL,LGA,NK,4.0,73.0
2025,1,FLL,LGA,NK,4.0,73.0
2025,1,FLL,LGA,NK,4.0,74.5
2025,1,FLL,LGA,NK,4.0,78.0
2025,1,FLL,LGA,NK,4.0,78.5
2025,1,FLL,LGA,NK,4.0,81.5
2025,1,FLL,LGA,NK,4.0,82.0
2025,1,FLL,LGA,NK,4.0,83.0
2025,1,FLL,LGA,NK,4.0,83.0
2025,1,FLL,LGA,NK,4.0,87.0
2025,1,FLL,LGA,NK,4.0,89.0
2025,1,FLL,LGA,NK,4.0,93.5
2025,1,FLL,LGA,NK,4.0,96.0
2025,1,FLL,LGA,NK,4.0,98.5
2025,1,FLL,LGA,NK,4.0,101.5
2025,1,FLL,LGA,NK,4.0,102.0
2025,1,FLL,LGA,NK,4.0,103.0
2025,1,FLL,LGA,NK,4.0,105.0
2025,1,FLL,LGA,NK,4.0,106.5
2025,1,FLL,LGA,NK,4.0,109.0
2025,1,FLL,LGA,NK,4.0,113.0
2025,1,FLL,LGA,NK,4.0,115.5
2025,1,FLL,LGA,NK,4.0,117.0
2025,1,FLL,LGA,NK,4.0,118.0
2025,1,FLL,LGA,NK,4.0,120.0
2025,1,FLL,LGA,NK,4.0,121.0
2025,1,FLL,LGA,NK,4.0,122.0
2025,1,FLL,LGA,NK,4.0,123.5
2025,1,FLL,LGA,NK,4.0,124.0
2025,1,FLL,LGA,NK,4.0,129.0
2025,1,FLL,LGA,NK,4.0,141.0
2025,1,FLL,LGA,NK,4.0,142.0
2025,1,FLL,LGA,NK,4.0,144.0
2025,1,FLL,LGA,NK,4.0,144.5
2025,1,FLL,LGA,NK,4.0,149.0
2025,1,FLL,LGA,NK,4.0,155.0
2025,1,FLL,LGA,NK,4.0,156.5
2025,1,FLL,LGA,NK,4.0,161.5
2025,1,FLL,LGA,NK,4.0,173.0
2025,1,FLL,LGA,NK,4.0,179.0
2025,1,FLL,LGA,NK,4.0,195.0
2025,1,FLL,LGA,NK,4.0,212.0
2025,1,FLL,LGA,NK,4.0,219.0
2025,1,FLL,LGA,NK,4.0,249.0
2025,1,FLL,LGA,NK,4.0,267.0
2025,1,FLL,LGA,NK,5.0,26.5
2025,1,FLL,LGA,NK,5.0,30.0
2025,1,FLL,LGA,NK,5.0,31.5
2025,1,FLL,LGA,NK,5.0,32.5
2025,1,FLL,LGA,NK,5.0,36.0
2025,1,FLL,LGA,NK,5.0,39.5
2025,1,FLL,LGA,NK,5.0,40.0
2025,1,FLL,LGA,NK,5.0,41.0
2025,1,FLL,LGA,NK,5.0,41.0
2025,1,FLL,LGA,NK,5.0,42.0
2025,1,FLL,LGA,NK,5.0,42.0
2025,1,FLL,LGA,NK,5.0,42.0
2025,1,FLL,LGA,NK,5.0,47.5
2025,1,FLL,LGA,NK,5.0,48.5
2025,1,FLL,LGA,NK,5.0,52.0
2025,1,FLL,LGA,NK,5.0,60.0
2025,1,FLL,LGA,NK,5.0,63.0
2025,1,FLL,LGA,NK,5.0,63.5
2025,1,FLL,LGA,NK,5.0,65.5
2025,1,FLL,LGA,NK,5.0,77.0
2025,1,FLL,LGA,NK,5.0,82.42
2025,1,FLL,LGA,NK,5.0,83.5
2025,1,FLL,LGA,NK,5.0,85.0
2025,1,FLL,LGA,NK,5.0,86.0
2025,1,FLL,LGA,NK,5.0,88.5
2025,1,FLL,LGA,NK,5.0,91.0
2025,1,FLL,LGA,NK,5.0,124.0
2025,1,FLL,LGA,NK,5.0,125.0
2025,1,FLL,LGA,NK,5.0,127.0
2025,1,FLL,LGA,NK,5.0,131.0
2025,1,FLL,LGA,NK,5.0,135.0
2025,1,FLL,LGA,NK,5.0,141.0
2025,1,FLL,LGA,NK,5.0,145.0
2025,1,FLL,LGA,NK,5.0,175.0
2025,1,FLL,LGA,NK,5.0,206.0
2025,1,FLL,LGA,NK,5.0,240.0
2025,1,FLL,LGA,NK,6.0,38.0
2025,1,FLL,LGA,NK,6.0,38.7
2025,1,FLL,LGA,NK,6.0,43.0
2025,1,FLL,LGA,NK,6.0,43.5
2025,1,FLL,LGA,NK,6.0,52.0
2025,1,FLL,LGA,NK,6.0,60.0
2025,1,FLL,LGA,NK,6.0,62.5
2025,1,FLL,LGA,NK,6.0,63.5
2025,1,FLL,LGA,NK,6.0,66.0
2025,1,FLL,LGA,NK,6.0,67.0
2025,1,FLL,LGA,NK,6.0,68.5
2025,1,FLL,LGA,NK,6.0,70.0
2025,1,FLL,LGA,NK,6.0,91.5
2025,1,FLL,LGA,NK,6.0,97.0
2025,1,FLL,LGA,NK,6.0,114.0
2025,1,FLL,LGA,NK,6.0,114.0
2025,1,FLL,LGA,NK,6.0,116.5
2025,1,FLL,LGA,NK,6.0,132.0
2025,1,FLL,LGA,NK,6.0,135.0
2025,1,FLL,LGA,NK,6.0,142.0
2025,1,FLL,LGA,NK,6.0,145.0
2025,1,FLL,LGA,NK,6.0,149.0
2025,1,FLL,LGA,NK,6.0,155.0
2025,1,FLL,LGA,NK,6.0,179.0
2025,1,FLL,LGA,NK,6.0,439.0
2025,1,FLL,LGA,NK,7.0,26.5
2025,1,FLL,LGA,NK,7.0,28.0
2025,1,FLL,LGA,NK,7.0,30.0
2025,1,FLL,LGA,NK,7.0,34.0
2025,1,FLL,LGA,NK,7.0,40.0
2025,1,FLL,LGA,NK,7.0,43.0
2025,1,FLL,LGA,NK,7.0,45.5
2025,1,FLL,LGA,NK,7.0,46.0
2025,1,FLL,LGA,NK,7.0,49.5
2025,1,FLL,LGA,NK,7.0,76.0
2025,1,FLL,LGA,NK,7.0,76.0
2025,1,FLL,LGA,NK,7.0,77.0
2025,1,FLL,LGA,NK,7.0,89.0
2025,1,FLL,LGA,NK,7.0,92.0
2025,1,FLL,LGA,NK,7.0,95.0
2025,1,FLL,LGA,NK,7.0,96.5
2025,1,FLL,LGA,NK,7.0,97.0
2025,1,FLL,LGA,NK,7.0,99.0
2025,1,FLL,LGA,NK,7.0,100.0
2025,1,FLL,LGA,NK,7.0,105.0
2025,1,FLL,LGA,NK,7.0,134.0
2025,1,FLL,LGA,NK,7.0,140.0
2025,1,FLL,LGA,NK,7.0,160.0
2025,1,FLL,LGA,NK,7.0,205.0
2025,1,FLL,LGA,NK,7.0,275.0
2025,1,FLL,LGA,NK,8.0,37.0
2025,1,FLL,LGA,NK,8.0,39.0
2025,1,FLL,LGA,NK,8.0,41.0
2025,1,FLL,LGA,NK,8.0,46.5
2025,1,FLL,LGA,NK,8.0,47.0
2025,1,FLL,LGA,NK,8.0,53.0
2025,1,FLL,LGA,NK,8.0,53.0
2025,1,FLL,LGA,NK,8.0,55.0
2025,1,FLL,LGA,NK,8.0,56.0
2025,1,FLL,LGA,NK,8.0,65.0
2025,1,FLL,LGA,NK,8.0,71.5
2025,1,FLL,LGA,NK,8.0,85.0
2025,1,FLL,LGA,NK,8.0,94.0
2025,1,FLL,LGA,NK,8.0,109.0
2025,1,FLL,LGA,NK,8.0,110.0
2025,1,FLL,LGA,NK,8.0,115.0
2025,1,FLL,LGA,NK,8.0,185.0
2025,1,FLL,LGA,NK,8.0,200.0
2025,1,FLL,LGA,NK,8.0,227.0
2025,1,FLL,LGA,NK,9.0,42.5
2025,1,FLL,LGA,NK,9.0,59.0
2025,1,FLL,LGA,NK,9.0,74.0
2025,1,FLL,LGA,NK,9.0,80.0
2025,1,FLL,LGA,NK,9.0,81.0
2025,1,FLL,LGA,NK,9.0,81.5
2025,1,FLL,LGA,NK,9.0,84.0
2025,1,FLL,LGA,NK,9.0,87.0
2025,1,FLL,LGA,NK,9.0,97.0
2025,1,FLL,LGA,NK,9.0,115.0
2025,1,FLL,LGA,NK,9.0,119.0
2025,1,FLL,LGA,NK,9.0,139.0
2025,1,FLL,LGA,NK,9.0,224.0
2025,1,FLL,LGA,NK,10.0,38.0
2025,1,FLL,LGA,NK,10.0,42.5
2025,1,FLL,LGA,NK,10.0,43.5
2025,1,FLL,LGA,NK,10.0,48.0
2025,1,FLL,LGA,NK,10.0,50.0
2025,1,FLL,LGA,NK,10.0,65.0
2025,1,FLL,LGA,NK,10.0,90.0
2025,1,FLL,LGA,NK,10.0,100.0
2025,1,FLL,LGA,NK,10.0,101.5
2025,1,FLL,LGA,NK,10.0,125.0
2025,1,FLL,LGA,NK,10.0,165.0
2025,1,FLL,LGA,NK,10.0,172.0
2025,1,FLL,LGA,NK,11.0,39.0
2025,1,FLL,LGA,NK,11.0,64.0
2025,1,FLL,LGA,NK,11.0,64.5
2025,1,FLL,LGA,NK,11.0,65.5
2025,1,FLL,LGA,NK,11.0,71.5
2025,1,FLL,LGA,NK,11.0,87.0
2025,1,FLL,LGA,NK,11.0,99.0
2025,1,FLL,LGA,NK,11.0,109.0
2025,1,FLL,LGA,NK,11.0,120.0
2025,1,FLL,LGA,NK,11.0,125.0
2025,1,FLL,LGA,NK,11.0,159.0
2025,1,FLL,LGA,NK,11.0,235.0
2025,1,FLL,LGA,NK,12.0,32.5
2025,1,FLL,LGA,NK,12.0,46.5
2025,1,FLL,LGA,NK,12.0,47.0
2025,1,FLL,LGA,NK,12.0,55.0
2025,1,FLL,LGA,NK,12.0,61.5
2025,1,FLL,LGA,NK,12.0,69.0
2025,1,FLL,LGA,NK,12.0,71.0
2025,1,FLL,LGA,NK,12.0,84.0
2025,1,FLL,LGA,NK,12.0,89.0
2025,1,FLL,LGA,NK,12.0,104.0
2025,1,FLL,LGA,NK,12.0,119.0
2025,1,FLL,LGA,NK,12.0,172.0
2025,1,FLL,LGA,NK,12.0,279.0
2025,1,FLL,LGA,NK,13.0,37.0
2025,1,FLL,LGA,NK,13.0,44.5
2025,1,FLL,LGA,NK,13.0,50.0
2025,1,FLL,LGA,NK,13.0,51.5
2025,1,FLL,LGA,NK,13.0,60.0
2025,1,FLL,LGA,NK,13.0,70.0
2025,1,FLL,LGA,NK,13.0,79.0
2025,1,FLL,LGA,NK,13.0,102.0
2025,1,FLL,LGA,NK,14.0,44.0
2025,1,FLL,LGA,NK,14.0,54.0
2025,1,FLL,LGA,NK,14.0,64.0
2025,1,FLL,LGA,NK,14.0,64.0
2025,1,FLL,LGA,NK,14.0,79.0
2025,1,FLL,LGA,NK,14.0,115.0
2025,1,FLL,LGA,NK,14.0,134.0
2025,1,FLL,LGA,NK,15.0,37.5
2025,1,FLL,LGA,NK,15.0,49.5
2025,1,FLL,LGA,NK,15.0,51.5
2025,1,FLL,LGA,NK,15.0,52.0
2025,1,FLL,LGA,NK,15.0,64.5
2025,1,FLL,LGA,NK,15.0,74.0
2025,1,FLL,LGA,NK,15.0,149.0
2025,1,FLL,LGA,NK,16.0,44.0
2025,1,FLL,LGA,NK,16.0,47.0
2025,1,FLL,LGA,NK,16.0,54.5
2025,1,FLL,LGA,NK,16.0,58.0
2025,1,FLL,LGA,NK,17.0,58.0
2025,1,FLL,LGA,NK,17.0,61.0
2025,1,FLL,LGA,NK,17.0,80.0
2025,1,FLL,LGA,NK,17.0,84.0
2025,1,FLL,LGA,NK,18.0,40.0
2025,1,FLL,LGA,NK,18.0,57.0
2025,1,FLL,LGA,NK,18.0,59.0
2025,1,FLL,LGA,NK,18.0,184.0
2025,1,FLL,LGA,NK,19.0,44.5
2025,1,FLL,LGA,NK,20.0,69.0
2025,1,FLL,LGA,NK,21.0,48.0
2025,1,FLL,LGA,NK,21.0,50.0
2025,1,FLL,LGA,NK,21.0,59.0
2025,1,FLL,LGA,NK,21.0,61.5
2025,1,FLL,LGA,NK,21.0,66.0
2025,1,FLL,LGA,NK,21.0,69.0
2025,1,FLL,LGA,NK,22.0,49.0
2025,1,FLL,LGA,NK,22.0,81.0
2025,1,FLL,LGA,NK,23.0,57.0
2025,1,FLL,LGA,NK,23.0,74.0
2025,1,FLL,LGA,NK,24.0,54.0
2025,1,FLL,LGA,NK,25.0,55.0
2025,1,FLL,LGA,NK,27.0,91.0
2025,1,FLL,LGA,NK,28.0,39.0
2025,1,FLL,LGA,NK,28.0,44.0
2025,1,FLL,LGA,NK,28.0,54.0
2025,1,FLL,LGA,NK,28.0,54.5
2025,1,FLL,LGA,NK,28.0,61.0
2025,1,FLL,LGA,NK,28.0,169.0
2025,1,FLL,LGA,NK,30.0,48.0
2025,1,FLL,LGA,NK,30.0,71.0
2025,1,FLL,LGA,NK,31.0,51.0
2025,1,FLL,LGA,NK,31.0,99.0
2025,1,FLL,LGA,NK,31.0,119.0
2025,1,FLL,LGA,NK,31.0,239.0
2025,1,FLL,LGA,NK,32.0,5.5
2025,1,FLL,LGA,NK,33.0,34.0
2025,1,FLL,LGA,NK,33.0,49.0
2025,1,FLL,LGA,NK,33.0,51.0
2025,1,FLL,LGA,NK,33.0,159.0
2025,1,FLL,LGA,NK,34.0,41.5
2025,1,FLL,LGA,NK,36.0,5.5
2025,1,FLL,LGA,NK,36.0,154.0
2025,1,FLL,LGA,NK,36.0,195.0
2025,1,FLL,LGA,NK,37.0,51.0
2025,1,FLL,LGA,NK,38.0,41.5
2025,1,FLL,LGA,NK,39.0,49.0
2025,1,FLL,LGA,NK,41.0,26.0
2025,1,FLL,LGA,NK,41.0,94.0
2025,1,FLL,LGA,NK,46.0,71.0
2025,1,FLL,LGA,NK,49.0,38.5
2025,1,FLL,LGA,NK,59.0,199.0
2025,1,FLL,LGA,NK,70.0,38.5
2025,1,FLL,LGA,NK,73.0,45.0
2025,1,FLL,LGA,NK,75.0,45.0
2025,1,FLL,LGA,NK,76.0,6.0
2025,1,FLL,LGA,NK,82.0,45.0
2025,1,FLL,LGA,NK,154.0,38.0
2025,1,FLL,ORD,NK,1.0,3.57
2025,1,FLL,ORD,NK,1.0,5.5
2025,1,FLL,ORD,NK,1.0,5.5
2025,1,FLL,ORD,NK,1.0,11.0
2025,1,FLL,ORD,NK,1.0,15.5
2025,1,FLL,ORD,NK,1.0,16.0
2025,1,FLL,ORD,NK,1.0,18.5
2025,1,FLL,ORD,NK,1.0,21.0
2025,1,FLL,ORD,NK,1.0,22.5
2025,1,FLL,ORD,NK,1.0,22.5
2025,1,FLL,ORD,NK,1.0,22.92
2025,1,FLL,ORD,NK,1.0,23.0
2025,1,FLL,ORD,NK,1.0,24.87
2025,1,FLL,ORD,NK,1.0,25.0
2025,1,FLL,ORD,NK,1.0,25.0
2025,1,FLL,ORD,NK,1.0,25.48
2025,1,FLL,ORD,NK,1.0,25.5
2025,1,FLL,ORD,NK,1.0,26.5
2025,1,FLL,ORD,NK,1.0,26.5
2025,1,FLL,ORD,NK,1.0,29.5
2025,1,FLL,ORD,NK,1.0,31.0
2025,1,FLL,ORD,NK,1.0,31.0
2025,1,FLL,ORD,NK,1.0,31.5
2025,1,FLL,ORD,NK,1.0,32.0
2025,1,FLL,ORD,NK,1.0,32.13
2025,1,FLL,ORD,NK,1.0,32.47
2025,1,FLL,ORD,NK,1.0,33.0
2025,1,FLL,ORD,NK,1.0,33.23
2025,1,FLL,ORD,NK,1.0,33.5
2025,1,FLL,ORD,NK,1.0,34.5
2025,1,FLL,ORD,NK,1.0,35.0
2025,1,FLL,ORD,NK,1.0,36.09
2025,1,FLL,ORD,NK,1.0,38.0
2025,1,FLL,ORD,NK,1.0,38.08
2025,1,FLL,ORD,NK,1.0,39.09
2025,1,FLL,ORD,NK,1.0,40.0
2025,1,FLL,ORD,NK,1.0,40.0
2025,1,FLL,ORD,NK,1.0,41.0
2025,1,FLL,ORD,NK,1.0,41.0
2025,1,FLL,ORD,NK,1.0,42.5
2025,1,FLL,ORD,NK,1.0,43.0
2025,1,FLL,ORD,NK,1.0,44.5
2025,1,FLL,ORD,NK,1.0,44.5
2025,1,FLL,ORD,NK,1.0,45.0
2025,1,FLL,ORD,NK,1.0,45.0
2025,1,FLL,ORD,NK,1.0,45.59
2025,1,FLL,ORD,NK,1.0,45.83
2025,1,FLL,ORD,NK,1.0,46.0
2025,1,FLL,ORD,NK,1.0,46.5
2025,1,FLL,ORD,NK,1.0,46.5
2025,1,FLL,ORD,NK,1.0,46.75
2025,1,FLL,ORD,NK,1.0,46.96
2025,1,FLL,ORD,NK,1.0,47.03
2025,1,FLL,ORD,NK,1.0,47.5
2025,1,FLL,ORD,NK,1.0,47.93
2025,1,FLL,ORD,NK,1.0,49.03
2025,1,FLL,ORD,NK,1.0,51.5
2025,1,FLL,ORD,NK,1.0,54.5
2025,1,FLL,ORD,NK,1.0,55.72
2025,1,FLL,ORD,NK,1.0,56.0
2025,1,FLL,ORD,NK,1.0,56.29
2025,1,FLL,ORD,NK,1.0,56.5
2025,1,FLL,ORD,NK,1.0,57.0
2025,1,FLL,ORD,NK,1.0,57.06
2025,1,FLL,ORD,NK,1.0,57.14
2025,1,FLL,ORD,NK,1.0,57.39
2025,1,FLL,ORD,NK,1.0,57.42
2025,1,FLL,ORD,NK,1.0,57.5
2025,1,FLL,ORD,NK,1.0,57.53
2025,1,FLL,ORD,NK,1.0,58.5
2025,1,FLL,ORD,NK,1.0,59.0
2025,1,FLL,ORD,NK,1.0,59.5
2025,1,FLL,ORD,NK,1.0,59.67
2025,1,FLL,ORD,NK,1.0,60.0
2025,1,FLL,ORD,NK,1.0,60.0
2025,1,FLL,ORD,NK,1.0,60.5
2025,1,FLL,ORD,NK,1.0,60.5
2025,1,FLL,ORD,NK,1.0,61.29
2025,1,FLL,ORD,NK,1.0,63.21
2025,1,FLL,ORD,NK,1.0,63.46
2025,1,FLL,ORD,NK,1.0,63.77
2025,1,FLL,ORD,NK,1.0,64.02
2025,1,FLL,ORD,NK,1.0,64.23
2025,1,FLL,ORD,NK,1.0,64.5
2025,1,FLL,ORD,NK,1.0,64.5
2025,1,FLL,ORD,NK,1.0,64.5
2025,1,FLL,ORD,NK,1.0,65.4
2025,1,FLL,ORD,NK,1.0,65.5
2025,1,FLL,ORD,NK,1.0,65.5
2025,1,FLL,ORD,NK,1.0,66.0
2025,1,FLL,ORD,NK,1.0,67.0
2025,1,FLL,ORD,NK,1.0,67.01
2025,1,FLL,ORD,NK,1.0,67.22
2025,1,FLL,ORD,NK,1.0,68.0
2025,1,FLL,ORD,NK,1.0,68.42
2025,1,FLL,ORD,NK,1.0,68.5
2025,1,FLL,ORD,NK,1.0,69.0
2025,1,FLL,ORD,NK,1.0,70.44
2025,1,FLL,ORD,NK,1.0,71.25
2025,1,FLL,ORD,NK,1.0,71.26
2025,1,FLL,ORD,NK,1.0,72.0
2025,1,FLL,ORD,NK,1.0,72.78
2025,1,FLL,ORD,NK,1.0,72.96
2025,1,FLL,ORD,NK,1.0,73.0
2025,1,FLL,ORD,NK,1.0,73.11
2025,1,FLL,ORD,NK,1.0,73.16
2025,1,FLL,ORD,NK,1.0,73.17
2025,1,FLL,ORD,NK,1.0,73.18
2025,1,FLL,ORD,NK,1.0,73.5
2025,1,FLL,ORD,NK,1.0,73.5
2025,1,FLL,ORD,NK,1.0,74.5
2025,1,FLL,ORD,NK,1.0,74.53
2025,1,FLL,ORD,NK,1.0,75.0
2025,1,FLL,ORD,NK,1.0,75.0
2025,1,FLL,ORD,NK,1.0,75.73
2025,1,FLL,ORD,NK,1.0,76.0
2025,1,FLL,ORD,NK,1.0,76.35
2025,1,FLL,ORD,NK,1.0,76.93
2025,1,FLL,ORD,NK,1.0,77.0
2025,1,FLL,ORD,NK,1.0,77.25
2025,1,FLL,ORD,NK,1.0,77.5
2025,1,FLL,ORD,NK,1.0,77.5
2025,1,FLL,ORD,NK,1.0,77.54
2025,1,FLL,ORD,NK,1.0,78.5
2025,1,FLL,ORD,NK,1.0,78.69
2025,1,FLL,ORD,NK,1.0,78.79
2025,1,FLL,ORD,NK,1.0,79.0
2025,1,FLL,ORD,NK,1.0,79.5
2025,1,FLL,ORD,NK,1.0,79.55
2025,1,FLL,ORD,NK,1.0,79.67
2025,1,FLL,ORD,NK,1.0,80.0
2025,1,FLL,ORD,NK,1.0,80.0
2025,1,FLL,ORD,NK,1.0,80.0
2025,1,FLL,ORD,NK,1.0,80.2
2025,1,FLL,ORD,NK,1.0,80.5
2025,1,FLL,ORD,NK,1.0,80.65
2025,1,FLL,ORD,NK,1.0,81.5
2025,1,FLL,ORD,NK,1.0,82.9
2025,1,FLL,ORD,NK,1.0,83.0
2025,1,FLL,ORD,NK,1.0,83.0
2025,1,FLL,ORD,NK,1.0,83.0
2025,1,FLL,ORD,NK,1.0,83.5
2025,1,FLL,ORD,NK,1.0,84.27
2025,1,FLL,ORD,NK,1.0,84.5
2025,1,FLL,ORD,NK,1.0,85.0
2025,1,FLL,ORD,NK,1.0,85.5
2025,1,FLL,ORD,NK,1.0,86.0
2025,1,FLL,ORD,NK,1.0,86.0
2025,1,FLL,ORD,NK,1.0,86.0
2025,1,FLL,ORD,NK,1.0,87.0
2025,1,FLL,ORD,NK,1.0,87.09
2025,1,FLL,ORD,NK,1.0,87.34
2025,1,FLL,ORD,NK,1.0,87.5
2025,1,FLL,ORD,NK,1.0,87.5
2025,1,FLL,ORD,NK,1.0,87.7
2025,1,FLL,ORD,NK,1.0,87.75
2025,1,FLL,ORD,NK,1.0,87.85
2025,1,FLL,ORD,NK,1.0,88.0
2025,1,FLL,ORD,NK,1.0,88.0
2025,1,FLL,ORD,NK,1.0,88.0
2025,1,FLL,ORD,NK,1.0,88.5
2025,1,FLL,ORD,NK,1.0,89.0
2025,1,FLL,ORD,NK,1.0,89.27
2025,1,FLL,ORD,NK,1.0,90.42
2025,1,FLL,ORD,NK,1.0,90.5
2025,1,FLL,ORD,NK,1.0,90.5
2025,1,FLL,ORD,NK,1.0,90.72
2025,1,FLL,ORD,NK,1.0,91.95
2025,1,FLL,ORD,NK,1.0,92.0
2025,1,FLL,ORD,NK,1.0,92.0
2025,1,FLL,ORD,NK,1.0,92.5
2025,1,FLL,ORD,NK,1.0,94.0
2025,1,FLL,ORD,NK,1.0,94.54
2025,1,FLL,ORD,NK,1.0,95.0
2025,1,FLL,ORD,NK,1.0,95.0
2025,1,FLL,ORD,NK,1.0,95.5
2025,1,FLL,ORD,NK,1.0,96.0
2025,1,FLL,ORD,NK,1.0,96.37
2025,1,FLL,ORD,NK,1.0,96.5
2025,1,FLL,ORD,NK,1.0,96.5
2025,1,FLL,ORD,NK,1.0,96.54
2025,1,FLL,ORD,NK,1.0,96.72
2025,1,FLL,ORD,NK,1.0,97.0
2025,1,FLL,ORD,NK,1.0,97.71
2025,1,FLL,ORD,NK,1.0,97.84
2025,1,FLL,ORD,NK,1.0,98.0
2025,1,FLL,ORD,NK,1.0,98.0
2025,1,FLL,ORD,NK,1.0,98.5
2025,1,FLL,ORD,NK,1.0,98.58
2025,1,FLL,ORD,NK,1.0,98.66
2025,1,FLL,ORD,NK,1.0,98.71
2025,1,FLL,ORD,NK,1.0,98.76
2025,1,FLL,ORD,NK,1.0,99.19
2025,1,FLL,ORD,NK,1.0,99.42
2025,1,FLL,ORD,NK,1.0,99.67
2025,1,FLL,ORD,NK,1.0,99.98
2025,1,FLL,ORD,NK,1.0,100.0
2025,1,FLL,ORD,NK,1.0,100.0
2025,1,FLL,ORD,NK,1.0,100.0
2025,1,FLL,ORD,NK,1.0,100.86
2025,1,FLL,ORD,NK,1.0,101.0
2025,1,FLL,ORD,NK,1.0,101.0
2025,1,FLL,ORD,NK,1.0,101.11
2025,1,FLL,ORD,NK,1.0,102.0
2025,1,FLL,ORD,NK,1.0,102.0
2025,1,FLL,ORD,NK,1.0,102.5
2025,1,FLL,ORD,NK,1.0,102.52
2025,1,FLL,ORD,NK,1.0,102.95
2025,1,FLL,ORD,NK,1.0,104.41
2025,1,FLL,ORD,NK,1.0,104.46
2025,1,FLL,ORD,NK,1.0,105.0
2025,1,FLL,ORD,NK,1.0,105.58
2025,1,FLL,ORD,NK,1.0,106.0
2025,1,FLL,ORD,NK,1.0,106.69
2025,1,FLL,ORD,NK,1.0,107.0
2025,1,FLL,ORD,NK,1.0,107.42
2025,1,FLL,ORD,NK,1.0,107.57
2025,1,FLL,ORD,NK,1.0,109.17
2025,1,FLL,ORD,NK,1.0,109.47
2025,1,FLL,ORD,NK,1.0,110.0
2025,1,FLL,ORD,NK,1.0,110.0
2025,1,FLL,ORD,NK,1.0,110.5
2025,1,FLL,ORD,NK,1.0,110.5
2025,1,FLL,ORD,NK,1.0,111.0
2025,1,FLL,ORD,NK,1.0,112.0
2025,1,FLL,ORD,NK,1.0,112.05
2025,1,FLL,ORD,NK,1.0,112.38
2025,1,FLL,ORD,NK,1.0,112.5
2025,1,FLL,ORD,NK,1.0,113.5
2025,1,FLL,ORD,NK,1.0,113.5
2025,1,FLL,ORD,NK,1.0,113.6
2025,1,FLL,ORD,NK,1.0,113.9
2025,1,FLL,ORD,NK,1.0,114.37
2025,1,FLL,ORD,NK,1.0,114.56
2025,1,FLL,ORD,NK,1.0,114.74
2025,1,FLL,ORD,NK,1.0,114.78
2025,1,FLL,ORD,NK,1.0,114.91
2025,1,FLL,ORD,NK,1.0,115.68
2025,1,FLL,ORD,NK,1.0,116.0
2025,1,FLL,ORD,NK,1.0,116.01
2025,1,FLL,ORD,NK,1.0,116.06
2025,1,FLL,ORD,NK,1.0,117.0
2025,1,FLL,ORD,NK,1.0,117.5
2025,1,FLL,ORD,NK,1.0,117.96
2025,1,FLL,ORD,NK,1.0,118.0
2025,1,FLL,ORD,NK,1.0,119.0
2025,1,FLL,ORD,NK,1.0,120.5
2025,1,FLL,ORD,NK,1.0,120.61
2025,1,FLL,ORD,NK,1.0,120.88
2025,1,FLL,ORD,NK,1.0,121.0
2025,1,FLL,ORD,NK,1.0,121.08
2025,1,FLL,ORD,NK,1.0,121.5
2025,1,FLL,ORD,NK,1.0,122.0
2025,1,FLL,ORD,NK,1.0,122.0
2025,1,FLL,ORD,NK,1.0,122.0
2025,1,FLL,ORD,NK,1.0,122.62
2025,1,FLL,ORD,NK,1.0,123.07
2025,1,FLL,ORD,NK,1.0,123.69
2025,1,FLL,ORD,NK,1.0,124.0
2025,1,FLL,ORD,NK,1.0,125.0
2025,1,FLL,ORD,NK,1.0,125.4
2025,1,FLL,ORD,NK,1.0,126.0
2025,1,FLL,ORD,NK,1.0,126.11
2025,1,FLL,ORD,NK,1.0,126.33
2025,1,FLL,ORD,NK,1.0,126.5
2025,1,FLL,ORD,NK,1.0,127.5
2025,1,FLL,ORD,NK,1.0,127.5
2025,1,FLL,ORD,NK,1.0,128.0
2025,1,FLL,ORD,NK,1.0,128.1
2025,1,FLL,ORD,NK,1.0,128.19
2025,1,FLL,ORD,NK,1.0,128.66
2025,1,FLL,ORD,NK,1.0,128.79
2025,1,FLL,ORD,NK,1.0,128.83
2025,1,FLL,ORD,NK,1.0,128.83
2025,1,FLL,ORD,NK,1.0,129.5
2025,1,FLL,ORD,NK,1.0,129.61
2025,1,FLL,ORD,NK,1.0,129.82
2025,1,FLL,ORD,NK,1.0,130.0
2025,1,FLL,ORD,NK,1.0,130.18
2025,1,FLL,ORD,NK,1.0,130.42
2025,1,FLL,ORD,NK,1.0,131.5
2025,1,FLL,ORD,NK,1.0,131.55
2025,1,FLL,ORD,NK,1.0,131.69
2025,1,FLL,ORD,NK,1.0,132.0
2025,1,FLL,ORD,NK,1.0,132.0
2025,1,FLL,ORD,NK,1.0,132.11
2025,1,FLL,ORD,NK,1.0,133.5
2025,1,FLL,ORD,NK,1.0,133.5
2025,1,FLL,ORD,NK,1.0,134.0
2025,1,FLL,ORD,NK,1.0,134.76
2025,1,FLL,ORD,NK,1.0,135.38
2025,1,FLL,ORD,NK,1.0,135.4
2025,1,FLL,ORD,NK,1.0,135.5
2025,1,FLL,ORD,NK,1.0,135.51
2025,1,FLL,ORD,NK,1.0,136.0
2025,1,FLL,ORD,NK,1.0,136.08
2025,1,FLL,ORD,NK,1.0,136.5
2025,1,FLL,ORD,NK,1.0,136.82
2025,1,FLL,ORD,NK,1.0,137.0
2025,1,FLL,ORD,NK,1.0,137.03
2025,1,FLL,ORD,NK,1.0,138.0
2025,1,FLL,ORD,NK,1.0,139.0
2025,1,FLL,ORD,NK,1.0,139.0
2025,1,FLL,ORD,NK,1.0,139.5
2025,1,FLL,ORD,NK,1.0,140.3
2025,1,FLL,ORD,NK,1.0,141.0
2025,1,FLL,ORD,NK,1.0,141.5
2025,1,FLL,ORD,NK,1.0,141.53
2025,1,FLL,ORD,NK,1.0,141.67
2025,1,FLL,ORD,NK,1.0,141.67
2025,1,FLL,ORD,NK,1.0,142.0
2025,1,FLL,ORD,NK,1.0,142.5
2025,1,FLL,ORD,NK,1.0,144.0
2025,1,FLL,ORD,NK,1.0,145.28
2025,1,FLL,ORD,NK,1.0,145.5
2025,1,FLL,ORD,NK,1.0,145.5
2025,1,FLL,ORD,NK,1.0,145.86
2025,1,FLL,ORD,NK,1.0,146.0
2025,1,FLL,ORD,NK,1.0,146.0
2025,1,FLL,ORD,NK,1.0,147.0
2025,1,FLL,ORD,NK,1.0,147.0
2025,1,FLL,ORD,NK,1.0,147.69
2025,1,FLL,ORD,NK,1.0,148.0
2025,1,FLL,ORD,NK,1.0,148.5
2025,1,FLL,ORD,NK,1.0,148.84
2025,1,FLL,ORD,NK,1.0,149.0
2025,1,FLL,ORD,NK,1.0,150.0
2025,1,FLL,ORD,NK,1.0,150.06
2025,1,FLL,ORD,NK,1.0,150.5
2025,1,FLL,ORD,NK,1.0,151.0
2025,1,FLL,ORD,NK,1.0,151.69
2025,1,FLL,ORD,NK,1.0,151.77
2025,1,FLL,ORD,NK,1.0,152.0
2025,1,FLL,ORD,NK,1.0,152.19
2025,1,FLL,ORD,NK,1.0,152.41
2025,1,FLL,ORD,NK,1.0,152.5
2025,1,FLL,ORD,NK,1.0,154.0
2025,1,FLL,ORD,NK,1.0,154.5
2025,1,FLL,ORD,NK,1.0,155.39
2025,1,FLL,ORD,NK,1.0,155.44
2025,1,FLL,ORD,NK,1.0,155.5
2025,1,FLL,ORD,NK,1.0,155.72
2025,1,FLL,ORD,NK,1.0,156.0
2025,1,FLL,ORD,NK,1.0,156.14
2025,1,FLL,ORD,NK,1.0,157.09
2025,1,FLL,ORD,NK,1.0,157.26
2025,1,FLL,ORD,NK,1.0,158.0
2025,1,FLL,ORD,NK,1.0,158.48
2025,1,FLL,ORD,NK,1.0,158.5
2025,1,FLL,ORD,NK,1.0,160.5
2025,1,FLL,ORD,NK,1.0,161.0
2025,1,FLL,ORD,NK,1.0,161.5
2025,1,FLL,ORD,NK,1.0,162.0
2025,1,FLL,ORD,NK,1.0,162.0
2025,1,FLL,ORD,NK,1.0,162.0
2025,1,FLL,ORD,NK,1.0,162.5
2025,1,FLL,ORD,NK,1.0,163.5
2025,1,FLL,ORD,NK,1.0,163.9
2025,1,FLL,ORD,NK,1.0,164.0
2025,1,FLL,ORD,NK,1.0,164.0
2025,1,FLL,ORD,NK,1.0,164.4
2025,1,FLL,ORD,NK,1.0,166.0
2025,1,FLL,ORD,NK,1.0,166.5
2025,1,FLL,ORD,NK,1.0,167.0
2025,1,FLL,ORD,NK,1.0,168.0
2025,1,FLL,ORD,NK,1.0,168.5
2025,1,FLL,ORD,NK,1.0,169.8
2025,1,FLL,ORD,NK,1.0,170.0
2025,1,FLL,ORD,NK,1.0,170.0
2025,1,FLL,ORD,NK,1.0,170.96
2025,1,FLL,ORD,NK,1.0,171.0
2025,1,FLL,ORD,NK,1.0,171.0
2025,1,FLL,ORD,NK,1.0,171.5
2025,1,FLL,ORD,NK,1.0,171.91
2025,1,FLL,ORD,NK,1.0,172.9
2025,1,FLL,ORD,NK,1.0,173.53
2025,1,FLL,ORD,NK,1.0,175.0
2025,1,FLL,ORD,NK,1.0,175.07
2025,1,FLL,ORD,NK,1.0,175.5
2025,1,FLL,ORD,NK,1.0,176.48
2025,1,FLL,ORD,NK,1.0,177.82
2025,1,FLL,ORD,NK,1.0,178.0
2025,1,FLL,ORD,NK,1.0,178.49
2025,1,FLL,ORD,NK,1.0,179.0
2025,1,FLL,ORD,NK,1.0,179.0
2025,1,FLL,ORD,NK,1.0,180.0
2025,1,FLL,ORD,NK,1.0,180.01
2025,1,FLL,ORD,NK,1.0,181.0
2025,1,FLL,ORD,NK,1.0,181.02
2025,1,FLL,ORD,NK,1.0,181.5
2025,1,FLL,ORD,NK,1.0,181.5
2025,1,FLL,ORD,NK,1.0,182.03
2025,1,FLL,ORD,NK,1.0,182.85
2025,1,FLL,ORD,NK,1.0,183.0
2025,1,FLL,ORD,NK,1.0,184.0
2025,1,FLL,ORD,NK,1.0,184.37
2025,1,FLL,ORD,NK,1.0,185.0
2025,1,FLL,ORD,NK,1.0,185.5
2025,1,FLL,ORD,NK,1.0,186.0
2025,1,FLL,ORD,NK,1.0,186.5
2025,1,FLL,ORD,NK,1.0,188.0
2025,1,FLL,ORD,NK,1.0,189.5
2025,1,FLL,ORD,NK,1.0,190.5
2025,1,FLL,ORD,NK,1.0,191.0
2025,1,FLL,ORD,NK,1.0,191.31
2025,1,FLL,ORD,NK,1.0,192.0
2025,1,FLL,ORD,NK,1.0,192.0
2025,1,FLL,ORD,NK,1.0,192.0
2025,1,FLL,ORD,NK,1.0,192.0
2025,1,FLL,ORD,NK,1.0,193.5
2025,1,FLL,ORD,NK,1.0,193.5
2025,1,FLL,ORD,NK,1.0,194.0
2025,1,FLL,ORD,NK,1.0,194.5
2025,1,FLL,ORD,NK,1.0,196.0
2025,1,FLL,ORD,NK,1.0,196.94
2025,1,FLL,ORD,NK,1.0,197.0
2025,1,FLL,ORD,NK,1.0,197.0
2025,1,FLL,ORD,NK,1.0,197.53
2025,1,FLL,ORD,NK,1.0,198.0
2025,1,FLL,ORD,NK,1.0,198.5
2025,1,FLL,ORD,NK,1.0,198.72
2025,1,FLL,ORD,NK,1.0,199.0
2025,1,FLL,ORD,NK,1.0,200.0
2025,1,FLL,ORD,NK,1.0,201.0
2025,1,FLL,ORD,NK,1.0,201.5
2025,1,FLL,ORD,NK,1.0,201.5
2025,1,FLL,ORD,NK,1.0,203.0
2025,1,FLL,ORD,NK,1.0,204.0
2025,1,FLL,ORD,NK,1.0,204.0
2025,1,FLL,ORD,NK,1.0,204.0
2025,1,FLL,ORD,NK,1.0,205.5
2025,1,FLL,ORD,NK,1.0,206.0
2025,1,FLL,ORD,NK,1.0,206.5
2025,1,FLL,ORD,NK,1.0,207.0
2025,1,FLL,ORD,NK,1.0,207.5
2025,1,FLL,ORD,NK,1.0,211.5
2025,1,FLL,ORD,NK,1.0,214.0
2025,1,FLL,ORD,NK,1.0,215.0
2025,1,FLL,ORD,NK,1.0,215.0
2025,1,FLL,ORD,NK,1.0,215.0
2025,1,FLL,ORD,NK,1.0,215.0
2025,1,FLL,ORD,NK,1.0,215.5
2025,1,FLL,ORD,NK,1.0,216.0
2025,1,FLL,ORD,NK,1.0,216.5
2025,1,FLL,ORD,NK,1.0,217.3
2025,1,FLL,ORD,NK,1.0,218.5
2025,1,FLL,ORD,NK,1.0,219.5
2025,1,FLL,ORD,NK,1.0,219.5
2025,1,FLL,ORD,NK,1.0,219.76
2025,1,FLL,ORD,NK,1.0,220.0
2025,1,FLL,ORD,NK,1.0,220.0
2025,1,FLL,ORD,NK,1.0,221.5
2025,1,FLL,ORD,NK,1.0,222.0
2025,1,FLL,ORD,NK,1.0,222.48
2025,1,FLL,ORD,NK,1.0,223.0
2025,1,FLL,ORD,NK,1.0,223.5
2025,1,FLL,ORD,NK,1.0,224.0
2025,1,FLL,ORD,NK,1.0,224.0
2025,1,FLL,ORD,NK,1.0,225.0
2025,1,FLL,ORD,NK,1.0,227.63
2025,1,FLL,ORD,NK,1.0,227.68
2025,1,FLL,ORD,NK,1.0,228.5
2025,1,FLL,ORD,NK,1.0,229.0
2025,1,FLL,ORD,NK,1.0,229.0
2025,1,FLL,ORD,NK,1.0,229.5
2025,1,FLL,ORD,NK,1.0,229.5
2025,1,FLL,ORD,NK,1.0,230.43
2025,1,FLL,ORD,NK,1.0,230.5
2025,1,FLL,ORD,NK,1.0,231.0
2025,1,FLL,ORD,NK,1.0,231.0
2025,1,FLL,ORD,NK,1.0,231.5
2025,1,FLL,ORD,NK,1.0,231.5
2025,1,FLL,ORD,NK,1.0,232.0
2025,1,FLL,ORD,NK,1.0,232.5
2025,1,FLL,ORD,NK,1.0,233.0
2025,1,FLL,ORD,NK,1.0,233.0
2025,1,FLL,ORD,NK,1.0,234.0
2025,1,FLL,ORD,NK,1.0,235.5
2025,1,FLL,ORD,NK,1.0,236.0
2025,1,FLL,ORD,NK,1.0,239.0
2025,1,FLL,ORD,NK,1.0,240.5
2025,1,FLL,ORD,NK,1.0,241.0
2025,1,FLL,ORD,NK,1.0,241.5
2025,1,FLL,ORD,NK,1.0,241.5
2025,1,FLL,ORD,NK,1.0,242.0
2025,1,FLL,ORD,NK,1.0,243.05
2025,1,FLL,ORD,NK,1.0,244.62
2025,1,FLL,ORD,NK,1.0,245.0
2025,1,FLL,ORD,NK,1.0,246.0
2025,1,FLL,ORD,NK,1.0,247.0
2025,1,FLL,ORD,NK,1.0,251.44
2025,1,FLL,ORD,NK,1.0,253.9
2025,1,FLL,ORD,NK,1.0,254.0
2025,1,FLL,ORD,NK,1.0,257.54
2025,1,FLL,ORD,NK,1.0,258.55
2025,1,FLL,ORD,NK,1.0,259.0
2025,1,FLL,ORD,NK,1.0,261.5
2025,1,FLL,ORD,NK,1.0,262.0
2025,1,FLL,ORD,NK,1.0,262.0
2025,1,FLL,ORD,NK,1.0,264.0
2025,1,FLL,ORD,NK,1.0,265.5
2025,1,FLL,ORD,NK,1.0,266.0
2025,1,FLL,ORD,NK,1.0,269.0
2025,1,FLL,ORD,NK,1.0,271.0
2025,1,FLL,ORD,NK,1.0,271.98
2025,1,FLL,ORD,NK,1.0,273.0
2025,1,FLL,ORD,NK,1.0,274.0
2025,1,FLL,ORD,NK,1.0,274.0
2025,1,FLL,ORD,NK,1.0,274.5
2025,1,FLL,ORD,NK,1.0,275.0
2025,1,FLL,ORD,NK,1.0,277.0
2025,1,FLL,ORD,NK,1.0,279.0
2025,1,FLL,ORD,NK,1.0,280.6
2025,1,FLL,ORD,NK,1.0,281.5
2025,1,FLL,ORD,NK,1.0,282.0
2025,1,FLL,ORD,NK,1.0,282.0
2025,1,FLL,ORD,NK,1.0,283.0
2025,1,FLL,ORD,NK,1.0,283.5
2025,1,FLL,ORD,NK,1.0,284.0
2025,1,FLL,ORD,NK,1.0,286.5
2025,1,FLL,ORD,NK,1.0,288.0
2025,1,FLL,ORD,NK,1.0,288.5
2025,1,FLL,ORD,NK,1.0,288.5
2025,1,FLL,ORD,NK,1.0,289.0
2025,1,FLL,ORD,NK,1.0,289.0
2025,1,FLL,ORD,NK,1.0,291.0
2025,1,FLL,ORD,NK,1.0,291.0
2025,1,FLL,ORD,NK,1.0,294.0
2025,1,FLL,ORD,NK,1.0,294.0
2025,1,FLL,ORD,NK,1.0,296.0
2025,1,FLL,ORD,NK,1.0,298.5
2025,1,FLL,ORD,NK,1.0,299.0
2025,1,FLL,ORD,NK,1.0,301.0
2025,1,FLL,ORD,NK,1.0,307.68
2025,1,FLL,ORD,NK,1.0,308.0
2025,1,FLL,ORD,NK,1.0,309.0
2025,1,FLL,ORD,NK,1.0,311.0
2025,1,FLL,ORD,NK,1.0,311.0
2025,1,FLL,ORD,NK,1.0,315.0
2025,1,FLL,ORD,NK,1.0,318.0
2025,1,FLL,ORD,NK,1.0,319.0
2025,1,FLL,ORD,NK,1.0,319.0
2025,1,FLL,ORD,NK,1.0,319.0
2025,1,FLL,ORD,NK,1.0,322.0
2025,1,FLL,ORD,NK,1.0,326.5
2025,1,FLL,ORD,NK,1.0,327.0
2025,1,FLL,ORD,NK,1.0,329.0
2025,1,FLL,ORD,NK,1.0,332.91
2025,1,FLL,ORD,NK,1.0,334.0
2025,1,FLL,ORD,NK,1.0,335.0
2025,1,FLL,ORD,NK,1.0,342.0
2025,1,FLL,ORD,NK,1.0,348.5
2025,1,FLL,ORD,NK,1.0,349.0
2025,1,FLL,ORD,NK,1.0,349.0
2025,1,FLL,ORD,NK,1.0,354.0
2025,1,FLL,ORD,NK,1.0,356.0
2025,1,FLL,ORD,NK,1.0,359.0
2025,1,FLL,ORD,NK,1.0,359.0
2025,1,FLL,ORD,NK,1.0,363.5
2025,1,FLL,ORD,NK,1.0,364.0
2025,1,FLL,ORD,NK,1.0,367.5
2025,1,FLL,ORD,NK,1.0,371.0
2025,1,FLL,ORD,NK,1.0,373.0
2025,1,FLL,ORD,NK,1.0,376.0
2025,1,FLL,ORD,NK,1.0,379.0
2025,1,FLL,ORD,NK,1.0,379.0
2025,1,FLL,ORD,NK,1.0,381.0
2025,1,FLL,ORD,NK,1.0,383.0
2025,1,FLL,ORD,NK,1.0,384.0
2025,1,FLL,ORD,NK,1.0,385.0
2025,1,FLL,ORD,NK,1.0,386.0
2025,1,FLL,ORD,NK,1.0,389.0
2025,1,FLL,ORD,NK,1.0,394.0
2025,1,FLL,ORD,NK,1.0,394.0
2025,1,FLL,ORD,NK,1.0,395.0
2025,1,FLL,ORD,NK,1.0,397.0
2025,1,FLL,ORD,NK,1.0,399.0
2025,1,FLL,ORD,NK,1.0,402.0
2025,1,FLL,ORD,NK,1.0,409.0
2025,1,FLL,ORD,NK,1.0,413.0
2025,1,FLL,ORD,NK,1.0,414.0
2025,1,FLL,ORD,NK,1.0,415.76
2025,1,FLL,ORD,NK,1.0,417.0
2025,1,FLL,ORD,NK,1.0,423.0
2025,1,FLL,ORD,NK,1.0,424.0
2025,1,FLL,ORD,NK,1.0,425.0
2025,1,FLL,ORD,NK,1.0,426.0
2025,1,FLL,ORD,NK,1.0,430.0
2025,1,FLL,ORD,NK,1.0,434.0
2025,1,FLL,ORD,NK,1.0,438.0
2025,1,FLL,ORD,NK,1.0,439.0
2025,1,FLL,ORD,NK,1.0,450.5
2025,1,FLL,ORD,NK,1.0,474.5
2025,1,FLL,ORD,NK,1.0,544.0
2025,1,FLL,ORD,NK,2.0,5.47
2025,1,FLL,ORD,NK,2.0,15.0
2025,1,FLL,ORD,NK,2.0,15.5
2025,1,FLL,ORD,NK,2.0,22.0
2025,1,FLL,ORD,NK,2.0,26.0
2025,1,FLL,ORD,NK,2.0,30.0
2025,1,FLL,ORD,NK,2.0,33.0
2025,1,FLL,ORD,NK,2.0,34.0
2025,1,FLL,ORD,NK,2.0,38.0
2025,1,FLL,ORD,NK,2.0,40.5
2025,1,FLL,ORD,NK,2.0,42.0
2025,1,FLL,ORD,NK,2.0,47.0
2025,1,FLL,ORD,NK,2.0,50.0
2025,1,FLL,ORD,NK,2.0,50.5
2025,1,FLL,ORD,NK,2.0,50.5
2025,1,FLL,ORD,NK,2.0,51.5
2025,1,FLL,ORD,NK,2.0,53.0
2025,1,FLL,ORD,NK,2.0,53.5
2025,1,FLL,ORD,NK,2.0,55.0
2025,1,FLL,ORD,NK,2.0,58.63
2025,1,FLL,ORD,NK,2.0,58.88
2025,1,FLL,ORD,NK,2.0,60.0
2025,1,FLL,ORD,NK,2.0,61.0
2025,1,FLL,ORD,NK,2.0,62.0
2025,1,FLL,ORD,NK,2.0,62.17
2025,1,FLL,ORD,NK,2.0,65.0
2025,1,FLL,ORD,NK,2.0,65.23
2025,1,FLL,ORD,NK,2.0,66.5
2025,1,FLL,ORD,NK,2.0,67.5
2025,1,FLL,ORD,NK,2.0,68.5
2025,1,FLL,ORD,NK,2.0,69.0
2025,1,FLL,ORD,NK,2.0,69.5
2025,1,FLL,ORD,NK,2.0,71.0
2025,1,FLL,ORD,NK,2.0,71.0
2025,1,FLL,ORD,NK,2.0,72.0
2025,1,FLL,ORD,NK,2.0,72.5
2025,1,FLL,ORD,NK,2.0,73.64
2025,1,FLL,ORD,NK,2.0,74.0
2025,1,FLL,ORD,NK,2.0,75.14
2025,1,FLL,ORD,NK,2.0,78.0
2025,1,FLL,ORD,NK,2.0,78.5
2025,1,FLL,ORD,NK,2.0,81.5
2025,1,FLL,ORD,NK,2.0,81.5
2025,1,FLL,ORD,NK,2.0,82.48
2025,1,FLL,ORD,NK,2.0,82.5
2025,1,FLL,ORD,NK,2.0,83.0
2025,1,FLL,ORD,NK,2.0,83.5
2025,1,FLL,ORD,NK,2.0,85.0
2025,1,FLL,ORD,NK,2.0,85.0
2025,1,FLL,ORD,NK,2.0,86.5
2025,1,FLL,ORD,NK,2.0,90.0
2025,1,FLL,ORD,NK,2.0,91.5
2025,1,FLL,ORD,NK,2.0,92.0
2025,1,FLL,ORD,NK,2.0,92.5
2025,1,FLL,ORD,NK,2.0,98.5
2025,1,FLL,ORD,NK,2.0,100.0
2025,1,FLL,ORD,NK,2.0,101.0
2025,1,FLL,ORD,NK,2.0,104.0
2025,1,FLL,ORD,NK,2.0,106.0
2025,1,FLL,ORD,NK,2.0,106.0
2025,1,FLL,ORD,NK,2.0,109.0
2025,1,FLL,ORD,NK,2.0,111.0
2025,1,FLL,ORD,NK,2.0,111.5
2025,1,FLL,ORD,NK,2.0,113.0
2025,1,FLL,ORD,NK,2.0,116.5
2025,1,FLL,ORD,NK,2.0,121.0
2025,1,FLL,ORD,NK,2.0,121.5
2025,1,FLL,ORD,NK,2.0,125.5
2025,1,FLL,ORD,NK,2.0,127.54
2025,1,FLL,ORD,NK,2.0,128.5
2025,1,FLL,ORD,NK,2.0,129.0
2025,1,FLL,ORD,NK,2.0,130.0
2025,1,FLL,ORD,NK,2.0,131.0
2025,1,FLL,ORD,NK,2.0,132.0
2025,1,FLL,ORD,NK,2.0,137.0
2025,1,FLL,ORD,NK,2.0,137.29
2025,1,FLL,ORD,NK,2.0,142.5
2025,1,FLL,ORD,NK,2.0,143.5
2025,1,FLL,ORD,NK,2.0,154.0
2025,1,FLL,ORD,NK,2.0,156.0
2025,1,FLL,ORD,NK,2.0,156.5
2025,1,FLL,ORD,NK,2.0,157.5
2025,1,FLL,ORD,NK,2.0,161.5
2025,1,FLL,ORD,NK,2.0,162.0
2025,1,FLL,ORD,NK,2.0,166.5
2025,1,FLL,ORD,NK,2.0,169.5
2025,1,FLL,ORD,NK,2.0,185.0
2025,1,FLL,ORD,NK,2.0,186.37
2025,1,FLL,ORD,NK,2.0,191.0
2025,1,FLL,ORD,NK,2.0,194.0
2025,1,FLL,ORD,NK,2.0,199.0
2025,1,FLL,ORD,NK,2.0,201.0
2025,1,FLL,ORD,NK,2.0,208.0
2025,1,FLL,ORD,NK,2.0,216.0
2025,1,FLL,ORD,NK,2.0,217.0
2025,1,FLL,ORD,NK,2.0,224.0
2025,1,FLL,ORD,NK,2.0,225.0
2025,1,FLL,ORD,NK,2.0,238.96
2025,1,FLL,ORD,NK,2.0,239.0
2025,1,FLL,ORD,NK,2.0,241.5
2025,1,FLL,ORD,NK,2.0,254.0
2025,1,FLL,ORD,NK,2.0,263.0
2025,1,FLL,ORD,NK,2.0,268.0
2025,1,FLL,ORD,NK,2.0,268.5
2025,1,FLL,ORD,NK,2.0,269.0
2025,1,FLL,ORD,NK,2.0,269.0
2025,1,FLL,ORD,NK,2.0,274.0
2025,1,FLL,ORD,NK,2.0,277.0
2025,1,FLL,ORD,NK,2.0,279.0
2025,1,FLL,ORD,NK,2.0,299.0
2025,1,FLL,ORD,NK,2.0,304.0
2025,1,FLL,ORD,NK,2.0,312.0
2025,1,FLL,ORD,NK,2.0,317.0
2025,1,FLL,ORD,NK,2.0,324.0
2025,1,FLL,ORD,NK,2.0,339.0
2025,1,FLL,ORD,NK,2.0,348.0
2025,1,FLL,ORD,NK,2.0,354.0
2025,1,FLL,ORD,NK,2.0,372.0
2025,1,FLL,ORD,NK,2.0,459.0
2025,1,FLL,ORD,NK,3.0,31.0
2025,1,FLL,ORD,NK,3.0,32.5
2025,1,FLL,ORD,NK,3.0,32.5
2025,1,FLL,ORD,NK,3.0,40.0
2025,1,FLL,ORD,NK,3.0,45.0
2025,1,FLL,ORD,NK,3.0,47.5
2025,1,FLL,ORD,NK,3.0,48.5
2025,1,FLL,ORD,NK,3.0,52.05
2025,1,FLL,ORD,NK,3.0,55.0
2025,1,FLL,ORD,NK,3.0,57.0
2025,1,FLL,ORD,NK,3.0,61.0
2025,1,FLL,ORD,NK,3.0,62.0
2025,1,FLL,ORD,NK,3.0,73.0
2025,1,FLL,ORD,NK,3.0,73.0
2025,1,FLL,ORD,NK,3.0,75.5
2025,1,FLL,ORD,NK,3.0,76.0
2025,1,FLL,ORD,NK,3.0,85.0
2025,1,FLL,ORD,NK,3.0,93.0
2025,1,FLL,ORD,NK,3.0,105.5
2025,1,FLL,ORD,NK,3.0,106.5
2025,1,FLL,ORD,NK,3.0,108.0
2025,1,FLL,ORD,NK,3.0,111.5
2025,1,FLL,ORD,NK,3.0,113.0
2025,1,FLL,ORD,NK,3.0,119.0
2025,1,FLL,ORD,NK,3.0,128.0
2025,1,FLL,ORD,NK,3.0,134.0
2025,1,FLL,ORD,NK,3.0,135.0
2025,1,FLL,ORD,NK,3.0,141.0
2025,1,FLL,ORD,NK,3.0,142.0
2025,1,FLL,ORD,NK,3.0,144.0
2025,1,FLL,ORD,NK,3.0,146.5
2025,1,FLL,ORD,NK,3.0,151.5
2025,1,FLL,ORD,NK,3.0,161.0
2025,1,FLL,ORD,NK,3.0,163.5
2025,1,FLL,ORD,NK,3.0,184.0
2025,1,FLL,ORD,NK,3.0,185.0
2025,1,FLL,ORD,NK,3.0,186.5
2025,1,FLL,ORD,NK,3.0,190.0
2025,1,FLL,ORD,NK,3.0,191.5
2025,1,FLL,ORD,NK,3.0,194.0
2025,1,FLL,ORD,NK,3.0,207.0
2025,1,FLL,ORD,NK,3.0,227.0
2025,1,FLL,ORD,NK,3.0,236.5
2025,1,FLL,ORD,NK,3.0,244.0
2025,1,FLL,ORD,NK,3.0,259.0
2025,1,FLL,ORD,NK,3.0,282.0
2025,1,FLL,ORD,NK,3.0,299.0
2025,1,FLL,ORD,NK,3.0,304.0
2025,1,FLL,ORD,NK,3.0,309.0
2025,1,FLL,ORD,NK,3.0,309.0
2025,1,FLL,ORD,NK,3.0,344.0
2025,1,FLL,ORD,NK,3.0,369.0
2025,1,FLL,ORD,NK,3.0,447.0
2025,1,FLL,ORD,NK,4.0,36.0
2025,1,FLL,ORD,NK,4.0,36.0
2025,1,FLL,ORD,NK,4.0,39.0
2025,1,FLL,ORD,NK,4.0,43.5
2025,1,FLL,ORD,NK,4.0,49.5
2025,1,FLL,ORD,NK,4.0,52.0
2025,1,FLL,ORD,NK,4.0,53.5
2025,1,FLL,ORD,NK,4.0,58.0
2025,1,FLL,ORD,NK,4.0,60.5
2025,1,FLL,ORD,NK,4.0,61.5
2025,1,FLL,ORD,NK,4.0,63.5
2025,1,FLL,ORD,NK,4.0,64.0
2025,1,FLL,ORD,NK,4.0,65.0
2025,1,FLL,ORD,NK,4.0,66.0
2025,1,FLL,ORD,NK,4.0,76.5
2025,1,FLL,ORD,NK,4.0,76.5
2025,1,FLL,ORD,NK,4.0,78.0
2025,1,FLL,ORD,NK,4.0,82.0
2025,1,FLL,ORD,NK,4.0,86.5
2025,1,FLL,ORD,NK,4.0,91.0
2025,1,FLL,ORD,NK,4.0,91.5
2025,1,FLL,ORD,NK,4.0,96.0
2025,1,FLL,ORD,NK,4.0,97.5
2025,1,FLL,ORD,NK,4.0,98.0
2025,1,FLL,ORD,NK,4.0,103.0
2025,1,FLL,ORD,NK,4.0,106.0
2025,1,FLL,ORD,NK,4.0,111.0
2025,1,FLL,ORD,NK,4.0,125.0
2025,1,FLL,ORD,NK,4.0,127.5
2025,1,FLL,ORD,NK,4.0,139.5
2025,1,FLL,ORD,NK,4.0,141.5
2025,1,FLL,ORD,NK,4.0,151.0
2025,1,FLL,ORD,NK,4.0,164.0
2025,1,FLL,ORD,NK,4.0,170.0
2025,1,FLL,ORD,NK,4.0,171.5
2025,1,FLL,ORD,NK,4.0,212.0
2025,1,FLL,ORD,NK,4.0,219.0
2025,1,FLL,ORD,NK,4.0,314.0
2025,1,FLL,ORD,NK,4.0,349.0
2025,1,FLL,ORD,NK,4.0,369.0
2025,1,FLL,ORD,NK,4.0,384.0
2025,1,FLL,ORD,NK,4.0,408.0
2025,1,FLL,ORD,NK,5.0,26.0
2025,1,FLL,ORD,NK,5.0,41.0
2025,1,FLL,ORD,NK,5.0,42.0
2025,1,FLL,ORD,NK,5.0,43.0
2025,1,FLL,ORD,NK,5.0,43.0
2025,1,FLL,ORD,NK,5.0,52.0
2025,1,FLL,ORD,NK,5.0,52.5
2025,1,FLL,ORD,NK,5.0,61.0
2025,1,FLL,ORD,NK,5.0,61.5
2025,1,FLL,ORD,NK,5.0,76.0
2025,1,FLL,ORD,NK,5.0,81.0
2025,1,FLL,ORD,NK,5.0,101.5
2025,1,FLL,ORD,NK,5.0,109.5
2025,1,FLL,ORD,NK,5.0,136.5
2025,1,FLL,ORD,NK,5.0,154.0
2025,1,FLL,ORD,NK,5.0,167.0
2025,1,FLL,ORD,NK,5.0,169.0
2025,1,FLL,ORD,NK,5.0,176.5
2025,1,FLL,ORD,NK,5.0,184.0
2025,1,FLL,ORD,NK,5.0,184.5
2025,1,FLL,ORD,NK,5.0,196.5
2025,1,FLL,ORD,NK,5.0,209.0
2025,1,FLL,ORD,NK,5.0,212.0
2025,1,FLL,ORD,NK,5.0,242.0
2025,1,FLL,ORD,NK,5.0,249.0
2025,1,FLL,ORD,NK,5.0,254.0
2025,1,FLL,ORD,NK,5.0,259.0
2025,1,FLL,ORD,NK,6.0,21.0
2025,1,FLL,ORD,NK,6.0,36.0
2025,1,FLL,ORD,NK,6.0,47.0
2025,1,FLL,ORD,NK,6.0,49.0
2025,1,FLL,ORD,NK,6.0,52.5
2025,1,FLL,ORD,NK,6.0,54.0
2025,1,FLL,ORD,NK,6.0,64.0
2025,1,FLL,ORD,NK,6.0,82.5
2025,1,FLL,ORD,NK,6.0,89.0
2025,1,FLL,ORD,NK,6.0,89.0
2025,1,FLL,ORD,NK,6.0,91.0
2025,1,FLL,ORD,NK,6.0,94.0
2025,1,FLL,ORD,NK,6.0,94.0
2025,1,FLL,ORD,NK,6.0,97.0
2025,1,FLL,ORD,NK,6.0,109.0
2025,1,FLL,ORD,NK,6.0,113.0
2025,1,FLL,ORD,NK,6.0,124.0
2025,1,FLL,ORD,NK,6.0,131.5
2025,1,FLL,ORD,NK,6.0,132.0
2025,1,FLL,ORD,NK,6.0,152.0
2025,1,FLL,ORD,NK,6.0,161.0
2025,1,FLL,ORD,NK,6.0,174.0
2025,1,FLL,ORD,NK,6.0,329.0
2025,1,FLL,ORD,NK,6.0,369.0
2025,1,FLL,ORD,NK,6.0,399.0
2025,1,FLL,ORD,NK,7.0,46.0
2025,1,FLL,ORD,NK,7.0,63.0
2025,1,FLL,ORD,NK,7.0,66.0
2025,1,FLL,ORD,NK,7.0,70.5
2025,1,FLL,ORD,NK,7.0,114.0
2025,1,FLL,ORD,NK,7.0,127.0
2025,1,FLL,ORD,NK,7.0,139.0
2025,1,FLL,ORD,NK,7.0,149.0
2025,1,FLL,ORD,NK,7.0,159.0
2025,1,FLL,ORD,NK,7.0,189.0
2025,1,FLL,ORD,NK,7.0,198.0
2025,1,FLL,ORD,NK,7.0,224.0
2025,1,FLL,ORD,NK,7.0,229.0
2025,1,FLL,ORD,NK,7.0,239.0
2025,1,FLL,ORD,NK,7.0,269.0
2025,1,FLL,ORD,NK,8.0,46.0
2025,1,FLL,ORD,NK,8.0,48.5
2025,1,FLL,ORD,NK,8.0,53.0
2025,1,FLL,ORD,NK,8.0,56.0
2025,1,FLL,ORD,NK,8.0,56.0
2025,1,FLL,ORD,NK,8.0,56.0
2025,1,FLL,ORD,NK,8.0,71.5
2025,1,FLL,ORD,NK,8.0,98.0
2025,1,FLL,ORD,NK,8.0,127.0
2025,1,FLL,ORD,NK,8.0,139.0
2025,1,FLL,ORD,NK,8.0,179.0
2025,1,FLL,ORD,NK,8.0,194.0
2025,1,FLL,ORD,NK,9.0,38.0
2025,1,FLL,ORD,NK,9.0,38.5
2025,1,FLL,ORD,NK,9.0,48.0
2025,1,FLL,ORD,NK,9.0,50.0
2025,1,FLL,ORD,NK,9.0,99.0
2025,1,FLL,ORD,NK,9.0,154.5
2025,1,FLL,ORD,NK,9.0,169.0
2025,1,FLL,ORD,NK,9.0,174.0
2025,1,FLL,ORD,NK,9.0,239.0
2025,1,FLL,ORD,NK,10.0,53.0
2025,1,FLL,ORD,NK,10.0,63.0
2025,1,FLL,ORD,NK,10.0,85.5
2025,1,FLL,ORD,NK,10.0,93.0
2025,1,FLL,ORD,NK,10.0,109.0
2025,1,FLL,ORD,NK,10.0,204.0
2025,1,FLL,ORD,NK,10.0,379.0
2025,1,FLL,ORD,NK,11.0,38.5
2025,1,FLL,ORD,NK,11.0,74.0
2025,1,FLL,ORD,NK,11.0,76.0
2025,1,FLL,ORD,NK,11.0,81.0
2025,1,FLL,ORD,NK,11.0,112.0
2025,1,FLL,ORD,NK,11.0,139.5
2025,1,FLL,ORD,NK,11.0,169.0
2025,1,FLL,ORD,NK,11.0,182.0
2025,1,FLL,ORD,NK,11.0,189.0
2025,1,FLL,ORD,NK,11.0,197.0
2025,1,FLL,ORD,NK,11.0,209.0
2025,1,FLL,ORD,NK,12.0,58.0
2025,1,FLL,ORD,NK,12.0,94.0
2025,1,FLL,ORD,NK,12.0,124.5
2025,1,FLL,ORD,NK,12.0,144.0
2025,1,FLL,ORD,NK,12.0,159.0
2025,1,FLL,ORD,NK,13.0,54.0
2025,1,FLL,ORD,NK,13.0,96.0
2025,1,FLL,ORD,NK,13.0,167.0
2025,1,FLL,ORD,NK,13.0,284.0
2025,1,FLL,ORD,NK,14.0,55.5
2025,1,FLL,ORD,NK,14.0,84.0
2025,1,FLL,ORD,NK,14.0,101.5
2025,1,FLL,ORD,NK,14.0,109.5
2025,1,FLL,ORD,NK,14.0,114.0
2025,1,FLL,ORD,NK,14.0,119.0
2025,1,FLL,ORD,NK,14.0,134.0
2025,1,FLL,ORD,NK,15.0,104.0
2025,1,FLL,ORD,NK,15.0,116.5
2025,1,FLL,ORD,NK,16.0,79.0
2025,1,FLL,ORD,NK,16.0,149.0
2025,1,FLL,ORD,NK,17.0,48.0
2025,1,FLL,ORD,NK,17.0,289.0
2025,1,FLL,ORD,NK,18.0,64.0
2025,1,FLL,ORD,NK,18.0,74.0
2025,1,FLL,ORD,NK,18.0,89.0
2025,1,FLL,ORD,NK,18.0,259.0
2025,1,FLL,ORD,NK,19.0,71.5
2025,1,FLL,ORD,NK,20.0,5.5
2025,1,FLL,ORD,NK,20.0,58.0
2025,1,FLL,ORD,NK,20.0,69.0
2025,1,FLL,ORD,NK,20.0,214.0
2025,1,FLL,ORD,NK,20.0,219.0
2025,1,FLL,ORD,NK,21.0,63.0
2025,1,FLL,ORD,NK,21.0,66.5
2025,1,FLL,ORD,NK,21.0,129.0
2025,1,FLL,ORD,NK,21.0,319.0
2025,1,FLL,ORD,NK,22.0,99.0
2025,1,FLL,ORD,NK,22.0,114.0
2025,1,FLL,ORD,NK,23.0,97.0
2025,1,FLL,ORD,NK,24.0,48.0
2025,1,FLL,ORD,NK,24.0,79.0
2025,1,FLL,ORD,NK,26.0,44.0
2025,1,FLL,ORD,NK,26.0,82.0
2025,1,FLL,ORD,NK,26.0,152.0
2025,1,FLL,ORD,NK,27.0,67.0
2025,1,FLL,ORD,NK,27.0,70.5
2025,1,FLL,ORD,NK,27.0,249.0
2025,1,FLL,ORD,NK,28.0,49.0
2025,1,FLL,ORD,NK,28.0,84.0
2025,1,FLL,ORD,NK,28.0,119.0
2025,1,FLL,ORD,NK,28.0,129.0
2025,1,FLL,ORD,NK,29.0,97.0
2025,1,FLL,ORD,NK,30.0,182.0
2025,1,FLL,ORD,NK,32.0,67.0
2025,1,FLL,ORD,NK,34.0,99.0
2025,1,FLL,ORD,NK,39.0,55.5
2025,1,FLL,ORD,NK,40.0,44.0
2025,1,FLL,ORD,NK,40.0,69.0
2025,1,FLL,ORD,NK,41.0,67.0
2025,1,FLL,ORD,NK,42.0,84.0
2025,1,FLL,ORD,NK,42.0,159.0
2025,1,FLL,ORD,NK,43.0,189.0
2025,1,FLL,ORD,NK,45.0,49.0
2025,1,FLL,ORD,NK,46.0,6.0
2025,1,FLL,ORD,NK,46.0,69.0
2025,1,FLL,ORD,NK,48.0,5.5
2025,1,FLL,ORD,NK,53.0,54.0
2025,1,FLL,ORD,NK,56.0,44.0
2025,1,FLL,ORD,NK,56.0,59.0
2025,1,FLL,ORD,NK,61.0,59.0
2025,1,FLL,ORD,NK,102.0,59.0
2025,1,FLL,ATL,NK,1.0,2.52
2025,1,FLL,ATL,NK,1.0,2.63
2025,1,FLL,ATL,NK,1.0,11.0
2025,1,FLL,ATL,NK,1.0,12.02
2025,1,FLL,ATL,NK,1.0,12.73
2025,1,FLL,ATL,NK,1.0,14.5
2025,1,FLL,ATL,NK,1.0,16.62
2025,1,FLL,ATL,NK,1.0,17.34
2025,1,FLL,ATL,NK,1.0,18.0
2025,1,FLL,ATL,NK,1.0,18.0
2025,1,FLL,ATL,NK,1.0,18.3
2025,1,FLL,ATL,NK,1.0,18.5
2025,1,FLL,ATL,NK,1.0,18.5
2025,1,FLL,ATL,NK,1.0,20.5
2025,1,FLL,ATL,NK,1.0,20.84
2025,1,FLL,ATL,NK,1.0,21.04
2025,1,FLL,ATL,NK,1.0,21.76
2025,1,FLL,ATL,NK,1.0,22.13
2025,1,FLL,ATL,NK,1.0,22.5
2025,1,FLL,ATL,NK,1.0,23.15
2025,1,FLL,ATL,NK,1.0,24.5
2025,1,FLL,ATL,NK,1.0,25.0
2025,1,FLL,ATL,NK,1.0,25.5
2025,1,FLL,ATL,NK,1.0,25.5
2025,1,FLL,ATL,NK,1.0,25.81
2025,1,FLL,ATL,NK,1.0,27.5
2025,1,FLL,ATL,NK,1.0,27.58
2025,1,FLL,ATL,NK,1.0,27.67
2025,1,FLL,ATL,NK,1.0,27.94
2025,1,FLL,ATL,NK,1.0,28.3
2025,1,FLL,ATL,NK,1.0,28.5
2025,1,FLL,ATL,NK,1.0,29.34
2025,1,FLL,ATL,NK,1.0,29.91
2025,1,FLL,ATL,NK,1.0,30.0
2025,1,FLL,ATL,NK,1.0,30.06
2025,1,FLL,ATL,NK,1.0,30.5
2025,1,FLL,ATL,NK,1.0,30.5
2025,1,FLL,ATL,NK,1.0,30.78
2025,1,FLL,ATL,NK,1.0,31.12
2025,1,FLL,ATL,NK,1.0,31.5
2025,1,FLL,ATL,NK,1.0,31.79
2025,1,FLL,ATL,NK,1.0,32.87
2025,1,FLL,ATL,NK,1.0,32.89
2025,1,FLL,ATL,NK,1.0,33.0
2025,1,FLL,ATL,NK,1.0,33.01
2025,1,FLL,ATL,NK,1.0,33.27
2025,1,FLL,ATL,NK,1.0,33.54
2025,1,FLL,ATL,NK,1.0,33.95
2025,1,FLL,ATL,NK,1.0,35.04
2025,1,FLL,ATL,NK,1.0,36.81
2025,1,FLL,ATL,NK,1.0,37.81
2025,1,FLL,ATL,NK,1.0,38.0
2025,1,FLL,ATL,NK,1.0,38.0
2025,1,FLL,ATL,NK,1.0,38.8
2025,1,FLL,ATL,NK,1.0,39.78
2025,1,FLL,ATL,NK,1.0,39.82
2025,1,FLL,ATL,NK,1.0,42.59
2025,1,FLL,ATL,NK,1.0,42.91
2025,1,FLL,ATL,NK,1.0,43.0
2025,1,FLL,ATL,NK,1.0,43.74
2025,1,FLL,ATL,NK,1.0,44.13
2025,1,FLL,ATL,NK,1.0,44.74
2025,1,FLL,ATL,NK,1.0,45.0
2025,1,FLL,ATL,NK,1.0,45.5
2025,1,FLL,ATL,NK,1.0,46.11
2025,1,FLL,ATL,NK,1.0,46.36
2025,1,FLL,ATL,NK,1.0,46.95
2025,1,FLL,ATL,NK,1.0,47.0
2025,1,FLL,ATL,NK,1.0,48.09
2025,1,FLL,ATL,NK,1.0,50.0
2025,1,FLL,ATL,NK,1.0,51.5
2025,1,FLL,ATL,NK,1.0,52.0
2025,1,FLL,ATL,NK,1.0,52.0
2025,1,FLL,ATL,NK,1.0,52.42
2025,1,FLL,ATL,NK,1.0,52.99
2025,1,FLL,ATL,NK,1.0,55.0
2025,1,FLL,ATL,NK,1.0,55.0
2025,1,FLL,ATL,NK,1.0,55.23
2025,1,FLL,ATL,NK,1.0,55.34
2025,1,FLL,ATL,NK,1.0,56.8
2025,1,FLL,ATL,NK,1.0,56.96
2025,1,FLL,ATL,NK,1.0,57.0
2025,1,FLL,ATL,NK,1.0,57.41
2025,1,FLL,ATL,NK,1.0,57.58
2025,1,FLL,ATL,NK,1.0,58.83
2025,1,FLL,ATL,NK,1.0,59.0
2025,1,FLL,ATL,NK,1.0,60.5
2025,1,FLL,ATL,NK,1.0,61.62
2025,1,FLL,ATL,NK,1.0,62.0
2025,1,FLL,ATL,NK,1.0,62.06
2025,1,FLL,ATL,NK,1.0,62.88
2025,1,FLL,ATL,NK,1.0,63.72
2025,1,FLL,ATL,NK,1.0,64.5
2025,1,FLL,ATL,NK,1.0,64.5
2025,1,FLL,ATL,NK,1.0,64.81
2025,1,FLL,ATL,NK,1.0,64.92
2025,1,FLL,ATL,NK,1.0,65.0
2025,1,FLL,ATL,NK,1.0,65.5
2025,1,FLL,ATL,NK,1.0,66.74
2025,1,FLL,ATL,NK,1.0,67.0
2025,1,FLL,ATL,NK,1.0,67.0
2025,1,FLL,ATL,NK,1.0,67.44
2025,1,FLL,ATL,NK,1.0,67.51
2025,1,FLL,ATL,NK,1.0,68.61
2025,1,FLL,ATL,NK,1.0,69.17
2025,1,FLL,ATL,NK,1.0,69.5
2025,1,FLL,ATL,NK,1.0,70.5
2025,1,FLL,ATL,NK,1.0,72.0
2025,1,FLL,ATL,NK,1.0,72.3
2025,1,FLL,ATL,NK,1.0,73.0
2025,1,FLL,ATL,NK,1.0,73.0
2025,1,FLL,ATL,NK,1.0,73.65
2025,1,FLL,ATL,NK,1.0,74.35
2025,1,FLL,ATL,NK,1.0,74.5
2025,1,FLL,ATL,NK,1.0,74.52
2025,1,FLL,ATL,NK,1.0,75.0
2025,1,FLL,ATL,NK,1.0,75.0
2025,1,FLL,ATL,NK,1.0,76.41
2025,1,FLL,ATL,NK,1.0,76.64
2025,1,FLL,ATL,NK,1.0,77.0
2025,1,FLL,ATL,NK,1.0,77.78
2025,1,FLL,ATL,NK,1.0,78.0
2025,1,FLL,ATL,NK,1.0,78.0
2025,1,FLL,ATL,NK,1.0,78.5
2025,1,FLL,ATL,NK,1.0,79.15
2025,1,FLL,ATL,NK,1.0,79.5
2025,1,FLL,ATL,NK,1.0,79.5
2025,1,FLL,ATL,NK,1.0,80.0
2025,1,FLL,ATL,NK,1.0,80.2
2025,1,FLL,ATL,NK,1.0,81.87
2025,1,FLL,ATL,NK,1.0,82.0
2025,1,FLL,ATL,NK,1.0,82.0
2025,1,FLL,ATL,NK,1.0,82.6
2025,1,FLL,ATL,NK,1.0,82.94
2025,1,FLL,ATL,NK,1.0,83.0
2025,1,FLL,ATL,NK,1.0,83.64
2025,1,FLL,ATL,NK,1.0,84.5
2025,1,FLL,ATL,NK,1.0,84.68
2025,1,FLL,ATL,NK,1.0,85.0
2025,1,FLL,ATL,NK,1.0,85.0
2025,1,FLL,ATL,NK,1.0,85.5
2025,1,FLL,ATL,NK,1.0,85.5
2025,1,FLL,ATL,NK,1.0,87.5
2025,1,FLL,ATL,NK,1.0,87.74
2025,1,FLL,ATL,NK,1.0,87.84
2025,1,FLL,ATL,NK,1.0,88.0
2025,1,FLL,ATL,NK,1.0,89.5
2025,1,FLL,ATL,NK,1.0,89.5
2025,1,FLL,ATL,NK,1.0,90.0
2025,1,FLL,ATL,NK,1.0,90.0
2025,1,FLL,ATL,NK,1.0,90.0
2025,1,FLL,ATL,NK,1.0,90.5
2025,1,FLL,ATL,NK,1.0,91.12
2025,1,FLL,ATL,NK,1.0,91.82
2025,1,FLL,ATL,NK,1.0,92.5
2025,1,FLL,ATL,NK,1.0,92.5
2025,1,FLL,ATL,NK,1.0,92.61
2025,1,FLL,ATL,NK,1.0,93.0
2025,1,FLL,ATL,NK,1.0,93.5
2025,1,FLL,ATL,NK,1.0,93.55
2025,1,FLL,ATL,NK,1.0,94.5
2025,1,FLL,ATL,NK,1.0,95.5
2025,1,FLL,ATL,NK,1.0,96.5
2025,1,FLL,ATL,NK,1.0,96.5
2025,1,FLL,ATL,NK,1.0,96.62
2025,1,FLL,ATL,NK,1.0,97.0
2025,1,FLL,ATL,NK,1.0,97.0
2025,1,FLL,ATL,NK,1.0,97.5
2025,1,FLL,ATL,NK,1.0,98.0
2025,1,FLL,ATL,NK,1.0,98.11
2025,1,FLL,ATL,NK,1.0,98.5
2025,1,FLL,ATL,NK,1.0,99.09
2025,1,FLL,ATL,NK,1.0,99.5
2025,1,FLL,ATL,NK,1.0,99.82
2025,1,FLL,ATL,NK,1.0,102.37
2025,1,FLL,ATL,NK,1.0,103.44
2025,1,FLL,ATL,NK,1.0,104.94
2025,1,FLL,ATL,NK,1.0,105.0
2025,1,FLL,ATL,NK,1.0,105.0
2025,1,FLL,ATL,NK,1.0,105.5
2025,1,FLL,ATL,NK,1.0,106.11
2025,1,FLL,ATL,NK,1.0,106.5
2025,1,FLL,ATL,NK,1.0,107.5
2025,1,FLL,ATL,NK,1.0,108.0
2025,1,FLL,ATL,NK,1.0,108.5
2025,1,FLL,ATL,NK,1.0,108.59
2025,1,FLL,ATL,NK,1.0,109.1
2025,1,FLL,ATL,NK,1.0,109.5
2025,1,FLL,ATL,NK,1.0,109.5
2025,1,FLL,ATL,NK,1.0,110.0
2025,1,FLL,ATL,NK,1.0,110.5
2025,1,FLL,ATL,NK,1.0,110.5
2025,1,FLL,ATL,NK,1.0,111.0
2025,1,FLL,ATL,NK,1.0,111.0
2025,1,FLL,ATL,NK,1.0,112.0
2025,1,FLL,ATL,NK,1.0,112.5
2025,1,FLL,ATL,NK,1.0,113.0
2025,1,FLL,ATL,NK,1.0,113.0
2025,1,FLL,ATL,NK,1.0,114.0
2025,1,FLL,ATL,NK,1.0,114.0
2025,1,FLL,ATL,NK,1.0,114.47
2025,1,FLL,ATL,NK,1.0,114.5
2025,1,FLL,ATL,NK,1.0,115.0
2025,1,FLL,ATL,NK,1.0,116.0
2025,1,FLL,ATL,NK,1.0,117.0
2025,1,FLL,ATL,NK,1.0,118.0
2025,1,FLL,ATL,NK,1.0,119.5
2025,1,FLL,ATL,NK,1.0,120.5
2025,1,FLL,ATL,NK,1.0,122.68
2025,1,FLL,ATL,NK,1.0,123.0
2025,1,FLL,ATL,NK,1.0,124.5
2025,1,FLL,ATL,NK,1.0,125.5
2025,1,FLL,ATL,NK,1.0,126.5
2025,1,FLL,ATL,NK,1.0,127.0
2025,1,FLL,ATL,NK,1.0,127.0
2025,1,FLL,ATL,NK,1.0,127.0
2025,1,FLL,ATL,NK,1.0,128.0
2025,1,FLL,ATL,NK,1.0,128.5
2025,1,FLL,ATL,NK,1.0,129.69
2025,1,FLL,ATL,NK,1.0,130.0
2025,1,FLL,ATL,NK,1.0,131.0
2025,1,FLL,ATL,NK,1.0,132.0
2025,1,FLL,ATL,NK,1.0,133.16
2025,1,FLL,ATL,NK,1.0,134.0
2025,1,FLL,ATL,NK,1.0,134.84
2025,1,FLL,ATL,NK,1.0,135.53
2025,1,FLL,ATL,NK,1.0,136.0
2025,1,FLL,ATL,NK,1.0,137.0
2025,1,FLL,ATL,NK,1.0,137.5
2025,1,FLL,ATL,NK,1.0,138.0
2025,1,FLL,ATL,NK,1.0,138.0
2025,1,FLL,ATL,NK,1.0,138.16
2025,1,FLL,ATL,NK,1.0,138.5
2025,1,FLL,ATL,NK,1.0,139.0
2025,1,FLL,ATL,NK,1.0,139.5
2025,1,FLL,ATL,NK,1.0,139.99
2025,1,FLL,ATL,NK,1.0,141.0
2025,1,FLL,ATL,NK,1.0,141.0
2025,1,FLL,ATL,NK,1.0,141.5
2025,1,FLL,ATL,NK,1.0,142.56
2025,1,FLL,ATL,NK,1.0,143.0
2025,1,FLL,ATL,NK,1.0,144.0
2025,1,FLL,ATL,NK,1.0,145.5
2025,1,FLL,ATL,NK,1.0,146.0
2025,1,FLL,ATL,NK,1.0,146.5
2025,1,FLL,ATL,NK,1.0,147.0
2025,1,FLL,ATL,NK,1.0,147.5
2025,1,FLL,ATL,NK,1.0,147.5
2025,1,FLL,ATL,NK,1.0,148.0
2025,1,FLL,ATL,NK,1.0,148.0
2025,1,FLL,ATL,NK,1.0,148.5
2025,1,FLL,ATL,NK,1.0,149.23
2025,1,FLL,ATL,NK,1.0,149.8
2025,1,FLL,ATL,NK,1.0,150.5
2025,1,FLL,ATL,NK,1.0,151.0
2025,1,FLL,ATL,NK,1.0,151.0
2025,1,FLL,ATL,NK,1.0,152.0
2025,1,FLL,ATL,NK,1.0,152.5
2025,1,FLL,ATL,NK,1.0,153.5
2025,1,FLL,ATL,NK,1.0,155.0
2025,1,FLL,ATL,NK,1.0,155.5
2025,1,FLL,ATL,NK,1.0,157.0
2025,1,FLL,ATL,NK,1.0,159.0
2025,1,FLL,ATL,NK,1.0,161.0
2025,1,FLL,ATL,NK,1.0,161.5
2025,1,FLL,ATL,NK,1.0,162.0
2025,1,FLL,ATL,NK,1.0,162.0
2025,1,FLL,ATL,NK,1.0,163.0
2025,1,FLL,ATL,NK,1.0,163.5
2025,1,FLL,ATL,NK,1.0,164.0
2025,1,FLL,ATL,NK,1.0,164.0
2025,1,FLL,ATL,NK,1.0,166.5
2025,1,FLL,ATL,NK,1.0,167.0
2025,1,FLL,ATL,NK,1.0,167.0
2025,1,FLL,ATL,NK,1.0,168.0
2025,1,FLL,ATL,NK,1.0,168.0
2025,1,FLL,ATL,NK,1.0,170.0
2025,1,FLL,ATL,NK,1.0,170.0
2025,1,FLL,ATL,NK,1.0,170.5
2025,1,FLL,ATL,NK,1.0,171.0
2025,1,FLL,ATL,NK,1.0,173.0
2025,1,FLL,ATL,NK,1.0,174.0
2025,1,FLL,ATL,NK,1.0,177.0
2025,1,FLL,ATL,NK,1.0,178.0
2025,1,FLL,ATL,NK,1.0,178.5
2025,1,FLL,ATL,NK,1.0,181.0
2025,1,FLL,ATL,NK,1.0,181.0
2025,1,FLL,ATL,NK,1.0,182.0
2025,1,FLL,ATL,NK,1.0,183.5
2025,1,FLL,ATL,NK,1.0,185.5
2025,1,FLL,ATL,NK,1.0,190.0
2025,1,FLL,ATL,NK,1.0,192.0
2025,1,FLL,ATL,NK,1.0,193.0
2025,1,FLL,ATL,NK,1.0,193.0
2025,1,FLL,ATL,NK,1.0,195.5
2025,1,FLL,ATL,NK,1.0,196.5
2025,1,FLL,ATL,NK,1.0,198.5
2025,1,FLL,ATL,NK,1.0,200.0
2025,1,FLL,ATL,NK,1.0,202.0
2025,1,FLL,ATL,NK,1.0,203.0
2025,1,FLL,ATL,NK,1.0,203.0
2025,1,FLL,ATL,NK,1.0,208.0
2025,1,FLL,ATL,NK,1.0,210.5
2025,1,FLL,ATL,NK,1.0,211.0
2025,1,FLL,ATL,NK,1.0,214.0
2025,1,FLL,ATL,NK,1.0,216.0
2025,1,FLL,ATL,NK,1.0,217.5
2025,1,FLL,ATL,NK,1.0,219.0
2025,1,FLL,ATL,NK,1.0,220.0
2025,1,FLL,ATL,NK,1.0,223.0
2025,1,FLL,ATL,NK,1.0,224.0
2025,1,FLL,ATL,NK,1.0,241.0
2025,1,FLL,ATL,NK,1.0,246.5
2025,1,FLL,ATL,NK,1.0,247.0
2025,1,FLL,ATL,NK,1.0,248.5
2025,1,FLL,ATL,NK,1.0,251.0
2025,1,FLL,ATL,NK,1.0,263.0
2025,1,FLL,ATL,NK,1.0,278.0
2025,1,FLL,ATL,NK,1.0,284.0
2025,1,FLL,ATL,NK,1.0,286.0
2025,1,FLL,ATL,NK,1.0,295.0
2025,1,FLL,ATL,NK,1.0,316.0
2025,1,FLL,ATL,NK,1.0,322.0
2025,1,FLL,ATL,NK,1.0,322.5
2025,1,FLL,ATL,NK,1.0,359.0
2025,1,FLL,ATL,NK,1.0,369.0
2025,1,FLL,ATL,NK,1.0,379.0
2025,1,FLL,ATL,NK,1.0,382.0
2025,1,FLL,ATL,NK,1.0,384.0
2025,1,FLL,ATL,NK,2.0,15.0
2025,1,FLL,ATL,NK,2.0,15.0
2025,1,FLL,ATL,NK,2.0,17.33
2025,1,FLL,ATL,NK,2.0,19.5
2025,1,FLL,ATL,NK,2.0,19.5
2025,1,FLL,ATL,NK,2.0,19.7
2025,1,FLL,ATL,NK,2.0,20.0
2025,1,FLL,ATL,NK,2.0,20.0
2025,1,FLL,ATL,NK,2.0,20.0
2025,1,FLL,ATL,NK,2.0,23.5
2025,1,FLL,ATL,NK,2.0,27.0
2025,1,FLL,ATL,NK,2.0,27.0
2025,1,FLL,ATL,NK,2.0,27.5
2025,1,FLL,ATL,NK,2.0,29.5
2025,1,FLL,ATL,NK,2.0,32.0
2025,1,FLL,ATL,NK,2.0,36.5
2025,1,FLL,ATL,NK,2.0,40.5
2025,1,FLL,ATL,NK,2.0,47.0
2025,1,FLL,ATL,NK,2.0,49.5
2025,1,FLL,ATL,NK,2.0,49.5
2025,1,FLL,ATL,NK,2.0,50.5
2025,1,FLL,ATL,NK,2.0,52.0
2025,1,FLL,ATL,NK,2.0,52.0
2025,1,FLL,ATL,NK,2.0,53.0
2025,1,FLL,ATL,NK,2.0,53.0
2025,1,FLL,ATL,NK,2.0,54.5
2025,1,FLL,ATL,NK,2.0,54.5
2025,1,FLL,ATL,NK,2.0,55.0
2025,1,FLL,ATL,NK,2.0,55.5
2025,1,FLL,ATL,NK,2.0,57.0
2025,1,FLL,ATL,NK,2.0,57.0
2025,1,FLL,ATL,NK,2.0,57.88
2025,1,FLL,ATL,NK,2.0,58.5
2025,1,FLL,ATL,NK,2.0,60.0
2025,1,FLL,ATL,NK,2.0,61.0
2025,1,FLL,ATL,NK,2.0,62.0
2025,1,FLL,ATL,NK,2.0,62.5
2025,1,FLL,ATL,NK,2.0,65.0
2025,1,FLL,ATL,NK,2.0,66.0
2025,1,FLL,ATL,NK,2.0,66.0
2025,1,FLL,ATL,NK,2.0,68.0
2025,1,FLL,ATL,NK,2.0,70.0
2025,1,FLL,ATL,NK,2.0,70.0
2025,1,FLL,ATL,NK,2.0,70.5
2025,1,FLL,ATL,NK,2.0,72.0
2025,1,FLL,ATL,NK,2.0,73.0
2025,1,FLL,ATL,NK,2.0,75.5
2025,1,FLL,ATL,NK,2.0,75.5
2025,1,FLL,ATL,NK,2.0,76.0
2025,1,FLL,ATL,NK,2.0,77.0
2025,1,FLL,ATL,NK,2.0,80.0
2025,1,FLL,ATL,NK,2.0,80.5
2025,1,FLL,ATL,NK,2.0,83.0
2025,1,FLL,ATL,NK,2.0,91.5
2025,1,FLL,ATL,NK,2.0,94.5
2025,1,FLL,ATL,NK,2.0,95.0
2025,1,FLL,ATL,NK,2.0,96.0
2025,1,FLL,ATL,NK,2.0,96.0
2025,1,FLL,ATL,NK,2.0,96.0
2025,1,FLL,ATL,NK,2.0,98.0
2025,1,FLL,ATL,NK,2.0,100.0
2025,1,FLL,ATL,NK,2.0,101.0
2025,1,FLL,ATL,NK,2.0,101.0
2025,1,FLL,ATL,NK,2.0,101.5
2025,1,FLL,ATL,NK,2.0,102.5
2025,1,FLL,ATL,NK,2.0,102.5
2025,1,FLL,ATL,NK,2.0,105.0
2025,1,FLL,ATL,NK,2.0,105.5
2025,1,FLL,ATL,NK,2.0,107.0
2025,1,FLL,ATL,NK,2.0,108.0
2025,1,FLL,ATL,NK,2.0,108.0
2025,1,FLL,ATL,NK,2.0,112.0
2025,1,FLL,ATL,NK,2.0,112.5
2025,1,FLL,ATL,NK,2.0,113.0
2025,1,FLL,ATL,NK,2.0,113.5
2025,1,FLL,ATL,NK,2.0,114.5
2025,1,FLL,ATL,NK,2.0,117.0
2025,1,FLL,ATL,NK,2.0,119.0
2025,1,FLL,ATL,NK,2.0,121.0
2025,1,FLL,ATL,NK,2.0,121.5
2025,1,FLL,ATL,NK,2.0,122.0
2025,1,FLL,ATL,NK,2.0,123.5
2025,1,FLL,ATL,NK,2.0,126.0
2025,1,FLL,ATL,NK,2.0,128.0
2025,1,FLL,ATL,NK,2.0,128.5
2025,1,FLL,ATL,NK,2.0,130.0
2025,1,FLL,ATL,NK,2.0,130.0
2025,1,FLL,ATL,NK,2.0,130.5
2025,1,FLL,ATL,NK,2.0,132.0
2025,1,FLL,ATL,NK,2.0,133.0
2025,1,FLL,ATL,NK,2.0,135.0
2025,1,FLL,ATL,NK,2.0,136.0
2025,1,FLL,ATL,NK,2.0,137.5
2025,1,FLL,ATL,NK,2.0,140.5
2025,1,FLL,ATL,NK,2.0,143.5
2025,1,FLL,ATL,NK,2.0,144.0
2025,1,FLL,ATL,NK,2.0,146.5
2025,1,FLL,ATL,NK,2.0,147.0
2025,1,FLL,ATL,NK,2.0,151.5
2025,1,FLL,ATL,NK,2.0,151.5
2025,1,FLL,ATL,NK,2.0,154.0
2025,1,FLL,ATL,NK,2.0,155.0
2025,1,FLL,ATL,NK,2.0,156.0
2025,1,FLL,ATL,NK,2.0,158.5
2025,1,FLL,ATL,NK,2.0,159.0
2025,1,FLL,ATL,NK,2.0,160.0
2025,1,FLL,ATL,NK,2.0,162.0
2025,1,FLL,ATL,NK,2.0,174.0
2025,1,FLL,ATL,NK,2.0,176.0
2025,1,FLL,ATL,NK,2.0,181.0
2025,1,FLL,ATL,NK,2.0,184.0
2025,1,FLL,ATL,NK,2.0,202.0
2025,1,FLL,ATL,NK,2.0,224.0
2025,1,FLL,ATL,NK,2.0,239.0
2025,1,FLL,ATL,NK,2.0,242.0
2025,1,FLL,ATL,NK,2.0,276.0
2025,1,FLL,ATL,NK,2.0,279.0
2025,1,FLL,ATL,NK,2.0,376.0
2025,1,FLL,ATL,NK,3.0,16.0
2025,1,FLL,ATL,NK,3.0,16.0
2025,1,FLL,ATL,NK,3.0,19.0
2025,1,FLL,ATL,NK,3.0,21.0
2025,1,FLL,ATL,NK,3.0,24.0
2025,1,FLL,ATL,NK,3.0,25.0
2025,1,FLL,ATL,NK,3.0,31.5
2025,1,FLL,ATL,NK,3.0,34.5
2025,1,FLL,ATL,NK,3.0,35.0
2025,1,FLL,ATL,NK,3.0,37.0
2025,1,FLL,ATL,NK,3.0,37.5
2025,1,FLL,ATL,NK,3.0,39.5
2025,1,FLL,ATL,NK,3.0,40.0
2025,1,FLL,ATL,NK,3.0,42.0
2025,1,FLL,ATL,NK,3.0,42.0
2025,1,FLL,ATL,NK,3.0,45.5
2025,1,FLL,ATL,NK,3.0,50.0
2025,1,FLL,ATL,NK,3.0,52.5
2025,1,FLL,ATL,NK,3.0,53.0
2025,1,FLL,ATL,NK,3.0,58.0
2025,1,FLL,ATL,NK,3.0,59.5
2025,1,FLL,ATL,NK,3.0,59.5
2025,1,FLL,ATL,NK,3.0,60.5
2025,1,FLL,ATL,NK,3.0,60.5
2025,1,FLL,ATL,NK,3.0,62.0
2025,1,FLL,ATL,NK,3.0,63.0
2025,1,FLL,ATL,NK,3.0,63.0
2025,1,FLL,ATL,NK,3.0,63.0
2025,1,FLL,ATL,NK,3.0,65.0
2025,1,FLL,ATL,NK,3.0,67.5
2025,1,FLL,ATL,NK,3.0,68.0
2025,1,FLL,ATL,NK,3.0,71.0
2025,1,FLL,ATL,NK,3.0,72.5
2025,1,FLL,ATL,NK,3.0,73.0
2025,1,FLL,ATL,NK,3.0,73.5
2025,1,FLL,ATL,NK,3.0,77.0
2025,1,FLL,ATL,NK,3.0,77.5
2025,1,FLL,ATL,NK,3.0,80.0
2025,1,FLL,ATL,NK,3.0,83.0
2025,1,FLL,ATL,NK,3.0,85.0
2025,1,FLL,ATL,NK,3.0,86.0
2025,1,FLL,ATL,NK,3.0,87.0
2025,1,FLL,ATL,NK,3.0,87.5
2025,1,FLL,ATL,NK,3.0,88.0
2025,1,FLL,ATL,NK,3.0,88.0
2025,1,FLL,ATL,NK,3.0,90.0
2025,1,FLL,ATL,NK,3.0,91.5
2025,1,FLL,ATL,NK,3.0,92.0
2025,1,FLL,ATL,NK,3.0,95.5
2025,1,FLL,ATL,NK,3.0,99.0
2025,1,FLL,ATL,NK,3.0,101.5
2025,1,FLL,ATL,NK,3.0,103.0
2025,1,FLL,ATL,NK,3.0,103.5
2025,1,FLL,ATL,NK,3.0,106.5
2025,1,FLL,ATL,NK,3.0,111.5
2025,1,FLL,ATL,NK,3.0,113.5
2025,1,FLL,ATL,NK,3.0,114.0
2025,1,FLL,ATL,NK,3.0,116.5
2025,1,FLL,ATL,NK,3.0,119.0
2025,1,FLL,ATL,NK,3.0,120.0
2025,1,FLL,ATL,NK,3.0,123.0
2025,1,FLL,ATL,NK,3.0,124.0
2025,1,FLL,ATL,NK,3.0,125.0
2025,1,FLL,ATL,NK,3.0,125.5
2025,1,FLL,ATL,NK,3.0,126.5
2025,1,FLL,ATL,NK,3.0,129.0
2025,1,FLL,ATL,NK,3.0,129.5
2025,1,FLL,ATL,NK,3.0,133.5
2025,1,FLL,ATL,NK,3.0,133.5
2025,1,FLL,ATL,NK,3.0,134.0
2025,1,FLL,ATL,NK,3.0,146.0
2025,1,FLL,ATL,NK,3.0,151.0
2025,1,FLL,ATL,NK,3.0,158.5
2025,1,FLL,ATL,NK,3.0,159.0
2025,1,FLL,ATL,NK,3.0,161.5
2025,1,FLL,ATL,NK,3.0,164.0
2025,1,FLL,ATL,NK,3.0,194.0
2025,1,FLL,ATL,NK,3.0,199.0
2025,1,FLL,ATL,NK,3.0,207.0
2025,1,FLL,ATL,NK,3.0,379.0
2025,1,FLL,ATL,NK,4.0,11.67
2025,1,FLL,ATL,NK,4.0,15.5
2025,1,FLL,ATL,NK,4.0,26.0
2025,1,FLL,ATL,NK,4.0,28.5
2025,1,FLL,ATL,NK,4.0,29.0
2025,1,FLL,ATL,NK,4.0,30.0
2025,1,FLL,ATL,NK,4.0,30.0
2025,1,FLL,ATL,NK,4.0,34.0
2025,1,FLL,ATL,NK,4.0,34.5
2025,1,FLL,ATL,NK,4.0,35.0
2025,1,FLL,ATL,NK,4.0,35.0
2025,1,FLL,ATL,NK,4.0,37.5
2025,1,FLL,ATL,NK,4.0,42.0
2025,1,FLL,ATL,NK,4.0,48.0
2025,1,FLL,ATL,NK,4.0,51.5
2025,1,FLL,ATL,NK,4.0,55.5
2025,1,FLL,ATL,NK,4.0,58.5
2025,1,FLL,ATL,NK,4.0,60.0
2025,1,FLL,ATL,NK,4.0,68.5
2025,1,FLL,ATL,NK,4.0,70.0
2025,1,FLL,ATL,NK,4.0,75.0
2025,1,FLL,ATL,NK,4.0,77.5
2025,1,FLL,ATL,NK,4.0,79.0
2025,1,FLL,ATL,NK,4.0,81.0
2025,1,FLL,ATL,NK,4.0,81.0
2025,1,FLL,ATL,NK,4.0,81.5
2025,1,FLL,ATL,NK,4.0,86.0
2025,1,FLL,ATL,NK,4.0,103.0
2025,1,FLL,ATL,NK,4.0,106.0
2025,1,FLL,ATL,NK,4.0,108.5
2025,1,FLL,ATL,NK,4.0,116.0
2025,1,FLL,ATL,NK,4.0,118.5
2025,1,FLL,ATL,NK,4.0,120.5
2025,1,FLL,ATL,NK,4.0,123.5
2025,1,FLL,ATL,NK,4.0,136.5
2025,1,FLL,ATL,NK,4.0,142.0
2025,1,FLL,ATL,NK,4.0,143.5
2025,1,FLL,ATL,NK,4.0,171.0
2025,1,FLL,ATL,NK,4.0,196.0
2025,1,FLL,ATL,NK,5.0,21.0
2025,1,FLL,ATL,NK,5.0,29.5
2025,1,FLL,ATL,NK,5.0,36.5
2025,1,FLL,ATL,NK,5.0,37.0
2025,1,FLL,ATL,NK,5.0,40.5
2025,1,FLL,ATL,NK,5.0,44.5
2025,1,FLL,ATL,NK,5.0,47.5
2025,1,FLL,ATL,NK,5.0,48.0
2025,1,FLL,ATL,NK,5.0,56.0
2025,1,FLL,ATL,NK,5.0,58.0
2025,1,FLL,ATL,NK,5.0,64.0
2025,1,FLL,ATL,NK,5.0,71.5
2025,1,FLL,ATL,NK,5.0,72.5
2025,1,FLL,ATL,NK,5.0,76.5
2025,1,FLL,ATL,NK,5.0,78.5
2025,1,FLL,ATL,NK,5.0,83.5
2025,1,FLL,ATL,NK,5.0,86.5
2025,1,FLL,ATL,NK,5.0,93.5
2025,1,FLL,ATL,NK,5.0,98.5
2025,1,FLL,ATL,NK,5.0,99.0
2025,1,FLL,ATL,NK,5.0,104.0
2025,1,FLL,ATL,NK,5.0,109.0
2025,1,FLL,ATL,NK,5.0,110.0
2025,1,FLL,ATL,NK,5.0,111.0
2025,1,FLL,ATL,NK,5.0,116.0
2025,1,FLL,ATL,NK,5.0,121.0
2025,1,FLL,ATL,NK,5.0,121.5
2025,1,FLL,ATL,NK,5.0,124.0
2025,1,FLL,ATL,NK,5.0,131.5
2025,1,FLL,ATL,NK,5.0,136.5
2025,1,FLL,ATL,NK,5.0,140.0
2025,1,FLL,ATL,NK,5.0,152.0
2025,1,FLL,ATL,NK,5.0,153.0
2025,1,FLL,ATL,NK,5.0,154.0
2025,1,FLL,ATL,NK,5.0,174.0
2025,1,FLL,ATL,NK,6.0,25.0
2025,1,FLL,ATL,NK,6.0,28.0
2025,1,FLL,ATL,NK,6.0,32.0
2025,1,FLL,ATL,NK,6.0,33.0
2025,1,FLL,ATL,NK,6.0,35.5
2025,1,FLL,ATL,NK,6.0,37.0
2025,1,FLL,ATL,NK,6.0,39.5
2025,1,FLL,ATL,NK,6.0,46.0
2025,1,FLL,ATL,NK,6.0,47.5
2025,1,FLL,ATL,NK,6.0,48.5
2025,1,FLL,ATL,NK,6.0,58.0
2025,1,FLL,ATL,NK,6.0,61.0
2025,1,FLL,ATL,NK,6.0,68.0
2025,1,FLL,ATL,NK,6.0,71.0
2025,1,FLL,ATL,NK,6.0,71.5
2025,1,FLL,ATL,NK,6.0,76.0
2025,1,FLL,ATL,NK,6.0,89.0
2025,1,FLL,ATL,NK,6.0,100.0
2025,1,FLL,ATL,NK,6.0,100.0
2025,1,FLL,ATL,NK,6.0,109.0
2025,1,FLL,ATL,NK,6.0,116.5
2025,1,FLL,ATL,NK,6.0,118.5
2025,1,FLL,ATL,NK,6.0,122.0
2025,1,FLL,ATL,NK,6.0,126.0
2025,1,FLL,ATL,NK,6.0,131.5
2025,1,FLL,ATL,NK,6.0,139.0
2025,1,FLL,ATL,NK,6.0,139.0
2025,1,FLL,ATL,NK,6.0,149.0
2025,1,FLL,ATL,NK,7.0,26.0
2025,1,FLL,ATL,NK,7.0,28.0
2025,1,FLL,ATL,NK,7.0,29.0
2025,1,FLL,ATL,NK,7.0,35.5
2025,1,FLL,ATL,NK,7.0,50.0
2025,1,FLL,ATL,NK,7.0,53.5
2025,1,FLL,ATL,NK,7.0,60.0
2025,1,FLL,ATL,NK,7.0,73.5
2025,1,FLL,ATL,NK,7.0,78.0
2025,1,FLL,ATL,NK,7.0,79.0
2025,1,FLL,ATL,NK,7.0,91.0
2025,1,FLL,ATL,NK,7.0,92.0
2025,1,FLL,ATL,NK,7.0,94.0
2025,1,FLL,ATL,NK,7.0,99.0
2025,1,FLL,ATL,NK,7.0,106.0
2025,1,FLL,ATL,NK,7.0,126.0
2025,1,FLL,ATL,NK,7.0,143.0
2025,1,FLL,ATL,NK,7.0,149.0
2025,1,FLL,ATL,NK,7.0,223.0
2025,1,FLL,ATL,NK,8.0,24.0
2025,1,FLL,ATL,NK,8.0,26.5
2025,1,FLL,ATL,NK,8.0,32.5
2025,1,FLL,ATL,NK,8.0,33.5
2025,1,FLL,ATL,NK,8.0,40.0
2025,1,FLL,ATL,NK,8.0,41.0
2025,1,FLL,ATL,NK,8.0,43.0
2025,1,FLL,ATL,NK,8.0,47.0
2025,1,FLL,ATL,NK,8.0,53.5
2025,1,FLL,ATL,NK,8.0,66.0
2025,1,FLL,ATL,NK,8.0,66.5
2025,1,FLL,ATL,NK,8.0,83.5
2025,1,FLL,ATL,NK,8.0,86.0
2025,1,FLL,ATL,NK,8.0,86.5
2025,1,FLL,ATL,NK,8.0,97.0
2025,1,FLL,ATL,NK,8.0,101.0
2025,1,FLL,ATL,NK,8.0,104.0
2025,1,FLL,ATL,NK,8.0,106.0
2025,1,FLL,ATL,NK,8.0,132.0
2025,1,FLL,ATL,NK,9.0,21.0
2025,1,FLL,ATL,NK,9.0,43.0
2025,1,FLL,ATL,NK,9.0,48.5
2025,1,FLL,ATL,NK,9.0,61.0
2025,1,FLL,ATL,NK,9.0,66.5
2025,1,FLL,ATL,NK,9.0,68.5
2025,1,FLL,ATL,NK,9.0,76.5
2025,1,FLL,ATL,NK,9.0,84.0
2025,1,FLL,ATL,NK,9.0,91.0
2025,1,FLL,ATL,NK,9.0,119.0
2025,1,FLL,ATL,NK,9.0,166.0
2025,1,FLL,ATL,NK,10.0,32.5
2025,1,FLL,ATL,NK,10.0,33.5
2025,1,FLL,ATL,NK,10.0,42.5
2025,1,FLL,ATL,NK,10.0,42.5
2025,1,FLL,ATL,NK,10.0,44.5
2025,1,FLL,ATL,NK,10.0,46.0
2025,1,FLL,ATL,NK,10.0,49.0
2025,1,FLL,ATL,NK,10.0,61.5
2025,1,FLL,ATL,NK,10.0,76.0
2025,1,FLL,ATL,NK,10.0,81.0
2025,1,FLL,ATL,NK,10.0,84.0
2025,1,FLL,ATL,NK,10.0,183.0
2025,1,FLL,ATL,NK,11.0,45.0
2025,1,FLL,ATL,NK,11.0,56.0
2025,1,FLL,ATL,NK,11.0,59.0
2025,1,FLL,ATL,NK,11.0,63.5
2025,1,FLL,ATL,NK,11.0,71.0
2025,1,FLL,ATL,NK,11.0,93.0
2025,1,FLL,ATL,NK,11.0,94.0
2025,1,FLL,ATL,NK,11.0,134.0
2025,1,FLL,ATL,NK,12.0,26.5
2025,1,FLL,ATL,NK,12.0,28.0
2025,1,FLL,ATL,NK,12.0,29.0
2025,1,FLL,ATL,NK,12.0,31.0
2025,1,FLL,ATL,NK,12.0,31.0
2025,1,FLL,ATL,NK,12.0,33.0
2025,1,FLL,ATL,NK,12.0,40.0
2025,1,FLL,ATL,NK,12.0,41.5
2025,1,FLL,ATL,NK,12.0,63.5
2025,1,FLL,ATL,NK,12.0,104.0
2025,1,FLL,ATL,NK,12.0,109.0
2025,1,FLL,ATL,NK,12.0,179.0
2025,1,FLL,ATL,NK,14.0,48.0
2025,1,FLL,ATL,NK,14.0,56.0
2025,1,FLL,ATL,NK,14.0,59.0
2025,1,FLL,ATL,NK,14.0,121.0
2025,1,FLL,ATL,NK,15.0,34.0
2025,1,FLL,ATL,NK,15.0,41.5
2025,1,FLL,ATL,NK,15.0,43.0
2025,1,FLL,ATL,NK,15.0,46.0
2025,1,FLL,ATL,NK,15.0,59.0
2025,1,FLL,ATL,NK,15.0,81.5
2025,1,FLL,ATL,NK,16.0,38.5
2025,1,FLL,ATL,NK,16.0,71.0
2025,1,FLL,ATL,NK,16.0,74.0
2025,1,FLL,ATL,NK,16.0,89.0
2025,1,FLL,ATL,NK,16.0,123.0
2025,1,FLL,ATL,NK,17.0,41.0
2025,1,FLL,ATL,NK,17.0,61.5
2025,1,FLL,ATL,NK,17.0,74.0
2025,1,FLL,ATL,NK,18.0,41.0
2025,1,FLL,ATL,NK,18.0,64.0
2025,1,FLL,ATL,NK,18.0,91.0
2025,1,FLL,ATL,NK,19.0,51.0
2025,1,FLL,ATL,NK,20.0,24.0
2025,1,FLL,ATL,NK,20.0,31.0
2025,1,FLL,ATL,NK,20.0,49.0
2025,1,FLL,ATL,NK,20.0,146.0
2025,1,FLL,ATL,NK,22.0,5.5
2025,1,FLL,ATL,NK,22.0,36.0
2025,1,FLL,ATL,NK,22.0,51.0
2025,1,FLL,ATL,NK,23.0,36.0
2025,1,FLL,ATL,NK,23.0,56.5
2025,1,FLL,ATL,NK,24.0,26.0
2025,1,FLL,ATL,NK,24.0,38.5
2025,1,FLL,ATL,NK,24.0,169.0
2025,1,FLL,ATL,NK,25.0,5.5
2025,1,FLL,ATL,NK,25.0,69.0
2025,1,FLL,ATL,NK,25.0,89.0
2025,1,FLL,ATL,NK,26.0,34.0
2025,1,FLL,ATL,NK,27.0,36.0
2025,1,FLL,ATL,NK,27.0,43.5
2025,1,FLL,ATL,NK,27.0,51.0
2025,1,FLL,ATL,NK,27.0,74.0
2025,1,FLL,ATL,NK,27.0,84.0
2025,1,FLL,ATL,NK,28.0,64.0
2025,1,FLL,ATL,NK,29.0,79.0
2025,1,FLL,ATL,NK,29.0,129.0
2025,1,FLL,ATL,NK,31.0,49.0
2025,1,FLL,ATL,NK,32.0,69.0
2025,1,FLL,ATL,NK,34.0,56.5
2025,1,FLL,ATL,NK,37.0,6.0
2025,1,FLL,ATL,NK,38.0,39.0
2025,1,FLL,ATL,NK,39.0,98.0
2025,1,FLL,ATL,NK,39.0,124.0
2025,1,FLL,ATL,NK,44.0,44.0
2025,1,FLL,ATL,NK,46.0,54.0
2025,1,FLL,ATL,NK,48.0,39.0
2025,1,FLL,ATL,NK,48.0,46.5
2025,1,FLL,ATL,NK,49.0,43.5
2025,1,FLL,ATL,NK,54.0,38.0
2025,1,FLL,ATL,NK,54.0,46.5
2025,1,FLL,ATL,NK,55.0,94.0
2025,1,FLL,ATL,NK,60.0,149.0
2025,1,FLL,ATL,NK,61.0,69.0
2025,1,FLL,ATL,NK,62.0,54.0
2025,1,FLL,ATL,NK,64.0,44.0
2025,1,FLL,ATL,NK,75.0,54.0
2025,1,FLL,ATL,NK,76.0,44.0
2025,1,FLL,ATL,NK,86.0,39.0
2025,1,FLL,DFW,NK,1.0,6.0
2025,1,FLL,DFW,NK,1.0,11.0
2025,1,FLL,DFW,NK,1.0,16.05
2025,1,FLL,DFW,NK,1.0,18.0
2025,1,FLL,DFW,NK,1.0,18.0
2025,1,FLL,DFW,NK,1.0,18.5
2025,1,FLL,DFW,NK,1.0,24.0
2025,1,FLL,DFW,NK,1.0,25.0
2025,1,FLL,DFW,NK,1.0,25.14
2025,1,FLL,DFW,NK,1.0,25.51
2025,1,FLL,DFW,NK,1.0,26.0
2025,1,FLL,DFW,NK,1.0,26.28
2025,1,FLL,DFW,NK,1.0,26.56
2025,1,FLL,DFW,NK,1.0,27.0
2025,1,FLL,DFW,NK,1.0,27.81
2025,1,FLL,DFW,NK,1.0,27.98
2025,1,FLL,DFW,NK,1.0,28.0
2025,1,FLL,DFW,NK,1.0,29.39
2025,1,FLL,DFW,NK,1.0,30.0
2025,1,FLL,DFW,NK,1.0,30.49
2025,1,FLL,DFW,NK,1.0,31.08
2025,1,FLL,DFW,NK,1.0,31.08
2025,1,FLL,DFW,NK,1.0,32.5
2025,1,FLL,DFW,NK,1.0,32.5
2025,1,FLL,DFW,NK,1.0,33.17
2025,1,FLL,DFW,NK,1.0,33.76
2025,1,FLL,DFW,NK,1.0,34.47
2025,1,FLL,DFW,NK,1.0,36.0
2025,1,FLL,DFW,NK,1.0,36.0
2025,1,FLL,DFW,NK,1.0,36.5
2025,1,FLL,DFW,NK,1.0,38.0
2025,1,FLL,DFW,NK,1.0,38.04
2025,1,FLL,DFW,NK,1.0,38.5
2025,1,FLL,DFW,NK,1.0,39.5
2025,1,FLL,DFW,NK,1.0,39.98
2025,1,FLL,DFW,NK,1.0,40.81
2025,1,FLL,DFW,NK,1.0,41.0
2025,1,FLL,DFW,NK,1.0,41.55
2025,1,FLL,DFW,NK,1.0,41.91
2025,1,FLL,DFW,NK,1.0,41.91
2025,1,FLL,DFW,NK,1.0,42.0
2025,1,FLL,DFW,NK,1.0,42.33
2025,1,FLL,DFW,NK,1.0,42.5
2025,1,FLL,DFW,NK,1.0,43.32
2025,1,FLL,DFW,NK,1.0,43.5
2025,1,FLL,DFW,NK,1.0,43.5
2025,1,FLL,DFW,NK,1.0,43.61
2025,1,FLL,DFW,NK,1.0,44.0
2025,1,FLL,DFW,NK,1.0,44.93
2025,1,FLL,DFW,NK,1.0,45.0
2025,1,FLL,DFW,NK,1.0,45.5
2025,1,FLL,DFW,NK,1.0,46.82
2025,1,FLL,DFW,NK,1.0,46.91
2025,1,FLL,DFW,NK,1.0,47.0
2025,1,FLL,DFW,NK,1.0,47.0
2025,1,FLL,DFW,NK,1.0,47.5
2025,1,FLL,DFW,NK,1.0,47.89
2025,1,FLL,DFW,NK,1.0,48.5
2025,1,FLL,DFW,NK,1.0,48.53
2025,1,FLL,DFW,NK,1.0,48.58
2025,1,FLL,DFW,NK,1.0,48.64
2025,1,FLL,DFW,NK,1.0,48.71
2025,1,FLL,DFW,NK,1.0,49.73
2025,1,FLL,DFW,NK,1.0,50.71
2025,1,FLL,DFW,NK,1.0,51.5
2025,1,FLL,DFW,NK,1.0,52.0
2025,1,FLL,DFW,NK,1.0,52.28
2025,1,FLL,DFW,NK,1.0,52.42
2025,1,FLL,DFW,NK,1.0,52.84
2025,1,FLL,DFW,NK,1.0,53.0
2025,1,FLL,DFW,NK,1.0,54.36
2025,1,FLL,DFW,NK,1.0,54.5
2025,1,FLL,DFW,NK,1.0,54.5
2025,1,FLL,DFW,NK,1.0,55.09
2025,1,FLL,DFW,NK,1.0,55.13
2025,1,FLL,DFW,NK,1.0,55.5
2025,1,FLL,DFW,NK,1.0,55.59
2025,1,FLL,DFW,NK,1.0,55.7
2025,1,FLL,DFW,NK,1.0,56.0
2025,1,FLL,DFW,NK,1.0,56.0
2025,1,FLL,DFW,NK,1.0,56.05
2025,1,FLL,DFW,NK,1.0,56.06
2025,1,FLL,DFW,NK,1.0,56.25
2025,1,FLL,DFW,NK,1.0,56.37
2025,1,FLL,DFW,NK,1.0,56.52
2025,1,FLL,DFW,NK,1.0,57.0
2025,1,FLL,DFW,NK,1.0,57.77
2025,1,FLL,DFW,NK,1.0,57.93
2025,1,FLL,DFW,NK,1.0,57.96
2025,1,FLL,DFW,NK,1.0,58.0
2025,1,FLL,DFW,NK,1.0,58.3
2025,1,FLL,DFW,NK,1.0,58.5
2025,1,FLL,DFW,NK,1.0,58.53
2025,1,FLL,DFW,NK,1.0,58.58
2025,1,FLL,DFW,NK,1.0,59.84
2025,1,FLL,DFW,NK,1.0,60.19
2025,1,FLL,DFW,NK,1.0,60.39
2025,1,FLL,DFW,NK,1.0,60.5
2025,1,FLL,DFW,NK,1.0,60.5
2025,1,FLL,DFW,NK,1.0,60.6
2025,1,FLL,DFW,NK,1.0,60.97
2025,1,FLL,DFW,NK,1.0,61.0
2025,1,FLL,DFW,NK,1.0,61.69
2025,1,FLL,DFW,NK,1.0,62.05
2025,1,FLL,DFW,NK,1.0,62.91
2025,1,FLL,DFW,NK,1.0,63.0
2025,1,FLL,DFW,NK,1.0,63.0
2025,1,FLL,DFW,NK,1.0,63.39
2025,1,FLL,DFW,NK,1.0,63.5
2025,1,FLL,DFW,NK,1.0,63.68
2025,1,FLL,DFW,NK,1.0,63.77
2025,1,FLL,DFW,NK,1.0,64.34
2025,1,FLL,DFW,NK,1.0,64.5
2025,1,FLL,DFW,NK,1.0,64.7
2025,1,FLL,DFW,NK,1.0,64.99
2025,1,FLL,DFW,NK,1.0,65.2
2025,1,FLL,DFW,NK,1.0,65.21
2025,1,FLL,DFW,NK,1.0,65.21
2025,1,FLL,DFW,NK,1.0,65.33
2025,1,FLL,DFW,NK,1.0,65.62
2025,1,FLL,DFW,NK,1.0,65.79
2025,1,FLL,DFW,NK,1.0,65.8
2025,1,FLL,DFW,NK,1.0,65.82
2025,1,FLL,DFW,NK,1.0,66.01
2025,1,FLL,DFW,NK,1.0,67.0
2025,1,FLL,DFW,NK,1.0,67.0
2025,1,FLL,DFW,NK,1.0,67.0
2025,1,FLL,DFW,NK,1.0,67.25
2025,1,FLL,DFW,NK,1.0,68.0
2025,1,FLL,DFW,NK,1.0,68.0
2025,1,FLL,DFW,NK,1.0,68.19
2025,1,FLL,DFW,NK,1.0,68.38
2025,1,FLL,DFW,NK,1.0,68.5
2025,1,FLL,DFW,NK,1.0,69.17
2025,1,FLL,DFW,NK,1.0,69.23
2025,1,FLL,DFW,NK,1.0,69.43
2025,1,FLL,DFW,NK,1.0,69.5
2025,1,FLL,DFW,NK,1.0,69.62
2025,1,FLL,DFW,NK,1.0,70.0
2025,1,FLL,DFW,NK,1.0,70.4
2025,1,FLL,DFW,NK,1.0,70.44
2025,1,FLL,DFW,NK,1.0,70.61
2025,1,FLL,DFW,NK,1.0,70.65
2025,1,FLL,DFW,NK,1.0,71.0
2025,1,FLL,DFW,NK,1.0,71.0
2025,1,FLL,DFW,NK,1.0,71.97
2025,1,FLL,DFW,NK,1.0,71.99
2025,1,FLL,DFW,NK,1.0,72.05
2025,1,FLL,DFW,NK,1.0,72.34
2025,1,FLL,DFW,NK,1.0,72.68
2025,1,FLL,DFW,NK,1.0,72.73
2025,1,FLL,DFW,NK,1.0,72.75
2025,1,FLL,DFW,NK,1.0,72.93
2025,1,FLL,DFW,NK,1.0,73.09
2025,1,FLL,DFW,NK,1.0,73.5
2025,1,FLL,DFW,NK,1.0,74.05
2025,1,FLL,DFW,NK,1.0,75.0
2025,1,FLL,DFW,NK,1.0,75.16
2025,1,FLL,DFW,NK,1.0,75.17
2025,1,FLL,DFW,NK,1.0,75.96
2025,1,FLL,DFW,NK,1.0,76.0
2025,1,FLL,DFW,NK,1.0,76.0
2025,1,FLL,DFW,NK,1.0,76.77
2025,1,FLL,DFW,NK,1.0,77.02
2025,1,FLL,DFW,NK,1.0,77.18
2025,1,FLL,DFW,NK,1.0,77.73
2025,1,FLL,DFW,NK,1.0,78.0
2025,1,FLL,DFW,NK,1.0,78.0
2025,1,FLL,DFW,NK,1.0,78.78
2025,1,FLL,DFW,NK,1.0,79.03
2025,1,FLL,DFW,NK,1.0,79.19
2025,1,FLL,DFW,NK,1.0,79.63
2025,1,FLL,DFW,NK,1.0,79.65
2025,1,FLL,DFW,NK,1.0,80.41
2025,1,FLL,DFW,NK,1.0,80.45
2025,1,FLL,DFW,NK,1.0,80.5
2025,1,FLL,DFW,NK,1.0,80.94
2025,1,FLL,DFW,NK,1.0,81.43
2025,1,FLL,DFW,NK,1.0,81.66
2025,1,FLL,DFW,NK,1.0,82.5
2025,1,FLL,DFW,NK,1.0,82.57
2025,1,FLL,DFW,NK,1.0,82.85
2025,1,FLL,DFW,NK,1.0,82.93
2025,1,FLL,DFW,NK,1.0,83.0
2025,1,FLL,DFW,NK,1.0,83.0
2025,1,FLL,DFW,NK,1.0,83.0
2025,1,FLL,DFW,NK,1.0,83.5
2025,1,FLL,DFW,NK,1.0,83.5
2025,1,FLL,DFW,NK,1.0,83.64
2025,1,FLL,DFW,NK,1.0,83.65
2025,1,FLL,DFW,NK,1.0,83.77
2025,1,FLL,DFW,NK,1.0,83.89
2025,1,FLL,DFW,NK,1.0,83.95
2025,1,FLL,DFW,NK,1.0,84.0
2025,1,FLL,DFW,NK,1.0,84.38
2025,1,FLL,DFW,NK,1.0,84.42
2025,1,FLL,DFW,NK,1.0,84.51
2025,1,FLL,DFW,NK,1.0,84.66
2025,1,FLL,DFW,NK,1.0,85.0
2025,1,FLL,DFW,NK,1.0,85.42
2025,1,FLL,DFW,NK,1.0,85.5
2025,1,FLL,DFW,NK,1.0,85.81
2025,1,FLL,DFW,NK,1.0,85.85
2025,1,FLL,DFW,NK,1.0,86.7
2025,1,FLL,DFW,NK,1.0,87.0
2025,1,FLL,DFW,NK,1.0,87.5
2025,1,FLL,DFW,NK,1.0,87.87
2025,1,FLL,DFW,NK,1.0,88.0
2025,1,FLL,DFW,NK,1.0,88.0
2025,1,FLL,DFW,NK,1.0,88.0
2025,1,FLL,DFW,NK,1.0,88.0
2025,1,FLL,DFW,NK,1.0,89.28
2025,1,FLL,DFW,NK,1.0,89.5
2025,1,FLL,DFW,NK,1.0,89.5
2025,1,FLL,DFW,NK,1.0,89.79
2025,1,FLL,DFW,NK,1.0,90.17
2025,1,FLL,DFW,NK,1.0,90.76
2025,1,FLL,DFW,NK,1.0,91.0
2025,1,FLL,DFW,NK,1.0,91.0
2025,1,FLL,DFW,NK,1.0,91.16
2025,1,FLL,DFW,NK,1.0,91.49
2025,1,FLL,DFW,NK,1.0,92.0
2025,1,FLL,DFW,NK,1.0,92.0
2025,1,FLL,DFW,NK,1.0,92.0
2025,1,FLL,DFW,NK,1.0,92.98
2025,1,FLL,DFW,NK,1.0,93.0
2025,1,FLL,DFW,NK,1.0,93.03
2025,1,FLL,DFW,NK,1.0,93.5
2025,1,FLL,DFW,NK,1.0,94.38
2025,1,FLL,DFW,NK,1.0,94.5
2025,1,FLL,DFW,NK,1.0,95.36
2025,1,FLL,DFW,NK,1.0,95.37
2025,1,FLL,DFW,NK,1.0,95.5
2025,1,FLL,DFW,NK,1.0,95.53
2025,1,FLL,DFW,NK,1.0,95.66
2025,1,FLL,DFW,NK,1.0,96.0
2025,1,FLL,DFW,NK,1.0,96.0
2025,1,FLL,DFW,NK,1.0,96.0
2025,1,FLL,DFW,NK,1.0,96.5
2025,1,FLL,DFW,NK,1.0,97.0
2025,1,FLL,DFW,NK,1.0,97.0
2025,1,FLL,DFW,NK,1.0,97.12
2025,1,FLL,DFW,NK,1.0,97.13
2025,1,FLL,DFW,NK,1.0,97.5
2025,1,FLL,DFW,NK,1.0,98.15
2025,1,FLL,DFW,NK,1.0,98.15
2025,1,FLL,DFW,NK,1.0,98.91
2025,1,FLL,DFW,NK,1.0,99.59
2025,1,FLL,DFW,NK,1.0,99.79
2025,1,FLL,DFW,NK,1.0,100.0
2025,1,FLL,DFW,NK,1.0,100.0
2025,1,FLL,DFW,NK,1.0,100.5
2025,1,FLL,DFW,NK,1.0,100.66
2025,1,FLL,DFW,NK,1.0,101.63
2025,1,FLL,DFW,NK,1.0,102.0
2025,1,FLL,DFW,NK,1.0,102.0
2025,1,FLL,DFW,NK,1.0,102.54
2025,1,FLL,DFW,NK,1.0,102.86
2025,1,FLL,DFW,NK,1.0,103.0
2025,1,FLL,DFW,NK,1.0,103.5
2025,1,FLL,DFW,NK,1.0,103.59
2025,1,FLL,DFW,NK,1.0,103.91
2025,1,FLL,DFW,NK,1.0,104.0
2025,1,FLL,DFW,NK,1.0,104.22
2025,1,FLL,DFW,NK,1.0,104.5
2025,1,FLL,DFW,NK,1.0,105.24
2025,1,FLL,DFW,NK,1.0,105.58
2025,1,FLL,DFW,NK,1.0,106.0
2025,1,FLL,DFW,NK,1.0,106.0
2025,1,FLL,DFW,NK,1.0,106.0
2025,1,FLL,DFW,NK,1.0,106.03
2025,1,FLL,DFW,NK,1.0,106.5
2025,1,FLL,DFW,NK,1.0,106.86
2025,1,FLL,DFW,NK,1.0,107.5
2025,1,FLL,DFW,NK,1.0,107.71
2025,1,FLL,DFW,NK,1.0,108.0
2025,1,FLL,DFW,NK,1.0,108.4
2025,1,FLL,DFW,NK,1.0,108.5
2025,1,FLL,DFW,NK,1.0,108.58
2025,1,FLL,DFW,NK,1.0,110.0
2025,1,FLL,DFW,NK,1.0,110.5
2025,1,FLL,DFW,NK,1.0,111.0
2025,1,FLL,DFW,NK,1.0,111.14
2025,1,FLL,DFW,NK,1.0,111.5
2025,1,FLL,DFW,NK,1.0,111.6
2025,1,FLL,DFW,NK,1.0,112.0
2025,1,FLL,DFW,NK,1.0,112.5
2025,1,FLL,DFW,NK,1.0,112.93
2025,1,FLL,DFW,NK,1.0,113.5
2025,1,FLL,DFW,NK,1.0,113.76
2025,1,FLL,DFW,NK,1.0,114.12
2025,1,FLL,DFW,NK,1.0,114.5
2025,1,FLL,DFW,NK,1.0,115.5
2025,1,FLL,DFW,NK,1.0,116.0
2025,1,FLL,DFW,NK,1.0,116.0
2025,1,FLL,DFW,NK,1.0,116.46
2025,1,FLL,DFW,NK,1.0,116.57
2025,1,FLL,DFW,NK,1.0,117.6
2025,1,FLL,DFW,NK,1.0,118.52
2025,1,FLL,DFW,NK,1.0,119.27
2025,1,FLL,DFW,NK,1.0,119.61
2025,1,FLL,DFW,NK,1.0,120.0
2025,1,FLL,DFW,NK,1.0,120.5
2025,1,FLL,DFW,NK,1.0,120.5
2025,1,FLL,DFW,NK,1.0,121.5
2025,1,FLL,DFW,NK,1.0,121.5
2025,1,FLL,DFW,NK,1.0,121.66
2025,1,FLL,DFW,NK,1.0,122.0
2025,1,FLL,DFW,NK,1.0,122.0
2025,1,FLL,DFW,NK,1.0,122.5
2025,1,FLL,DFW,NK,1.0,123.0
2025,1,FLL,DFW,NK,1.0,123.0
2025,1,FLL,DFW,NK,1.0,124.0
2025,1,FLL,DFW,NK,1.0,124.68
2025,1,FLL,DFW,NK,1.0,125.0
2025,1,FLL,DFW,NK,1.0,125.0
2025,1,FLL,DFW,NK,1.0,126.39
2025,1,FLL,DFW,NK,1.0,127.0
2025,1,FLL,DFW,NK,1.0,127.5
2025,1,FLL,DFW,NK,1.0,127.96
2025,1,FLL,DFW,NK,1.0,129.5
2025,1,FLL,DFW,NK,1.0,130.0
2025,1,FLL,DFW,NK,1.0,130.0
2025,1,FLL,DFW,NK,1.0,131.0
2025,1,FLL,DFW,NK,1.0,131.5
2025,1,FLL,DFW,NK,1.0,131.74
2025,1,FLL,DFW,NK,1.0,132.0
2025,1,FLL,DFW,NK,1.0,135.0
2025,1,FLL,DFW,NK,1.0,135.0
2025,1,FLL,DFW,NK,1.0,135.5
2025,1,FLL,DFW,NK,1.0,135.5
2025,1,FLL,DFW,NK,1.0,135.62
2025,1,FLL,DFW,NK,1.0,136.0
2025,1,FLL,DFW,NK,1.0,136.38
2025,1,FLL,DFW,NK,1.0,136.5
2025,1,FLL,DFW,NK,1.0,137.39
2025,1,FLL,DFW,NK,1.0,138.0
2025,1,FLL,DFW,NK,1.0,138.0
2025,1,FLL,DFW,NK,1.0,139.5
2025,1,FLL,DFW,NK,1.0,139.5
2025,1,FLL,DFW,NK,1.0,140.0
2025,1,FLL,DFW,NK,1.0,140.5
2025,1,FLL,DFW,NK,1.0,143.0
2025,1,FLL,DFW,NK,1.0,143.0
2025,1,FLL,DFW,NK,1.0,144.0
2025,1,FLL,DFW,NK,1.0,146.0
2025,1,FLL,DFW,NK,1.0,146.0
2025,1,FLL,DFW,NK,1.0,146.04
2025,1,FLL,DFW,NK,1.0,146.5
2025,1,FLL,DFW,NK,1.0,147.0
2025,1,FLL,DFW,NK,1.0,147.0
2025,1,FLL,DFW,NK,1.0,147.0
2025,1,FLL,DFW,NK,1.0,147.05
2025,1,FLL,DFW,NK,1.0,147.5
2025,1,FLL,DFW,NK,1.0,149.5
2025,1,FLL,DFW,NK,1.0,150.0
2025,1,FLL,DFW,NK,1.0,150.79
2025,1,FLL,DFW,NK,1.0,151.59
2025,1,FLL,DFW,NK,1.0,152.0
2025,1,FLL,DFW,NK,1.0,152.0
2025,1,FLL,DFW,NK,1.0,152.0
2025,1,FLL,DFW,NK,1.0,154.35
2025,1,FLL,DFW,NK,1.0,156.5
2025,1,FLL,DFW,NK,1.0,157.05
2025,1,FLL,DFW,NK,1.0,157.47
2025,1,FLL,DFW,NK,1.0,157.56
2025,1,FLL,DFW,NK,1.0,158.43
2025,1,FLL,DFW,NK,1.0,158.5
2025,1,FLL,DFW,NK,1.0,159.5
2025,1,FLL,DFW,NK,1.0,160.0
2025,1,FLL,DFW,NK,1.0,160.0
2025,1,FLL,DFW,NK,1.0,160.0
2025,1,FLL,DFW,NK,1.0,161.0
2025,1,FLL,DFW,NK,1.0,161.0
2025,1,FLL,DFW,NK,1.0,161.0
2025,1,FLL,DFW,NK,1.0,162.0
2025,1,FLL,DFW,NK,1.0,162.0
2025,1,FLL,DFW,NK,1.0,165.0
2025,1,FLL,DFW,NK,1.0,165.0
2025,1,FLL,DFW,NK,1.0,165.42
2025,1,FLL,DFW,NK,1.0,165.5
2025,1,FLL,DFW,NK,1.0,166.0
2025,1,FLL,DFW,NK,1.0,166.02
2025,1,FLL,DFW,NK,1.0,166.5
2025,1,FLL,DFW,NK,1.0,167.0
2025,1,FLL,DFW,NK,1.0,167.0
2025,1,FLL,DFW,NK,1.0,167.5
2025,1,FLL,DFW,NK,1.0,167.5
2025,1,FLL,DFW,NK,1.0,167.85
2025,1,FLL,DFW,NK,1.0,169.0
2025,1,FLL,DFW,NK,1.0,169.0
2025,1,FLL,DFW,NK,1.0,170.35
2025,1,FLL,DFW,NK,1.0,174.0
2025,1,FLL,DFW,NK,1.0,174.0
2025,1,FLL,DFW,NK,1.0,174.0
2025,1,FLL,DFW,NK,1.0,174.5
2025,1,FLL,DFW,NK,1.0,174.5
2025,1,FLL,DFW,NK,1.0,175.0
2025,1,FLL,DFW,NK,1.0,175.0
2025,1,FLL,DFW,NK,1.0,176.0
2025,1,FLL,DFW,NK,1.0,176.0
2025,1,FLL,DFW,NK,1.0,177.5
2025,1,FLL,DFW,NK,1.0,177.59
2025,1,FLL,DFW,NK,1.0,180.0
2025,1,FLL,DFW,NK,1.0,180.5
2025,1,FLL,DFW,NK,1.0,181.0
2025,1,FLL,DFW,NK,1.0,182.0
2025,1,FLL,DFW,NK,1.0,182.0
2025,1,FLL,DFW,NK,1.0,182.0
2025,1,FLL,DFW,NK,1.0,184.5
2025,1,FLL,DFW,NK,1.0,186.5
2025,1,FLL,DFW,NK,1.0,187.0
2025,1,FLL,DFW,NK,1.0,189.5
2025,1,FLL,DFW,NK,1.0,190.0
2025,1,FLL,DFW,NK,1.0,190.0
2025,1,FLL,DFW,NK,1.0,190.11
2025,1,FLL,DFW,NK,1.0,192.0
2025,1,FLL,DFW,NK,1.0,193.0
2025,1,FLL,DFW,NK,1.0,193.52
2025,1,FLL,DFW,NK,1.0,195.48
2025,1,FLL,DFW,NK,1.0,199.5
2025,1,FLL,DFW,NK,1.0,199.68
2025,1,FLL,DFW,NK,1.0,200.0
2025,1,FLL,DFW,NK,1.0,200.0
2025,1,FLL,DFW,NK,1.0,201.98
2025,1,FLL,DFW,NK,1.0,202.0
2025,1,FLL,DFW,NK,1.0,202.0
2025,1,FLL,DFW,NK,1.0,202.0
2025,1,FLL,DFW,NK,1.0,202.0
2025,1,FLL,DFW,NK,1.0,204.0
2025,1,FLL,DFW,NK,1.0,204.0
2025,1,FLL,DFW,NK,1.0,205.5
2025,1,FLL,DFW,NK,1.0,206.5
2025,1,FLL,DFW,NK,1.0,207.0
2025,1,FLL,DFW,NK,1.0,209.0
2025,1,FLL,DFW,NK,1.0,209.0
2025,1,FLL,DFW,NK,1.0,212.0
2025,1,FLL,DFW,NK,1.0,212.0
2025,1,FLL,DFW,NK,1.0,214.0
2025,1,FLL,DFW,NK,1.0,214.0
2025,1,FLL,DFW,NK,1.0,215.0
2025,1,FLL,DFW,NK,1.0,216.5
2025,1,FLL,DFW,NK,1.0,218.0
2025,1,FLL,DFW,NK,1.0,219.0
2025,1,FLL,DFW,NK,1.0,219.0
2025,1,FLL,DFW,NK,1.0,219.12
2025,1,FLL,DFW,NK,1.0,221.5
2025,1,FLL,DFW,NK,1.0,222.0
2025,1,FLL,DFW,NK,1.0,222.0
2025,1,FLL,DFW,NK,1.0,222.11
2025,1,FLL,DFW,NK,1.0,222.5
2025,1,FLL,DFW,NK,1.0,224.0
2025,1,FLL,DFW,NK,1.0,224.5
2025,1,FLL,DFW,NK,1.0,225.0
2025,1,FLL,DFW,NK,1.0,227.0
2025,1,FLL,DFW,NK,1.0,228.0
2025,1,FLL,DFW,NK,1.0,229.0
2025,1,FLL,DFW,NK,1.0,229.0
2025,1,FLL,DFW,NK,1.0,231.5
2025,1,FLL,DFW,NK,1.0,232.5
2025,1,FLL,DFW,NK,1.0,232.61
2025,1,FLL,DFW,NK,1.0,233.0
2025,1,FLL,DFW,NK,1.0,237.0
2025,1,FLL,DFW,NK,1.0,238.0
2025,1,FLL,DFW,NK,1.0,238.0
2025,1,FLL,DFW,NK,1.0,238.0
2025,1,FLL,DFW,NK,1.0,239.0
2025,1,FLL,DFW,NK,1.0,240.0
2025,1,FLL,DFW,NK,1.0,250.0
2025,1,FLL,DFW,NK,1.0,251.0
2025,1,FLL,DFW,NK,1.0,251.5
2025,1,FLL,DFW,NK,1.0,252.0
2025,1,FLL,DFW,NK,1.0,259.0
2025,1,FLL,DFW,NK,1.0,259.0
2025,1,FLL,DFW,NK,1.0,262.5
2025,1,FLL,DFW,NK,1.0,263.0
2025,1,FLL,DFW,NK,1.0,263.0
2025,1,FLL,DFW,NK,1.0,263.95
2025,1,FLL,DFW,NK,1.0,264.0
2025,1,FLL,DFW,NK,1.0,266.5
2025,1,FLL,DFW,NK,1.0,267.0
2025,1,FLL,DFW,NK,1.0,268.0
2025,1,FLL,DFW,NK,1.0,270.0
2025,1,FLL,DFW,NK,1.0,271.5
2025,1,FLL,DFW,NK,1.0,277.0
2025,1,FLL,DFW,NK,1.0,288.0
2025,1,FLL,DFW,NK,1.0,289.0
2025,1,FLL,DFW,NK,1.0,291.0
2025,1,FLL,DFW,NK,1.0,293.0
2025,1,FLL,DFW,NK,1.0,295.0
2025,1,FLL,DFW,NK,1.0,301.5
2025,1,FLL,DFW,NK,1.0,319.0
2025,1,FLL,DFW,NK,1.0,320.0
2025,1,FLL,DFW,NK,1.0,339.0
2025,1,FLL,DFW,NK,1.0,361.0
2025,1,FLL,DFW,NK,1.0,366.0
2025,1,FLL,DFW,NK,1.0,369.0
2025,1,FLL,DFW,NK,1.0,375.0
2025,1,FLL,DFW,NK,1.0,384.0
2025,1,FLL,DFW,NK,1.0,399.0
2025,1,FLL,DFW,NK,1.0,407.0
2025,1,FLL,DFW,NK,1.0,417.0
2025,1,FLL,DFW,NK,2.0,27.28
2025,1,FLL,DFW,NK,2.0,29.0
2025,1,FLL,DFW,NK,2.0,31.0
2025,1,FLL,DFW,NK,2.0,32.5
2025,1,FLL,DFW,NK,2.0,33.0
2025,1,FLL,DFW,NK,2.0,40.0
2025,1,FLL,DFW,NK,2.0,40.0
2025,1,FLL,DFW,NK,2.0,40.5
2025,1,FLL,DFW,NK,2.0,41.0
2025,1,FLL,DFW,NK,2.0,45.0
2025,1,FLL,DFW,NK,2.0,48.0
2025,1,FLL,DFW,NK,2.0,51.0
2025,1,FLL,DFW,NK,2.0,51.5
2025,1,FLL,DFW,NK,2.0,55.1
2025,1,FLL,DFW,NK,2.0,55.81
2025,1,FLL,DFW,NK,2.0,56.0
2025,1,FLL,DFW,NK,2.0,56.0
2025,1,FLL,DFW,NK,2.0,57.0
2025,1,FLL,DFW,NK,2.0,61.0
2025,1,FLL,DFW,NK,2.0,63.0
2025,1,FLL,DFW,NK,2.0,63.68
2025,1,FLL,DFW,NK,2.0,64.0
2025,1,FLL,DFW,NK,2.0,64.5
2025,1,FLL,DFW,NK,2.0,66.0
2025,1,FLL,DFW,NK,2.0,67.5
2025,1,FLL,DFW,NK,2.0,68.5
2025,1,FLL,DFW,NK,2.0,72.5
2025,1,FLL,DFW,NK,2.0,75.0
2025,1,FLL,DFW,NK,2.0,76.0
2025,1,FLL,DFW,NK,2.0,77.0
2025,1,FLL,DFW,NK,2.0,77.5
2025,1,FLL,DFW,NK,2.0,77.5
2025,1,FLL,DFW,NK,2.0,80.0
2025,1,FLL,DFW,NK,2.0,80.0
2025,1,FLL,DFW,NK,2.0,82.0
2025,1,FLL,DFW,NK,2.0,83.0
2025,1,FLL,DFW,NK,2.0,85.58
2025,1,FLL,DFW,NK,2.0,86.0
2025,1,FLL,DFW,NK,2.0,86.5
2025,1,FLL,DFW,NK,2.0,86.5
2025,1,FLL,DFW,NK,2.0,88.5
2025,1,FLL,DFW,NK,2.0,93.47
2025,1,FLL,DFW,NK,2.0,94.0
2025,1,FLL,DFW,NK,2.0,95.0
2025,1,FLL,DFW,NK,2.0,98.05
2025,1,FLL,DFW,NK,2.0,99.5
2025,1,FLL,DFW,NK,2.0,101.1
2025,1,FLL,DFW,NK,2.0,102.0
2025,1,FLL,DFW,NK,2.0,102.5
2025,1,FLL,DFW,NK,2.0,103.5
2025,1,FLL,DFW,NK,2.0,104.0
2025,1,FLL,DFW,NK,2.0,105.0
2025,1,FLL,DFW,NK,2.0,105.37
2025,1,FLL,DFW,NK,2.0,107.0
2025,1,FLL,DFW,NK,2.0,108.0
2025,1,FLL,DFW,NK,2.0,108.5
2025,1,FLL,DFW,NK,2.0,109.5
2025,1,FLL,DFW,NK,2.0,110.0
2025,1,FLL,DFW,NK,2.0,111.5
2025,1,FLL,DFW,NK,2.0,111.85
2025,1,FLL,DFW,NK,2.0,113.0
2025,1,FLL,DFW,NK,2.0,115.0
2025,1,FLL,DFW,NK,2.0,115.0
2025,1,FLL,DFW,NK,2.0,118.5
2025,1,FLL,DFW,NK,2.0,122.0
2025,1,FLL,DFW,NK,2.0,130.0
2025,1,FLL,DFW,NK,2.0,131.0
2025,1,FLL,DFW,NK,2.0,132.0
2025,1,FLL,DFW,NK,2.0,132.5
2025,1,FLL,DFW,NK,2.0,134.0
2025,1,FLL,DFW,NK,2.0,134.5
2025,1,FLL,DFW,NK,2.0,134.5
2025,1,FLL,DFW,NK,2.0,141.5
2025,1,FLL,DFW,NK,2.0,142.5
2025,1,FLL,DFW,NK,2.0,144.0
2025,1,FLL,DFW,NK,2.0,144.0
2025,1,FLL,DFW,NK,2.0,145.0
2025,1,FLL,DFW,NK,2.0,145.0
2025,1,FLL,DFW,NK,2.0,148.0
2025,1,FLL,DFW,NK,2.0,151.0
2025,1,FLL,DFW,NK,2.0,153.0
2025,1,FLL,DFW,NK,2.0,154.5
2025,1,FLL,DFW,NK,2.0,156.0
2025,1,FLL,DFW,NK,2.0,164.0
2025,1,FLL,DFW,NK,2.0,165.5
2025,1,FLL,DFW,NK,2.0,166.5
2025,1,FLL,DFW,NK,2.0,170.5
2025,1,FLL,DFW,NK,2.0,171.5
2025,1,FLL,DFW,NK,2.0,182.0
2025,1,FLL,DFW,NK,2.0,184.0
2025,1,FLL,DFW,NK,2.0,186.5
2025,1,FLL,DFW,NK,2.0,189.0
2025,1,FLL,DFW,NK,2.0,190.0
2025,1,FLL,DFW,NK,2.0,191.5
2025,1,FLL,DFW,NK,2.0,221.5
2025,1,FLL,DFW,NK,2.0,225.0
2025,1,FLL,DFW,NK,2.0,234.0
2025,1,FLL,DFW,NK,2.0,247.0
2025,1,FLL,DFW,NK,2.0,259.0
2025,1,FLL,DFW,NK,2.0,264.0
2025,1,FLL,DFW,NK,2.0,309.0
2025,1,FLL,DFW,NK,2.0,324.0
2025,1,FLL,DFW,NK,2.0,325.0
2025,1,FLL,DFW,NK,2.0,375.0
2025,1,FLL,DFW,NK,3.0,31.0
2025,1,FLL,DFW,NK,3.0,32.78
2025,1,FLL,DFW,NK,3.0,43.0
2025,1,FLL,DFW,NK,3.0,48.0
2025,1,FLL,DFW,NK,3.0,49.5
2025,1,FLL,DFW,NK,3.0,50.0
2025,1,FLL,DFW,NK,3.0,53.5
2025,1,FLL,DFW,NK,3.0,53.95
2025,1,FLL,DFW,NK,3.0,57.0
2025,1,FLL,DFW,NK,3.0,58.5
2025,1,FLL,DFW,NK,3.0,59.0
2025,1,FLL,DFW,NK,3.0,59.5
2025,1,FLL,DFW,NK,3.0,64.0
2025,1,FLL,DFW,NK,3.0,66.0
2025,1,FLL,DFW,NK,3.0,66.5
2025,1,FLL,DFW,NK,3.0,71.0
2025,1,FLL,DFW,NK,3.0,74.0
2025,1,FLL,DFW,NK,3.0,75.5
2025,1,FLL,DFW,NK,3.0,78.0
2025,1,FLL,DFW,NK,3.0,82.0
2025,1,FLL,DFW,NK,3.0,84.0
2025,1,FLL,DFW,NK,3.0,86.0
2025,1,FLL,DFW,NK,3.0,87.5
2025,1,FLL,DFW,NK,3.0,90.0
2025,1,FLL,DFW,NK,3.0,94.0
2025,1,FLL,DFW,NK,3.0,95.0
2025,1,FLL,DFW,NK,3.0,96.5
2025,1,FLL,DFW,NK,3.0,101.0
2025,1,FLL,DFW,NK,3.0,103.0
2025,1,FLL,DFW,NK,3.0,105.0
2025,1,FLL,DFW,NK,3.0,109.5
2025,1,FLL,DFW,NK,3.0,112.5
2025,1,FLL,DFW,NK,3.0,115.0
2025,1,FLL,DFW,NK,3.0,117.0
2025,1,FLL,DFW,NK,3.0,121.0
2025,1,FLL,DFW,NK,3.0,125.5
2025,1,FLL,DFW,NK,3.0,126.0
2025,1,FLL,DFW,NK,3.0,126.5
2025,1,FLL,DFW,NK,3.0,126.5
2025,1,FLL,DFW,NK,3.0,137.0
2025,1,FLL,DFW,NK,3.0,139.0
2025,1,FLL,DFW,NK,3.0,141.5
2025,1,FLL,DFW,NK,3.0,146.5
2025,1,FLL,DFW,NK,3.0,154.0
2025,1,FLL,DFW,NK,3.0,170.0
2025,1,FLL,DFW,NK,3.0,171.5
2025,1,FLL,DFW,NK,3.0,174.0
2025,1,FLL,DFW,NK,3.0,179.0
2025,1,FLL,DFW,NK,3.0,179.0
2025,1,FLL,DFW,NK,3.0,182.0
2025,1,FLL,DFW,NK,3.0,185.0
2025,1,FLL,DFW,NK,3.0,189.0
2025,1,FLL,DFW,NK,3.0,191.0
2025,1,FLL,DFW,NK,3.0,196.5
2025,1,FLL,DFW,NK,3.0,244.0
2025,1,FLL,DFW,NK,3.0,284.0
2025,1,FLL,DFW,NK,3.0,315.0
2025,1,FLL,DFW,NK,3.0,374.0
2025,1,FLL,DFW,NK,4.0,31.0
2025,1,FLL,DFW,NK,4.0,31.02
2025,1,FLL,DFW,NK,4.0,32.0
2025,1,FLL,DFW,NK,4.0,47.0
2025,1,FLL,DFW,NK,4.0,48.0
2025,1,FLL,DFW,NK,4.0,49.5
2025,1,FLL,DFW,NK,4.0,58.0
2025,1,FLL,DFW,NK,4.0,59.0
2025,1,FLL,DFW,NK,4.0,60.0
2025,1,FLL,DFW,NK,4.0,64.0
2025,1,FLL,DFW,NK,4.0,67.5
2025,1,FLL,DFW,NK,4.0,70.0
2025,1,FLL,DFW,NK,4.0,70.5
2025,1,FLL,DFW,NK,4.0,72.0
2025,1,FLL,DFW,NK,4.0,79.5
2025,1,FLL,DFW,NK,4.0,84.5
2025,1,FLL,DFW,NK,4.0,88.0
2025,1,FLL,DFW,NK,4.0,91.0
2025,1,FLL,DFW,NK,4.0,99.5
2025,1,FLL,DFW,NK,4.0,101.5
2025,1,FLL,DFW,NK,4.0,101.5
2025,1,FLL,DFW,NK,4.0,111.0
2025,1,FLL,DFW,NK,4.0,113.0
2025,1,FLL,DFW,NK,4.0,119.0
2025,1,FLL,DFW,NK,4.0,119.0
2025,1,FLL,DFW,NK,4.0,119.0
2025,1,FLL,DFW,NK,4.0,122.5
2025,1,FLL,DFW,NK,4.0,129.0
2025,1,FLL,DFW,NK,4.0,131.5
2025,1,FLL,DFW,NK,4.0,132.5
2025,1,FLL,DFW,NK,4.0,142.0
2025,1,FLL,DFW,NK,4.0,148.0
2025,1,FLL,DFW,NK,4.0,149.0
2025,1,FLL,DFW,NK,4.0,159.0
2025,1,FLL,DFW,NK,4.0,159.0
2025,1,FLL,DFW,NK,4.0,161.5
2025,1,FLL,DFW,NK,4.0,196.5
2025,1,FLL,DFW,NK,4.0,199.0
2025,1,FLL,DFW,NK,4.0,245.0
2025,1,FLL,DFW,NK,4.0,314.0
2025,1,FLL,DFW,NK,5.0,39.0
2025,1,FLL,DFW,NK,5.0,39.0
2025,1,FLL,DFW,NK,5.0,43.0
2025,1,FLL,DFW,NK,5.0,44.0
2025,1,FLL,DFW,NK,5.0,50.5
2025,1,FLL,DFW,NK,5.0,50.5
2025,1,FLL,DFW,NK,5.0,52.0
2025,1,FLL,DFW,NK,5.0,53.5
2025,1,FLL,DFW,NK,5.0,56.5
2025,1,FLL,DFW,NK,5.0,59.0
2025,1,FLL,DFW,NK,5.0,59.5
2025,1,FLL,DFW,NK,5.0,60.0
2025,1,FLL,DFW,NK,5.0,60.0
2025,1,FLL,DFW,NK,5.0,66.0
2025,1,FLL,DFW,NK,5.0,66.5
2025,1,FLL,DFW,NK,5.0,71.5
2025,1,FLL,DFW,NK,5.0,71.5
2025,1,FLL,DFW,NK,5.0,74.5
2025,1,FLL,DFW,NK,5.0,75.0
2025,1,FLL,DFW,NK,5.0,79.0
2025,1,FLL,DFW,NK,5.0,79.5
2025,1,FLL,DFW,NK,5.0,82.5
2025,1,FLL,DFW,NK,5.0,82.5
2025,1,FLL,DFW,NK,5.0,84.5
2025,1,FLL,DFW,NK,5.0,85.5
2025,1,FLL,DFW,NK,5.0,98.0
2025,1,FLL,DFW,NK,5.0,114.0
2025,1,FLL,DFW,NK,5.0,114.0
2025,1,FLL,DFW,NK,5.0,128.0
2025,1,FLL,DFW,NK,5.0,155.0
2025,1,FLL,DFW,NK,5.0,161.5
2025,1,FLL,DFW,NK,5.0,184.0
2025,1,FLL,DFW,NK,5.0,269.0
2025,1,FLL,DFW,NK,6.0,32.0
2025,1,FLL,DFW,NK,6.0,44.0
2025,1,FLL,DFW,NK,6.0,46.5
2025,1,FLL,DFW,NK,6.0,49.0
2025,1,FLL,DFW,NK,6.0,58.0
2025,1,FLL,DFW,NK,6.0,74.0
2025,1,FLL,DFW,NK,6.0,74.5
2025,1,FLL,DFW,NK,6.0,76.5
2025,1,FLL,DFW,NK,6.0,79.0
2025,1,FLL,DFW,NK,6.0,81.5
2025,1,FLL,DFW,NK,6.0,89.0
2025,1,FLL,DFW,NK,6.0,99.0
2025,1,FLL,DFW,NK,6.0,99.0
2025,1,FLL,DFW,NK,6.0,110.0
2025,1,FLL,DFW,NK,6.0,124.0
2025,1,FLL,DFW,NK,6.0,139.0
2025,1,FLL,DFW,NK,6.0,149.0
2025,1,FLL,DFW,NK,6.0,159.0
2025,1,FLL,DFW,NK,6.0,254.0
2025,1,FLL,DFW,NK,6.0,274.0
2025,1,FLL,DFW,NK,7.0,46.0
2025,1,FLL,DFW,NK,7.0,46.0
2025,1,FLL,DFW,NK,7.0,49.0
2025,1,FLL,DFW,NK,7.0,52.0
2025,1,FLL,DFW,NK,7.0,72.0
2025,1,FLL,DFW,NK,7.0,79.0
2025,1,FLL,DFW,NK,7.0,91.5
2025,1,FLL,DFW,NK,7.0,103.0
2025,1,FLL,DFW,NK,7.0,104.0
2025,1,FLL,DFW,NK,7.0,105.0
2025,1,FLL,DFW,NK,7.0,117.0
2025,1,FLL,DFW,NK,7.0,124.0
2025,1,FLL,DFW,NK,7.0,180.0
2025,1,FLL,DFW,NK,7.0,275.0
2025,1,FLL,DFW,NK,8.0,90.0
2025,1,FLL,DFW,NK,8.0,99.0
2025,1,FLL,DFW,NK,8.0,104.0
2025,1,FLL,DFW,NK,8.0,134.0
2025,1,FLL,DFW,NK,8.0,154.0
2025,1,FLL,DFW,NK,8.0,175.0
2025,1,FLL,DFW,NK,8.0,239.0
2025,1,FLL,DFW,NK,9.0,43.0
2025,1,FLL,DFW,NK,9.0,44.0
2025,1,FLL,DFW,NK,9.0,46.0
2025,1,FLL,DFW,NK,9.0,109.0
2025,1,FLL,DFW,NK,9.0,199.0
2025,1,FLL,DFW,NK,10.0,62.5
2025,1,FLL,DFW,NK,10.0,89.0
2025,1,FLL,DFW,NK,10.0,90.0
2025,1,FLL,DFW,NK,11.0,39.0
2025,1,FLL,DFW,NK,11.0,46.5
2025,1,FLL,DFW,NK,11.0,50.0
2025,1,FLL,DFW,NK,11.0,62.0
2025,1,FLL,DFW,NK,11.0,74.0
2025,1,FLL,DFW,NK,11.0,164.0
2025,1,FLL,DFW,NK,12.0,5.5
2025,1,FLL,DFW,NK,12.0,61.5
2025,1,FLL,DFW,NK,12.0,70.0
2025,1,FLL,DFW,NK,12.0,81.5
2025,1,FLL,DFW,NK,12.0,117.0
2025,1,FLL,DFW,NK,12.0,154.0
2025,1,FLL,DFW,NK,13.0,38.0
2025,1,FLL,DFW,NK,13.0,38.5
2025,1,FLL,DFW,NK,13.0,50.0
2025,1,FLL,DFW,NK,13.0,94.0
2025,1,FLL,DFW,NK,13.0,155.0
2025,1,FLL,DFW,NK,14.0,5.5
2025,1,FLL,DFW,NK,14.0,114.0
2025,1,FLL,DFW,NK,14.0,129.0
2025,1,FLL,DFW,NK,14.0,129.0
2025,1,FLL,DFW,NK,16.0,109.0
2025,1,FLL,DFW,NK,16.0,205.0
2025,1,FLL,DFW,NK,17.0,164.0
2025,1,FLL,DFW,NK,18.0,62.5
2025,1,FLL,DFW,NK,20.0,69.0
2025,1,FLL,DFW,NK,21.0,149.0
2025,1,FLL,DFW,NK,22.0,6.0
2025,1,FLL,DFW,NK,22.0,179.0
2025,1,FLL,DFW,NK,22.0,214.0
2025,1,FLL,DFW,NK,25.0,54.0
2025,1,FLL,DFW,NK,26.0,62.0
2025,1,FLL,DFW,NK,26.0,109.0
2025,1,FLL,DFW,NK,27.0,54.0
2025,1,FLL,DFW,NK,28.0,69.0
2025,1,FLL,DFW,NK,28.0,89.0
2025,1,FLL,DFW,NK,29.0,55.0
2025,1,FLL,DFW,NK,31.0,61.5
2025,1,FLL,DFW,NK,41.0,54.0
2025,1,FLL,DFW,NK,42.0,169.0
2025,1,FLL,DFW,NK,47.0,55.0
2025,1,FLL,DFW,NK,48.0,69.0
2025,1,FLL,DFW,NK,50.0,55.0
2025,1,FLL,LAX,NK,1.0,6.0
2025,1,FLL,LAX,NK,1.0,19.0
2025,1,FLL,LAX,NK,1.0,26.0
2025,1,FLL,LAX,NK,1.0,34.0
2025,1,FLL,LAX,NK,1.0,35.0
2025,1,FLL,LAX,NK,1.0,43.0
2025,1,FLL,LAX,NK,1.0,47.0
2025,1,FLL,LAX,NK,1.0,47.0
2025,1,FLL,LAX,NK,1.0,48.0
2025,1,FLL,LAX,NK,1.0,49.0
2025,1,FLL,LAX,NK,1.0,49.0
2025,1,FLL,LAX,NK,1.0,49.5
2025,1,FLL,LAX,NK,1.0,50.0
2025,1,FLL,LAX,NK,1.0,50.0
2025,1,FLL,LAX,NK,1.0,52.3
2025,1,FLL,LAX,NK,1.0,52.5
2025,1,FLL,LAX,NK,1.0,52.94
2025,1,FLL,LAX,NK,1.0,54.0
2025,1,FLL,LAX,NK,1.0,56.5
2025,1,FLL,LAX,NK,1.0,56.9
2025,1,FLL,LAX,NK,1.0,57.0
2025,1,FLL,LAX,NK,1.0,58.0
2025,1,FLL,LAX,NK,1.0,58.0
2025,1,FLL,LAX,NK,1.0,58.0
2025,1,FLL,LAX,NK,1.0,58.5
2025,1,FLL,LAX,NK,1.0,59.0
2025,1,FLL,LAX,NK,1.0,59.0
2025,1,FLL,LAX,NK,1.0,60.0
2025,1,FLL,LAX,NK,1.0,60.0
2025,1,FLL,LAX,NK,1.0,60.0
2025,1,FLL,LAX,NK,1.0,61.0
2025,1,FLL,LAX,NK,1.0,61.5
2025,1,FLL,LAX,NK,1.0,63.0
2025,1,FLL,LAX,NK,1.0,63.0
2025,1,FLL,LAX,NK,1.0,64.5
2025,1,FLL,LAX,NK,1.0,66.0
2025,1,FLL,LAX,NK,1.0,67.0
2025,1,FLL,LAX,NK,1.0,67.0
2025,1,FLL,LAX,NK,1.0,67.0
2025,1,FLL,LAX,NK,1.0,67.83
2025,1,FLL,LAX,NK,1.0,67.97
2025,1,FLL,LAX,NK,1.0,69.0
2025,1,FLL,LAX,NK,1.0,69.06
2025,1,FLL,LAX,NK,1.0,69.5
2025,1,FLL,LAX,NK,1.0,70.0
2025,1,FLL,LAX,NK,1.0,70.0
2025,1,FLL,LAX,NK,1.0,70.0
2025,1,FLL,LAX,NK,1.0,70.3
2025,1,FLL,LAX,NK,1.0,70.42
2025,1,FLL,LAX,NK,1.0,71.0
2025,1,FLL,LAX,NK,1.0,71.0
2025,1,FLL,LAX,NK,1.0,71.0
2025,1,FLL,LAX,NK,1.0,72.0
2025,1,FLL,LAX,NK,1.0,72.0
2025,1,FLL,LAX,NK,1.0,72.13
2025,1,FLL,LAX,NK,1.0,72.33
2025,1,FLL,LAX,NK,1.0,72.51
2025,1,FLL,LAX,NK,1.0,73.0
2025,1,FLL,LAX,NK,1.0,73.0
2025,1,FLL,LAX,NK,1.0,73.36
2025,1,FLL,LAX,NK,1.0,74.0
2025,1,FLL,LAX,NK,1.0,74.0
2025,1,FLL,LAX,NK,1.0,74.0
2025,1,FLL,LAX,NK,1.0,74.72
2025,1,FLL,LAX,NK,1.0,75.0
2025,1,FLL,LAX,NK,1.0,75.0
2025,1,FLL,LAX,NK,1.0,75.02
2025,1,FLL,LAX,NK,1.0,75.5
2025,1,FLL,LAX,NK,1.0,76.0
2025,1,FLL,LAX,NK,1.0,76.5
2025,1,FLL,LAX,NK,1.0,76.78
2025,1,FLL,LAX,NK,1.0,76.97
2025,1,FLL,LAX,NK,1.0,77.0
2025,1,FLL,LAX,NK,1.0,77.89
2025,1,FLL,LAX,NK,1.0,78.0
2025,1,FLL,LAX,NK,1.0,78.89
2025,1,FLL,LAX,NK,1.0,79.0
2025,1,FLL,LAX,NK,1.0,79.0
2025,1,FLL,LAX,NK,1.0,79.5
2025,1,FLL,LAX,NK,1.0,79.5
2025,1,FLL,LAX,NK,1.0,79.53
2025,1,FLL,LAX,NK,1.0,79.94
2025,1,FLL,LAX,NK,1.0,80.0
2025,1,FLL,LAX,NK,1.0,80.0
2025,1,FLL,LAX,NK,1.0,82.0
2025,1,FLL,LAX,NK,1.0,82.0
2025,1,FLL,LAX,NK,1.0,82.0
2025,1,FLL,LAX,NK,1.0,82.0
2025,1,FLL,LAX,NK,1.0,82.69
2025,1,FLL,LAX,NK,1.0,82.81
2025,1,FLL,LAX,NK,1.0,83.0
2025,1,FLL,LAX,NK,1.0,83.0
2025,1,FLL,LAX,NK,1.0,83.04
2025,1,FLL,LAX,NK,1.0,83.04
2025,1,FLL,LAX,NK,1.0,83.5
2025,1,FLL,LAX,NK,1.0,83.56
2025,1,FLL,LAX,NK,1.0,84.0
2025,1,FLL,LAX,NK,1.0,84.33
2025,1,FLL,LAX,NK,1.0,84.5
2025,1,FLL,LAX,NK,1.0,85.0
2025,1,FLL,LAX,NK,1.0,85.0
2025,1,FLL,LAX,NK,1.0,86.0
2025,1,FLL,LAX,NK,1.0,86.0
2025,1,FLL,LAX,NK,1.0,86.15
2025,1,FLL,LAX,NK,1.0,87.5
2025,1,FLL,LAX,NK,1.0,87.76
2025,1,FLL,LAX,NK,1.0,88.0
2025,1,FLL,LAX,NK,1.0,88.67
2025,1,FLL,LAX,NK,1.0,88.84
2025,1,FLL,LAX,NK,1.0,89.0
2025,1,FLL,LAX,NK,1.0,89.0
2025,1,FLL,LAX,NK,1.0,89.23
2025,1,FLL,LAX,NK,1.0,90.0
2025,1,FLL,LAX,NK,1.0,90.0
2025,1,FLL,LAX,NK,1.0,90.0
2025,1,FLL,LAX,NK,1.0,90.29
2025,1,FLL,LAX,NK,1.0,90.5
2025,1,FLL,LAX,NK,1.0,91.51
2025,1,FLL,LAX,NK,1.0,91.69
2025,1,FLL,LAX,NK,1.0,91.73
2025,1,FLL,LAX,NK,1.0,91.73
2025,1,FLL,LAX,NK,1.0,92.0
2025,1,FLL,LAX,NK,1.0,92.17
2025,1,FLL,LAX,NK,1.0,92.24
2025,1,FLL,LAX,NK,1.0,92.5
2025,1,FLL,LAX,NK,1.0,92.73
2025,1,FLL,LAX,NK,1.0,93.0
2025,1,FLL,LAX,NK,1.0,93.7
2025,1,FLL,LAX,NK,1.0,93.73
2025,1,FLL,LAX,NK,1.0,93.94
2025,1,FLL,LAX,NK,1.0,94.28
2025,1,FLL,LAX,NK,1.0,94.51
2025,1,FLL,LAX,NK,1.0,95.0
2025,1,FLL,LAX,NK,1.0,95.0
2025,1,FLL,LAX,NK,1.0,95.19
2025,1,FLL,LAX,NK,1.0,95.37
2025,1,FLL,LAX,NK,1.0,95.54
2025,1,FLL,LAX,NK,1.0,96.49
2025,1,FLL,LAX,NK,1.0,96.5
2025,1,FLL,LAX,NK,1.0,96.63
2025,1,FLL,LAX,NK,1.0,96.77
2025,1,FLL,LAX,NK,1.0,96.83
2025,1,FLL,LAX,NK,1.0,97.0
2025,1,FLL,LAX,NK,1.0,97.28
2025,1,FLL,LAX,NK,1.0,97.5
2025,1,FLL,LAX,NK,1.0,97.69
2025,1,FLL,LAX,NK,1.0,98.41
2025,1,FLL,LAX,NK,1.0,98.63
2025,1,FLL,LAX,NK,1.0,98.83
2025,1,FLL,LAX,NK,1.0,98.89
2025,1,FLL,LAX,NK,1.0,98.98
2025,1,FLL,LAX,NK,1.0,99.0
2025,1,FLL,LAX,NK,1.0,99.5
2025,1,FLL,LAX,NK,1.0,100.0
2025,1,FLL,LAX,NK,1.0,100.0
2025,1,FLL,LAX,NK,1.0,100.0
2025,1,FLL,LAX,NK,1.0,100.0
2025,1,FLL,LAX,NK,1.0,100.54
2025,1,FLL,LAX,NK,1.0,101.0
2025,1,FLL,LAX,NK,1.0,101.0
2025,1,FLL,LAX,NK,1.0,101.5
2025,1,FLL,LAX,NK,1.0,101.54
2025,1,FLL,LAX,NK,1.0,101.97
2025,1,FLL,LAX,NK,1.0,102.0
2025,1,FLL,LAX,NK,1.0,102.0
2025,1,FLL,LAX,NK,1.0,102.0
2025,1,FLL,LAX,NK,1.0,102.0
2025,1,FLL,LAX,NK,1.0,102.0
2025,1,FLL,LAX,NK,1.0,102.17
2025,1,FLL,LAX,NK,1.0,103.0
2025,1,FLL,LAX,NK,1.0,103.0
2025,1,FLL,LAX,NK,1.0,103.17
2025,1,FLL,LAX,NK,1.0,103.37
2025,1,FLL,LAX,NK,1.0,103.95
2025,1,FLL,LAX,NK,1.0,104.0
2025,1,FLL,LAX,NK,1.0,104.0
2025,1,FLL,LAX,NK,1.0,104.08
2025,1,FLL,LAX,NK,1.0,104.77
2025,1,FLL,LAX,NK,1.0,104.89
2025,1,FLL,LAX,NK,1.0,105.0
2025,1,FLL,LAX,NK,1.0,105.12
2025,1,FLL,LAX,NK,1.0,106.16
2025,1,FLL,LAX,NK,1.0,106.5
2025,1,FLL,LAX,NK,1.0,107.0
2025,1,FLL,LAX,NK,1.0,107.0
2025,1,FLL,LAX,NK,1.0,107.16
2025,1,FLL,LAX,NK,1.0,107.43
2025,1,FLL,LAX,NK,1.0,107.73
2025,1,FLL,LAX,NK,1.0,107.93
2025,1,FLL,LAX,NK,1.0,108.0
2025,1,FLL,LAX,NK,1.0,108.25
2025,1,FLL,LAX,NK,1.0,108.45
2025,1,FLL,LAX,NK,1.0,108.97
2025,1,FLL,LAX,NK,1.0,109.0
2025,1,FLL,LAX,NK,1.0,109.07
2025,1,FLL,LAX,NK,1.0,109.5
2025,1,FLL,LAX,NK,1.0,109.58
2025,1,FLL,LAX,NK,1.0,110.0
2025,1,FLL,LAX,NK,1.0,110.0
2025,1,FLL,LAX,NK,1.0,110.01
2025,1,FLL,LAX,NK,1.0,110.76
2025,1,FLL,LAX,NK,1.0,110.81
2025,1,FLL,LAX,NK,1.0,111.0
2025,1,FLL,LAX,NK,1.0,111.0
2025,1,FLL,LAX,NK,1.0,111.0
2025,1,FLL,LAX,NK,1.0,111.0
2025,1,FLL,LAX,NK,1.0,111.0
2025,1,FLL,LAX,NK,1.0,111.0
2025,1,FLL,LAX,NK,1.0,111.5
2025,1,FLL,LAX,NK,1.0,111.66
2025,1,FLL,LAX,NK,1.0,111.76
2025,1,FLL,LAX,NK,1.0,111.92
2025,1,FLL,LAX,NK,1.0,112.0
2025,1,FLL,LAX,NK,1.0,112.0
2025,1,FLL,LAX,NK,1.0,112.0
2025,1,FLL,LAX,NK,1.0,112.0
2025,1,FLL,LAX,NK,1.0,112.4
2025,1,FLL,LAX,NK,1.0,112.5
2025,1,FLL,LAX,NK,1.0,113.0
2025,1,FLL,LAX,NK,1.0,113.24
2025,1,FLL,LAX,NK,1.0,113.51
2025,1,FLL,LAX,NK,1.0,113.69
2025,1,FLL,LAX,NK,1.0,113.73
2025,1,FLL,LAX,NK,1.0,114.93
2025,1,FLL,LAX,NK,1.0,115.0
2025,1,FLL,LAX,NK,1.0,115.5
2025,1,FLL,LAX,NK,1.0,115.67
2025,1,FLL,LAX,NK,1.0,115.72
2025,1,FLL,LAX,NK,1.0,116.0
2025,1,FLL,LAX,NK,1.0,116.21
2025,1,FLL,LAX,NK,1.0,116.5
2025,1,FLL,LAX,NK,1.0,116.5
2025,1,FLL,LAX,NK,1.0,117.8
2025,1,FLL,LAX,NK,1.0,118.0
2025,1,FLL,LAX,NK,1.0,119.0
2025,1,FLL,LAX,NK,1.0,119.06
2025,1,FLL,LAX,NK,1.0,119.22
2025,1,FLL,LAX,NK,1.0,120.0
2025,1,FLL,LAX,NK,1.0,120.0
2025,1,FLL,LAX,NK,1.0,120.0
2025,1,FLL,LAX,NK,1.0,121.22
2025,1,FLL,LAX,NK,1.0,121.51
2025,1,FLL,LAX,NK,1.0,122.0
2025,1,FLL,LAX,NK,1.0,122.0
2025,1,FLL,LAX,NK,1.0,122.0
2025,1,FLL,LAX,NK,1.0,122.0
2025,1,FLL,LAX,NK,1.0,122.88
2025,1,FLL,LAX,NK,1.0,123.41
2025,1,FLL,LAX,NK,1.0,123.54
2025,1,FLL,LAX,NK,1.0,123.76
2025,1,FLL,LAX,NK,1.0,124.0
2025,1,FLL,LAX,NK,1.0,124.5
2025,1,FLL,LAX,NK,1.0,125.0
2025,1,FLL,LAX,NK,1.0,125.47
2025,1,FLL,LAX,NK,1.0,126.0
2025,1,FLL,LAX,NK,1.0,127.0
2025,1,FLL,LAX,NK,1.0,127.0
2025,1,FLL,LAX,NK,1.0,127.0
2025,1,FLL,LAX,NK,1.0,127.26
2025,1,FLL,LAX,NK,1.0,128.94
2025,1,FLL,LAX,NK,1.0,129.0
2025,1,FLL,LAX,NK,1.0,129.0
2025,1,FLL,LAX,NK,1.0,130.0
2025,1,FLL,LAX,NK,1.0,131.0
2025,1,FLL,LAX,NK,1.0,132.0
2025,1,FLL,LAX,NK,1.0,132.0
2025,1,FLL,LAX,NK,1.0,132.0
2025,1,FLL,LAX,NK,1.0,134.0
2025,1,FLL,LAX,NK,1.0,134.5
2025,1,FLL,LAX,NK,1.0,135.46
2025,1,FLL,LAX,NK,1.0,136.19
2025,1,FLL,LAX,NK,1.0,136.5
2025,1,FLL,LAX,NK,1.0,136.5
2025,1,FLL,LAX,NK,1.0,136.7
2025,1,FLL,LAX,NK,1.0,137.0
2025,1,FLL,LAX,NK,1.0,138.0
2025,1,FLL,LAX,NK,1.0,138.55
2025,1,FLL,LAX,NK,1.0,139.07
2025,1,FLL,LAX,NK,1.0,140.0
2025,1,FLL,LAX,NK,1.0,140.57
2025,1,FLL,LAX,NK,1.0,140.65
2025,1,FLL,LAX,NK,1.0,143.91
2025,1,FLL,LAX,NK,1.0,145.0
2025,1,FLL,LAX,NK,1.0,145.16
2025,1,FLL,LAX,NK,1.0,148.0
2025,1,FLL,LAX,NK,1.0,148.13
2025,1,FLL,LAX,NK,1.0,149.0
2025,1,FLL,LAX,NK,1.0,149.0
2025,1,FLL,LAX,NK,1.0,150.0
2025,1,FLL,LAX,NK,1.0,150.51
2025,1,FLL,LAX,NK,1.0,152.0
2025,1,FLL,LAX,NK,1.0,154.0
2025,1,FLL,LAX,NK,1.0,154.62
2025,1,FLL,LAX,NK,1.0,158.0
2025,1,FLL,LAX,NK,1.0,162.0
2025,1,FLL,LAX,NK,1.0,163.12
2025,1,FLL,LAX,NK,1.0,164.0
2025,1,FLL,LAX,NK,1.0,165.0
2025,1,FLL,LAX,NK,1.0,167.0
2025,1,FLL,LAX,NK,1.0,167.0
2025,1,FLL,LAX,NK,1.0,169.0
2025,1,FLL,LAX,NK,1.0,170.0
2025,1,FLL,LAX,NK,1.0,172.0
2025,1,FLL,LAX,NK,1.0,172.0
2025,1,FLL,LAX,NK,1.0,172.0
2025,1,FLL,LAX,NK,1.0,173.99
2025,1,FLL,LAX,NK,1.0,174.0
2025,1,FLL,LAX,NK,1.0,174.0
2025,1,FLL,LAX,NK,1.0,175.84
2025,1,FLL,LAX,NK,1.0,176.5
2025,1,FLL,LAX,NK,1.0,179.0
2025,1,FLL,LAX,NK,1.0,179.0
2025,1,FLL,LAX,NK,1.0,181.42
2025,1,FLL,LAX,NK,1.0,182.0
2025,1,FLL,LAX,NK,1.0,184.0
2025,1,FLL,LAX,NK,1.0,184.0
2025,1,FLL,LAX,NK,1.0,189.0
2025,1,FLL,LAX,NK,1.0,190.47
2025,1,FLL,LAX,NK,1.0,192.0
2025,1,FLL,LAX,NK,1.0,192.0
2025,1,FLL,LAX,NK,1.0,196.0
2025,1,FLL,LAX,NK,1.0,196.5
2025,1,FLL,LAX,NK,1.0,197.0
2025,1,FLL,LAX,NK,1.0,197.0
2025,1,FLL,LAX,NK,1.0,201.0
2025,1,FLL,LAX,NK,1.0,201.0
2025,1,FLL,LAX,NK,1.0,202.0
2025,1,FLL,LAX,NK,1.0,209.0
2025,1,FLL,LAX,NK,1.0,212.0
2025,1,FLL,LAX,NK,1.0,220.0
2025,1,FLL,LAX,NK,1.0,224.0
2025,1,FLL,LAX,NK,1.0,225.0
2025,1,FLL,LAX,NK,1.0,227.0
2025,1,FLL,LAX,NK,1.0,227.0
2025,1,FLL,LAX,NK,1.0,227.0
2025,1,FLL,LAX,NK,1.0,229.0
2025,1,FLL,LAX,NK,1.0,237.56
2025,1,FLL,LAX,NK,1.0,241.0
2025,1,FLL,LAX,NK,1.0,241.0
2025,1,FLL,LAX,NK,1.0,241.0
2025,1,FLL,LAX,NK,1.0,242.0
2025,1,FLL,LAX,NK,1.0,258.96
2025,1,FLL,LAX,NK,1.0,261.0
2025,1,FLL,LAX,NK,1.0,279.7
2025,1,FLL,LAX,NK,1.0,301.0
2025,1,FLL,LAX,NK,1.0,302.0
2025,1,FLL,LAX,NK,1.0,303.0
2025,1,FLL,LAX,NK,1.0,382.0
2025,1,FLL,LAX,NK,1.0,400.0
2025,1,FLL,LAX,NK,1.0,406.0
2025,1,FLL,LAX,NK,1.0,428.0
2025,1,FLL,LAX,NK,1.0,648.0
2025,1,FLL,LAX,NK,2.0,48.0
2025,1,FLL,LAX,NK,2.0,57.0
2025,1,FLL,LAX,NK,2.0,59.0
2025,1,FLL,LAX,NK,2.0,62.0
2025,1,FLL,LAX,NK,2.0,64.0
2025,1,FLL,LAX,NK,2.0,64.0
2025,1,FLL,LAX,NK,2.0,66.0
2025,1,FLL,LAX,NK,2.0,69.0
2025,1,FLL,LAX,NK,2.0,71.0
2025,1,FLL,LAX,NK,2.0,71.0
2025,1,FLL,LAX,NK,2.0,79.0
2025,1,FLL,LAX,NK,2.0,79.0
2025,1,FLL,LAX,NK,2.0,82.0
2025,1,FLL,LAX,NK,2.0,84.0
2025,1,FLL,LAX,NK,2.0,87.0
2025,1,FLL,LAX,NK,2.0,89.0
2025,1,FLL,LAX,NK,2.0,90.12
2025,1,FLL,LAX,NK,2.0,92.0
2025,1,FLL,LAX,NK,2.0,99.65
2025,1,FLL,LAX,NK,2.0,101.0
2025,1,FLL,LAX,NK,2.0,101.5
2025,1,FLL,LAX,NK,2.0,102.0
2025,1,FLL,LAX,NK,2.0,103.37
2025,1,FLL,LAX,NK,2.0,107.0
2025,1,FLL,LAX,NK,2.0,108.0
2025,1,FLL,LAX,NK,2.0,111.0
2025,1,FLL,LAX,NK,2.0,112.0
2025,1,FLL,LAX,NK,2.0,114.0
2025,1,FLL,LAX,NK,2.0,114.5
2025,1,FLL,LAX,NK,2.0,116.5
2025,1,FLL,LAX,NK,2.0,127.0
2025,1,FLL,LAX,NK,2.0,130.0
2025,1,FLL,LAX,NK,2.0,131.5
2025,1,FLL,LAX,NK,2.0,132.0
2025,1,FLL,LAX,NK,2.0,144.0
2025,1,FLL,LAX,NK,2.0,201.0
2025,1,FLL,LAX,NK,2.0,201.0
2025,1,FLL,LAX,NK,2.0,241.0
2025,1,FLL,LAX,NK,2.0,249.0
2025,1,FLL,LAX,NK,3.0,64.0
2025,1,FLL,LAX,NK,3.0,69.0
2025,1,FLL,LAX,NK,3.0,71.0
2025,1,FLL,LAX,NK,3.0,79.0
2025,1,FLL,LAX,NK,3.0,84.0
2025,1,FLL,LAX,NK,3.0,89.0
2025,1,FLL,LAX,NK,3.0,97.0
2025,1,FLL,LAX,NK,3.0,101.0
2025,1,FLL,LAX,NK,3.0,101.0
2025,1,FLL,LAX,NK,3.0,102.0
2025,1,FLL,LAX,NK,3.0,111.0
2025,1,FLL,LAX,NK,3.0,111.0
2025,1,FLL,LAX,NK,3.0,131.0
2025,1,FLL,LAX,NK,3.0,131.0
2025,1,FLL,LAX,NK,3.0,132.0
2025,1,FLL,LAX,NK,3.0,199.0
2025,1,FLL,LAX,NK,4.0,71.0
2025,1,FLL,LAX,NK,4.0,74.0
2025,1,FLL,LAX,NK,4.0,78.0
2025,1,FLL,LAX,NK,4.0,89.0
2025,1,FLL,LAX,NK,4.0,94.0
2025,1,FLL,LAX,NK,4.0,112.0
2025,1,FLL,LAX,NK,4.0,127.0
2025,1,FLL,LAX,NK,4.0,131.0
2025,1,FLL,LAX,NK,4.0,132.0
2025,1,FLL,LAX,NK,4.0,132.0
2025,1,FLL,LAX,NK,5.0,6.0
2025,1,FLL,LAX,NK,5.0,97.0
2025,1,FLL,LAX,NK,5.0,99.0
2025,1,FLL,LAX,NK,5.0,101.0
2025,1,FLL,LAX,NK,5.0,109.0
2025,1,FLL,LAX,NK,5.0,131.0
2025,1,FLL,LAX,NK,5.0,201.0
2025,1,FLL,LAX,NK,5.0,209.0
2025,1,FLL,LAX,NK,6.0,101.0
2025,1,FLL,LAX,NK,6.0,102.0
2025,1,FLL,LAX,NK,6.0,131.0
2025,1,FLL,LAX,NK,10.0,101.0
2025,1,FLL,LAX,NK,10.0,117.0
2025,1,FLL,LAX,NK,10.0,201.0
2025,1,FLL,LAX,NK,11.0,131.0
2025,1,MCO,LGA,NK,1.0,5.54
2025,1,MCO,LGA,NK,1.0,7.81
2025,1,MCO,LGA,NK,1.0,11.0
2025,1,MCO,LGA,NK,1.0,12.07
2025,1,MCO,LGA,NK,1.0,15.0
2025,1,MCO,LGA,NK,1.0,15.0
2025,1,MCO,LGA,NK,1.0,15.5
2025,1,MCO,LGA,NK,1.0,16.0
2025,1,MCO,LGA,NK,1.0,18.0
2025,1,MCO,LGA,NK,1.0,19.0
2025,1,MCO,LGA,NK,1.0,21.5
2025,1,MCO,LGA,NK,1.0,22.0
2025,1,MCO,LGA,NK,1.0,22.5
2025,1,MCO,LGA,NK,1.0,23.0
2025,1,MCO,LGA,NK,1.0,23.66
2025,1,MCO,LGA,NK,1.0,25.5
2025,1,MCO,LGA,NK,1.0,26.0
2025,1,MCO,LGA,NK,1.0,26.0
2025,1,MCO,LGA,NK,1.0,28.0
2025,1,MCO,LGA,NK,1.0,28.84
2025,1,MCO,LGA,NK,1.0,29.5
2025,1,MCO,LGA,NK,1.0,30.0
2025,1,MCO,LGA,NK,1.0,32.72
2025,1,MCO,LGA,NK,1.0,33.91
2025,1,MCO,LGA,NK,1.0,34.0
2025,1,MCO,LGA,NK,1.0,35.0
2025,1,MCO,LGA,NK,1.0,35.33
2025,1,MCO,LGA,NK,1.0,35.44
2025,1,MCO,LGA,NK,1.0,36.0
2025,1,MCO,LGA,NK,1.0,36.11
2025,1,MCO,LGA,NK,1.0,36.25
2025,1,MCO,LGA,NK,1.0,36.75
2025,1,MCO,LGA,NK,1.0,36.98
2025,1,MCO,LGA,NK,1.0,38.52
2025,1,MCO,LGA,NK,1.0,39.27
2025,1,MCO,LGA,NK,1.0,39.4
2025,1,MCO,LGA,NK,1.0,40.88
2025,1,MCO,LGA,NK,1.0,41.28
2025,1,MCO,LGA,NK,1.0,41.64
2025,1,MCO,LGA,NK,1.0,41.79
2025,1,MCO,LGA,NK,1.0,43.05
2025,1,MCO,LGA,NK,1.0,43.5
2025,1,MCO,LGA,NK,1.0,44.98
2025,1,MCO,LGA,NK,1.0,46.0
2025,1,MCO,LGA,NK,1.0,46.82
2025,1,MCO,LGA,NK,1.0,47.09
2025,1,MCO,LGA,NK,1.0,47.32
2025,1,MCO,LGA,NK,1.0,47.52
2025,1,MCO,LGA,NK,1.0,48.29
2025,1,MCO,LGA,NK,1.0,49.14
2025,1,MCO,LGA,NK,1.0,49.34
2025,1,MCO,LGA,NK,1.0,49.5
2025,1,MCO,LGA,NK,1.0,49.84
2025,1,MCO,LGA,NK,1.0,50.34
2025,1,MCO,LGA,NK,1.0,52.5
2025,1,MCO,LGA,NK,1.0,53.0
2025,1,MCO,LGA,NK,1.0,53.41
2025,1,MCO,LGA,NK,1.0,53.5
2025,1,MCO,LGA,NK,1.0,53.5
2025,1,MCO,LGA,NK,1.0,54.03
2025,1,MCO,LGA,NK,1.0,55.5
2025,1,MCO,LGA,NK,1.0,55.5
2025,1,MCO,LGA,NK,1.0,55.68
2025,1,MCO,LGA,NK,1.0,56.27
2025,1,MCO,LGA,NK,1.0,57.67
2025,1,MCO,LGA,NK,1.0,57.9
2025,1,MCO,LGA,NK,1.0,58.4
2025,1,MCO,LGA,NK,1.0,58.89
2025,1,MCO,LGA,NK,1.0,59.0
2025,1,MCO,LGA,NK,1.0,60.41
2025,1,MCO,LGA,NK,1.0,60.5
2025,1,MCO,LGA,NK,1.0,60.78
2025,1,MCO,LGA,NK,1.0,60.92
2025,1,MCO,LGA,NK,1.0,61.17
2025,1,MCO,LGA,NK,1.0,61.92
2025,1,MCO,LGA,NK,1.0,62.0
2025,1,MCO,LGA,NK,1.0,62.46
2025,1,MCO,LGA,NK,1.0,62.5
2025,1,MCO,LGA,NK,1.0,62.56
2025,1,MCO,LGA,NK,1.0,62.95
2025,1,MCO,LGA,NK,1.0,63.0
2025,1,MCO,LGA,NK,1.0,63.03
2025,1,MCO,LGA,NK,1.0,63.73
2025,1,MCO,LGA,NK,1.0,64.0
2025,1,MCO,LGA,NK,1.0,64.0
2025,1,MCO,LGA,NK,1.0,64.0
2025,1,MCO,LGA,NK,1.0,64.27
2025,1,MCO,LGA,NK,1.0,65.45
2025,1,MCO,LGA,NK,1.0,65.47
2025,1,MCO,LGA,NK,1.0,65.97
2025,1,MCO,LGA,NK,1.0,66.0
2025,1,MCO,LGA,NK,1.0,66.96
2025,1,MCO,LGA,NK,1.0,67.5
2025,1,MCO,LGA,NK,1.0,67.79
2025,1,MCO,LGA,NK,1.0,68.03
2025,1,MCO,LGA,NK,1.0,68.46
2025,1,MCO,LGA,NK,1.0,68.5
2025,1,MCO,LGA,NK,1.0,69.0
2025,1,MCO,LGA,NK,1.0,69.48
2025,1,MCO,LGA,NK,1.0,69.8
2025,1,MCO,LGA,NK,1.0,70.46
2025,1,MCO,LGA,NK,1.0,70.48
2025,1,MCO,LGA,NK,1.0,70.5
2025,1,MCO,LGA,NK,1.0,70.69
2025,1,MCO,LGA,NK,1.0,70.99
2025,1,MCO,LGA,NK,1.0,71.0
2025,1,MCO,LGA,NK,1.0,71.0
2025,1,MCO,LGA,NK,1.0,72.09
2025,1,MCO,LGA,NK,1.0,74.5
2025,1,MCO,LGA,NK,1.0,76.0
2025,1,MCO,LGA,NK,1.0,76.5
2025,1,MCO,LGA,NK,1.0,77.0
2025,1,MCO,LGA,NK,1.0,77.03
2025,1,MCO,LGA,NK,1.0,78.25
2025,1,MCO,LGA,NK,1.0,78.5
2025,1,MCO,LGA,NK,1.0,78.5
2025,1,MCO,LGA,NK,1.0,79.54
2025,1,MCO,LGA,NK,1.0,79.89
2025,1,MCO,LGA,NK,1.0,80.45
2025,1,MCO,LGA,NK,1.0,80.5
2025,1,MCO,LGA,NK,1.0,80.5
2025,1,MCO,LGA,NK,1.0,81.0
2025,1,MCO,LGA,NK,1.0,81.56
2025,1,MCO,LGA,NK,1.0,82.0
2025,1,MCO,LGA,NK,1.0,82.06
2025,1,MCO,LGA,NK,1.0,82.5
2025,1,MCO,LGA,NK,1.0,83.41
2025,1,MCO,LGA,NK,1.0,83.89
2025,1,MCO,LGA,NK,1.0,84.5
2025,1,MCO,LGA,NK,1.0,85.0
2025,1,MCO,LGA,NK,1.0,86.0
2025,1,MCO,LGA,NK,1.0,86.09
2025,1,MCO,LGA,NK,1.0,86.5
2025,1,MCO,LGA,NK,1.0,86.62
2025,1,MCO,LGA,NK,1.0,87.0
2025,1,MCO,LGA,NK,1.0,87.5
2025,1,MCO,LGA,NK,1.0,88.0
2025,1,MCO,LGA,NK,1.0,88.0
2025,1,MCO,LGA,NK,1.0,88.03
2025,1,MCO,LGA,NK,1.0,88.5
2025,1,MCO,LGA,NK,1.0,89.5
2025,1,MCO,LGA,NK,1.0,89.85
2025,1,MCO,LGA,NK,1.0,91.0
2025,1,MCO,LGA,NK,1.0,91.12
2025,1,MCO,LGA,NK,1.0,92.0
2025,1,MCO,LGA,NK,1.0,92.5
2025,1,MCO,LGA,NK,1.0,92.5
2025,1,MCO,LGA,NK,1.0,92.81
2025,1,MCO,LGA,NK,1.0,93.42
2025,1,MCO,LGA,NK,1.0,93.5
2025,1,MCO,LGA,NK,1.0,94.5
2025,1,MCO,LGA,NK,1.0,94.94
2025,1,MCO,LGA,NK,1.0,95.41
2025,1,MCO,LGA,NK,1.0,95.5
2025,1,MCO,LGA,NK,1.0,96.56
2025,1,MCO,LGA,NK,1.0,96.66
2025,1,MCO,LGA,NK,1.0,96.99
2025,1,MCO,LGA,NK,1.0,97.45
2025,1,MCO,LGA,NK,1.0,97.5
2025,1,MCO,LGA,NK,1.0,98.5
2025,1,MCO,LGA,NK,1.0,99.0
2025,1,MCO,LGA,NK,1.0,99.0
2025,1,MCO,LGA,NK,1.0,99.0
2025,1,MCO,LGA,NK,1.0,99.5
2025,1,MCO,LGA,NK,1.0,99.68
2025,1,MCO,LGA,NK,1.0,99.95
2025,1,MCO,LGA,NK,1.0,100.5
2025,1,MCO,LGA,NK,1.0,100.5
2025,1,MCO,LGA,NK,1.0,100.82
2025,1,MCO,LGA,NK,1.0,101.24
2025,1,MCO,LGA,NK,1.0,102.5
2025,1,MCO,LGA,NK,1.0,103.0
2025,1,MCO,LGA,NK,1.0,104.08
2025,1,MCO,LGA,NK,1.0,104.38
2025,1,MCO,LGA,NK,1.0,105.5
2025,1,MCO,LGA,NK,1.0,106.0
2025,1,MCO,LGA,NK,1.0,106.22
2025,1,MCO,LGA,NK,1.0,106.5
2025,1,MCO,LGA,NK,1.0,107.5
2025,1,MCO,LGA,NK,1.0,107.5
2025,1,MCO,LGA,NK,1.0,108.0
2025,1,MCO,LGA,NK,1.0,108.5
2025,1,MCO,LGA,NK,1.0,108.5
2025,1,MCO,LGA,NK,1.0,109.5
2025,1,MCO,LGA,NK,1.0,110.0
2025,1,MCO,LGA,NK,1.0,110.5
2025,1,MCO,LGA,NK,1.0,110.5
2025,1,MCO,LGA,NK,1.0,111.76
2025,1,MCO,LGA,NK,1.0,112.5
2025,1,MCO,LGA,NK,1.0,112.91
2025,1,MCO,LGA,NK,1.0,113.11
2025,1,MCO,LGA,NK,1.0,113.5
2025,1,MCO,LGA,NK,1.0,114.28
2025,1,MCO,LGA,NK,1.0,114.28
2025,1,MCO,LGA,NK,1.0,114.5
2025,1,MCO,LGA,NK,1.0,115.5
2025,1,MCO,LGA,NK,1.0,117.0
2025,1,MCO,LGA,NK,1.0,117.0
2025,1,MCO,LGA,NK,1.0,117.3
2025,1,MCO,LGA,NK,1.0,120.5
2025,1,MCO,LGA,NK,1.0,122.0
2025,1,MCO,LGA,NK,1.0,122.0
2025,1,MCO,LGA,NK,1.0,122.0
2025,1,MCO,LGA,NK,1.0,122.5
2025,1,MCO,LGA,NK,1.0,122.83
2025,1,MCO,LGA,NK,1.0,123.5
2025,1,MCO,LGA,NK,1.0,123.85
2025,1,MCO,LGA,NK,1.0,124.0
2025,1,MCO,LGA,NK,1.0,124.0
2025,1,MCO,LGA,NK,1.0,124.0
2025,1,MCO,LGA,NK,1.0,126.36
2025,1,MCO,LGA,NK,1.0,126.5
2025,1,MCO,LGA,NK,1.0,127.03
2025,1,MCO,LGA,NK,1.0,129.0
2025,1,MCO,LGA,NK,1.0,129.5
2025,1,MCO,LGA,NK,1.0,130.0
2025,1,MCO,LGA,NK,1.0,130.0
2025,1,MCO,LGA,NK,1.0,130.5
2025,1,MCO,LGA,NK,1.0,132.5
2025,1,MCO,LGA,NK,1.0,133.0
2025,1,MCO,LGA,NK,1.0,133.78
2025,1,MCO,LGA,NK,1.0,134.0
2025,1,MCO,LGA,NK,1.0,134.5
2025,1,MCO,LGA,NK,1.0,135.5
2025,1,MCO,LGA,NK,1.0,136.0
2025,1,MCO,LGA,NK,1.0,136.0
2025,1,MCO,LGA,NK,1.0,137.5
2025,1,MCO,LGA,NK,1.0,138.0
2025,1,MCO,LGA,NK,1.0,138.0
2025,1,MCO,LGA,NK,1.0,139.96
2025,1,MCO,LGA,NK,1.0,140.0
2025,1,MCO,LGA,NK,1.0,141.5
2025,1,MCO,LGA,NK,1.0,142.0
2025,1,MCO,LGA,NK,1.0,143.0
2025,1,MCO,LGA,NK,1.0,143.0
2025,1,MCO,LGA,NK,1.0,146.0
2025,1,MCO,LGA,NK,1.0,146.0
2025,1,MCO,LGA,NK,1.0,146.5
2025,1,MCO,LGA,NK,1.0,146.5
2025,1,MCO,LGA,NK,1.0,147.0
2025,1,MCO,LGA,NK,1.0,147.01
2025,1,MCO,LGA,NK,1.0,148.0
2025,1,MCO,LGA,NK,1.0,148.0
2025,1,MCO,LGA,NK,1.0,148.0
2025,1,MCO,LGA,NK,1.0,148.99
2025,1,MCO,LGA,NK,1.0,149.52
2025,1,MCO,LGA,NK,1.0,150.0
2025,1,MCO,LGA,NK,1.0,150.0
2025,1,MCO,LGA,NK,1.0,150.0
2025,1,MCO,LGA,NK,1.0,150.5
2025,1,MCO,LGA,NK,1.0,152.0
2025,1,MCO,LGA,NK,1.0,152.04
2025,1,MCO,LGA,NK,1.0,152.5
2025,1,MCO,LGA,NK,1.0,152.5
2025,1,MCO,LGA,NK,1.0,153.0
2025,1,MCO,LGA,NK,1.0,155.06
2025,1,MCO,LGA,NK,1.0,156.0
2025,1,MCO,LGA,NK,1.0,156.5
2025,1,MCO,LGA,NK,1.0,157.0
2025,1,MCO,LGA,NK,1.0,157.58
2025,1,MCO,LGA,NK,1.0,158.5
2025,1,MCO,LGA,NK,1.0,159.0
2025,1,MCO,LGA,NK,1.0,160.1
2025,1,MCO,LGA,NK,1.0,161.0
2025,1,MCO,LGA,NK,1.0,161.5
2025,1,MCO,LGA,NK,1.0,162.5
2025,1,MCO,LGA,NK,1.0,163.5
2025,1,MCO,LGA,NK,1.0,166.0
2025,1,MCO,LGA,NK,1.0,166.0
2025,1,MCO,LGA,NK,1.0,166.5
2025,1,MCO,LGA,NK,1.0,167.0
2025,1,MCO,LGA,NK,1.0,167.0
2025,1,MCO,LGA,NK,1.0,169.0
2025,1,MCO,LGA,NK,1.0,171.0
2025,1,MCO,LGA,NK,1.0,171.0
2025,1,MCO,LGA,NK,1.0,172.0
2025,1,MCO,LGA,NK,1.0,173.69
2025,1,MCO,LGA,NK,1.0,174.0
2025,1,MCO,LGA,NK,1.0,175.5
2025,1,MCO,LGA,NK,1.0,176.0
2025,1,MCO,LGA,NK,1.0,177.5
2025,1,MCO,LGA,NK,1.0,177.5
2025,1,MCO,LGA,NK,1.0,179.0
2025,1,MCO,LGA,NK,1.0,179.0
2025,1,MCO,LGA,NK,1.0,181.84
2025,1,MCO,LGA,NK,1.0,182.0
2025,1,MCO,LGA,NK,1.0,182.5
2025,1,MCO,LGA,NK,1.0,183.0
2025,1,MCO,LGA,NK,1.0,183.5
2025,1,MCO,LGA,NK,1.0,183.5
2025,1,MCO,LGA,NK,1.0,184.0
2025,1,MCO,LGA,NK,1.0,186.0
2025,1,MCO,LGA,NK,1.0,186.0
2025,1,MCO,LGA,NK,1.0,186.5
2025,1,MCO,LGA,NK,1.0,186.78
2025,1,MCO,LGA,NK,1.0,187.0
2025,1,MCO,LGA,NK,1.0,187.78
2025,1,MCO,LGA,NK,1.0,188.0
2025,1,MCO,LGA,NK,1.0,188.0
2025,1,MCO,LGA,NK,1.0,188.5
2025,1,MCO,LGA,NK,1.0,189.0
2025,1,MCO,LGA,NK,1.0,190.0
2025,1,MCO,LGA,NK,1.0,191.0
2025,1,MCO,LGA,NK,1.0,192.0
2025,1,MCO,LGA,NK,1.0,192.0
2025,1,MCO,LGA,NK,1.0,193.0
2025,1,MCO,LGA,NK,1.0,193.0
2025,1,MCO,LGA,NK,1.0,193.5
2025,1,MCO,LGA,NK,1.0,194.0
2025,1,MCO,LGA,NK,1.0,196.0
2025,1,MCO,LGA,NK,1.0,196.5
2025,1,MCO,LGA,NK,1.0,199.0
2025,1,MCO,LGA,NK,1.0,199.0
2025,1,MCO,LGA,NK,1.0,199.5
2025,1,MCO,LGA,NK,1.0,200.5
2025,1,MCO,LGA,NK,1.0,201.0
2025,1,MCO,LGA,NK,1.0,201.0
2025,1,MCO,LGA,NK,1.0,202.0
2025,1,MCO,LGA,NK,1.0,202.0
2025,1,MCO,LGA,NK,1.0,202.0
2025,1,MCO,LGA,NK,1.0,203.5
2025,1,MCO,LGA,NK,1.0,204.0
2025,1,MCO,LGA,NK,1.0,205.0
2025,1,MCO,LGA,NK,1.0,206.0
2025,1,MCO,LGA,NK,1.0,207.0
2025,1,MCO,LGA,NK,1.0,207.0
2025,1,MCO,LGA,NK,1.0,208.0
2025,1,MCO,LGA,NK,1.0,210.0
2025,1,MCO,LGA,NK,1.0,210.0
2025,1,MCO,LGA,NK,1.0,211.5
2025,1,MCO,LGA,NK,1.0,214.0
2025,1,MCO,LGA,NK,1.0,215.0
2025,1,MCO,LGA,NK,1.0,219.0
2025,1,MCO,LGA,NK,1.0,221.0
2025,1,MCO,LGA,NK,1.0,226.5
2025,1,MCO,LGA,NK,1.0,228.0
2025,1,MCO,LGA,NK,1.0,229.0
2025,1,MCO,LGA,NK,1.0,230.0
2025,1,MCO,LGA,NK,1.0,234.5
2025,1,MCO,LGA,NK,1.0,235.0
2025,1,MCO,LGA,NK,1.0,235.0
2025,1,MCO,LGA,NK,1.0,240.0
2025,1,MCO,LGA,NK,1.0,241.5
2025,1,MCO,LGA,NK,1.0,242.0
2025,1,MCO,LGA,NK,1.0,243.0
2025,1,MCO,LGA,NK,1.0,245.0
2025,1,MCO,LGA,NK,1.0,247.0
2025,1,MCO,LGA,NK,1.0,249.0
2025,1,MCO,LGA,NK,1.0,249.5
2025,1,MCO,LGA,NK,1.0,259.0
2025,1,MCO,LGA,NK,1.0,263.0
2025,1,MCO,LGA,NK,1.0,265.0
2025,1,MCO,LGA,NK,1.0,266.0
2025,1,MCO,LGA,NK,1.0,270.0
2025,1,MCO,LGA,NK,1.0,270.0
2025,1,MCO,LGA,NK,1.0,271.0
2025,1,MCO,LGA,NK,1.0,274.5
2025,1,MCO,LGA,NK,1.0,287.0
2025,1,MCO,LGA,NK,1.0,287.0
2025,1,MCO,LGA,NK,1.0,300.0
2025,1,MCO,LGA,NK,1.0,305.0
2025,1,MCO,LGA,NK,1.0,308.0
2025,1,MCO,LGA,NK,1.0,309.0
2025,1,MCO,LGA,NK,1.0,319.0
2025,1,MCO,LGA,NK,1.0,320.0
2025,1,MCO,LGA,NK,1.0,321.0
2025,1,MCO,LGA,NK,1.0,325.0
2025,1,MCO,LGA,NK,1.0,328.0
2025,1,MCO,LGA,NK,1.0,331.29
2025,1,MCO,LGA,NK,1.0,351.0
2025,1,MCO,LGA,NK,1.0,363.0
2025,1,MCO,LGA,NK,1.0,425.0
2025,1,MCO,LGA,NK,1.0,452.0
2025,1,MCO,LGA,NK,1.0,459.0
2025,1,MCO,LGA,NK,1.0,470.0
2025,1,MCO,LGA,NK,1.0,503.0
2025,1,MCO,LGA,NK,2.0,19.5
2025,1,MCO,LGA,NK,2.0,20.0
2025,1,MCO,LGA,NK,2.0,22.0
2025,1,MCO,LGA,NK,2.0,22.5
2025,1,MCO,LGA,NK,2.0,23.0
2025,1,MCO,LGA,NK,2.0,24.0
2025,1,MCO,LGA,NK,2.0,24.5
2025,1,MCO,LGA,NK,2.0,27.5
2025,1,MCO,LGA,NK,2.0,27.5
2025,1,MCO,LGA,NK,2.0,29.0
2025,1,MCO,LGA,NK,2.0,30.5
2025,1,MCO,LGA,NK,2.0,33.0
2025,1,MCO,LGA,NK,2.0,35.0
2025,1,MCO,LGA,NK,2.0,39.42
2025,1,MCO,LGA,NK,2.0,44.5
2025,1,MCO,LGA,NK,2.0,44.5
2025,1,MCO,LGA,NK,2.0,46.0
2025,1,MCO,LGA,NK,2.0,46.5
2025,1,MCO,LGA,NK,2.0,47.5
2025,1,MCO,LGA,NK,2.0,47.83
2025,1,MCO,LGA,NK,2.0,50.0
2025,1,MCO,LGA,NK,2.0,50.5
2025,1,MCO,LGA,NK,2.0,51.5
2025,1,MCO,LGA,NK,2.0,54.47
2025,1,MCO,LGA,NK,2.0,62.0
2025,1,MCO,LGA,NK,2.0,63.0
2025,1,MCO,LGA,NK,2.0,64.5
2025,1,MCO,LGA,NK,2.0,65.0
2025,1,MCO,LGA,NK,2.0,71.5
2025,1,MCO,LGA,NK,2.0,71.5
2025,1,MCO,LGA,NK,2.0,72.5
2025,1,MCO,LGA,NK,2.0,73.0
2025,1,MCO,LGA,NK,2.0,75.0
2025,1,MCO,LGA,NK,2.0,75.5
2025,1,MCO,LGA,NK,2.0,79.5
2025,1,MCO,LGA,NK,2.0,80.0
2025,1,MCO,LGA,NK,2.0,81.0
2025,1,MCO,LGA,NK,2.0,81.0
2025,1,MCO,LGA,NK,2.0,81.5
2025,1,MCO,LGA,NK,2.0,83.0
2025,1,MCO,LGA,NK,2.0,85.0
2025,1,MCO,LGA,NK,2.0,87.0
2025,1,MCO,LGA,NK,2.0,87.5
2025,1,MCO,LGA,NK,2.0,88.0
2025,1,MCO,LGA,NK,2.0,89.0
2025,1,MCO,LGA,NK,2.0,90.0
2025,1,MCO,LGA,NK,2.0,90.0
2025,1,MCO,LGA,NK,2.0,90.5
2025,1,MCO,LGA,NK,2.0,92.0
2025,1,MCO,LGA,NK,2.0,93.5
2025,1,MCO,LGA,NK,2.0,94.5
2025,1,MCO,LGA,NK,2.0,95.5
2025,1,MCO,LGA,NK,2.0,96.0
2025,1,MCO,LGA,NK,2.0,96.5
2025,1,MCO,LGA,NK,2.0,97.5
2025,1,MCO,LGA,NK,2.0,98.17
2025,1,MCO,LGA,NK,2.0,99.0
2025,1,MCO,LGA,NK,2.0,100.0
2025,1,MCO,LGA,NK,2.0,103.0
2025,1,MCO,LGA,NK,2.0,103.5
2025,1,MCO,LGA,NK,2.0,103.5
2025,1,MCO,LGA,NK,2.0,104.0
2025,1,MCO,LGA,NK,2.0,105.0
2025,1,MCO,LGA,NK,2.0,107.0
2025,1,MCO,LGA,NK,2.0,108.0
2025,1,MCO,LGA,NK,2.0,110.0
2025,1,MCO,LGA,NK,2.0,111.0
2025,1,MCO,LGA,NK,2.0,112.0
2025,1,MCO,LGA,NK,2.0,115.5
2025,1,MCO,LGA,NK,2.0,117.5
2025,1,MCO,LGA,NK,2.0,119.0
2025,1,MCO,LGA,NK,2.0,120.0
2025,1,MCO,LGA,NK,2.0,123.0
2025,1,MCO,LGA,NK,2.0,127.5
2025,1,MCO,LGA,NK,2.0,128.0
2025,1,MCO,LGA,NK,2.0,131.0
2025,1,MCO,LGA,NK,2.0,132.0
2025,1,MCO,LGA,NK,2.0,133.0
2025,1,MCO,LGA,NK,2.0,134.5
2025,1,MCO,LGA,NK,2.0,135.0
2025,1,MCO,LGA,NK,2.0,136.0
2025,1,MCO,LGA,NK,2.0,137.5
2025,1,MCO,LGA,NK,2.0,138.0
2025,1,MCO,LGA,NK,2.0,139.0
2025,1,MCO,LGA,NK,2.0,140.5
2025,1,MCO,LGA,NK,2.0,143.0
2025,1,MCO,LGA,NK,2.0,143.5
2025,1,MCO,LGA,NK,2.0,144.0
2025,1,MCO,LGA,NK,2.0,146.0
2025,1,MCO,LGA,NK,2.0,147.0
2025,1,MCO,LGA,NK,2.0,151.0
2025,1,MCO,LGA,NK,2.0,152.0
2025,1,MCO,LGA,NK,2.0,154.0
2025,1,MCO,LGA,NK,2.0,155.5
2025,1,MCO,LGA,NK,2.0,157.5
2025,1,MCO,LGA,NK,2.0,159.0
2025,1,MCO,LGA,NK,2.0,161.0
2025,1,MCO,LGA,NK,2.0,162.0
2025,1,MCO,LGA,NK,2.0,163.0
2025,1,MCO,LGA,NK,2.0,163.5
2025,1,MCO,LGA,NK,2.0,165.0
2025,1,MCO,LGA,NK,2.0,166.0
2025,1,MCO,LGA,NK,2.0,167.0
2025,1,MCO,LGA,NK,2.0,169.0
2025,1,MCO,LGA,NK,2.0,173.0
2025,1,MCO,LGA,NK,2.0,174.0
2025,1,MCO,LGA,NK,2.0,185.0
2025,1,MCO,LGA,NK,2.0,188.0
2025,1,MCO,LGA,NK,2.0,191.0
2025,1,MCO,LGA,NK,2.0,195.0
2025,1,MCO,LGA,NK,2.0,197.0
2025,1,MCO,LGA,NK,2.0,200.0
2025,1,MCO,LGA,NK,2.0,203.0
2025,1,MCO,LGA,NK,2.0,209.0
2025,1,MCO,LGA,NK,2.0,211.0
2025,1,MCO,LGA,NK,2.0,220.0
2025,1,MCO,LGA,NK,2.0,225.0
2025,1,MCO,LGA,NK,2.0,226.0
2025,1,MCO,LGA,NK,2.0,228.0
2025,1,MCO,LGA,NK,2.0,257.0
2025,1,MCO,LGA,NK,2.0,259.0
2025,1,MCO,LGA,NK,2.0,275.0
2025,1,MCO,LGA,NK,2.0,277.0
2025,1,MCO,LGA,NK,3.0,19.5
2025,1,MCO,LGA,NK,3.0,22.0
2025,1,MCO,LGA,NK,3.0,24.0
2025,1,MCO,LGA,NK,3.0,27.0
2025,1,MCO,LGA,NK,3.0,28.0
2025,1,MCO,LGA,NK,3.0,29.5
2025,1,MCO,LGA,NK,3.0,33.0
2025,1,MCO,LGA,NK,3.0,34.0
2025,1,MCO,LGA,NK,3.0,34.5
2025,1,MCO,LGA,NK,3.0,35.5
2025,1,MCO,LGA,NK,3.0,36.0
2025,1,MCO,LGA,NK,3.0,36.5
2025,1,MCO,LGA,NK,3.0,37.0
2025,1,MCO,LGA,NK,3.0,40.5
2025,1,MCO,LGA,NK,3.0,41.5
2025,1,MCO,LGA,NK,3.0,41.5
2025,1,MCO,LGA,NK,3.0,43.5
2025,1,MCO,LGA,NK,3.0,46.5
2025,1,MCO,LGA,NK,3.0,49.5
2025,1,MCO,LGA,NK,3.0,50.0
2025,1,MCO,LGA,NK,3.0,52.5
2025,1,MCO,LGA,NK,3.0,57.0
2025,1,MCO,LGA,NK,3.0,57.5
2025,1,MCO,LGA,NK,3.0,57.5
2025,1,MCO,LGA,NK,3.0,58.5
2025,1,MCO,LGA,NK,3.0,60.5
2025,1,MCO,LGA,NK,3.0,61.5
2025,1,MCO,LGA,NK,3.0,62.5
2025,1,MCO,LGA,NK,3.0,62.93
2025,1,MCO,LGA,NK,3.0,65.0
2025,1,MCO,LGA,NK,3.0,65.95
2025,1,MCO,LGA,NK,3.0,66.0
2025,1,MCO,LGA,NK,3.0,68.0
2025,1,MCO,LGA,NK,3.0,70.5
2025,1,MCO,LGA,NK,3.0,74.0
2025,1,MCO,LGA,NK,3.0,75.5
2025,1,MCO,LGA,NK,3.0,79.0
2025,1,MCO,LGA,NK,3.0,79.0
2025,1,MCO,LGA,NK,3.0,79.5
2025,1,MCO,LGA,NK,3.0,81.0
2025,1,MCO,LGA,NK,3.0,86.0
2025,1,MCO,LGA,NK,3.0,89.5
2025,1,MCO,LGA,NK,3.0,92.0
2025,1,MCO,LGA,NK,3.0,93.0
2025,1,MCO,LGA,NK,3.0,95.0
2025,1,MCO,LGA,NK,3.0,98.5
2025,1,MCO,LGA,NK,3.0,99.0
2025,1,MCO,LGA,NK,3.0,101.5
2025,1,MCO,LGA,NK,3.0,102.0
2025,1,MCO,LGA,NK,3.0,102.0
2025,1,MCO,LGA,NK,3.0,102.5
2025,1,MCO,LGA,NK,3.0,104.0
2025,1,MCO,LGA,NK,3.0,104.0
2025,1,MCO,LGA,NK,3.0,109.0
2025,1,MCO,LGA,NK,3.0,110.0
2025,1,MCO,LGA,NK,3.0,113.0
2025,1,MCO,LGA,NK,3.0,114.0
2025,1,MCO,LGA,NK,3.0,115.0
2025,1,MCO,LGA,NK,3.0,116.0
2025,1,MCO,LGA,NK,3.0,119.0
2025,1,MCO,LGA,NK,3.0,121.0
2025,1,MCO,LGA,NK,3.0,121.0
2025,1,MCO,LGA,NK,3.0,121.0
2025,1,MCO,LGA,NK,3.0,126.0
2025,1,MCO,LGA,NK,3.0,127.0
2025,1,MCO,LGA,NK,3.0,128.0
2025,1,MCO,LGA,NK,3.0,129.0
2025,1,MCO,LGA,NK,3.0,132.0
2025,1,MCO,LGA,NK,3.0,138.0
2025,1,MCO,LGA,NK,3.0,141.0
2025,1,MCO,LGA,NK,3.0,144.0
2025,1,MCO,LGA,NK,3.0,145.0
2025,1,MCO,LGA,NK,3.0,149.0
2025,1,MCO,LGA,NK,3.0,155.0
2025,1,MCO,LGA,NK,3.0,158.0
2025,1,MCO,LGA,NK,3.0,162.0
2025,1,MCO,LGA,NK,3.0,164.0
2025,1,MCO,LGA,NK,3.0,188.0
2025,1,MCO,LGA,NK,3.0,197.0
2025,1,MCO,LGA,NK,3.0,212.0
2025,1,MCO,LGA,NK,3.0,222.0
2025,1,MCO,LGA,NK,3.0,230.0
2025,1,MCO,LGA,NK,3.0,267.0
2025,1,MCO,LGA,NK,4.0,26.5
2025,1,MCO,LGA,NK,4.0,27.0
2025,1,MCO,LGA,NK,4.0,27.0
2025,1,MCO,LGA,NK,4.0,30.0
2025,1,MCO,LGA,NK,4.0,32.5
2025,1,MCO,LGA,NK,4.0,45.5
2025,1,MCO,LGA,NK,4.0,45.5
2025,1,MCO,LGA,NK,4.0,47.0
2025,1,MCO,LGA,NK,4.0,47.5
2025,1,MCO,LGA,NK,4.0,50.5
2025,1,MCO,LGA,NK,4.0,51.0
2025,1,MCO,LGA,NK,4.0,54.5
2025,1,MCO,LGA,NK,4.0,54.5
2025,1,MCO,LGA,NK,4.0,56.5
2025,1,MCO,LGA,NK,4.0,57.0
2025,1,MCO,LGA,NK,4.0,57.0
2025,1,MCO,LGA,NK,4.0,58.5
2025,1,MCO,LGA,NK,4.0,61.0
2025,1,MCO,LGA,NK,4.0,61.0
2025,1,MCO,LGA,NK,4.0,61.0
2025,1,MCO,LGA,NK,4.0,61.5
2025,1,MCO,LGA,NK,4.0,62.0
2025,1,MCO,LGA,NK,4.0,63.0
2025,1,MCO,LGA,NK,4.0,63.5
2025,1,MCO,LGA,NK,4.0,63.5
2025,1,MCO,LGA,NK,4.0,65.0
2025,1,MCO,LGA,NK,4.0,66.0
2025,1,MCO,LGA,NK,4.0,67.0
2025,1,MCO,LGA,NK,4.0,68.5
2025,1,MCO,LGA,NK,4.0,71.0
2025,1,MCO,LGA,NK,4.0,72.5
2025,1,MCO,LGA,NK,4.0,73.0
2025,1,MCO,LGA,NK,4.0,74.0
2025,1,MCO,LGA,NK,4.0,74.0
2025,1,MCO,LGA,NK,4.0,74.5
2025,1,MCO,LGA,NK,4.0,75.0
2025,1,MCO,LGA,NK,4.0,76.5
2025,1,MCO,LGA,NK,4.0,77.0
2025,1,MCO,LGA,NK,4.0,83.0
2025,1,MCO,LGA,NK,4.0,87.0
2025,1,MCO,LGA,NK,4.0,93.0
2025,1,MCO,LGA,NK,4.0,94.0
2025,1,MCO,LGA,NK,4.0,96.0
2025,1,MCO,LGA,NK,4.0,97.0
2025,1,MCO,LGA,NK,4.0,98.0
2025,1,MCO,LGA,NK,4.0,100.0
2025,1,MCO,LGA,NK,4.0,101.0
2025,1,MCO,LGA,NK,4.0,102.0
2025,1,MCO,LGA,NK,4.0,104.5
2025,1,MCO,LGA,NK,4.0,107.0
2025,1,MCO,LGA,NK,4.0,112.0
2025,1,MCO,LGA,NK,4.0,115.0
2025,1,MCO,LGA,NK,4.0,118.0
2025,1,MCO,LGA,NK,4.0,120.0
2025,1,MCO,LGA,NK,4.0,133.0
2025,1,MCO,LGA,NK,4.0,134.0
2025,1,MCO,LGA,NK,4.0,137.0
2025,1,MCO,LGA,NK,4.0,141.5
2025,1,MCO,LGA,NK,4.0,145.0
2025,1,MCO,LGA,NK,4.0,155.0
2025,1,MCO,LGA,NK,4.0,159.0
2025,1,MCO,LGA,NK,4.0,178.0
2025,1,MCO,LGA,NK,4.0,182.5
2025,1,MCO,LGA,NK,4.0,227.0
2025,1,MCO,LGA,NK,4.0,255.0
2025,1,MCO,LGA,NK,5.0,15.0
2025,1,MCO,LGA,NK,5.0,34.0
2025,1,MCO,LGA,NK,5.0,34.5
2025,1,MCO,LGA,NK,5.0,37.0
2025,1,MCO,LGA,NK,5.0,40.5
2025,1,MCO,LGA,NK,5.0,42.5
2025,1,MCO,LGA,NK,5.0,48.5
2025,1,MCO,LGA,NK,5.0,51.5
2025,1,MCO,LGA,NK,5.0,52.0
2025,1,MCO,LGA,NK,5.0,56.5
2025,1,MCO,LGA,NK,5.0,59.0
2025,1,MCO,LGA,NK,5.0,66.5
2025,1,MCO,LGA,NK,5.0,66.5
2025,1,MCO,LGA,NK,5.0,67.0
2025,1,MCO,LGA,NK,5.0,69.5
2025,1,MCO,LGA,NK,5.0,69.5
2025,1,MCO,LGA,NK,5.0,70.0
2025,1,MCO,LGA,NK,5.0,72.0
2025,1,MCO,LGA,NK,5.0,76.0
2025,1,MCO,LGA,NK,5.0,80.0
2025,1,MCO,LGA,NK,5.0,82.0
2025,1,MCO,LGA,NK,5.0,84.0
2025,1,MCO,LGA,NK,5.0,85.0
2025,1,MCO,LGA,NK,5.0,89.0
2025,1,MCO,LGA,NK,5.0,91.0
2025,1,MCO,LGA,NK,5.0,91.0
2025,1,MCO,LGA,NK,5.0,105.0
2025,1,MCO,LGA,NK,5.0,106.5
2025,1,MCO,LGA,NK,5.0,108.0
2025,1,MCO,LGA,NK,5.0,119.0
2025,1,MCO,LGA,NK,5.0,125.0
2025,1,MCO,LGA,NK,5.0,135.0
2025,1,MCO,LGA,NK,5.0,136.0
2025,1,MCO,LGA,NK,5.0,143.0
2025,1,MCO,LGA,NK,5.0,173.0
2025,1,MCO,LGA,NK,5.0,273.0
2025,1,MCO,LGA,NK,6.0,24.0
2025,1,MCO,LGA,NK,6.0,29.0
2025,1,MCO,LGA,NK,6.0,29.0
2025,1,MCO,LGA,NK,6.0,31.0
2025,1,MCO,LGA,NK,6.0,32.0
2025,1,MCO,LGA,NK,6.0,33.5
2025,1,MCO,LGA,NK,6.0,33.5
2025,1,MCO,LGA,NK,6.0,36.5
2025,1,MCO,LGA,NK,6.0,42.5
2025,1,MCO,LGA,NK,6.0,44.0
2025,1,MCO,LGA,NK,6.0,45.0
2025,1,MCO,LGA,NK,6.0,45.0
2025,1,MCO,LGA,NK,6.0,51.0
2025,1,MCO,LGA,NK,6.0,54.0
2025,1,MCO,LGA,NK,6.0,56.0
2025,1,MCO,LGA,NK,6.0,60.0
2025,1,MCO,LGA,NK,6.0,64.5
2025,1,MCO,LGA,NK,6.0,69.0
2025,1,MCO,LGA,NK,6.0,69.0
2025,1,MCO,LGA,NK,6.0,70.0
2025,1,MCO,LGA,NK,6.0,70.0
2025,1,MCO,LGA,NK,6.0,73.0
2025,1,MCO,LGA,NK,6.0,83.0
2025,1,MCO,LGA,NK,6.0,84.0
2025,1,MCO,LGA,NK,6.0,85.5
2025,1,MCO,LGA,NK,6.0,100.0
2025,1,MCO,LGA,NK,6.0,115.0
2025,1,MCO,LGA,NK,6.0,131.0
2025,1,MCO,LGA,NK,6.0,139.0
2025,1,MCO,LGA,NK,6.0,153.0
2025,1,MCO,LGA,NK,6.0,177.0
2025,1,MCO,LGA,NK,6.0,180.0
2025,1,MCO,LGA,NK,7.0,32.5
2025,1,MCO,LGA,NK,7.0,37.0
2025,1,MCO,LGA,NK,7.0,39.5
2025,1,MCO,LGA,NK,7.0,50.0
2025,1,MCO,LGA,NK,7.0,52.0
2025,1,MCO,LGA,NK,7.0,52.0
2025,1,MCO,LGA,NK,7.0,59.0
2025,1,MCO,LGA,NK,7.0,59.5
2025,1,MCO,LGA,NK,7.0,72.0
2025,1,MCO,LGA,NK,7.0,88.0
2025,1,MCO,LGA,NK,7.0,127.0
2025,1,MCO,LGA,NK,7.0,135.0
2025,1,MCO,LGA,NK,7.0,154.0
2025,1,MCO,LGA,NK,7.0,159.0
2025,1,MCO,LGA,NK,7.0,223.0
2025,1,MCO,LGA,NK,7.0,224.0
2025,1,MCO,LGA,NK,8.0,5.5
2025,1,MCO,LGA,NK,8.0,30.0
2025,1,MCO,LGA,NK,8.0,31.5
2025,1,MCO,LGA,NK,8.0,33.0
2025,1,MCO,LGA,NK,8.0,46.0
2025,1,MCO,LGA,NK,8.0,55.0
2025,1,MCO,LGA,NK,8.0,59.0
2025,1,MCO,LGA,NK,8.0,60.0
2025,1,MCO,LGA,NK,8.0,60.0
2025,1,MCO,LGA,NK,8.0,67.0
2025,1,MCO,LGA,NK,8.0,67.5
2025,1,MCO,LGA,NK,8.0,72.0
2025,1,MCO,LGA,NK,8.0,76.0
2025,1,MCO,LGA,NK,8.0,77.0
2025,1,MCO,LGA,NK,8.0,106.0
2025,1,MCO,LGA,NK,8.0,114.0
2025,1,MCO,LGA,NK,9.0,28.5
2025,1,MCO,LGA,NK,9.0,32.0
2025,1,MCO,LGA,NK,9.0,39.0
2025,1,MCO,LGA,NK,9.0,48.0
2025,1,MCO,LGA,NK,9.0,54.0
2025,1,MCO,LGA,NK,9.0,55.0
2025,1,MCO,LGA,NK,9.0,56.0
2025,1,MCO,LGA,NK,9.0,68.0
2025,1,MCO,LGA,NK,9.0,75.0
2025,1,MCO,LGA,NK,9.0,78.0
2025,1,MCO,LGA,NK,9.0,80.0
2025,1,MCO,LGA,NK,9.0,85.5
2025,1,MCO,LGA,NK,9.0,90.0
2025,1,MCO,LGA,NK,9.0,111.0
2025,1,MCO,LGA,NK,9.0,140.0
2025,1,MCO,LGA,NK,10.0,26.5
2025,1,MCO,LGA,NK,10.0,28.5
2025,1,MCO,LGA,NK,10.0,31.0
2025,1,MCO,LGA,NK,10.0,31.5
2025,1,MCO,LGA,NK,10.0,39.5
2025,1,MCO,LGA,NK,10.0,43.0
2025,1,MCO,LGA,NK,10.0,51.0
2025,1,MCO,LGA,NK,10.0,55.0
2025,1,MCO,LGA,NK,10.0,65.5
2025,1,MCO,LGA,NK,10.0,95.0
2025,1,MCO,LGA,NK,10.0,109.0
2025,1,MCO,LGA,NK,10.0,155.0
2025,1,MCO,LGA,NK,11.0,25.0
2025,1,MCO,LGA,NK,11.0,41.0
2025,1,MCO,LGA,NK,11.0,43.0
2025,1,MCO,LGA,NK,11.0,82.0
2025,1,MCO,LGA,NK,11.0,175.0
2025,1,MCO,LGA,NK,12.0,25.0
2025,1,MCO,LGA,NK,12.0,32.0
2025,1,MCO,LGA,NK,12.0,38.5
2025,1,MCO,LGA,NK,12.0,41.0
2025,1,MCO,LGA,NK,12.0,49.0
2025,1,MCO,LGA,NK,12.0,59.5
2025,1,MCO,LGA,NK,12.0,64.0
2025,1,MCO,LGA,NK,12.0,68.0
2025,1,MCO,LGA,NK,12.0,98.0
2025,1,MCO,LGA,NK,13.0,40.0
2025,1,MCO,LGA,NK,13.0,42.0
2025,1,MCO,LGA,NK,13.0,42.0
2025,1,MCO,LGA,NK,13.0,58.0
2025,1,MCO,LGA,NK,13.0,79.0
2025,1,MCO,LGA,NK,13.0,94.0
2025,1,MCO,LGA,NK,13.0,98.0
2025,1,MCO,LGA,NK,13.0,128.0
2025,1,MCO,LGA,NK,14.0,31.0
2025,1,MCO,LGA,NK,14.0,43.0
2025,1,MCO,LGA,NK,14.0,45.0
2025,1,MCO,LGA,NK,14.0,78.0
2025,1,MCO,LGA,NK,14.0,92.0
2025,1,MCO,LGA,NK,15.0,19.0
2025,1,MCO,LGA,NK,15.0,44.0
2025,1,MCO,LGA,NK,15.0,49.0
2025,1,MCO,LGA,NK,15.0,113.0
2025,1,MCO,LGA,NK,16.0,44.0
2025,1,MCO,LGA,NK,16.0,48.0
2025,1,MCO,LGA,NK,16.0,58.0
2025,1,MCO,LGA,NK,16.0,65.5
2025,1,MCO,LGA,NK,16.0,205.0
2025,1,MCO,LGA,NK,17.0,42.0
2025,1,MCO,LGA,NK,17.0,54.0
2025,1,MCO,LGA,NK,18.0,39.0
2025,1,MCO,LGA,NK,18.0,48.0
2025,1,MCO,LGA,NK,20.0,48.5
2025,1,MCO,LGA,NK,20.0,138.0
2025,1,MCO,LGA,NK,20.0,160.0
2025,1,MCO,LGA,NK,21.0,5.5
2025,1,MCO,LGA,NK,21.0,39.0
2025,1,MCO,LGA,NK,21.0,58.0
2025,1,MCO,LGA,NK,22.0,38.0
2025,1,MCO,LGA,NK,24.0,28.0
2025,1,MCO,LGA,NK,24.0,56.0
2025,1,MCO,LGA,NK,25.0,40.0
2025,1,MCO,LGA,NK,25.0,41.0
2025,1,MCO,LGA,NK,26.0,38.0
2025,1,MCO,LGA,NK,27.0,6.0
2025,1,MCO,LGA,NK,27.0,47.0
2025,1,MCO,LGA,NK,28.0,26.0
2025,1,MCO,LGA,NK,29.0,78.0
2025,1,MCO,LGA,NK,31.0,118.0
2025,1,MCO,LGA,NK,32.0,49.0
2025,1,MCO,LGA,NK,34.0,47.0
2025,1,MCO,LGA,NK,36.0,53.0
2025,1,MCO,LGA,NK,40.0,40.0
2025,1,MCO,LGA,NK,41.0,53.0
2025,1,MCO,LGA,NK,44.0,38.5
2025,1,MCO,LGA,NK,46.0,25.0
2025,1,MCO,LGA,NK,69.0,53.0
2025,1,MCO,LGA,NK,119.0,38.0
2025,1,MCO,ORD,NK,1.0,16.0
2025,1,MCO,ORD,NK,1.0,18.0
2025,1,MCO,ORD,NK,1.0,19.0
2025,1,MCO,ORD,NK,1.0,21.0
2025,1,MCO,ORD,NK,1.0,21.51
2025,1,MCO,ORD,NK,1.0,23.0
2025,1,MCO,ORD,NK,1.0,23.42
2025,1,MCO,ORD,NK,1.0,26.0
2025,1,MCO,ORD,NK,1.0,26.0
2025,1,MCO,ORD,NK,1.0,28.0
2025,1,MCO,ORD,NK,1.0,28.5
2025,1,MCO,ORD,NK,1.0,30.0
2025,1,MCO,ORD,NK,1.0,30.0
2025,1,MCO,ORD,NK,1.0,30.5
2025,1,MCO,ORD,NK,1.0,31.0
2025,1,MCO,ORD,NK,1.0,32.5
2025,1,MCO,ORD,NK,1.0,33.93
2025,1,MCO,ORD,NK,1.0,35.5
2025,1,MCO,ORD,NK,1.0,35.7
2025,1,MCO,ORD,NK,1.0,35.88
2025,1,MCO,ORD,NK,1.0,36.0
2025,1,MCO,ORD,NK,1.0,38.0
2025,1,MCO,ORD,NK,1.0,39.0
2025,1,MCO,ORD,NK,1.0,39.5
2025,1,MCO,ORD,NK,1.0,39.69
2025,1,MCO,ORD,NK,1.0,39.82
2025,1,MCO,ORD,NK,1.0,40.0
2025,1,MCO,ORD,NK,1.0,41.13
2025,1,MCO,ORD,NK,1.0,43.0
2025,1,MCO,ORD,NK,1.0,43.74
2025,1,MCO,ORD,NK,1.0,43.74
2025,1,MCO,ORD,NK,1.0,44.02
2025,1,MCO,ORD,NK,1.0,44.5
2025,1,MCO,ORD,NK,1.0,45.24
2025,1,MCO,ORD,NK,1.0,45.5
2025,1,MCO,ORD,NK,1.0,46.34
2025,1,MCO,ORD,NK,1.0,46.58
2025,1,MCO,ORD,NK,1.0,47.0
2025,1,MCO,ORD,NK,1.0,47.48
2025,1,MCO,ORD,NK,1.0,47.5
2025,1,MCO,ORD,NK,1.0,47.5
2025,1,MCO,ORD,NK,1.0,48.98
2025,1,MCO,ORD,NK,1.0,49.16
2025,1,MCO,ORD,NK,1.0,49.46
2025,1,MCO,ORD,NK,1.0,52.0
2025,1,MCO,ORD,NK,1.0,52.5
2025,1,MCO,ORD,NK,1.0,53.0
2025,1,MCO,ORD,NK,1.0,53.28
2025,1,MCO,ORD,NK,1.0,53.28
2025,1,MCO,ORD,NK,1.0,53.5
2025,1,MCO,ORD,NK,1.0,53.5
2025,1,MCO,ORD,NK,1.0,53.68
2025,1,MCO,ORD,NK,1.0,54.0
2025,1,MCO,ORD,NK,1.0,54.0
2025,1,MCO,ORD,NK,1.0,54.5
2025,1,MCO,ORD,NK,1.0,54.59
2025,1,MCO,ORD,NK,1.0,54.61
2025,1,MCO,ORD,NK,1.0,55.5
2025,1,MCO,ORD,NK,1.0,56.0
2025,1,MCO,ORD,NK,1.0,56.0
2025,1,MCO,ORD,NK,1.0,56.46
2025,1,MCO,ORD,NK,1.0,56.5
2025,1,MCO,ORD,NK,1.0,57.0
2025,1,MCO,ORD,NK,1.0,57.5
2025,1,MCO,ORD,NK,1.0,57.5
2025,1,MCO,ORD,NK,1.0,58.0
2025,1,MCO,ORD,NK,1.0,59.5
2025,1,MCO,ORD,NK,1.0,60.0
2025,1,MCO,ORD,NK,1.0,61.0
2025,1,MCO,ORD,NK,1.0,61.5
2025,1,MCO,ORD,NK,1.0,62.0
2025,1,MCO,ORD,NK,1.0,62.5
2025,1,MCO,ORD,NK,1.0,63.5
2025,1,MCO,ORD,NK,1.0,64.78
2025,1,MCO,ORD,NK,1.0,66.0
2025,1,MCO,ORD,NK,1.0,66.0
2025,1,MCO,ORD,NK,1.0,67.0
2025,1,MCO,ORD,NK,1.0,67.62
2025,1,MCO,ORD,NK,1.0,67.73
2025,1,MCO,ORD,NK,1.0,67.83
2025,1,MCO,ORD,NK,1.0,68.0
2025,1,MCO,ORD,NK,1.0,68.45
2025,1,MCO,ORD,NK,1.0,69.0
2025,1,MCO,ORD,NK,1.0,70.0
2025,1,MCO,ORD,NK,1.0,70.5
2025,1,MCO,ORD,NK,1.0,71.0
2025,1,MCO,ORD,NK,1.0,72.0
2025,1,MCO,ORD,NK,1.0,72.5
2025,1,MCO,ORD,NK,1.0,72.75
2025,1,MCO,ORD,NK,1.0,73.0
2025,1,MCO,ORD,NK,1.0,73.24
2025,1,MCO,ORD,NK,1.0,74.0
2025,1,MCO,ORD,NK,1.0,74.5
2025,1,MCO,ORD,NK,1.0,74.51
2025,1,MCO,ORD,NK,1.0,75.3
2025,1,MCO,ORD,NK,1.0,75.5
2025,1,MCO,ORD,NK,1.0,75.76
2025,1,MCO,ORD,NK,1.0,76.0
2025,1,MCO,ORD,NK,1.0,76.89
2025,1,MCO,ORD,NK,1.0,77.5
2025,1,MCO,ORD,NK,1.0,77.5
2025,1,MCO,ORD,NK,1.0,78.0
2025,1,MCO,ORD,NK,1.0,78.0
2025,1,MCO,ORD,NK,1.0,78.79
2025,1,MCO,ORD,NK,1.0,79.0
2025,1,MCO,ORD,NK,1.0,79.5
2025,1,MCO,ORD,NK,1.0,79.5
2025,1,MCO,ORD,NK,1.0,80.0
2025,1,MCO,ORD,NK,1.0,82.0
2025,1,MCO,ORD,NK,1.0,82.02
2025,1,MCO,ORD,NK,1.0,82.57
2025,1,MCO,ORD,NK,1.0,83.5
2025,1,MCO,ORD,NK,1.0,83.5
2025,1,MCO,ORD,NK,1.0,84.0
2025,1,MCO,ORD,NK,1.0,84.5
2025,1,MCO,ORD,NK,1.0,84.83
2025,1,MCO,ORD,NK,1.0,85.0
2025,1,MCO,ORD,NK,1.0,85.0
2025,1,MCO,ORD,NK,1.0,85.0
2025,1,MCO,ORD,NK,1.0,85.5
2025,1,MCO,ORD,NK,1.0,85.99
2025,1,MCO,ORD,NK,1.0,87.0
2025,1,MCO,ORD,NK,1.0,87.96
2025,1,MCO,ORD,NK,1.0,88.5
2025,1,MCO,ORD,NK,1.0,89.0
2025,1,MCO,ORD,NK,1.0,89.0
2025,1,MCO,ORD,NK,1.0,90.92
2025,1,MCO,ORD,NK,1.0,91.0
2025,1,MCO,ORD,NK,1.0,91.0
2025,1,MCO,ORD,NK,1.0,91.0
2025,1,MCO,ORD,NK,1.0,92.0
2025,1,MCO,ORD,NK,1.0,92.0
2025,1,MCO,ORD,NK,1.0,92.5
2025,1,MCO,ORD,NK,1.0,93.0
2025,1,MCO,ORD,NK,1.0,94.0
2025,1,MCO,ORD,NK,1.0,94.5
2025,1,MCO,ORD,NK,1.0,94.77
2025,1,MCO,ORD,NK,1.0,95.0
2025,1,MCO,ORD,NK,1.0,96.0
2025,1,MCO,ORD,NK,1.0,97.0
2025,1,MCO,ORD,NK,1.0,97.5
2025,1,MCO,ORD,NK,1.0,97.5
2025,1,MCO,ORD,NK,1.0,98.0
2025,1,MCO,ORD,NK,1.0,98.0
2025,1,MCO,ORD,NK,1.0,99.0
2025,1,MCO,ORD,NK,1.0,99.0
2025,1,MCO,ORD,NK,1.0,100.0
2025,1,MCO,ORD,NK,1.0,100.0
2025,1,MCO,ORD,NK,1.0,100.03
2025,1,MCO,ORD,NK,1.0,100.78
2025,1,MCO,ORD,NK,1.0,101.0
2025,1,MCO,ORD,NK,1.0,101.0
2025,1,MCO,ORD,NK,1.0,101.63
2025,1,MCO,ORD,NK,1.0,102.0
2025,1,MCO,ORD,NK,1.0,102.5
2025,1,MCO,ORD,NK,1.0,102.88
2025,1,MCO,ORD,NK,1.0,103.0
2025,1,MCO,ORD,NK,1.0,104.0
2025,1,MCO,ORD,NK,1.0,104.0
2025,1,MCO,ORD,NK,1.0,104.5
2025,1,MCO,ORD,NK,1.0,105.0
2025,1,MCO,ORD,NK,1.0,105.02
2025,1,MCO,ORD,NK,1.0,105.5
2025,1,MCO,ORD,NK,1.0,106.71
2025,1,MCO,ORD,NK,1.0,107.69
2025,1,MCO,ORD,NK,1.0,109.45
2025,1,MCO,ORD,NK,1.0,109.5
2025,1,MCO,ORD,NK,1.0,110.5
2025,1,MCO,ORD,NK,1.0,111.04
2025,1,MCO,ORD,NK,1.0,112.0
2025,1,MCO,ORD,NK,1.0,112.07
2025,1,MCO,ORD,NK,1.0,112.5
2025,1,MCO,ORD,NK,1.0,112.5
2025,1,MCO,ORD,NK,1.0,113.5
2025,1,MCO,ORD,NK,1.0,114.1
2025,1,MCO,ORD,NK,1.0,114.5
2025,1,MCO,ORD,NK,1.0,118.0
2025,1,MCO,ORD,NK,1.0,118.0
2025,1,MCO,ORD,NK,1.0,118.5
2025,1,MCO,ORD,NK,1.0,119.0
2025,1,MCO,ORD,NK,1.0,119.5
2025,1,MCO,ORD,NK,1.0,120.0
2025,1,MCO,ORD,NK,1.0,121.0
2025,1,MCO,ORD,NK,1.0,121.0
2025,1,MCO,ORD,NK,1.0,122.67
2025,1,MCO,ORD,NK,1.0,123.0
2025,1,MCO,ORD,NK,1.0,123.0
2025,1,MCO,ORD,NK,1.0,123.1
2025,1,MCO,ORD,NK,1.0,124.5
2025,1,MCO,ORD,NK,1.0,125.63
2025,1,MCO,ORD,NK,1.0,126.48
2025,1,MCO,ORD,NK,1.0,127.0
2025,1,MCO,ORD,NK,1.0,127.5
2025,1,MCO,ORD,NK,1.0,128.0
2025,1,MCO,ORD,NK,1.0,129.0
2025,1,MCO,ORD,NK,1.0,130.61
2025,1,MCO,ORD,NK,1.0,131.0
2025,1,MCO,ORD,NK,1.0,132.0
2025,1,MCO,ORD,NK,1.0,132.5
2025,1,MCO,ORD,NK,1.0,132.5
2025,1,MCO,ORD,NK,1.0,133.0
2025,1,MCO,ORD,NK,1.0,133.0
2025,1,MCO,ORD,NK,1.0,133.0
2025,1,MCO,ORD,NK,1.0,133.13
2025,1,MCO,ORD,NK,1.0,133.77
2025,1,MCO,ORD,NK,1.0,134.5
2025,1,MCO,ORD,NK,1.0,135.0
2025,1,MCO,ORD,NK,1.0,135.5
2025,1,MCO,ORD,NK,1.0,136.0
2025,1,MCO,ORD,NK,1.0,136.0
2025,1,MCO,ORD,NK,1.0,136.5
2025,1,MCO,ORD,NK,1.0,137.0
2025,1,MCO,ORD,NK,1.0,137.0
2025,1,MCO,ORD,NK,1.0,137.0
2025,1,MCO,ORD,NK,1.0,140.0
2025,1,MCO,ORD,NK,1.0,141.0
2025,1,MCO,ORD,NK,1.0,141.5
2025,1,MCO,ORD,NK,1.0,142.5
2025,1,MCO,ORD,NK,1.0,143.14
2025,1,MCO,ORD,NK,1.0,143.5
2025,1,MCO,ORD,NK,1.0,145.5
2025,1,MCO,ORD,NK,1.0,145.78
2025,1,MCO,ORD,NK,1.0,146.87
2025,1,MCO,ORD,NK,1.0,147.08
2025,1,MCO,ORD,NK,1.0,148.0
2025,1,MCO,ORD,NK,1.0,148.5
2025,1,MCO,ORD,NK,1.0,148.5
2025,1,MCO,ORD,NK,1.0,149.0
2025,1,MCO,ORD,NK,1.0,149.5
2025,1,MCO,ORD,NK,1.0,150.0
2025,1,MCO,ORD,NK,1.0,150.0
2025,1,MCO,ORD,NK,1.0,151.0
2025,1,MCO,ORD,NK,1.0,151.0
2025,1,MCO,ORD,NK,1.0,152.0
2025,1,MCO,ORD,NK,1.0,153.0
2025,1,MCO,ORD,NK,1.0,153.0
2025,1,MCO,ORD,NK,1.0,153.0
2025,1,MCO,ORD,NK,1.0,153.29
2025,1,MCO,ORD,NK,1.0,153.5
2025,1,MCO,ORD,NK,1.0,154.0
2025,1,MCO,ORD,NK,1.0,154.5
2025,1,MCO,ORD,NK,1.0,156.0
2025,1,MCO,ORD,NK,1.0,156.5
2025,1,MCO,ORD,NK,1.0,157.0
2025,1,MCO,ORD,NK,1.0,157.5
2025,1,MCO,ORD,NK,1.0,158.0
2025,1,MCO,ORD,NK,1.0,158.0
2025,1,MCO,ORD,NK,1.0,158.5
2025,1,MCO,ORD,NK,1.0,159.0
2025,1,MCO,ORD,NK,1.0,159.0
2025,1,MCO,ORD,NK,1.0,159.11
2025,1,MCO,ORD,NK,1.0,159.56
2025,1,MCO,ORD,NK,1.0,161.0
2025,1,MCO,ORD,NK,1.0,161.54
2025,1,MCO,ORD,NK,1.0,162.0
2025,1,MCO,ORD,NK,1.0,163.0
2025,1,MCO,ORD,NK,1.0,163.0
2025,1,MCO,ORD,NK,1.0,163.76
2025,1,MCO,ORD,NK,1.0,165.0
2025,1,MCO,ORD,NK,1.0,166.0
2025,1,MCO,ORD,NK,1.0,166.0
2025,1,MCO,ORD,NK,1.0,167.0
2025,1,MCO,ORD,NK,1.0,167.5
2025,1,MCO,ORD,NK,1.0,168.0
2025,1,MCO,ORD,NK,1.0,171.0
2025,1,MCO,ORD,NK,1.0,171.0
2025,1,MCO,ORD,NK,1.0,172.0
2025,1,MCO,ORD,NK,1.0,173.0
2025,1,MCO,ORD,NK,1.0,173.35
2025,1,MCO,ORD,NK,1.0,173.81
2025,1,MCO,ORD,NK,1.0,175.0
2025,1,MCO,ORD,NK,1.0,175.5
2025,1,MCO,ORD,NK,1.0,176.0
2025,1,MCO,ORD,NK,1.0,176.0
2025,1,MCO,ORD,NK,1.0,176.81
2025,1,MCO,ORD,NK,1.0,177.0
2025,1,MCO,ORD,NK,1.0,177.5
2025,1,MCO,ORD,NK,1.0,178.0
2025,1,MCO,ORD,NK,1.0,179.0
2025,1,MCO,ORD,NK,1.0,179.0
2025,1,MCO,ORD,NK,1.0,179.5
2025,1,MCO,ORD,NK,1.0,180.0
2025,1,MCO,ORD,NK,1.0,180.5
2025,1,MCO,ORD,NK,1.0,181.0
2025,1,MCO,ORD,NK,1.0,182.5
2025,1,MCO,ORD,NK,1.0,184.0
2025,1,MCO,ORD,NK,1.0,185.0
2025,1,MCO,ORD,NK,1.0,185.0
2025,1,MCO,ORD,NK,1.0,185.41
2025,1,MCO,ORD,NK,1.0,185.44
2025,1,MCO,ORD,NK,1.0,186.0
2025,1,MCO,ORD,NK,1.0,187.5
2025,1,MCO,ORD,NK,1.0,188.0
2025,1,MCO,ORD,NK,1.0,188.0
2025,1,MCO,ORD,NK,1.0,188.5
2025,1,MCO,ORD,NK,1.0,190.0
2025,1,MCO,ORD,NK,1.0,191.0
2025,1,MCO,ORD,NK,1.0,192.0
2025,1,MCO,ORD,NK,1.0,193.0
2025,1,MCO,ORD,NK,1.0,193.0
2025,1,MCO,ORD,NK,1.0,193.0
2025,1,MCO,ORD,NK,1.0,195.0
2025,1,MCO,ORD,NK,1.0,195.0
2025,1,MCO,ORD,NK,1.0,195.5
2025,1,MCO,ORD,NK,1.0,196.0
2025,1,MCO,ORD,NK,1.0,196.0
2025,1,MCO,ORD,NK,1.0,198.0
2025,1,MCO,ORD,NK,1.0,198.0
2025,1,MCO,ORD,NK,1.0,198.0
2025,1,MCO,ORD,NK,1.0,200.52
2025,1,MCO,ORD,NK,1.0,202.0
2025,1,MCO,ORD,NK,1.0,202.41
2025,1,MCO,ORD,NK,1.0,203.49
2025,1,MCO,ORD,NK,1.0,204.0
2025,1,MCO,ORD,NK,1.0,204.0
2025,1,MCO,ORD,NK,1.0,205.0
2025,1,MCO,ORD,NK,1.0,207.0
2025,1,MCO,ORD,NK,1.0,207.0
2025,1,MCO,ORD,NK,1.0,207.5
2025,1,MCO,ORD,NK,1.0,208.0
2025,1,MCO,ORD,NK,1.0,210.0
2025,1,MCO,ORD,NK,1.0,211.5
2025,1,MCO,ORD,NK,1.0,212.0
2025,1,MCO,ORD,NK,1.0,212.5
2025,1,MCO,ORD,NK,1.0,214.0
2025,1,MCO,ORD,NK,1.0,215.0
2025,1,MCO,ORD,NK,1.0,215.0
2025,1,MCO,ORD,NK,1.0,216.5
2025,1,MCO,ORD,NK,1.0,218.0
2025,1,MCO,ORD,NK,1.0,218.0
2025,1,MCO,ORD,NK,1.0,219.5
2025,1,MCO,ORD,NK,1.0,221.0
2025,1,MCO,ORD,NK,1.0,221.0
2025,1,MCO,ORD,NK,1.0,222.0
2025,1,MCO,ORD,NK,1.0,222.0
2025,1,MCO,ORD,NK,1.0,223.0
2025,1,MCO,ORD,NK,1.0,223.5
2025,1,MCO,ORD,NK,1.0,224.7
2025,1,MCO,ORD,NK,1.0,225.0
2025,1,MCO,ORD,NK,1.0,226.03
2025,1,MCO,ORD,NK,1.0,226.58
2025,1,MCO,ORD,NK,1.0,228.5
2025,1,MCO,ORD,NK,1.0,229.0
2025,1,MCO,ORD,NK,1.0,229.0
2025,1,MCO,ORD,NK,1.0,230.0
2025,1,MCO,ORD,NK,1.0,231.5
2025,1,MCO,ORD,NK,1.0,233.0
2025,1,MCO,ORD,NK,1.0,233.0
2025,1,MCO,ORD,NK,1.0,234.0
2025,1,MCO,ORD,NK,1.0,234.5
2025,1,MCO,ORD,NK,1.0,234.52
2025,1,MCO,ORD,NK,1.0,235.0
2025,1,MCO,ORD,NK,1.0,235.55
2025,1,MCO,ORD,NK,1.0,237.0
2025,1,MCO,ORD,NK,1.0,237.5
2025,1,MCO,ORD,NK,1.0,238.5
2025,1,MCO,ORD,NK,1.0,240.0
2025,1,MCO,ORD,NK,1.0,241.0
2025,1,MCO,ORD,NK,1.0,242.0
2025,1,MCO,ORD,NK,1.0,242.0
2025,1,MCO,ORD,NK,1.0,242.5
2025,1,MCO,ORD,NK,1.0,243.0
2025,1,MCO,ORD,NK,1.0,243.46
2025,1,MCO,ORD,NK,1.0,244.0
2025,1,MCO,ORD,NK,1.0,244.0
2025,1,MCO,ORD,NK,1.0,244.19
2025,1,MCO,ORD,NK,1.0,244.5
2025,1,MCO,ORD,NK,1.0,244.81
2025,1,MCO,ORD,NK,1.0,245.0
2025,1,MCO,ORD,NK,1.0,245.44
2025,1,MCO,ORD,NK,1.0,246.0
2025,1,MCO,ORD,NK,1.0,248.0
2025,1,MCO,ORD,NK,1.0,248.98
2025,1,MCO,ORD,NK,1.0,254.0
2025,1,MCO,ORD,NK,1.0,254.67
2025,1,MCO,ORD,NK,1.0,255.0
2025,1,MCO,ORD,NK,1.0,256.5
2025,1,MCO,ORD,NK,1.0,257.0
2025,1,MCO,ORD,NK,1.0,257.0
2025,1,MCO,ORD,NK,1.0,260.0
2025,1,MCO,ORD,NK,1.0,260.0
2025,1,MCO,ORD,NK,1.0,260.87
2025,1,MCO,ORD,NK,1.0,261.5
2025,1,MCO,ORD,NK,1.0,262.0
2025,1,MCO,ORD,NK,1.0,263.0
2025,1,MCO,ORD,NK,1.0,267.74
2025,1,MCO,ORD,NK,1.0,268.0
2025,1,MCO,ORD,NK,1.0,270.0
2025,1,MCO,ORD,NK,1.0,272.22
2025,1,MCO,ORD,NK,1.0,273.0
2025,1,MCO,ORD,NK,1.0,273.5
2025,1,MCO,ORD,NK,1.0,276.0
2025,1,MCO,ORD,NK,1.0,281.0
2025,1,MCO,ORD,NK,1.0,281.0
2025,1,MCO,ORD,NK,1.0,282.0
2025,1,MCO,ORD,NK,1.0,282.0
2025,1,MCO,ORD,NK,1.0,285.5
2025,1,MCO,ORD,NK,1.0,292.0
2025,1,MCO,ORD,NK,1.0,297.0
2025,1,MCO,ORD,NK,1.0,300.0
2025,1,MCO,ORD,NK,1.0,302.0
2025,1,MCO,ORD,NK,1.0,306.0
2025,1,MCO,ORD,NK,1.0,306.5
2025,1,MCO,ORD,NK,1.0,309.0
2025,1,MCO,ORD,NK,1.0,309.5
2025,1,MCO,ORD,NK,1.0,311.5
2025,1,MCO,ORD,NK,1.0,315.0
2025,1,MCO,ORD,NK,1.0,315.0
2025,1,MCO,ORD,NK,1.0,323.08
2025,1,MCO,ORD,NK,1.0,324.0
2025,1,MCO,ORD,NK,1.0,325.0
2025,1,MCO,ORD,NK,1.0,329.0
2025,1,MCO,ORD,NK,1.0,329.0
2025,1,MCO,ORD,NK,1.0,330.0
2025,1,MCO,ORD,NK,1.0,331.0
2025,1,MCO,ORD,NK,1.0,331.0
2025,1,MCO,ORD,NK,1.0,340.0
2025,1,MCO,ORD,NK,1.0,345.0
2025,1,MCO,ORD,NK,1.0,347.0
2025,1,MCO,ORD,NK,1.0,348.5
2025,1,MCO,ORD,NK,1.0,352.0
2025,1,MCO,ORD,NK,1.0,354.5
2025,1,MCO,ORD,NK,1.0,357.5
2025,1,MCO,ORD,NK,1.0,359.0
2025,1,MCO,ORD,NK,1.0,364.0
2025,1,MCO,ORD,NK,1.0,366.0
2025,1,MCO,ORD,NK,1.0,370.0
2025,1,MCO,ORD,NK,1.0,371.26
2025,1,MCO,ORD,NK,1.0,375.0
2025,1,MCO,ORD,NK,1.0,379.0
2025,1,MCO,ORD,NK,1.0,382.0
2025,1,MCO,ORD,NK,1.0,382.5
2025,1,MCO,ORD,NK,1.0,391.5
2025,1,MCO,ORD,NK,1.0,392.0
2025,1,MCO,ORD,NK,1.0,395.0
2025,1,MCO,ORD,NK,1.0,401.34
2025,1,MCO,ORD,NK,1.0,404.0
2025,1,MCO,ORD,NK,1.0,428.0
2025,1,MCO,ORD,NK,1.0,440.0
2025,1,MCO,ORD,NK,1.0,451.0
2025,1,MCO,ORD,NK,1.0,471.0
2025,1,MCO,ORD,NK,1.0,474.5
2025,1,MCO,ORD,NK,1.0,482.0
2025,1,MCO,ORD,NK,1.0,494.0
2025,1,MCO,ORD,NK,1.0,519.0
2025,1,MCO,ORD,NK,1.0,522.0
2025,1,MCO,ORD,NK,1.0,537.0
2025,1,MCO,ORD,NK,2.0,25.0
2025,1,MCO,ORD,NK,2.0,31.0
2025,1,MCO,ORD,NK,2.0,31.5
2025,1,MCO,ORD,NK,2.0,32.0
2025,1,MCO,ORD,NK,2.0,36.97
2025,1,MCO,ORD,NK,2.0,38.0
2025,1,MCO,ORD,NK,2.0,39.0
2025,1,MCO,ORD,NK,2.0,44.0
2025,1,MCO,ORD,NK,2.0,47.0
2025,1,MCO,ORD,NK,2.0,49.0
2025,1,MCO,ORD,NK,2.0,51.0
2025,1,MCO,ORD,NK,2.0,55.0
2025,1,MCO,ORD,NK,2.0,55.0
2025,1,MCO,ORD,NK,2.0,56.0
2025,1,MCO,ORD,NK,2.0,57.0
2025,1,MCO,ORD,NK,2.0,60.0
2025,1,MCO,ORD,NK,2.0,63.0
2025,1,MCO,ORD,NK,2.0,64.0
2025,1,MCO,ORD,NK,2.0,65.0
2025,1,MCO,ORD,NK,2.0,66.5
2025,1,MCO,ORD,NK,2.0,69.5
2025,1,MCO,ORD,NK,2.0,71.0
2025,1,MCO,ORD,NK,2.0,71.0
2025,1,MCO,ORD,NK,2.0,71.5
2025,1,MCO,ORD,NK,2.0,72.5
2025,1,MCO,ORD,NK,2.0,73.5
2025,1,MCO,ORD,NK,2.0,79.0
2025,1,MCO,ORD,NK,2.0,80.5
2025,1,MCO,ORD,NK,2.0,81.0
2025,1,MCO,ORD,NK,2.0,82.5
2025,1,MCO,ORD,NK,2.0,83.0
2025,1,MCO,ORD,NK,2.0,86.0
2025,1,MCO,ORD,NK,2.0,86.5
2025,1,MCO,ORD,NK,2.0,87.5
2025,1,MCO,ORD,NK,2.0,88.0
2025,1,MCO,ORD,NK,2.0,90.0
2025,1,MCO,ORD,NK,2.0,92.0
2025,1,MCO,ORD,NK,2.0,93.5
2025,1,MCO,ORD,NK,2.0,96.0
2025,1,MCO,ORD,NK,2.0,98.5
2025,1,MCO,ORD,NK,2.0,100.5
2025,1,MCO,ORD,NK,2.0,102.0
2025,1,MCO,ORD,NK,2.0,103.5
2025,1,MCO,ORD,NK,2.0,106.5
2025,1,MCO,ORD,NK,2.0,107.0
2025,1,MCO,ORD,NK,2.0,107.5
2025,1,MCO,ORD,NK,2.0,109.0
2025,1,MCO,ORD,NK,2.0,112.0
2025,1,MCO,ORD,NK,2.0,113.5
2025,1,MCO,ORD,NK,2.0,114.0
2025,1,MCO,ORD,NK,2.0,115.0
2025,1,MCO,ORD,NK,2.0,115.0
2025,1,MCO,ORD,NK,2.0,115.5
2025,1,MCO,ORD,NK,2.0,119.0
2025,1,MCO,ORD,NK,2.0,120.0
2025,1,MCO,ORD,NK,2.0,120.5
2025,1,MCO,ORD,NK,2.0,122.5
2025,1,MCO,ORD,NK,2.0,125.24
2025,1,MCO,ORD,NK,2.0,125.5
2025,1,MCO,ORD,NK,2.0,126.0
2025,1,MCO,ORD,NK,2.0,134.0
2025,1,MCO,ORD,NK,2.0,137.5
2025,1,MCO,ORD,NK,2.0,140.0
2025,1,MCO,ORD,NK,2.0,142.0
2025,1,MCO,ORD,NK,2.0,143.37
2025,1,MCO,ORD,NK,2.0,144.0
2025,1,MCO,ORD,NK,2.0,144.5
2025,1,MCO,ORD,NK,2.0,156.0
2025,1,MCO,ORD,NK,2.0,159.0
2025,1,MCO,ORD,NK,2.0,159.0
2025,1,MCO,ORD,NK,2.0,159.5
2025,1,MCO,ORD,NK,2.0,160.0
2025,1,MCO,ORD,NK,2.0,161.5
2025,1,MCO,ORD,NK,2.0,163.5
2025,1,MCO,ORD,NK,2.0,166.0
2025,1,MCO,ORD,NK,2.0,167.0
2025,1,MCO,ORD,NK,2.0,171.0
2025,1,MCO,ORD,NK,2.0,172.0
2025,1,MCO,ORD,NK,2.0,179.0
2025,1,MCO,ORD,NK,2.0,195.0
2025,1,MCO,ORD,NK,2.0,201.0
2025,1,MCO,ORD,NK,2.0,212.0
2025,1,MCO,ORD,NK,2.0,220.0
2025,1,MCO,ORD,NK,2.0,224.0
2025,1,MCO,ORD,NK,2.0,228.0
2025,1,MCO,ORD,NK,2.0,234.0
2025,1,MCO,ORD,NK,2.0,236.0
2025,1,MCO,ORD,NK,2.0,237.0
2025,1,MCO,ORD,NK,2.0,238.0
2025,1,MCO,ORD,NK,2.0,243.0
2025,1,MCO,ORD,NK,2.0,252.0
2025,1,MCO,ORD,NK,2.0,255.0
2025,1,MCO,ORD,NK,2.0,259.0
2025,1,MCO,ORD,NK,2.0,268.0
2025,1,MCO,ORD,NK,2.0,275.0
2025,1,MCO,ORD,NK,2.0,284.0
2025,1,MCO,ORD,NK,2.0,285.0
2025,1,MCO,ORD,NK,2.0,287.0
2025,1,MCO,ORD,NK,2.0,290.0
2025,1,MCO,ORD,NK,2.0,304.0
2025,1,MCO,ORD,NK,2.0,304.0
2025,1,MCO,ORD,NK,2.0,312.0
2025,1,MCO,ORD,NK,2.0,317.0
2025,1,MCO,ORD,NK,2.0,319.0
2025,1,MCO,ORD,NK,2.0,329.0
2025,1,MCO,ORD,NK,2.0,334.0
2025,1,MCO,ORD,NK,2.0,384.0
2025,1,MCO,ORD,NK,2.0,405.0
2025,1,MCO,ORD,NK,2.0,512.0
2025,1,MCO,ORD,NK,3.0,26.5
2025,1,MCO,ORD,NK,3.0,26.5
2025,1,MCO,ORD,NK,3.0,41.0
2025,1,MCO,ORD,NK,3.0,43.0
2025,1,MCO,ORD,NK,3.0,44.0
2025,1,MCO,ORD,NK,3.0,45.0
2025,1,MCO,ORD,NK,3.0,45.0
2025,1,MCO,ORD,NK,3.0,46.0
2025,1,MCO,ORD,NK,3.0,48.5
2025,1,MCO,ORD,NK,3.0,50.0
2025,1,MCO,ORD,NK,3.0,56.0
2025,1,MCO,ORD,NK,3.0,61.5
2025,1,MCO,ORD,NK,3.0,62.5
2025,1,MCO,ORD,NK,3.0,66.0
2025,1,MCO,ORD,NK,3.0,67.5
2025,1,MCO,ORD,NK,3.0,68.5
2025,1,MCO,ORD,NK,3.0,68.5
2025,1,MCO,ORD,NK,3.0,70.5
2025,1,MCO,ORD,NK,3.0,74.0
2025,1,MCO,ORD,NK,3.0,74.5
2025,1,MCO,ORD,NK,3.0,75.0
2025,1,MCO,ORD,NK,3.0,76.5
2025,1,MCO,ORD,NK,3.0,81.5
2025,1,MCO,ORD,NK,3.0,81.5
2025,1,MCO,ORD,NK,3.0,84.0
2025,1,MCO,ORD,NK,3.0,89.0
2025,1,MCO,ORD,NK,3.0,90.0
2025,1,MCO,ORD,NK,3.0,90.5
2025,1,MCO,ORD,NK,3.0,96.5
2025,1,MCO,ORD,NK,3.0,96.5
2025,1,MCO,ORD,NK,3.0,98.5
2025,1,MCO,ORD,NK,3.0,101.0
2025,1,MCO,ORD,NK,3.0,103.5
2025,1,MCO,ORD,NK,3.0,104.0
2025,1,MCO,ORD,NK,3.0,108.0
2025,1,MCO,ORD,NK,3.0,115.0
2025,1,MCO,ORD,NK,3.0,125.0
2025,1,MCO,ORD,NK,3.0,125.0
2025,1,MCO,ORD,NK,3.0,127.0
2025,1,MCO,ORD,NK,3.0,130.0
2025,1,MCO,ORD,NK,3.0,138.0
2025,1,MCO,ORD,NK,3.0,139.0
2025,1,MCO,ORD,NK,3.0,139.0
2025,1,MCO,ORD,NK,3.0,140.0
2025,1,MCO,ORD,NK,3.0,143.0
2025,1,MCO,ORD,NK,3.0,149.0
2025,1,MCO,ORD,NK,3.0,154.0
2025,1,MCO,ORD,NK,3.0,155.0
2025,1,MCO,ORD,NK,3.0,165.0
2025,1,MCO,ORD,NK,3.0,165.5
2025,1,MCO,ORD,NK,3.0,169.0
2025,1,MCO,ORD,NK,3.0,174.0
2025,1,MCO,ORD,NK,3.0,179.5
2025,1,MCO,ORD,NK,3.0,180.5
2025,1,MCO,ORD,NK,3.0,184.0
2025,1,MCO,ORD,NK,3.0,194.0
2025,1,MCO,ORD,NK,3.0,213.5
2025,1,MCO,ORD,NK,3.0,214.0
2025,1,MCO,ORD,NK,3.0,219.0
2025,1,MCO,ORD,NK,3.0,220.0
2025,1,MCO,ORD,NK,3.0,224.0
2025,1,MCO,ORD,NK,3.0,225.0
2025,1,MCO,ORD,NK,3.0,262.0
2025,1,MCO,ORD,NK,3.0,334.0
2025,1,MCO,ORD,NK,3.0,337.0
2025,1,MCO,ORD,NK,4.0,35.0
2025,1,MCO,ORD,NK,4.0,38.5
2025,1,MCO,ORD,NK,4.0,46.0
2025,1,MCO,ORD,NK,4.0,47.0
2025,1,MCO,ORD,NK,4.0,48.0
2025,1,MCO,ORD,NK,4.0,49.5
2025,1,MCO,ORD,NK,4.0,53.0
2025,1,MCO,ORD,NK,4.0,59.5
2025,1,MCO,ORD,NK,4.0,61.0
2025,1,MCO,ORD,NK,4.0,63.0
2025,1,MCO,ORD,NK,4.0,65.5
2025,1,MCO,ORD,NK,4.0,67.0
2025,1,MCO,ORD,NK,4.0,75.5
2025,1,MCO,ORD,NK,4.0,87.0
2025,1,MCO,ORD,NK,4.0,89.0
2025,1,MCO,ORD,NK,4.0,95.0
2025,1,MCO,ORD,NK,4.0,102.5
2025,1,MCO,ORD,NK,4.0,107.0
2025,1,MCO,ORD,NK,4.0,108.0
2025,1,MCO,ORD,NK,4.0,109.0
2025,1,MCO,ORD,NK,4.0,110.0
2025,1,MCO,ORD,NK,4.0,111.0
2025,1,MCO,ORD,NK,4.0,113.0
2025,1,MCO,ORD,NK,4.0,117.0
2025,1,MCO,ORD,NK,4.0,122.0
2025,1,MCO,ORD,NK,4.0,130.0
2025,1,MCO,ORD,NK,4.0,137.0
2025,1,MCO,ORD,NK,4.0,144.0
2025,1,MCO,ORD,NK,4.0,146.0
2025,1,MCO,ORD,NK,4.0,146.0
2025,1,MCO,ORD,NK,4.0,171.0
2025,1,MCO,ORD,NK,4.0,249.0
2025,1,MCO,ORD,NK,4.0,274.0
2025,1,MCO,ORD,NK,4.0,320.0
2025,1,MCO,ORD,NK,4.0,342.0
2025,1,MCO,ORD,NK,5.0,26.0
2025,1,MCO,ORD,NK,5.0,38.5
2025,1,MCO,ORD,NK,5.0,40.0
2025,1,MCO,ORD,NK,5.0,42.0
2025,1,MCO,ORD,NK,5.0,43.0
2025,1,MCO,ORD,NK,5.0,51.0
2025,1,MCO,ORD,NK,5.0,54.0
2025,1,MCO,ORD,NK,5.0,58.5
2025,1,MCO,ORD,NK,5.0,61.0
2025,1,MCO,ORD,NK,5.0,65.0
2025,1,MCO,ORD,NK,5.0,80.0
2025,1,MCO,ORD,NK,5.0,82.0
2025,1,MCO,ORD,NK,5.0,98.0
2025,1,MCO,ORD,NK,5.0,105.5
2025,1,MCO,ORD,NK,5.0,110.0
2025,1,MCO,ORD,NK,5.0,119.0
2025,1,MCO,ORD,NK,5.0,120.0
2025,1,MCO,ORD,NK,5.0,122.0
2025,1,MCO,ORD,NK,5.0,135.0
2025,1,MCO,ORD,NK,5.0,144.0
2025,1,MCO,ORD,NK,5.0,157.0
2025,1,MCO,ORD,NK,5.0,169.0
2025,1,MCO,ORD,NK,5.0,180.0
2025,1,MCO,ORD,NK,5.0,189.0
2025,1,MCO,ORD,NK,5.0,199.0
2025,1,MCO,ORD,NK,5.0,234.0
2025,1,MCO,ORD,NK,5.0,235.0
2025,1,MCO,ORD,NK,6.0,48.5
2025,1,MCO,ORD,NK,6.0,57.0
2025,1,MCO,ORD,NK,6.0,59.0
2025,1,MCO,ORD,NK,6.0,64.0
2025,1,MCO,ORD,NK,6.0,67.0
2025,1,MCO,ORD,NK,6.0,71.0
2025,1,MCO,ORD,NK,6.0,74.0
2025,1,MCO,ORD,NK,6.0,77.0
2025,1,MCO,ORD,NK,6.0,91.5
2025,1,MCO,ORD,NK,6.0,93.0
2025,1,MCO,ORD,NK,6.0,94.0
2025,1,MCO,ORD,NK,6.0,100.0
2025,1,MCO,ORD,NK,6.0,105.0
2025,1,MCO,ORD,NK,6.0,141.0
2025,1,MCO,ORD,NK,6.0,150.0
2025,1,MCO,ORD,NK,6.0,154.0
2025,1,MCO,ORD,NK,6.0,170.0
2025,1,MCO,ORD,NK,6.0,174.0
2025,1,MCO,ORD,NK,6.0,230.0
2025,1,MCO,ORD,NK,7.0,35.0
2025,1,MCO,ORD,NK,7.0,47.0
2025,1,MCO,ORD,NK,7.0,52.0
2025,1,MCO,ORD,NK,7.0,56.0
2025,1,MCO,ORD,NK,7.0,56.5
2025,1,MCO,ORD,NK,7.0,64.0
2025,1,MCO,ORD,NK,7.0,68.0
2025,1,MCO,ORD,NK,7.0,76.0
2025,1,MCO,ORD,NK,7.0,88.0
2025,1,MCO,ORD,NK,7.0,90.0
2025,1,MCO,ORD,NK,7.0,99.0
2025,1,MCO,ORD,NK,7.0,129.0
2025,1,MCO,ORD,NK,7.0,194.0
2025,1,MCO,ORD,NK,7.0,284.0
2025,1,MCO,ORD,NK,8.0,5.5
2025,1,MCO,ORD,NK,8.0,55.0
2025,1,MCO,ORD,NK,8.0,57.0
2025,1,MCO,ORD,NK,8.0,66.5
2025,1,MCO,ORD,NK,8.0,84.0
2025,1,MCO,ORD,NK,8.0,92.5
2025,1,MCO,ORD,NK,8.0,168.0
2025,1,MCO,ORD,NK,8.0,199.0
2025,1,MCO,ORD,NK,9.0,39.0
2025,1,MCO,ORD,NK,9.0,59.0
2025,1,MCO,ORD,NK,9.0,76.5
2025,1,MCO,ORD,NK,9.0,78.0
2025,1,MCO,ORD,NK,9.0,79.0
2025,1,MCO,ORD,NK,9.0,93.0
2025,1,MCO,ORD,NK,9.0,105.0
2025,1,MCO,ORD,NK,9.0,123.0
2025,1,MCO,ORD,NK,9.0,135.0
2025,1,MCO,ORD,NK,9.0,175.0
2025,1,MCO,ORD,NK,10.0,37.0
2025,1,MCO,ORD,NK,10.0,52.0
2025,1,MCO,ORD,NK,10.0,69.0
2025,1,MCO,ORD,NK,10.0,80.0
2025,1,MCO,ORD,NK,11.0,48.0
2025,1,MCO,ORD,NK,11.0,69.0
2025,1,MCO,ORD,NK,11.0,75.0
2025,1,MCO,ORD,NK,11.0,114.0
2025,1,MCO,ORD,NK,12.0,48.0
2025,1,MCO,ORD,NK,12.0,58.5
2025,1,MCO,ORD,NK,12.0,78.0
2025,1,MCO,ORD,NK,12.0,87.5
2025,1,MCO,ORD,NK,12.0,113.0
2025,1,MCO,ORD,NK,13.0,53.0
2025,1,MCO,ORD,NK,13.0,75.0
2025,1,MCO,ORD,NK,13.0,76.0
2025,1,MCO,ORD,NK,14.0,37.0
2025,1,MCO,ORD,NK,14.0,42.0
2025,1,MCO,ORD,NK,14.0,50.0
2025,1,MCO,ORD,NK,15.0,5.5
2025,1,MCO,ORD,NK,15.0,35.0
2025,1,MCO,ORD,NK,15.0,63.0
2025,1,MCO,ORD,NK,16.0,37.0
2025,1,MCO,ORD,NK,16.0,61.0
2025,1,MCO,ORD,NK,16.0,118.0
2025,1,MCO,ORD,NK,17.0,50.0
2025,1,MCO,ORD,NK,17.0,138.0
2025,1,MCO,ORD,NK,19.0,68.0
2025,1,MCO,ORD,NK,19.0,76.0
2025,1,MCO,ORD,NK,21.0,6.0
2025,1,MCO,ORD,NK,24.0,38.0
2025,1,MCO,ORD,NK,25.0,58.0
2025,1,MCO,ORD,NK,28.0,58.0
2025,1,MCO,ORD,NK,43.0,58.0
2025,1,MCO,BWI,NK,1.0,4.54
2025,1,MCO,BWI,NK,1.0,16.0
2025,1,MCO,BWI,NK,1.0,18.02
2025,1,MCO,BWI,NK,1.0,18.29
2025,1,MCO,BWI,NK,1.0,19.0
2025,1,MCO,BWI,NK,1.0,21.0
2025,1,MCO,BWI,NK,1.0,22.0
2025,1,MCO,BWI,NK,1.0,22.5
2025,1,MCO,BWI,NK,1.0,23.0
2025,1,MCO,BWI,NK,1.0,24.0
2025,1,MCO,BWI,NK,1.0,26.5
2025,1,MCO,BWI,NK,1.0,28.0
2025,1,MCO,BWI,NK,1.0,28.5
2025,1,MCO,BWI,NK,1.0,29.29
2025,1,MCO,BWI,NK,1.0,30.0
2025,1,MCO,BWI,NK,1.0,31.76
2025,1,MCO,BWI,NK,1.0,32.5
2025,1,MCO,BWI,NK,1.0,33.0
2025,1,MCO,BWI,NK,1.0,33.49
2025,1,MCO,BWI,NK,1.0,33.5
2025,1,MCO,BWI,NK,1.0,34.0
2025,1,MCO,BWI,NK,1.0,34.0
2025,1,MCO,BWI,NK,1.0,34.5
2025,1,MCO,BWI,NK,1.0,34.58
2025,1,MCO,BWI,NK,1.0,35.0
2025,1,MCO,BWI,NK,1.0,35.5
2025,1,MCO,BWI,NK,1.0,35.81
2025,1,MCO,BWI,NK,1.0,35.95
2025,1,MCO,BWI,NK,1.0,36.0
2025,1,MCO,BWI,NK,1.0,36.5
2025,1,MCO,BWI,NK,1.0,37.0
2025,1,MCO,BWI,NK,1.0,37.33
2025,1,MCO,BWI,NK,1.0,39.0
2025,1,MCO,BWI,NK,1.0,41.1
2025,1,MCO,BWI,NK,1.0,41.35
2025,1,MCO,BWI,NK,1.0,41.72
2025,1,MCO,BWI,NK,1.0,42.16
2025,1,MCO,BWI,NK,1.0,42.5
2025,1,MCO,BWI,NK,1.0,42.72
2025,1,MCO,BWI,NK,1.0,42.91
2025,1,MCO,BWI,NK,1.0,44.52
2025,1,MCO,BWI,NK,1.0,45.0
2025,1,MCO,BWI,NK,1.0,45.0
2025,1,MCO,BWI,NK,1.0,45.0
2025,1,MCO,BWI,NK,1.0,45.07
2025,1,MCO,BWI,NK,1.0,46.0
2025,1,MCO,BWI,NK,1.0,46.0
2025,1,MCO,BWI,NK,1.0,46.89
2025,1,MCO,BWI,NK,1.0,47.0
2025,1,MCO,BWI,NK,1.0,47.0
2025,1,MCO,BWI,NK,1.0,47.55
2025,1,MCO,BWI,NK,1.0,48.5
2025,1,MCO,BWI,NK,1.0,49.0
2025,1,MCO,BWI,NK,1.0,49.5
2025,1,MCO,BWI,NK,1.0,49.5
2025,1,MCO,BWI,NK,1.0,50.0
2025,1,MCO,BWI,NK,1.0,50.3
2025,1,MCO,BWI,NK,1.0,51.5
2025,1,MCO,BWI,NK,1.0,52.0
2025,1,MCO,BWI,NK,1.0,52.0
2025,1,MCO,BWI,NK,1.0,52.45
2025,1,MCO,BWI,NK,1.0,52.5
2025,1,MCO,BWI,NK,1.0,53.5
2025,1,MCO,BWI,NK,1.0,54.5
2025,1,MCO,BWI,NK,1.0,56.5
2025,1,MCO,BWI,NK,1.0,57.15
2025,1,MCO,BWI,NK,1.0,57.37
2025,1,MCO,BWI,NK,1.0,57.47
2025,1,MCO,BWI,NK,1.0,57.47
2025,1,MCO,BWI,NK,1.0,57.5
2025,1,MCO,BWI,NK,1.0,58.0
2025,1,MCO,BWI,NK,1.0,60.0
2025,1,MCO,BWI,NK,1.0,60.0
2025,1,MCO,BWI,NK,1.0,60.02
2025,1,MCO,BWI,NK,1.0,60.33
2025,1,MCO,BWI,NK,1.0,60.95
2025,1,MCO,BWI,NK,1.0,61.41
2025,1,MCO,BWI,NK,1.0,61.48
2025,1,MCO,BWI,NK,1.0,61.54
2025,1,MCO,BWI,NK,1.0,62.0
2025,1,MCO,BWI,NK,1.0,62.14
2025,1,MCO,BWI,NK,1.0,63.5
2025,1,MCO,BWI,NK,1.0,63.5
2025,1,MCO,BWI,NK,1.0,63.55
2025,1,MCO,BWI,NK,1.0,63.8
2025,1,MCO,BWI,NK,1.0,63.95
2025,1,MCO,BWI,NK,1.0,64.36
2025,1,MCO,BWI,NK,1.0,64.5
2025,1,MCO,BWI,NK,1.0,65.0
2025,1,MCO,BWI,NK,1.0,65.07
2025,1,MCO,BWI,NK,1.0,67.0
2025,1,MCO,BWI,NK,1.0,67.5
2025,1,MCO,BWI,NK,1.0,68.0
2025,1,MCO,BWI,NK,1.0,69.0
2025,1,MCO,BWI,NK,1.0,69.5
2025,1,MCO,BWI,NK,1.0,69.5
2025,1,MCO,BWI,NK,1.0,70.0
2025,1,MCO,BWI,NK,1.0,70.33
2025,1,MCO,BWI,NK,1.0,70.5
2025,1,MCO,BWI,NK,1.0,70.51
2025,1,MCO,BWI,NK,1.0,70.96
2025,1,MCO,BWI,NK,1.0,71.0
2025,1,MCO,BWI,NK,1.0,71.5
2025,1,MCO,BWI,NK,1.0,72.0
2025,1,MCO,BWI,NK,1.0,74.0
2025,1,MCO,BWI,NK,1.0,74.0
2025,1,MCO,BWI,NK,1.0,75.23
2025,1,MCO,BWI,NK,1.0,75.5
2025,1,MCO,BWI,NK,1.0,76.0
2025,1,MCO,BWI,NK,1.0,77.13
2025,1,MCO,BWI,NK,1.0,77.5
2025,1,MCO,BWI,NK,1.0,77.77
2025,1,MCO,BWI,NK,1.0,78.0
2025,1,MCO,BWI,NK,1.0,78.0
2025,1,MCO,BWI,NK,1.0,78.24
2025,1,MCO,BWI,NK,1.0,78.5
2025,1,MCO,BWI,NK,1.0,79.0
2025,1,MCO,BWI,NK,1.0,79.0
2025,1,MCO,BWI,NK,1.0,79.5
2025,1,MCO,BWI,NK,1.0,80.21
2025,1,MCO,BWI,NK,1.0,83.0
2025,1,MCO,BWI,NK,1.0,84.0
2025,1,MCO,BWI,NK,1.0,85.0
2025,1,MCO,BWI,NK,1.0,85.5
2025,1,MCO,BWI,NK,1.0,85.5
2025,1,MCO,BWI,NK,1.0,87.0
2025,1,MCO,BWI,NK,1.0,87.5
2025,1,MCO,BWI,NK,1.0,88.0
2025,1,MCO,BWI,NK,1.0,89.0
2025,1,MCO,BWI,NK,1.0,89.0
2025,1,MCO,BWI,NK,1.0,90.0
2025,1,MCO,BWI,NK,1.0,90.36
2025,1,MCO,BWI,NK,1.0,91.5
2025,1,MCO,BWI,NK,1.0,91.7
2025,1,MCO,BWI,NK,1.0,93.0
2025,1,MCO,BWI,NK,1.0,93.22
2025,1,MCO,BWI,NK,1.0,93.92
2025,1,MCO,BWI,NK,1.0,94.0
2025,1,MCO,BWI,NK,1.0,94.0
2025,1,MCO,BWI,NK,1.0,95.0
2025,1,MCO,BWI,NK,1.0,95.64
2025,1,MCO,BWI,NK,1.0,95.78
2025,1,MCO,BWI,NK,1.0,96.0
2025,1,MCO,BWI,NK,1.0,96.0
2025,1,MCO,BWI,NK,1.0,96.5
2025,1,MCO,BWI,NK,1.0,96.55
2025,1,MCO,BWI,NK,1.0,97.5
2025,1,MCO,BWI,NK,1.0,98.07
2025,1,MCO,BWI,NK,1.0,99.0
2025,1,MCO,BWI,NK,1.0,99.16
2025,1,MCO,BWI,NK,1.0,100.0
2025,1,MCO,BWI,NK,1.0,100.0
2025,1,MCO,BWI,NK,1.0,100.97
2025,1,MCO,BWI,NK,1.0,101.0
2025,1,MCO,BWI,NK,1.0,101.0
2025,1,MCO,BWI,NK,1.0,101.0
2025,1,MCO,BWI,NK,1.0,101.45
2025,1,MCO,BWI,NK,1.0,101.66
2025,1,MCO,BWI,NK,1.0,102.0
2025,1,MCO,BWI,NK,1.0,102.0
2025,1,MCO,BWI,NK,1.0,102.5
2025,1,MCO,BWI,NK,1.0,103.5
2025,1,MCO,BWI,NK,1.0,104.0
2025,1,MCO,BWI,NK,1.0,105.0
2025,1,MCO,BWI,NK,1.0,105.0
2025,1,MCO,BWI,NK,1.0,105.5
2025,1,MCO,BWI,NK,1.0,106.0
2025,1,MCO,BWI,NK,1.0,106.5
2025,1,MCO,BWI,NK,1.0,107.0
2025,1,MCO,BWI,NK,1.0,107.5
2025,1,MCO,BWI,NK,1.0,108.04
2025,1,MCO,BWI,NK,1.0,108.5
2025,1,MCO,BWI,NK,1.0,108.5
2025,1,MCO,BWI,NK,1.0,109.0
2025,1,MCO,BWI,NK,1.0,109.5
2025,1,MCO,BWI,NK,1.0,110.4
2025,1,MCO,BWI,NK,1.0,111.0
2025,1,MCO,BWI,NK,1.0,112.0
2025,1,MCO,BWI,NK,1.0,112.0
2025,1,MCO,BWI,NK,1.0,114.0
2025,1,MCO,BWI,NK,1.0,114.0
2025,1,MCO,BWI,NK,1.0,115.5
2025,1,MCO,BWI,NK,1.0,115.5
2025,1,MCO,BWI,NK,1.0,116.0
2025,1,MCO,BWI,NK,1.0,118.0
2025,1,MCO,BWI,NK,1.0,119.0
2025,1,MCO,BWI,NK,1.0,119.5
2025,1,MCO,BWI,NK,1.0,122.0
2025,1,MCO,BWI,NK,1.0,122.0
2025,1,MCO,BWI,NK,1.0,122.0
2025,1,MCO,BWI,NK,1.0,125.5
2025,1,MCO,BWI,NK,1.0,126.0
2025,1,MCO,BWI,NK,1.0,127.0
2025,1,MCO,BWI,NK,1.0,127.0
2025,1,MCO,BWI,NK,1.0,128.0
2025,1,MCO,BWI,NK,1.0,129.0
2025,1,MCO,BWI,NK,1.0,129.0
2025,1,MCO,BWI,NK,1.0,130.0
2025,1,MCO,BWI,NK,1.0,131.26
2025,1,MCO,BWI,NK,1.0,131.5
2025,1,MCO,BWI,NK,1.0,132.0
2025,1,MCO,BWI,NK,1.0,132.5
2025,1,MCO,BWI,NK,1.0,133.0
2025,1,MCO,BWI,NK,1.0,133.0
2025,1,MCO,BWI,NK,1.0,133.32
2025,1,MCO,BWI,NK,1.0,135.0
2025,1,MCO,BWI,NK,1.0,138.0
2025,1,MCO,BWI,NK,1.0,139.82
2025,1,MCO,BWI,NK,1.0,140.0
2025,1,MCO,BWI,NK,1.0,141.0
2025,1,MCO,BWI,NK,1.0,141.0
2025,1,MCO,BWI,NK,1.0,142.0
2025,1,MCO,BWI,NK,1.0,143.0
2025,1,MCO,BWI,NK,1.0,145.0
2025,1,MCO,BWI,NK,1.0,145.5
2025,1,MCO,BWI,NK,1.0,147.0
2025,1,MCO,BWI,NK,1.0,148.0
2025,1,MCO,BWI,NK,1.0,148.0
2025,1,MCO,BWI,NK,1.0,149.0
2025,1,MCO,BWI,NK,1.0,149.5
2025,1,MCO,BWI,NK,1.0,150.5
2025,1,MCO,BWI,NK,1.0,150.92
2025,1,MCO,BWI,NK,1.0,151.5
2025,1,MCO,BWI,NK,1.0,152.0
2025,1,MCO,BWI,NK,1.0,153.0
2025,1,MCO,BWI,NK,1.0,158.0
2025,1,MCO,BWI,NK,1.0,158.0
2025,1,MCO,BWI,NK,1.0,158.0
2025,1,MCO,BWI,NK,1.0,158.14
2025,1,MCO,BWI,NK,1.0,161.0
2025,1,MCO,BWI,NK,1.0,163.0
2025,1,MCO,BWI,NK,1.0,163.0
2025,1,MCO,BWI,NK,1.0,164.0
2025,1,MCO,BWI,NK,1.0,164.0
2025,1,MCO,BWI,NK,1.0,164.5
2025,1,MCO,BWI,NK,1.0,165.0
2025,1,MCO,BWI,NK,1.0,165.5
2025,1,MCO,BWI,NK,1.0,168.0
2025,1,MCO,BWI,NK,1.0,168.0
2025,1,MCO,BWI,NK,1.0,170.0
2025,1,MCO,BWI,NK,1.0,171.0
2025,1,MCO,BWI,NK,1.0,172.0
2025,1,MCO,BWI,NK,1.0,173.0
2025,1,MCO,BWI,NK,1.0,174.0
2025,1,MCO,BWI,NK,1.0,175.0
2025,1,MCO,BWI,NK,1.0,176.0
2025,1,MCO,BWI,NK,1.0,176.5
2025,1,MCO,BWI,NK,1.0,179.0
2025,1,MCO,BWI,NK,1.0,179.0
2025,1,MCO,BWI,NK,1.0,179.0
2025,1,MCO,BWI,NK,1.0,180.5
2025,1,MCO,BWI,NK,1.0,181.0
2025,1,MCO,BWI,NK,1.0,182.5
2025,1,MCO,BWI,NK,1.0,183.5
2025,1,MCO,BWI,NK,1.0,185.0
2025,1,MCO,BWI,NK,1.0,186.0
2025,1,MCO,BWI,NK,1.0,187.5
2025,1,MCO,BWI,NK,1.0,188.0
2025,1,MCO,BWI,NK,1.0,188.0
2025,1,MCO,BWI,NK,1.0,189.0
2025,1,MCO,BWI,NK,1.0,189.0
2025,1,MCO,BWI,NK,1.0,189.5
2025,1,MCO,BWI,NK,1.0,190.0
2025,1,MCO,BWI,NK,1.0,190.5
2025,1,MCO,BWI,NK,1.0,193.0
2025,1,MCO,BWI,NK,1.0,193.0
2025,1,MCO,BWI,NK,1.0,196.0
2025,1,MCO,BWI,NK,1.0,196.0
2025,1,MCO,BWI,NK,1.0,197.0
2025,1,MCO,BWI,NK,1.0,198.0
2025,1,MCO,BWI,NK,1.0,198.0
2025,1,MCO,BWI,NK,1.0,199.0
2025,1,MCO,BWI,NK,1.0,200.0
2025,1,MCO,BWI,NK,1.0,203.0
2025,1,MCO,BWI,NK,1.0,204.5
2025,1,MCO,BWI,NK,1.0,205.0
2025,1,MCO,BWI,NK,1.0,206.0
2025,1,MCO,BWI,NK,1.0,206.41
2025,1,MCO,BWI,NK,1.0,207.0
2025,1,MCO,BWI,NK,1.0,208.3
2025,1,MCO,BWI,NK,1.0,216.0
2025,1,MCO,BWI,NK,1.0,217.0
2025,1,MCO,BWI,NK,1.0,219.0
2025,1,MCO,BWI,NK,1.0,220.0
2025,1,MCO,BWI,NK,1.0,222.0
2025,1,MCO,BWI,NK,1.0,224.0
2025,1,MCO,BWI,NK,1.0,225.0
2025,1,MCO,BWI,NK,1.0,225.0
2025,1,MCO,BWI,NK,1.0,231.0
2025,1,MCO,BWI,NK,1.0,232.0
2025,1,MCO,BWI,NK,1.0,236.0
2025,1,MCO,BWI,NK,1.0,236.0
2025,1,MCO,BWI,NK,1.0,237.0
2025,1,MCO,BWI,NK,1.0,239.52
2025,1,MCO,BWI,NK,1.0,240.0
2025,1,MCO,BWI,NK,1.0,241.0
2025,1,MCO,BWI,NK,1.0,243.0
2025,1,MCO,BWI,NK,1.0,245.0
2025,1,MCO,BWI,NK,1.0,253.0
2025,1,MCO,BWI,NK,1.0,253.0
2025,1,MCO,BWI,NK,1.0,254.0
2025,1,MCO,BWI,NK,1.0,258.0
2025,1,MCO,BWI,NK,1.0,261.5
2025,1,MCO,BWI,NK,1.0,262.0
2025,1,MCO,BWI,NK,1.0,265.0
2025,1,MCO,BWI,NK,1.0,270.0
2025,1,MCO,BWI,NK,1.0,279.0
2025,1,MCO,BWI,NK,1.0,279.0
2025,1,MCO,BWI,NK,1.0,283.0
2025,1,MCO,BWI,NK,1.0,295.0
2025,1,MCO,BWI,NK,1.0,325.0
2025,1,MCO,BWI,NK,1.0,363.0
2025,1,MCO,BWI,NK,1.0,378.0
2025,1,MCO,BWI,NK,1.0,390.0
2025,1,MCO,BWI,NK,2.0,15.0
2025,1,MCO,BWI,NK,2.0,16.0
2025,1,MCO,BWI,NK,2.0,18.0
2025,1,MCO,BWI,NK,2.0,18.0
2025,1,MCO,BWI,NK,2.0,19.5
2025,1,MCO,BWI,NK,2.0,20.0
2025,1,MCO,BWI,NK,2.0,22.0
2025,1,MCO,BWI,NK,2.0,23.5
2025,1,MCO,BWI,NK,2.0,25.0
2025,1,MCO,BWI,NK,2.0,26.0
2025,1,MCO,BWI,NK,2.0,26.5
2025,1,MCO,BWI,NK,2.0,27.5
2025,1,MCO,BWI,NK,2.0,29.0
2025,1,MCO,BWI,NK,2.0,31.5
2025,1,MCO,BWI,NK,2.0,32.0
2025,1,MCO,BWI,NK,2.0,32.0
2025,1,MCO,BWI,NK,2.0,33.0
2025,1,MCO,BWI,NK,2.0,33.5
2025,1,MCO,BWI,NK,2.0,35.5
2025,1,MCO,BWI,NK,2.0,36.0
2025,1,MCO,BWI,NK,2.0,39.0
2025,1,MCO,BWI,NK,2.0,41.5
2025,1,MCO,BWI,NK,2.0,42.0
2025,1,MCO,BWI,NK,2.0,43.5
2025,1,MCO,BWI,NK,2.0,43.5
2025,1,MCO,BWI,NK,2.0,44.5
2025,1,MCO,BWI,NK,2.0,46.5
2025,1,MCO,BWI,NK,2.0,47.5
2025,1,MCO,BWI,NK,2.0,49.0
2025,1,MCO,BWI,NK,2.0,50.5
2025,1,MCO,BWI,NK,2.0,51.5
2025,1,MCO,BWI,NK,2.0,53.0
2025,1,MCO,BWI,NK,2.0,53.5
2025,1,MCO,BWI,NK,2.0,56.0
2025,1,MCO,BWI,NK,2.0,57.0
2025,1,MCO,BWI,NK,2.0,57.87
2025,1,MCO,BWI,NK,2.0,58.9
2025,1,MCO,BWI,NK,2.0,59.0
2025,1,MCO,BWI,NK,2.0,60.5
2025,1,MCO,BWI,NK,2.0,61.0
2025,1,MCO,BWI,NK,2.0,61.0
2025,1,MCO,BWI,NK,2.0,61.5
2025,1,MCO,BWI,NK,2.0,62.0
2025,1,MCO,BWI,NK,2.0,64.0
2025,1,MCO,BWI,NK,2.0,64.5
2025,1,MCO,BWI,NK,2.0,65.0
2025,1,MCO,BWI,NK,2.0,66.0
2025,1,MCO,BWI,NK,2.0,66.0
2025,1,MCO,BWI,NK,2.0,68.0
2025,1,MCO,BWI,NK,2.0,68.0
2025,1,MCO,BWI,NK,2.0,68.5
2025,1,MCO,BWI,NK,2.0,69.0
2025,1,MCO,BWI,NK,2.0,71.0
2025,1,MCO,BWI,NK,2.0,71.0
2025,1,MCO,BWI,NK,2.0,71.24
2025,1,MCO,BWI,NK,2.0,72.0
2025,1,MCO,BWI,NK,2.0,72.5
2025,1,MCO,BWI,NK,2.0,73.5
2025,1,MCO,BWI,NK,2.0,75.0
2025,1,MCO,BWI,NK,2.0,76.0
2025,1,MCO,BWI,NK,2.0,77.0
2025,1,MCO,BWI,NK,2.0,77.0
2025,1,MCO,BWI,NK,2.0,78.5
2025,1,MCO,BWI,NK,2.0,81.0
2025,1,MCO,BWI,NK,2.0,82.0
2025,1,MCO,BWI,NK,2.0,84.0
2025,1,MCO,BWI,NK,2.0,85.0
2025,1,MCO,BWI,NK,2.0,86.5
2025,1,MCO,BWI,NK,2.0,87.5
2025,1,MCO,BWI,NK,2.0,90.5
2025,1,MCO,BWI,NK,2.0,91.0
2025,1,MCO,BWI,NK,2.0,91.5
2025,1,MCO,BWI,NK,2.0,93.44
2025,1,MCO,BWI,NK,2.0,95.5
2025,1,MCO,BWI,NK,2.0,96.5
2025,1,MCO,BWI,NK,2.0,98.0
2025,1,MCO,BWI,NK,2.0,98.0
2025,1,MCO,BWI,NK,2.0,99.0
2025,1,MCO,BWI,NK,2.0,100.5
2025,1,MCO,BWI,NK,2.0,101.14
2025,1,MCO,BWI,NK,2.0,102.0
2025,1,MCO,BWI,NK,2.0,103.0
2025,1,MCO,BWI,NK,2.0,104.0
2025,1,MCO,BWI,NK,2.0,104.5
2025,1,MCO,BWI,NK,2.0,106.5
2025,1,MCO,BWI,NK,2.0,108.0
2025,1,MCO,BWI,NK,2.0,110.0
2025,1,MCO,BWI,NK,2.0,111.5
2025,1,MCO,BWI,NK,2.0,112.0
2025,1,MCO,BWI,NK,2.0,113.0
2025,1,MCO,BWI,NK,2.0,114.0
2025,1,MCO,BWI,NK,2.0,116.0
2025,1,MCO,BWI,NK,2.0,116.0
2025,1,MCO,BWI,NK,2.0,117.0
2025,1,MCO,BWI,NK,2.0,117.0
2025,1,MCO,BWI,NK,2.0,118.0
2025,1,MCO,BWI,NK,2.0,119.0
2025,1,MCO,BWI,NK,2.0,123.0
2025,1,MCO,BWI,NK,2.0,124.0
2025,1,MCO,BWI,NK,2.0,124.0
2025,1,MCO,BWI,NK,2.0,124.5
2025,1,MCO,BWI,NK,2.0,131.0
2025,1,MCO,BWI,NK,2.0,132.0
2025,1,MCO,BWI,NK,2.0,134.5
2025,1,MCO,BWI,NK,2.0,135.0
2025,1,MCO,BWI,NK,2.0,139.0
2025,1,MCO,BWI,NK,2.0,140.0
2025,1,MCO,BWI,NK,2.0,141.0
2025,1,MCO,BWI,NK,2.0,143.0
2025,1,MCO,BWI,NK,2.0,153.0
2025,1,MCO,BWI,NK,2.0,155.0
2025,1,MCO,BWI,NK,2.0,155.0
2025,1,MCO,BWI,NK,2.0,156.0
2025,1,MCO,BWI,NK,2.0,165.0
2025,1,MCO,BWI,NK,2.0,166.0
2025,1,MCO,BWI,NK,2.0,167.0
2025,1,MCO,BWI,NK,2.0,170.0
2025,1,MCO,BWI,NK,2.0,171.0
2025,1,MCO,BWI,NK,2.0,184.0
2025,1,MCO,BWI,NK,2.0,191.0
2025,1,MCO,BWI,NK,2.0,205.0
2025,1,MCO,BWI,NK,2.0,223.0
2025,1,MCO,BWI,NK,2.0,224.0
2025,1,MCO,BWI,NK,2.0,232.0
2025,1,MCO,BWI,NK,2.0,244.0
2025,1,MCO,BWI,NK,2.0,262.0
2025,1,MCO,BWI,NK,2.0,272.0
2025,1,MCO,BWI,NK,3.0,23.0
2025,1,MCO,BWI,NK,3.0,26.0
2025,1,MCO,BWI,NK,3.0,28.0
2025,1,MCO,BWI,NK,3.0,29.0
2025,1,MCO,BWI,NK,3.0,29.0
2025,1,MCO,BWI,NK,3.0,29.5
2025,1,MCO,BWI,NK,3.0,29.5
2025,1,MCO,BWI,NK,3.0,33.0
2025,1,MCO,BWI,NK,3.0,40.0
2025,1,MCO,BWI,NK,3.0,44.0
2025,1,MCO,BWI,NK,3.0,44.0
2025,1,MCO,BWI,NK,3.0,50.0
2025,1,MCO,BWI,NK,3.0,52.0
2025,1,MCO,BWI,NK,3.0,52.5
2025,1,MCO,BWI,NK,3.0,54.5
2025,1,MCO,BWI,NK,3.0,55.0
2025,1,MCO,BWI,NK,3.0,56.0
2025,1,MCO,BWI,NK,3.0,57.0
2025,1,MCO,BWI,NK,3.0,57.5
2025,1,MCO,BWI,NK,3.0,59.0
2025,1,MCO,BWI,NK,3.0,59.5
2025,1,MCO,BWI,NK,3.0,62.5
2025,1,MCO,BWI,NK,3.0,65.0
2025,1,MCO,BWI,NK,3.0,66.0
2025,1,MCO,BWI,NK,3.0,66.5
2025,1,MCO,BWI,NK,3.0,67.5
2025,1,MCO,BWI,NK,3.0,72.0
2025,1,MCO,BWI,NK,3.0,74.5
2025,1,MCO,BWI,NK,3.0,76.5
2025,1,MCO,BWI,NK,3.0,80.5
2025,1,MCO,BWI,NK,3.0,81.5
2025,1,MCO,BWI,NK,3.0,82.5
2025,1,MCO,BWI,NK,3.0,86.0
2025,1,MCO,BWI,NK,3.0,87.0
2025,1,MCO,BWI,NK,3.0,88.5
2025,1,MCO,BWI,NK,3.0,89.5
2025,1,MCO,BWI,NK,3.0,92.0
2025,1,MCO,BWI,NK,3.0,93.0
2025,1,MCO,BWI,NK,3.0,97.0
2025,1,MCO,BWI,NK,3.0,101.0
2025,1,MCO,BWI,NK,3.0,104.0
2025,1,MCO,BWI,NK,3.0,107.0
2025,1,MCO,BWI,NK,3.0,115.0
2025,1,MCO,BWI,NK,3.0,120.0
2025,1,MCO,BWI,NK,3.0,126.5
2025,1,MCO,BWI,NK,3.0,128.0
2025,1,MCO,BWI,NK,3.0,133.0
2025,1,MCO,BWI,NK,3.0,136.0
2025,1,MCO,BWI,NK,3.0,138.0
2025,1,MCO,BWI,NK,3.0,140.0
2025,1,MCO,BWI,NK,3.0,143.0
2025,1,MCO,BWI,NK,3.0,144.0
2025,1,MCO,BWI,NK,3.0,145.0
2025,1,MCO,BWI,NK,3.0,148.0
2025,1,MCO,BWI,NK,3.0,161.0
2025,1,MCO,BWI,NK,3.0,162.0
2025,1,MCO,BWI,NK,3.0,176.0
2025,1,MCO,BWI,NK,3.0,190.0
2025,1,MCO,BWI,NK,3.0,197.0
2025,1,MCO,BWI,NK,3.0,255.0
2025,1,MCO,BWI,NK,4.0,19.0
2025,1,MCO,BWI,NK,4.0,24.0
2025,1,MCO,BWI,NK,4.0,25.0
2025,1,MCO,BWI,NK,4.0,28.0
2025,1,MCO,BWI,NK,4.0,31.0
2025,1,MCO,BWI,NK,4.0,32.0
2025,1,MCO,BWI,NK,4.0,32.5
2025,1,MCO,BWI,NK,4.0,36.5
2025,1,MCO,BWI,NK,4.0,37.5
2025,1,MCO,BWI,NK,4.0,40.0
2025,1,MCO,BWI,NK,4.0,40.0
2025,1,MCO,BWI,NK,4.0,40.5
2025,1,MCO,BWI,NK,4.0,41.0
2025,1,MCO,BWI,NK,4.0,42.0
2025,1,MCO,BWI,NK,4.0,46.0
2025,1,MCO,BWI,NK,4.0,48.5
2025,1,MCO,BWI,NK,4.0,49.0
2025,1,MCO,BWI,NK,4.0,53.0
2025,1,MCO,BWI,NK,4.0,56.5
2025,1,MCO,BWI,NK,4.0,57.0
2025,1,MCO,BWI,NK,4.0,58.5
2025,1,MCO,BWI,NK,4.0,65.5
2025,1,MCO,BWI,NK,4.0,74.5
2025,1,MCO,BWI,NK,4.0,79.5
2025,1,MCO,BWI,NK,4.0,81.0
2025,1,MCO,BWI,NK,4.0,83.0
2025,1,MCO,BWI,NK,4.0,84.5
2025,1,MCO,BWI,NK,4.0,87.0
2025,1,MCO,BWI,NK,4.0,88.0
2025,1,MCO,BWI,NK,4.0,89.0
2025,1,MCO,BWI,NK,4.0,94.0
2025,1,MCO,BWI,NK,4.0,98.0
2025,1,MCO,BWI,NK,4.0,123.0
2025,1,MCO,BWI,NK,4.0,125.0
2025,1,MCO,BWI,NK,4.0,135.0
2025,1,MCO,BWI,NK,4.0,143.0
2025,1,MCO,BWI,NK,4.0,173.0
2025,1,MCO,BWI,NK,5.0,20.0
2025,1,MCO,BWI,NK,5.0,27.0
2025,1,MCO,BWI,NK,5.0,27.0
2025,1,MCO,BWI,NK,5.0,31.0
2025,1,MCO,BWI,NK,5.0,32.5
2025,1,MCO,BWI,NK,5.0,40.5
2025,1,MCO,BWI,NK,5.0,41.0
2025,1,MCO,BWI,NK,5.0,41.0
2025,1,MCO,BWI,NK,5.0,42.0
2025,1,MCO,BWI,NK,5.0,46.0
2025,1,MCO,BWI,NK,5.0,46.0
2025,1,MCO,BWI,NK,5.0,46.5
2025,1,MCO,BWI,NK,5.0,49.0
2025,1,MCO,BWI,NK,5.0,60.5
2025,1,MCO,BWI,NK,5.0,73.0
2025,1,MCO,BWI,NK,5.0,77.0
2025,1,MCO,BWI,NK,5.0,113.0
2025,1,MCO,BWI,NK,5.0,121.0
2025,1,MCO,BWI,NK,5.0,125.0
2025,1,MCO,BWI,NK,5.0,160.0
2025,1,MCO,BWI,NK,5.0,202.0
2025,1,MCO,BWI,NK,5.0,203.0
2025,1,MCO,BWI,NK,6.0,20.0
2025,1,MCO,BWI,NK,6.0,27.0
2025,1,MCO,BWI,NK,6.0,27.5
2025,1,MCO,BWI,NK,6.0,31.5
2025,1,MCO,BWI,NK,6.0,48.0
2025,1,MCO,BWI,NK,6.0,74.0
2025,1,MCO,BWI,NK,6.0,81.0
2025,1,MCO,BWI,NK,6.0,82.0
2025,1,MCO,BWI,NK,6.0,84.0
2025,1,MCO,BWI,NK,6.0,88.0
2025,1,MCO,BWI,NK,6.0,93.0
2025,1,MCO,BWI,NK,6.0,110.0
2025,1,MCO,BWI,NK,6.0,110.0
2025,1,MCO,BWI,NK,6.0,115.0
2025,1,MCO,BWI,NK,6.0,144.0
2025,1,MCO,BWI,NK,7.0,39.5
2025,1,MCO,BWI,NK,7.0,52.0
2025,1,MCO,BWI,NK,7.0,58.0
2025,1,MCO,BWI,NK,7.0,64.0
2025,1,MCO,BWI,NK,7.0,67.0
2025,1,MCO,BWI,NK,7.0,69.0
2025,1,MCO,BWI,NK,7.0,70.0
2025,1,MCO,BWI,NK,7.0,71.5
2025,1,MCO,BWI,NK,7.0,80.0
2025,1,MCO,BWI,NK,7.0,97.0
2025,1,MCO,BWI,NK,7.0,103.0
2025,1,MCO,BWI,NK,7.0,105.0
2025,1,MCO,BWI,NK,7.0,130.0
2025,1,MCO,BWI,NK,7.0,150.0
2025,1,MCO,BWI,NK,8.0,44.5
2025,1,MCO,BWI,NK,8.0,63.0
2025,1,MCO,BWI,NK,8.0,66.5
2025,1,MCO,BWI,NK,8.0,80.0
2025,1,MCO,BWI,NK,8.0,100.0
2025,1,MCO,BWI,NK,8.0,163.0
2025,1,MCO,BWI,NK,8.0,192.0
2025,1,MCO,BWI,NK,9.0,31.0
2025,1,MCO,BWI,NK,9.0,39.0
2025,1,MCO,BWI,NK,9.0,48.0
2025,1,MCO,BWI,NK,9.0,50.0
2025,1,MCO,BWI,NK,9.0,73.0
2025,1,MCO,BWI,NK,9.0,75.0
2025,1,MCO,BWI,NK,9.0,75.0
2025,1,MCO,BWI,NK,9.0,76.0
2025,1,MCO,BWI,NK,9.0,120.0
2025,1,MCO,BWI,NK,10.0,5.5
2025,1,MCO,BWI,NK,10.0,24.0
2025,1,MCO,BWI,NK,10.0,56.0
2025,1,MCO,BWI,NK,10.0,59.0
2025,1,MCO,BWI,NK,10.0,63.0
2025,1,MCO,BWI,NK,10.0,83.0
2025,1,MCO,BWI,NK,10.0,103.0
2025,1,MCO,BWI,NK,11.0,53.0
2025,1,MCO,BWI,NK,11.0,70.0
2025,1,MCO,BWI,NK,11.0,95.0
2025,1,MCO,BWI,NK,12.0,37.5
2025,1,MCO,BWI,NK,12.0,78.0
2025,1,MCO,BWI,NK,13.0,64.0
2025,1,MCO,BWI,NK,13.0,79.0
2025,1,MCO,BWI,NK,13.0,95.0
2025,1,MCO,BWI,NK,14.0,26.0
2025,1,MCO,BWI,NK,14.0,54.0
2025,1,MCO,BWI,NK,14.0,90.0
2025,1,MCO,BWI,NK,15.0,5.5
2025,1,MCO,BWI,NK,15.0,43.0
2025,1,MCO,BWI,NK,15.0,73.0
2025,1,MCO,BWI,NK,16.0,80.0
2025,1,MCO,BWI,NK,16.0,85.0
2025,1,MCO,BWI,NK,17.0,38.5
2025,1,MCO,BWI,NK,17.0,39.5
2025,1,MCO,BWI,NK,17.0,51.0
2025,1,MCO,BWI,NK,17.0,90.0
2025,1,MCO,BWI,NK,17.0,100.0
2025,1,MCO,BWI,NK,17.0,120.0
2025,1,MCO,BWI,NK,18.0,115.0
2025,1,MCO,BWI,NK,19.0,38.0
2025,1,MCO,BWI,NK,19.0,43.0
2025,1,MCO,BWI,NK,21.0,6.0
2025,1,MCO,BWI,NK,21.0,48.0
2025,1,MCO,BWI,NK,21.0,54.0
2025,1,MCO,BWI,NK,21.0,58.0
2025,1,MCO,BWI,NK,26.0,38.5
2025,1,MCO,BWI,NK,26.0,43.0
2025,1,MCO,BWI,NK,27.0,25.0
2025,1,MCO,BWI,NK,27.0,54.0
2025,1,MCO,BWI,NK,29.0,63.0
2025,1,MCO,BWI,NK,30.0,38.0
2025,1,MCO,BWI,NK,30.0,51.0
2025,1,MCO,BWI,NK,32.0,83.0
2025,1,MCO,BWI,NK,37.0,123.0
2025,1,MCO,BWI,NK,38.0,51.0
2025,1,MCO,BWI,NK,68.0,38.0
2025,1,LAS,DFW,NK,1.0,3.75
2025,1,LAS,DFW,NK,1.0,15.0
2025,1,LAS,DFW,NK,1.0,16.0
2025,1,LAS,DFW,NK,1.0,17.5
2025,1,LAS,DFW,NK,1.0,18.0
2025,1,LAS,DFW,NK,1.0,20.0
2025,1,LAS,DFW,NK,1.0,20.0
2025,1,LAS,DFW,NK,1.0,21.5
2025,1,LAS,DFW,NK,1.0,22.0
2025,1,LAS,DFW,NK,1.0,22.5
2025,1,LAS,DFW,NK,1.0,23.0
2025,1,LAS,DFW,NK,1.0,23.5
2025,1,LAS,DFW,NK,1.0,24.0
2025,1,LAS,DFW,NK,1.0,24.5
2025,1,LAS,DFW,NK,1.0,26.71
2025,1,LAS,DFW,NK,1.0,27.5
2025,1,LAS,DFW,NK,1.0,27.5
2025,1,LAS,DFW,NK,1.0,32.5
2025,1,LAS,DFW,NK,1.0,33.55
2025,1,LAS,DFW,NK,1.0,34.0
2025,1,LAS,DFW,NK,1.0,34.5
2025,1,LAS,DFW,NK,1.0,35.27
2025,1,LAS,DFW,NK,1.0,35.5
2025,1,LAS,DFW,NK,1.0,35.93
2025,1,LAS,DFW,NK,1.0,36.0
2025,1,LAS,DFW,NK,1.0,36.5
2025,1,LAS,DFW,NK,1.0,37.5
2025,1,LAS,DFW,NK,1.0,38.0
2025,1,LAS,DFW,NK,1.0,39.5
2025,1,LAS,DFW,NK,1.0,41.0
2025,1,LAS,DFW,NK,1.0,41.0
2025,1,LAS,DFW,NK,1.0,41.84
2025,1,LAS,DFW,NK,1.0,42.94
2025,1,LAS,DFW,NK,1.0,44.5
2025,1,LAS,DFW,NK,1.0,45.42
2025,1,LAS,DFW,NK,1.0,45.5
2025,1,LAS,DFW,NK,1.0,46.77
2025,1,LAS,DFW,NK,1.0,47.0
2025,1,LAS,DFW,NK,1.0,48.0
2025,1,LAS,DFW,NK,1.0,48.0
2025,1,LAS,DFW,NK,1.0,49.0
2025,1,LAS,DFW,NK,1.0,50.0
2025,1,LAS,DFW,NK,1.0,50.5
2025,1,LAS,DFW,NK,1.0,51.83
2025,1,LAS,DFW,NK,1.0,52.0
2025,1,LAS,DFW,NK,1.0,52.0
2025,1,LAS,DFW,NK,1.0,52.67
2025,1,LAS,DFW,NK,1.0,53.0
2025,1,LAS,DFW,NK,1.0,53.4
2025,1,LAS,DFW,NK,1.0,54.5
2025,1,LAS,DFW,NK,1.0,55.0
2025,1,LAS,DFW,NK,1.0,55.5
2025,1,LAS,DFW,NK,1.0,56.2
2025,1,LAS,DFW,NK,1.0,56.21
2025,1,LAS,DFW,NK,1.0,56.67
2025,1,LAS,DFW,NK,1.0,57.0
2025,1,LAS,DFW,NK,1.0,57.27
2025,1,LAS,DFW,NK,1.0,57.5
2025,1,LAS,DFW,NK,1.0,58.0
2025,1,LAS,DFW,NK,1.0,58.63
2025,1,LAS,DFW,NK,1.0,59.0
2025,1,LAS,DFW,NK,1.0,60.93
2025,1,LAS,DFW,NK,1.0,61.5
2025,1,LAS,DFW,NK,1.0,62.5
2025,1,LAS,DFW,NK,1.0,63.0
2025,1,LAS,DFW,NK,1.0,64.0
2025,1,LAS,DFW,NK,1.0,64.0
2025,1,LAS,DFW,NK,1.0,64.35
2025,1,LAS,DFW,NK,1.0,65.0
2025,1,LAS,DFW,NK,1.0,65.5
2025,1,LAS,DFW,NK,1.0,65.63
2025,1,LAS,DFW,NK,1.0,65.88
2025,1,LAS,DFW,NK,1.0,66.0
2025,1,LAS,DFW,NK,1.0,67.5
2025,1,LAS,DFW,NK,1.0,68.0
2025,1,LAS,DFW,NK,1.0,68.03
2025,1,LAS,DFW,NK,1.0,68.85
2025,1,LAS,DFW,NK,1.0,69.0
2025,1,LAS,DFW,NK,1.0,69.5
2025,1,LAS,DFW,NK,1.0,70.5
2025,1,LAS,DFW,NK,1.0,71.0
2025,1,LAS,DFW,NK,1.0,71.0
2025,1,LAS,DFW,NK,1.0,72.5
2025,1,LAS,DFW,NK,1.0,72.57
2025,1,LAS,DFW,NK,1.0,74.0
2025,1,LAS,DFW,NK,1.0,76.0
2025,1,LAS,DFW,NK,1.0,76.0
2025,1,LAS,DFW,NK,1.0,76.0
2025,1,LAS,DFW,NK,1.0,76.28
2025,1,LAS,DFW,NK,1.0,77.5
2025,1,LAS,DFW,NK,1.0,78.0
2025,1,LAS,DFW,NK,1.0,78.0
2025,1,LAS,DFW,NK,1.0,78.5
2025,1,LAS,DFW,NK,1.0,79.0
2025,1,LAS,DFW,NK,1.0,81.0
2025,1,LAS,DFW,NK,1.0,82.0
2025,1,LAS,DFW,NK,1.0,82.11
2025,1,LAS,DFW,NK,1.0,82.5
2025,1,LAS,DFW,NK,1.0,82.5
2025,1,LAS,DFW,NK,1.0,83.5
2025,1,LAS,DFW,NK,1.0,83.52
2025,1,LAS,DFW,NK,1.0,84.0
2025,1,LAS,DFW,NK,1.0,84.0
2025,1,LAS,DFW,NK,1.0,84.28
2025,1,LAS,DFW,NK,1.0,85.0
2025,1,LAS,DFW,NK,1.0,85.5
2025,1,LAS,DFW,NK,1.0,86.0
2025,1,LAS,DFW,NK,1.0,86.0
2025,1,LAS,DFW,NK,1.0,86.19
2025,1,LAS,DFW,NK,1.0,86.5
2025,1,LAS,DFW,NK,1.0,87.0
2025,1,LAS,DFW,NK,1.0,88.0
2025,1,LAS,DFW,NK,1.0,88.5
2025,1,LAS,DFW,NK,1.0,89.19
2025,1,LAS,DFW,NK,1.0,90.0
2025,1,LAS,DFW,NK,1.0,90.0
2025,1,LAS,DFW,NK,1.0,92.0
2025,1,LAS,DFW,NK,1.0,92.5
2025,1,LAS,DFW,NK,1.0,93.0
2025,1,LAS,DFW,NK,1.0,93.5
2025,1,LAS,DFW,NK,1.0,93.84
2025,1,LAS,DFW,NK,1.0,94.5
2025,1,LAS,DFW,NK,1.0,95.5
2025,1,LAS,DFW,NK,1.0,96.0
2025,1,LAS,DFW,NK,1.0,98.0
2025,1,LAS,DFW,NK,1.0,101.0
2025,1,LAS,DFW,NK,1.0,101.0
2025,1,LAS,DFW,NK,1.0,101.0
2025,1,LAS,DFW,NK,1.0,101.0
2025,1,LAS,DFW,NK,1.0,101.5
2025,1,LAS,DFW,NK,1.0,102.0
2025,1,LAS,DFW,NK,1.0,103.09
2025,1,LAS,DFW,NK,1.0,104.0
2025,1,LAS,DFW,NK,1.0,104.0
2025,1,LAS,DFW,NK,1.0,104.0
2025,1,LAS,DFW,NK,1.0,104.5
2025,1,LAS,DFW,NK,1.0,105.0
2025,1,LAS,DFW,NK,1.0,106.0
2025,1,LAS,DFW,NK,1.0,106.5
2025,1,LAS,DFW,NK,1.0,107.0
2025,1,LAS,DFW,NK,1.0,107.0
2025,1,LAS,DFW,NK,1.0,108.5
2025,1,LAS,DFW,NK,1.0,109.0
2025,1,LAS,DFW,NK,1.0,110.5
2025,1,LAS,DFW,NK,1.0,110.5
2025,1,LAS,DFW,NK,1.0,110.72
2025,1,LAS,DFW,NK,1.0,111.0
2025,1,LAS,DFW,NK,1.0,112.0
2025,1,LAS,DFW,NK,1.0,112.5
2025,1,LAS,DFW,NK,1.0,112.59
2025,1,LAS,DFW,NK,1.0,113.5
2025,1,LAS,DFW,NK,1.0,114.0
2025,1,LAS,DFW,NK,1.0,114.5
2025,1,LAS,DFW,NK,1.0,117.0
2025,1,LAS,DFW,NK,1.0,117.0
2025,1,LAS,DFW,NK,1.0,117.5
2025,1,LAS,DFW,NK,1.0,117.5
2025,1,LAS,DFW,NK,1.0,118.5
2025,1,LAS,DFW,NK,1.0,119.0
2025,1,LAS,DFW,NK,1.0,119.11
2025,1,LAS,DFW,NK,1.0,120.0
2025,1,LAS,DFW,NK,1.0,120.0
2025,1,LAS,DFW,NK,1.0,120.5
2025,1,LAS,DFW,NK,1.0,121.0
2025,1,LAS,DFW,NK,1.0,122.0
2025,1,LAS,DFW,NK,1.0,122.5
2025,1,LAS,DFW,NK,1.0,123.0
2025,1,LAS,DFW,NK,1.0,123.0
2025,1,LAS,DFW,NK,1.0,123.5
2025,1,LAS,DFW,NK,1.0,124.0
2025,1,LAS,DFW,NK,1.0,124.0
2025,1,LAS,DFW,NK,1.0,124.5
2025,1,LAS,DFW,NK,1.0,126.5
2025,1,LAS,DFW,NK,1.0,126.5
2025,1,LAS,DFW,NK,1.0,128.12
2025,1,LAS,DFW,NK,1.0,129.02
2025,1,LAS,DFW,NK,1.0,129.5
2025,1,LAS,DFW,NK,1.0,130.0
2025,1,LAS,DFW,NK,1.0,130.0
2025,1,LAS,DFW,NK,1.0,130.0
2025,1,LAS,DFW,NK,1.0,130.5
2025,1,LAS,DFW,NK,1.0,130.9
2025,1,LAS,DFW,NK,1.0,131.5
2025,1,LAS,DFW,NK,1.0,132.0
2025,1,LAS,DFW,NK,1.0,132.0
2025,1,LAS,DFW,NK,1.0,132.5
2025,1,LAS,DFW,NK,1.0,133.5
2025,1,LAS,DFW,NK,1.0,134.5
2025,1,LAS,DFW,NK,1.0,134.5
2025,1,LAS,DFW,NK,1.0,135.0
2025,1,LAS,DFW,NK,1.0,135.5
2025,1,LAS,DFW,NK,1.0,136.0
2025,1,LAS,DFW,NK,1.0,136.0
2025,1,LAS,DFW,NK,1.0,137.5
2025,1,LAS,DFW,NK,1.0,138.5
2025,1,LAS,DFW,NK,1.0,138.5
2025,1,LAS,DFW,NK,1.0,139.5
2025,1,LAS,DFW,NK,1.0,140.0
2025,1,LAS,DFW,NK,1.0,141.0
2025,1,LAS,DFW,NK,1.0,141.0
2025,1,LAS,DFW,NK,1.0,141.28
2025,1,LAS,DFW,NK,1.0,141.5
2025,1,LAS,DFW,NK,1.0,142.5
2025,1,LAS,DFW,NK,1.0,142.82
2025,1,LAS,DFW,NK,1.0,143.0
2025,1,LAS,DFW,NK,1.0,143.0
2025,1,LAS,DFW,NK,1.0,143.5
2025,1,LAS,DFW,NK,1.0,143.84
2025,1,LAS,DFW,NK,1.0,144.0
2025,1,LAS,DFW,NK,1.0,145.03
2025,1,LAS,DFW,NK,1.0,145.5
2025,1,LAS,DFW,NK,1.0,145.93
2025,1,LAS,DFW,NK,1.0,147.0
2025,1,LAS,DFW,NK,1.0,147.5
2025,1,LAS,DFW,NK,1.0,148.0
2025,1,LAS,DFW,NK,1.0,149.0
2025,1,LAS,DFW,NK,1.0,149.5
2025,1,LAS,DFW,NK,1.0,150.0
2025,1,LAS,DFW,NK,1.0,150.5
2025,1,LAS,DFW,NK,1.0,151.0
2025,1,LAS,DFW,NK,1.0,153.31
2025,1,LAS,DFW,NK,1.0,156.0
2025,1,LAS,DFW,NK,1.0,156.0
2025,1,LAS,DFW,NK,1.0,157.0
2025,1,LAS,DFW,NK,1.0,158.0
2025,1,LAS,DFW,NK,1.0,164.5
2025,1,LAS,DFW,NK,1.0,165.5
2025,1,LAS,DFW,NK,1.0,168.0
2025,1,LAS,DFW,NK,1.0,168.5
2025,1,LAS,DFW,NK,1.0,168.5
2025,1,LAS,DFW,NK,1.0,169.0
2025,1,LAS,DFW,NK,1.0,169.1
2025,1,LAS,DFW,NK,1.0,170.0
2025,1,LAS,DFW,NK,1.0,170.5
2025,1,LAS,DFW,NK,1.0,171.0
2025,1,LAS,DFW,NK,1.0,171.5
2025,1,LAS,DFW,NK,1.0,172.5
2025,1,LAS,DFW,NK,1.0,173.0
2025,1,LAS,DFW,NK,1.0,173.5
2025,1,LAS,DFW,NK,1.0,174.5
2025,1,LAS,DFW,NK,1.0,175.0
2025,1,LAS,DFW,NK,1.0,176.0
2025,1,LAS,DFW,NK,1.0,177.5
2025,1,LAS,DFW,NK,1.0,178.0
2025,1,LAS,DFW,NK,1.0,178.0
2025,1,LAS,DFW,NK,1.0,178.0
2025,1,LAS,DFW,NK,1.0,182.0
2025,1,LAS,DFW,NK,1.0,182.0
2025,1,LAS,DFW,NK,1.0,182.5
2025,1,LAS,DFW,NK,1.0,184.0
2025,1,LAS,DFW,NK,1.0,186.5
2025,1,LAS,DFW,NK,1.0,188.0
2025,1,LAS,DFW,NK,1.0,189.0
2025,1,LAS,DFW,NK,1.0,190.0
2025,1,LAS,DFW,NK,1.0,191.0
2025,1,LAS,DFW,NK,1.0,195.5
2025,1,LAS,DFW,NK,1.0,195.5
2025,1,LAS,DFW,NK,1.0,198.0
2025,1,LAS,DFW,NK,1.0,198.0
2025,1,LAS,DFW,NK,1.0,199.17
2025,1,LAS,DFW,NK,1.0,200.5
2025,1,LAS,DFW,NK,1.0,201.5
2025,1,LAS,DFW,NK,1.0,202.0
2025,1,LAS,DFW,NK,1.0,202.63
2025,1,LAS,DFW,NK,1.0,205.0
2025,1,LAS,DFW,NK,1.0,208.0
2025,1,LAS,DFW,NK,1.0,213.0
2025,1,LAS,DFW,NK,1.0,216.0
2025,1,LAS,DFW,NK,1.0,220.0
2025,1,LAS,DFW,NK,1.0,220.0
2025,1,LAS,DFW,NK,1.0,223.0
2025,1,LAS,DFW,NK,1.0,229.0
2025,1,LAS,DFW,NK,1.0,230.0
2025,1,LAS,DFW,NK,1.0,230.0
2025,1,LAS,DFW,NK,1.0,234.0
2025,1,LAS,DFW,NK,1.0,235.0
2025,1,LAS,DFW,NK,1.0,235.5
2025,1,LAS,DFW,NK,1.0,240.0
2025,1,LAS,DFW,NK,1.0,240.0
2025,1,LAS,DFW,NK,1.0,243.0
2025,1,LAS,DFW,NK,1.0,245.0
2025,1,LAS,DFW,NK,1.0,245.0
2025,1,LAS,DFW,NK,1.0,246.0
2025,1,LAS,DFW,NK,1.0,247.0
2025,1,LAS,DFW,NK,1.0,250.0
2025,1,LAS,DFW,NK,1.0,255.0
2025,1,LAS,DFW,NK,1.0,258.0
2025,1,LAS,DFW,NK,1.0,258.0
2025,1,LAS,DFW,NK,1.0,260.0
2025,1,LAS,DFW,NK,1.0,263.0
2025,1,LAS,DFW,NK,1.0,265.0
2025,1,LAS,DFW,NK,1.0,269.0
2025,1,LAS,DFW,NK,1.0,285.0
2025,1,LAS,DFW,NK,1.0,288.0
2025,1,LAS,DFW,NK,1.0,295.0
2025,1,LAS,DFW,NK,1.0,298.0
2025,1,LAS,DFW,NK,1.0,298.0
2025,1,LAS,DFW,NK,1.0,302.0
2025,1,LAS,DFW,NK,1.0,313.0
2025,1,LAS,DFW,NK,1.0,314.92
2025,1,LAS,DFW,NK,1.0,315.0
2025,1,LAS,DFW,NK,1.0,319.0
2025,1,LAS,DFW,NK,1.0,323.0
2025,1,LAS,DFW,NK,1.0,330.0
2025,1,LAS,DFW,NK,1.0,335.0
2025,1,LAS,DFW,NK,1.0,335.0
2025,1,LAS,DFW,NK,1.0,343.0
2025,1,LAS,DFW,NK,1.0,385.0
2025,1,LAS,DFW,NK,1.0,433.0
2025,1,LAS,DFW,NK,1.0,571.0
2025,1,LAS,DFW,NK,2.0,16.0
2025,1,LAS,DFW,NK,2.0,19.5
2025,1,LAS,DFW,NK,2.0,21.0
2025,1,LAS,DFW,NK,2.0,22.0
2025,1,LAS,DFW,NK,2.0,25.0
2025,1,LAS,DFW,NK,2.0,25.5
2025,1,LAS,DFW,NK,2.0,26.0
2025,1,LAS,DFW,NK,2.0,28.0
2025,1,LAS,DFW,NK,2.0,28.0
2025,1,LAS,DFW,NK,2.0,29.0
2025,1,LAS,DFW,NK,2.0,29.5
2025,1,LAS,DFW,NK,2.0,30.0
2025,1,LAS,DFW,NK,2.0,38.5
2025,1,LAS,DFW,NK,2.0,40.0
2025,1,LAS,DFW,NK,2.0,40.0
2025,1,LAS,DFW,NK,2.0,40.5
2025,1,LAS,DFW,NK,2.0,42.0
2025,1,LAS,DFW,NK,2.0,47.5
2025,1,LAS,DFW,NK,2.0,49.0
2025,1,LAS,DFW,NK,2.0,51.5
2025,1,LAS,DFW,NK,2.0,52.5
2025,1,LAS,DFW,NK,2.0,53.0
2025,1,LAS,DFW,NK,2.0,53.5
2025,1,LAS,DFW,NK,2.0,54.0
2025,1,LAS,DFW,NK,2.0,55.0
2025,1,LAS,DFW,NK,2.0,56.0
2025,1,LAS,DFW,NK,2.0,56.5
2025,1,LAS,DFW,NK,2.0,57.0
2025,1,LAS,DFW,NK,2.0,59.5
2025,1,LAS,DFW,NK,2.0,61.0
2025,1,LAS,DFW,NK,2.0,63.0
2025,1,LAS,DFW,NK,2.0,67.5
2025,1,LAS,DFW,NK,2.0,68.0
2025,1,LAS,DFW,NK,2.0,70.0
2025,1,LAS,DFW,NK,2.0,70.0
2025,1,LAS,DFW,NK,2.0,71.0
2025,1,LAS,DFW,NK,2.0,72.61
2025,1,LAS,DFW,NK,2.0,75.0
2025,1,LAS,DFW,NK,2.0,77.0
2025,1,LAS,DFW,NK,2.0,78.0
2025,1,LAS,DFW,NK,2.0,78.0
2025,1,LAS,DFW,NK,2.0,80.5
2025,1,LAS,DFW,NK,2.0,82.0
2025,1,LAS,DFW,NK,2.0,84.0
2025,1,LAS,DFW,NK,2.0,84.5
2025,1,LAS,DFW,NK,2.0,87.5
2025,1,LAS,DFW,NK,2.0,90.0
2025,1,LAS,DFW,NK,2.0,90.5
2025,1,LAS,DFW,NK,2.0,91.0
2025,1,LAS,DFW,NK,2.0,92.0
2025,1,LAS,DFW,NK,2.0,92.5
2025,1,LAS,DFW,NK,2.0,93.5
2025,1,LAS,DFW,NK,2.0,95.0
2025,1,LAS,DFW,NK,2.0,97.0
2025,1,LAS,DFW,NK,2.0,98.5
2025,1,LAS,DFW,NK,2.0,99.0
2025,1,LAS,DFW,NK,2.0,99.0
2025,1,LAS,DFW,NK,2.0,100.0
2025,1,LAS,DFW,NK,2.0,102.5
2025,1,LAS,DFW,NK,2.0,103.0
2025,1,LAS,DFW,NK,2.0,107.0
2025,1,LAS,DFW,NK,2.0,110.0
2025,1,LAS,DFW,NK,2.0,110.0
2025,1,LAS,DFW,NK,2.0,115.5
2025,1,LAS,DFW,NK,2.0,116.0
2025,1,LAS,DFW,NK,2.0,118.0
2025,1,LAS,DFW,NK,2.0,119.5
2025,1,LAS,DFW,NK,2.0,122.0
2025,1,LAS,DFW,NK,2.0,125.0
2025,1,LAS,DFW,NK,2.0,125.0
2025,1,LAS,DFW,NK,2.0,125.5
2025,1,LAS,DFW,NK,2.0,126.0
2025,1,LAS,DFW,NK,2.0,127.0
2025,1,LAS,DFW,NK,2.0,128.0
2025,1,LAS,DFW,NK,2.0,129.0
2025,1,LAS,DFW,NK,2.0,132.5
2025,1,LAS,DFW,NK,2.0,137.0
2025,1,LAS,DFW,NK,2.0,138.0
2025,1,LAS,DFW,NK,2.0,142.0
2025,1,LAS,DFW,NK,2.0,149.5
2025,1,LAS,DFW,NK,2.0,151.5
2025,1,LAS,DFW,NK,2.0,155.0
2025,1,LAS,DFW,NK,2.0,156.0
2025,1,LAS,DFW,NK,2.0,159.0
2025,1,LAS,DFW,NK,2.0,165.5
2025,1,LAS,DFW,NK,2.0,169.0
2025,1,LAS,DFW,NK,2.0,171.0
2025,1,LAS,DFW,NK,2.0,178.0
2025,1,LAS,DFW,NK,2.0,183.0
2025,1,LAS,DFW,NK,2.0,193.0
2025,1,LAS,DFW,NK,2.0,195.0
2025,1,LAS,DFW,NK,2.0,195.0
2025,1,LAS,DFW,NK,2.0,208.0
2025,1,LAS,DFW,NK,2.0,215.0
2025,1,LAS,DFW,NK,2.0,233.0
2025,1,LAS,DFW,NK,2.0,248.0
2025,1,LAS,DFW,NK,2.0,261.41
2025,1,LAS,DFW,NK,2.0,293.0
2025,1,LAS,DFW,NK,2.0,308.0
2025,1,LAS,DFW,NK,2.0,448.0
2025,1,LAS,DFW,NK,3.0,23.0
2025,1,LAS,DFW,NK,3.0,28.5
2025,1,LAS,DFW,NK,3.0,28.5
2025,1,LAS,DFW,NK,3.0,31.5
2025,1,LAS,DFW,NK,3.0,32.0
2025,1,LAS,DFW,NK,3.0,33.0
2025,1,LAS,DFW,NK,3.0,33.0
2025,1,LAS,DFW,NK,3.0,33.5
2025,1,LAS,DFW,NK,3.0,33.5
2025,1,LAS,DFW,NK,3.0,38.0
2025,1,LAS,DFW,NK,3.0,39.0
2025,1,LAS,DFW,NK,3.0,42.0
2025,1,LAS,DFW,NK,3.0,43.0
2025,1,LAS,DFW,NK,3.0,43.5
2025,1,LAS,DFW,NK,3.0,45.0
2025,1,LAS,DFW,NK,3.0,51.0
2025,1,LAS,DFW,NK,3.0,54.0
2025,1,LAS,DFW,NK,3.0,60.0
2025,1,LAS,DFW,NK,3.0,60.5
2025,1,LAS,DFW,NK,3.0,62.0
2025,1,LAS,DFW,NK,3.0,65.0
2025,1,LAS,DFW,NK,3.0,66.0
2025,1,LAS,DFW,NK,3.0,73.0
2025,1,LAS,DFW,NK,3.0,73.5
2025,1,LAS,DFW,NK,3.0,79.0
2025,1,LAS,DFW,NK,3.0,81.5
2025,1,LAS,DFW,NK,3.0,87.0
2025,1,LAS,DFW,NK,3.0,88.0
2025,1,LAS,DFW,NK,3.0,97.5
2025,1,LAS,DFW,NK,3.0,108.0
2025,1,LAS,DFW,NK,3.0,108.5
2025,1,LAS,DFW,NK,3.0,113.0
2025,1,LAS,DFW,NK,3.0,115.0
2025,1,LAS,DFW,NK,3.0,116.5
2025,1,LAS,DFW,NK,3.0,118.0
2025,1,LAS,DFW,NK,3.0,120.5
2025,1,LAS,DFW,NK,3.0,121.5
2025,1,LAS,DFW,NK,3.0,131.0
2025,1,LAS,DFW,NK,3.0,142.0
2025,1,LAS,DFW,NK,3.0,146.0
2025,1,LAS,DFW,NK,3.0,147.0
2025,1,LAS,DFW,NK,3.0,163.0
2025,1,LAS,DFW,NK,3.0,170.5
2025,1,LAS,DFW,NK,3.0,185.0
2025,1,LAS,DFW,NK,3.0,195.0
2025,1,LAS,DFW,NK,3.0,213.0
2025,1,LAS,DFW,NK,3.0,228.0
2025,1,LAS,DFW,NK,3.0,233.0
2025,1,LAS,DFW,NK,3.0,248.0
2025,1,LAS,DFW,NK,3.0,253.0
2025,1,LAS,DFW,NK,3.0,265.0
2025,1,LAS,DFW,NK,4.0,21.0
2025,1,LAS,DFW,NK,4.0,25.0
2025,1,LAS,DFW,NK,4.0,25.0
2025,1,LAS,DFW,NK,4.0,27.0
2025,1,LAS,DFW,NK,4.0,33.0
2025,1,LAS,DFW,NK,4.0,44.0
2025,1,LAS,DFW,NK,4.0,52.0
2025,1,LAS,DFW,NK,4.0,53.0
2025,1,LAS,DFW,NK,4.0,54.5
2025,1,LAS,DFW,NK,4.0,55.0
2025,1,LAS,DFW,NK,4.0,62.5
2025,1,LAS,DFW,NK,4.0,75.5
2025,1,LAS,DFW,NK,4.0,77.0
2025,1,LAS,DFW,NK,4.0,81.5
2025,1,LAS,DFW,NK,4.0,82.0
2025,1,LAS,DFW,NK,4.0,84.5
2025,1,LAS,DFW,NK,4.0,96.0
2025,1,LAS,DFW,NK,4.0,97.0
2025,1,LAS,DFW,NK,4.0,106.0
2025,1,LAS,DFW,NK,4.0,109.5
2025,1,LAS,DFW,NK,4.0,122.5
2025,1,LAS,DFW,NK,4.0,133.0
2025,1,LAS,DFW,NK,4.0,137.0
2025,1,LAS,DFW,NK,4.0,140.5
2025,1,LAS,DFW,NK,4.0,143.0
2025,1,LAS,DFW,NK,4.0,153.0
2025,1,LAS,DFW,NK,4.0,158.0
2025,1,LAS,DFW,NK,4.0,173.0
2025,1,LAS,DFW,NK,4.0,188.0
2025,1,LAS,DFW,NK,4.0,228.0
2025,1,LAS,DFW,NK,5.0,5.5
2025,1,LAS,DFW,NK,5.0,19.5
2025,1,LAS,DFW,NK,5.0,26.5
2025,1,LAS,DFW,NK,5.0,30.5
2025,1,LAS,DFW,NK,5.0,35.0
2025,1,LAS,DFW,NK,5.0,36.5
2025,1,LAS,DFW,NK,5.0,37.5
2025,1,LAS,DFW,NK,5.0,41.0
2025,1,LAS,DFW,NK,5.0,41.5
2025,1,LAS,DFW,NK,5.0,42.5
2025,1,LAS,DFW,NK,5.0,43.0
2025,1,LAS,DFW,NK,5.0,44.5
2025,1,LAS,DFW,NK,5.0,45.0
2025,1,LAS,DFW,NK,5.0,47.5
2025,1,LAS,DFW,NK,5.0,49.0
2025,1,LAS,DFW,NK,5.0,50.5
2025,1,LAS,DFW,NK,5.0,51.0
2025,1,LAS,DFW,NK,5.0,59.0
2025,1,LAS,DFW,NK,5.0,67.0
2025,1,LAS,DFW,NK,5.0,80.0
2025,1,LAS,DFW,NK,5.0,81.0
2025,1,LAS,DFW,NK,5.0,91.5
2025,1,LAS,DFW,NK,5.0,97.0
2025,1,LAS,DFW,NK,5.0,102.0
2025,1,LAS,DFW,NK,5.0,111.0
2025,1,LAS,DFW,NK,5.0,111.5
2025,1,LAS,DFW,NK,5.0,121.5
2025,1,LAS,DFW,NK,5.0,128.0
2025,1,LAS,DFW,NK,5.0,133.0
2025,1,LAS,DFW,NK,5.0,135.0
2025,1,LAS,DFW,NK,5.0,157.0
2025,1,LAS,DFW,NK,5.0,193.0
2025,1,LAS,DFW,NK,5.0,213.0
2025,1,LAS,DFW,NK,5.0,253.0
2025,1,LAS,DFW,NK,5.0,275.0
2025,1,LAS,DFW,NK,6.0,19.0
2025,1,LAS,DFW,NK,6.0,26.0
2025,1,LAS,DFW,NK,6.0,30.0
2025,1,LAS,DFW,NK,6.0,31.0
2025,1,LAS,DFW,NK,6.0,31.5
2025,1,LAS,DFW,NK,6.0,32.0
2025,1,LAS,DFW,NK,6.0,37.0
2025,1,LAS,DFW,NK,6.0,46.5
2025,1,LAS,DFW,NK,6.0,49.5
2025,1,LAS,DFW,NK,6.0,50.0
2025,1,LAS,DFW,NK,6.0,58.0
2025,1,LAS,DFW,NK,6.0,58.5
2025,1,LAS,DFW,NK,6.0,59.0
2025,1,LAS,DFW,NK,6.0,59.5
2025,1,LAS,DFW,NK,6.0,61.5
2025,1,LAS,DFW,NK,6.0,74.5
2025,1,LAS,DFW,NK,6.0,75.0
2025,1,LAS,DFW,NK,6.0,77.0
2025,1,LAS,DFW,NK,6.0,81.0
2025,1,LAS,DFW,NK,6.0,82.0
2025,1,LAS,DFW,NK,6.0,93.0
2025,1,LAS,DFW,NK,6.0,105.5
2025,1,LAS,DFW,NK,6.0,138.0
2025,1,LAS,DFW,NK,6.0,140.0
2025,1,LAS,DFW,NK,6.0,165.0
2025,1,LAS,DFW,NK,6.0,188.0
2025,1,LAS,DFW,NK,6.0,235.0
2025,1,LAS,DFW,NK,7.0,26.5
2025,1,LAS,DFW,NK,7.0,35.0
2025,1,LAS,DFW,NK,7.0,47.0
2025,1,LAS,DFW,NK,7.0,60.5
2025,1,LAS,DFW,NK,7.0,61.0
2025,1,LAS,DFW,NK,7.0,62.0
2025,1,LAS,DFW,NK,7.0,68.0
2025,1,LAS,DFW,NK,7.0,68.5
2025,1,LAS,DFW,NK,7.0,72.0
2025,1,LAS,DFW,NK,7.0,80.5
2025,1,LAS,DFW,NK,7.0,101.5
2025,1,LAS,DFW,NK,7.0,103.0
2025,1,LAS,DFW,NK,7.0,103.0
2025,1,LAS,DFW,NK,7.0,105.0
2025,1,LAS,DFW,NK,7.0,118.0
2025,1,LAS,DFW,NK,7.0,128.0
2025,1,LAS,DFW,NK,7.0,158.0
2025,1,LAS,DFW,NK,7.0,225.0
2025,1,LAS,DFW,NK,8.0,35.5
2025,1,LAS,DFW,NK,8.0,48.0
2025,1,LAS,DFW,NK,8.0,48.5
2025,1,LAS,DFW,NK,8.0,62.0
2025,1,LAS,DFW,NK,8.0,70.5
2025,1,LAS,DFW,NK,8.0,71.0
2025,1,LAS,DFW,NK,8.0,73.5
2025,1,LAS,DFW,NK,8.0,83.0
2025,1,LAS,DFW,NK,8.0,102.0
2025,1,LAS,DFW,NK,8.0,145.0
2025,1,LAS,DFW,NK,8.0,173.0
2025,1,LAS,DFW,NK,8.0,205.0
2025,1,LAS,DFW,NK,8.0,268.0
2025,1,LAS,DFW,NK,9.0,27.0
2025,1,LAS,DFW,NK,9.0,31.0
2025,1,LAS,DFW,NK,9.0,33.0
2025,1,LAS,DFW,NK,9.0,48.0
2025,1,LAS,DFW,NK,9.0,72.0
2025,1,LAS,DFW,NK,9.0,73.0
2025,1,LAS,DFW,NK,9.0,88.5
2025,1,LAS,DFW,NK,9.0,91.0
2025,1,LAS,DFW,NK,9.0,113.0
2025,1,LAS,DFW,NK,9.0,113.0
2025,1,LAS,DFW,NK,9.0,123.0
2025,1,LAS,DFW,NK,9.0,152.0
2025,1,LAS,DFW,NK,9.0,155.0
2025,1,LAS,DFW,NK,9.0,168.0
2025,1,LAS,DFW,NK,9.0,203.0
2025,1,LAS,DFW,NK,10.0,54.0
2025,1,LAS,DFW,NK,10.0,198.0
2025,1,LAS,DFW,NK,11.0,30.5
2025,1,LAS,DFW,NK,11.0,34.0
2025,1,LAS,DFW,NK,11.0,35.0
2025,1,LAS,DFW,NK,11.0,38.5
2025,1,LAS,DFW,NK,11.0,60.0
2025,1,LAS,DFW,NK,11.0,89.5
2025,1,LAS,DFW,NK,11.0,98.0
2025,1,LAS,DFW,NK,11.0,100.5
2025,1,LAS,DFW,NK,11.0,185.0
2025,1,LAS,DFW,NK,12.0,38.0
2025,1,LAS,DFW,NK,12.0,46.0
2025,1,LAS,DFW,NK,12.0,56.0
2025,1,LAS,DFW,NK,12.0,58.0
2025,1,LAS,DFW,NK,12.0,61.0
2025,1,LAS,DFW,NK,12.0,74.0
2025,1,LAS,DFW,NK,12.0,153.0
2025,1,LAS,DFW,NK,12.0,165.0
2025,1,LAS,DFW,NK,13.0,28.0
2025,1,LAS,DFW,NK,13.0,41.5
2025,1,LAS,DFW,NK,13.0,45.0
2025,1,LAS,DFW,NK,13.0,51.0
2025,1,LAS,DFW,NK,13.0,56.5
2025,1,LAS,DFW,NK,13.0,67.0
2025,1,LAS,DFW,NK,13.0,83.0
2025,1,LAS,DFW,NK,13.0,125.0
2025,1,LAS,DFW,NK,13.0,148.0
2025,1,LAS,DFW,NK,14.0,31.0
2025,1,LAS,DFW,NK,14.0,105.0
2025,1,LAS,DFW,NK,15.0,68.0
2025,1,LAS,DFW,NK,15.0,145.0
2025,1,LAS,DFW,NK,16.0,6.0
2025,1,LAS,DFW,NK,16.0,29.0
2025,1,LAS,DFW,NK,16.0,36.0
2025,1,LAS,DFW,NK,16.0,43.5
2025,1,LAS,DFW,NK,16.0,108.0
2025,1,LAS,DFW,NK,17.0,29.0
2025,1,LAS,DFW,NK,17.0,34.0
2025,1,LAS,DFW,NK,17.0,50.0
2025,1,LAS,DFW,NK,17.0,56.0
2025,1,LAS,DFW,NK,17.0,63.0
2025,1,LAS,DFW,NK,17.0,63.5
2025,1,LAS,DFW,NK,18.0,73.0
2025,1,LAS,DFW,NK,18.0,93.0
2025,1,LAS,DFW,NK,19.0,23.0
2025,1,LAS,DFW,NK,19.0,57.0
2025,1,LAS,DFW,NK,19.0,65.0
2025,1,LAS,DFW,NK,19.0,108.0
2025,1,LAS,DFW,NK,20.0,34.0
2025,1,LAS,DFW,NK,20.0,36.0
2025,1,LAS,DFW,NK,20.0,39.0
2025,1,LAS,DFW,NK,20.0,46.0
2025,1,LAS,DFW,NK,20.0,58.0
2025,1,LAS,DFW,NK,20.0,74.0
2025,1,LAS,DFW,NK,20.0,80.0
2025,1,LAS,DFW,NK,21.0,47.0
2025,1,LAS,DFW,NK,21.0,53.5
2025,1,LAS,DFW,NK,21.0,64.5
2025,1,LAS,DFW,NK,22.0,71.0
2025,1,LAS,DFW,NK,23.0,36.0
2025,1,LAS,DFW,NK,24.0,5.5
2025,1,LAS,DFW,NK,24.0,83.0
2025,1,LAS,DFW,NK,24.0,88.0
2025,1,LAS,DFW,NK,26.0,44.0
2025,1,LAS,DFW,NK,26.0,115.0
2025,1,LAS,DFW,NK,26.0,148.0
2025,1,LAS,DFW,NK,29.0,39.0
2025,1,LAS,DFW,NK,30.0,143.0
2025,1,LAS,DFW,NK,38.0,58.5
2025,1,LAS,DFW,NK,39.0,32.5
2025,1,LAS,DFW,NK,42.0,44.0
2025,1,LAS,DFW,NK,42.0,46.0
2025,1,LAS,DFW,NK,45.0,42.5
2025,1,LAS,LAX,NK,1.0,5.66
2025,1,LAS,LAX,NK,1.0,10.59
2025,1,LAS,LAX,NK,1.0,11.0
2025,1,LAS,LAX,NK,1.0,15.5
2025,1,LAS,LAX,NK,1.0,16.0
2025,1,LAS,LAX,NK,1.0,16.0
2025,1,LAS,LAX,NK,1.0,17.0
2025,1,LAS,LAX,NK,1.0,18.63
2025,1,LAS,LAX,NK,1.0,21.5
2025,1,LAS,LAX,NK,1.0,22.5
2025,1,LAS,LAX,NK,1.0,24.68
2025,1,LAS,LAX,NK,1.0,25.5
2025,1,LAS,LAX,NK,1.0,26.27
2025,1,LAS,LAX,NK,1.0,27.0
2025,1,LAS,LAX,NK,1.0,27.5
2025,1,LAS,LAX,NK,1.0,27.5
2025,1,LAS,LAX,NK,1.0,28.5
2025,1,LAS,LAX,NK,1.0,30.5
2025,1,LAS,LAX,NK,1.0,30.57
2025,1,LAS,LAX,NK,1.0,32.39
2025,1,LAS,LAX,NK,1.0,32.49
2025,1,LAS,LAX,NK,1.0,33.0
2025,1,LAS,LAX,NK,1.0,34.5
2025,1,LAS,LAX,NK,1.0,36.5
2025,1,LAS,LAX,NK,1.0,40.0
2025,1,LAS,LAX,NK,1.0,42.0
2025,1,LAS,LAX,NK,1.0,42.5
2025,1,LAS,LAX,NK,1.0,45.0
2025,1,LAS,LAX,NK,1.0,45.0
2025,1,LAS,LAX,NK,1.0,46.0
2025,1,LAS,LAX,NK,1.0,46.13
2025,1,LAS,LAX,NK,1.0,46.5
2025,1,LAS,LAX,NK,1.0,46.5
2025,1,LAS,LAX,NK,1.0,47.5
2025,1,LAS,LAX,NK,1.0,49.5
2025,1,LAS,LAX,NK,1.0,50.0
2025,1,LAS,LAX,NK,1.0,51.5
2025,1,LAS,LAX,NK,1.0,51.93
2025,1,LAS,LAX,NK,1.0,52.0
2025,1,LAS,LAX,NK,1.0,52.5
2025,1,LAS,LAX,NK,1.0,53.0
2025,1,LAS,LAX,NK,1.0,53.47
2025,1,LAS,LAX,NK,1.0,54.0
2025,1,LAS,LAX,NK,1.0,54.0
2025,1,LAS,LAX,NK,1.0,54.5
2025,1,LAS,LAX,NK,1.0,54.96
2025,1,LAS,LAX,NK,1.0,56.0
2025,1,LAS,LAX,NK,1.0,56.7
2025,1,LAS,LAX,NK,1.0,57.0
2025,1,LAS,LAX,NK,1.0,57.5
2025,1,LAS,LAX,NK,1.0,58.5
2025,1,LAS,LAX,NK,1.0,58.5
2025,1,LAS,LAX,NK,1.0,59.5
2025,1,LAS,LAX,NK,1.0,59.5
2025,1,LAS,LAX,NK,1.0,60.0
2025,1,LAS,LAX,NK,1.0,60.0
2025,1,LAS,LAX,NK,1.0,60.0
2025,1,LAS,LAX,NK,1.0,61.0
2025,1,LAS,LAX,NK,1.0,63.5
2025,1,LAS,LAX,NK,1.0,64.0
2025,1,LAS,LAX,NK,1.0,64.5
2025,1,LAS,LAX,NK,1.0,65.5
2025,1,LAS,LAX,NK,1.0,66.5
2025,1,LAS,LAX,NK,1.0,67.0
2025,1,LAS,LAX,NK,1.0,68.5
2025,1,LAS,LAX,NK,1.0,70.5
2025,1,LAS,LAX,NK,1.0,71.0
2025,1,LAS,LAX,NK,1.0,71.0
2025,1,LAS,LAX,NK,1.0,71.5
2025,1,LAS,LAX,NK,1.0,71.5
2025,1,LAS,LAX,NK,1.0,72.5
2025,1,LAS,LAX,NK,1.0,73.5
2025,1,LAS,LAX,NK,1.0,74.0
2025,1,LAS,LAX,NK,1.0,74.0
2025,1,LAS,LAX,NK,1.0,74.55
2025,1,LAS,LAX,NK,1.0,75.0
2025,1,LAS,LAX,NK,1.0,77.0
2025,1,LAS,LAX,NK,1.0,78.0
2025,1,LAS,LAX,NK,1.0,78.0
2025,1,LAS,LAX,NK,1.0,79.0
2025,1,LAS,LAX,NK,1.0,80.5
2025,1,LAS,LAX,NK,1.0,80.5
2025,1,LAS,LAX,NK,1.0,81.0
2025,1,LAS,LAX,NK,1.0,81.0
2025,1,LAS,LAX,NK,1.0,84.0
2025,1,LAS,LAX,NK,1.0,85.0
2025,1,LAS,LAX,NK,1.0,86.0
2025,1,LAS,LAX,NK,1.0,87.0
2025,1,LAS,LAX,NK,1.0,87.5
2025,1,LAS,LAX,NK,1.0,88.0
2025,1,LAS,LAX,NK,1.0,88.5
2025,1,LAS,LAX,NK,1.0,89.46
2025,1,LAS,LAX,NK,1.0,91.0
2025,1,LAS,LAX,NK,1.0,92.0
2025,1,LAS,LAX,NK,1.0,94.0
2025,1,LAS,LAX,NK,1.0,94.61
2025,1,LAS,LAX,NK,1.0,95.5
2025,1,LAS,LAX,NK,1.0,100.0
2025,1,LAS,LAX,NK,1.0,101.0
2025,1,LAS,LAX,NK,1.0,102.0
2025,1,LAS,LAX,NK,1.0,106.0
2025,1,LAS,LAX,NK,1.0,106.5
2025,1,LAS,LAX,NK,1.0,107.0
2025,1,LAS,LAX,NK,1.0,107.5
2025,1,LAS,LAX,NK,1.0,112.0
2025,1,LAS,LAX,NK,1.0,112.0
2025,1,LAS,LAX,NK,1.0,113.4
2025,1,LAS,LAX,NK,1.0,115.0
2025,1,LAS,LAX,NK,1.0,115.5
2025,1,LAS,LAX,NK,1.0,116.0
2025,1,LAS,LAX,NK,1.0,117.0
2025,1,LAS,LAX,NK,1.0,123.5
2025,1,LAS,LAX,NK,1.0,123.91
2025,1,LAS,LAX,NK,1.0,125.0
2025,1,LAS,LAX,NK,1.0,126.0
2025,1,LAS,LAX,NK,1.0,128.0
2025,1,LAS,LAX,NK,1.0,129.0
2025,1,LAS,LAX,NK,1.0,132.0
2025,1,LAS,LAX,NK,1.0,135.0
2025,1,LAS,LAX,NK,1.0,135.5
2025,1,LAS,LAX,NK,1.0,138.0
2025,1,LAS,LAX,NK,1.0,143.0
2025,1,LAS,LAX,NK,1.0,147.0
2025,1,LAS,LAX,NK,1.0,148.0
2025,1,LAS,LAX,NK,1.0,151.5
2025,1,LAS,LAX,NK,1.0,160.0
2025,1,LAS,LAX,NK,1.0,161.0
2025,1,LAS,LAX,NK,1.0,167.0
2025,1,LAS,LAX,NK,1.0,170.0
2025,1,LAS,LAX,NK,1.0,174.0
2025,1,LAS,LAX,NK,1.0,175.0
2025,1,LAS,LAX,NK,1.0,189.0
2025,1,LAS,LAX,NK,1.0,193.0
2025,1,LAS,LAX,NK,1.0,195.0
2025,1,LAS,LAX,NK,1.0,200.0
2025,1,LAS,LAX,NK,1.0,223.0
2025,1,LAS,LAX,NK,1.0,224.0
2025,1,LAS,LAX,NK,1.0,224.0
2025,1,LAS,LAX,NK,1.0,252.0
2025,1,LAS,LAX,NK,1.0,253.0
2025,1,LAS,LAX,NK,1.0,346.0
2025,1,LAS,LAX,NK,1.0,386.0
2025,1,LAS,LAX,NK,1.0,390.0
2025,1,LAS,LAX,NK,2.0,5.5
2025,1,LAS,LAX,NK,2.0,17.0
2025,1,LAS,LAX,NK,2.0,19.0
2025,1,LAS,LAX,NK,2.0,20.5
2025,1,LAS,LAX,NK,2.0,21.5
2025,1,LAS,LAX,NK,2.0,22.0
2025,1,LAS,LAX,NK,2.0,25.0
2025,1,LAS,LAX,NK,2.0,26.5
2025,1,LAS,LAX,NK,2.0,30.5
2025,1,LAS,LAX,NK,2.0,31.5
2025,1,LAS,LAX,NK,2.0,32.0
2025,1,LAS,LAX,NK,2.0,33.0
2025,1,LAS,LAX,NK,2.0,34.0
2025,1,LAS,LAX,NK,2.0,35.5
2025,1,LAS,LAX,NK,2.0,36.0
2025,1,LAS,LAX,NK,2.0,38.0
2025,1,LAS,LAX,NK,2.0,38.5
2025,1,LAS,LAX,NK,2.0,39.5
2025,1,LAS,LAX,NK,2.0,40.5
2025,1,LAS,LAX,NK,2.0,41.5
2025,1,LAS,LAX,NK,2.0,43.0
2025,1,LAS,LAX,NK,2.0,43.0
2025,1,LAS,LAX,NK,2.0,44.0
2025,1,LAS,LAX,NK,2.0,44.5
2025,1,LAS,LAX,NK,2.0,45.5
2025,1,LAS,LAX,NK,2.0,46.0
2025,1,LAS,LAX,NK,2.0,49.0
2025,1,LAS,LAX,NK,2.0,49.0
2025,1,LAS,LAX,NK,2.0,50.5
2025,1,LAS,LAX,NK,2.0,50.5
2025,1,LAS,LAX,NK,2.0,51.5
2025,1,LAS,LAX,NK,2.0,54.5
2025,1,LAS,LAX,NK,2.0,55.5
2025,1,LAS,LAX,NK,2.0,56.0
2025,1,LAS,LAX,NK,2.0,60.5
2025,1,LAS,LAX,NK,2.0,61.5
2025,1,LAS,LAX,NK,2.0,62.0
2025,1,LAS,LAX,NK,2.0,63.0
2025,1,LAS,LAX,NK,2.0,64.0
2025,1,LAS,LAX,NK,2.0,66.0
2025,1,LAS,LAX,NK,2.0,66.5
2025,1,LAS,LAX,NK,2.0,67.0
2025,1,LAS,LAX,NK,2.0,67.5
2025,1,LAS,LAX,NK,2.0,69.5
2025,1,LAS,LAX,NK,2.0,73.0
2025,1,LAS,LAX,NK,2.0,75.5
2025,1,LAS,LAX,NK,2.0,76.0
2025,1,LAS,LAX,NK,2.0,76.5
2025,1,LAS,LAX,NK,2.0,79.0
2025,1,LAS,LAX,NK,2.0,89.0
2025,1,LAS,LAX,NK,2.0,90.0
2025,1,LAS,LAX,NK,2.0,91.0
2025,1,LAS,LAX,NK,2.0,91.0
2025,1,LAS,LAX,NK,2.0,93.0
2025,1,LAS,LAX,NK,2.0,96.0
2025,1,LAS,LAX,NK,2.0,97.5
2025,1,LAS,LAX,NK,2.0,98.0
2025,1,LAS,LAX,NK,2.0,98.0
2025,1,LAS,LAX,NK,2.0,103.0
2025,1,LAS,LAX,NK,2.0,108.0
2025,1,LAS,LAX,NK,2.0,118.0
2025,1,LAS,LAX,NK,2.0,119.0
2025,1,LAS,LAX,NK,2.0,145.0
2025,1,LAS,LAX,NK,2.0,204.0
2025,1,LAS,LAX,NK,2.0,232.0
2025,1,LAS,LAX,NK,2.0,394.0
2025,1,LAS,LAX,NK,3.0,19.0
2025,1,LAS,LAX,NK,3.0,20.0
2025,1,LAS,LAX,NK,3.0,23.0
2025,1,LAS,LAX,NK,3.0,28.0
2025,1,LAS,LAX,NK,3.0,29.0
2025,1,LAS,LAX,NK,3.0,31.5
2025,1,LAS,LAX,NK,3.0,32.0
2025,1,LAS,LAX,NK,3.0,33.5
2025,1,LAS,LAX,NK,3.0,39.5
2025,1,LAS,LAX,NK,3.0,42.0
2025,1,LAS,LAX,NK,3.0,42.5
2025,1,LAS,LAX,NK,3.0,45.5
2025,1,LAS,LAX,NK,3.0,48.0
2025,1,LAS,LAX,NK,3.0,49.0
2025,1,LAS,LAX,NK,3.0,49.5
2025,1,LAS,LAX,NK,3.0,52.0
2025,1,LAS,LAX,NK,3.0,52.5
2025,1,LAS,LAX,NK,3.0,53.5
2025,1,LAS,LAX,NK,3.0,54.5
2025,1,LAS,LAX,NK,3.0,55.0
2025,1,LAS,LAX,NK,3.0,57.0
2025,1,LAS,LAX,NK,3.0,60.5
2025,1,LAS,LAX,NK,3.0,61.0
2025,1,LAS,LAX,NK,3.0,61.5
2025,1,LAS,LAX,NK,3.0,63.0
2025,1,LAS,LAX,NK,3.0,65.0
2025,1,LAS,LAX,NK,3.0,66.0
2025,1,LAS,LAX,NK,3.0,67.5
2025,1,LAS,LAX,NK,3.0,68.0
2025,1,LAS,LAX,NK,3.0,69.0
2025,1,LAS,LAX,NK,3.0,70.0
2025,1,LAS,LAX,NK,3.0,70.5
2025,1,LAS,LAX,NK,3.0,101.0
2025,1,LAS,LAX,NK,3.0,105.5
2025,1,LAS,LAX,NK,3.0,112.0
2025,1,LAS,LAX,NK,3.0,118.0
2025,1,LAS,LAX,NK,3.0,141.0
2025,1,LAS,LAX,NK,3.0,167.0
2025,1,LAS,LAX,NK,4.0,17.0
2025,1,LAS,LAX,NK,4.0,22.0
2025,1,LAS,LAX,NK,4.0,22.5
2025,1,LAS,LAX,NK,4.0,31.0
2025,1,LAS,LAX,NK,4.0,31.0
2025,1,LAS,LAX,NK,4.0,32.5
2025,1,LAS,LAX,NK,4.0,37.0
2025,1,LAS,LAX,NK,4.0,56.0
2025,1,LAS,LAX,NK,4.0,62.5
2025,1,LAS,LAX,NK,4.0,72.0
2025,1,LAS,LAX,NK,4.0,73.5
2025,1,LAS,LAX,NK,4.0,75.0
2025,1,LAS,LAX,NK,4.0,79.0
2025,1,LAS,LAX,NK,4.0,83.0
2025,1,LAS,LAX,NK,4.0,85.5
2025,1,LAS,LAX,NK,4.0,89.0
2025,1,LAS,LAX,NK,4.0,117.0
2025,1,LAS,LAX,NK,5.0,23.0
2025,1,LAS,LAX,NK,5.0,29.0
2025,1,LAS,LAX,NK,5.0,33.5
2025,1,LAS,LAX,NK,5.0,37.5
2025,1,LAS,LAX,NK,5.0,39.0
2025,1,LAS,LAX,NK,5.0,47.0
2025,1,LAS,LAX,NK,5.0,53.0
2025,1,LAS,LAX,NK,5.0,55.0
2025,1,LAS,LAX,NK,5.0,64.5
2025,1,LAS,LAX,NK,5.0,65.0
2025,1,LAS,LAX,NK,5.0,80.0
2025,1,LAS,LAX,NK,5.0,94.0
2025,1,LAS,LAX,NK,6.0,26.0
2025,1,LAS,LAX,NK,6.0,28.0
2025,1,LAS,LAX,NK,6.0,35.0
2025,1,LAS,LAX,NK,6.0,39.0
2025,1,LAS,LAX,NK,6.0,40.0
2025,1,LAS,LAX,NK,6.0,50.0
2025,1,LAS,LAX,NK,6.0,56.5
2025,1,LAS,LAX,NK,6.0,59.0
2025,1,LAS,LAX,NK,6.0,122.0
2025,1,LAS,LAX,NK,7.0,20.0
2025,1,LAS,LAX,NK,7.0,29.5
2025,1,LAS,LAX,NK,7.0,38.0
2025,1,LAS,LAX,NK,7.0,41.0
2025,1,LAS,LAX,NK,7.0,43.5
2025,1,LAS,LAX,NK,7.0,47.5
2025,1,LAS,LAX,NK,7.0,51.0
2025,1,LAS,LAX,NK,7.0,53.5
2025,1,LAS,LAX,NK,7.0,58.0
2025,1,LAS,LAX,NK,7.0,105.0
2025,1,LAS,LAX,NK,7.0,123.0
2025,1,LAS,LAX,NK,7.0,163.0
2025,1,LAS,LAX,NK,8.0,25.0
2025,1,LAS,LAX,NK,8.0,29.0
2025,1,LAS,LAX,NK,8.0,30.0
2025,1,LAS,LAX,NK,8.0,42.0
2025,1,LAS,LAX,NK,8.0,44.0
2025,1,LAS,LAX,NK,8.0,46.0
2025,1,LAS,LAX,NK,8.0,48.5
2025,1,LAS,LAX,NK,8.0,52.0
2025,1,LAS,LAX,NK,8.0,68.0
2025,1,LAS,LAX,NK,8.0,97.0
2025,1,LAS,LAX,NK,9.0,19.5
2025,1,LAS,LAX,NK,9.0,26.5
2025,1,LAS,LAX,NK,9.0,33.0
2025,1,LAS,LAX,NK,9.0,44.5
2025,1,LAS,LAX,NK,9.0,56.5
2025,1,LAS,LAX,NK,9.0,69.0
2025,1,LAS,LAX,NK,9.0,83.0
2025,1,LAS,LAX,NK,9.0,152.0
2025,1,LAS,LAX,NK,10.0,19.5
2025,1,LAS,LAX,NK,10.0,27.0
2025,1,LAS,LAX,NK,10.0,30.0
2025,1,LAS,LAX,NK,10.0,36.0
2025,1,LAS,LAX,NK,10.0,59.0
2025,1,LAS,LAX,NK,11.0,5.5
2025,1,LAS,LAX,NK,11.0,54.0
2025,1,LAS,LAX,NK,11.0,62.0
2025,1,LAS,LAX,NK,12.0,24.5
2025,1,LAS,LAX,NK,12.0,37.5
2025,1,LAS,LAX,NK,12.0,137.0
2025,1,LAS,LAX,NK,13.0,24.0
2025,1,LAS,LAX,NK,13.0,72.0
2025,1,LAS,LAX,NK,14.0,25.0
2025,1,LAS,LAX,NK,14.0,43.0
2025,1,LAS,LAX,NK,14.0,62.0
2025,1,LAS,LAX,NK,15.0,38.5
2025,1,LAS,LAX,NK,16.0,6.0
2025,1,LAS,LAX,NK,16.0,26.0
2025,1,LAS,LAX,NK,16.0,59.0
2025,1,LAS,LAX,NK,18.0,34.0
2025,1,LAS,LAX,NK,18.0,35.0
2025,1,LAS,LAX,NK,19.0,48.0
2025,1,LAS,LAX,NK,20.0,47.0
2025,1,LAS,LAX,NK,20.0,88.0
2025,1,LAS,LAX,NK,20.0,93.0
2025,1,LAS,LAX,NK,22.0,77.0
2025,1,LAS,LAX,NK,23.0,30.0
2025,1,LAS,LAX,NK,23.0,45.0
2025,1,LAS,LAX,NK,23.0,65.0
2025,1,LAS,LAX,NK,24.0,32.0
2025,1,LAS,LAX,NK,25.0,73.0
2025,1,LAS,LAX,NK,25.0,84.0
2025,1,LAS,LAX,NK,26.0,94.0
2025,1,LAS,LAX,NK,27.0,51.0
2025,1,LAS,LAX,NK,28.0,24.0
2025,1,LAS,LAX,NK,28.0,35.0
2025,1,LAS,LAX,NK,28.0,58.0
2025,1,LAS,LAX,NK,28.0,72.0
2025,1,LAS,LAX,NK,29.0,38.0
2025,1,LAS,LAX,NK,31.0,55.0
2025,1,LAS,LAX,NK,32.0,58.0
2025,1,LAS,LAX,NK,33.0,28.0
2025,1,LAS,LAX,NK,33.0,48.0
2025,1,LAS,LAX,NK,37.0,24.0
2025,1,LAS,LAX,NK,37.0,24.5
2025,1,LAS,LAX,NK,37.0,39.0
2025,1,LAS,LAX,NK,38.0,63.0
2025,1,LAS,LAX,NK,39.0,19.0
2025,1,LAS,LAX,NK,48.0,34.0
2025,1,LAS,LAX,NK,49.0,97.0
2025,1,LAS,LAX,NK,51.0,21.0
2025,1,LAS,LAX,NK,58.0,47.0
2025,1,LAS,LAX,NK,86.0,69.0
2025,1,LAS,LAX,NK,118.0,21.0
2025,1,LAS,LAX,NK,196.0,21.0
2025,1,LAS,ATL,NK,1.0,5.5
2025,1,LAS,ATL,NK,1.0,5.5
2025,1,LAS,ATL,NK,1.0,15.0
2025,1,LAS,ATL,NK,1.0,16.0
2025,1,LAS,ATL,NK,1.0,20.5
2025,1,LAS,ATL,NK,1.0,30.0
2025,1,LAS,ATL,NK,1.0,31.64
2025,1,LAS,ATL,NK,1.0,32.0
2025,1,LAS,ATL,NK,1.0,33.0
2025,1,LAS,ATL,NK,1.0,34.0
2025,1,LAS,ATL,NK,1.0,35.0
2025,1,LAS,ATL,NK,1.0,36.0
2025,1,LAS,ATL,NK,1.0,37.0
2025,1,LAS,ATL,NK,1.0,39.0
2025,1,LAS,ATL,NK,1.0,39.12
2025,1,LAS,ATL,NK,1.0,40.12
2025,1,LAS,ATL,NK,1.0,42.5
2025,1,LAS,ATL,NK,1.0,43.0
2025,1,LAS,ATL,NK,1.0,43.02
2025,1,LAS,ATL,NK,1.0,44.05
2025,1,LAS,ATL,NK,1.0,45.0
2025,1,LAS,ATL,NK,1.0,45.0
2025,1,LAS,ATL,NK,1.0,45.5
2025,1,LAS,ATL,NK,1.0,46.66
2025,1,LAS,ATL,NK,1.0,47.0
2025,1,LAS,ATL,NK,1.0,47.0
2025,1,LAS,ATL,NK,1.0,47.47
2025,1,LAS,ATL,NK,1.0,48.0
2025,1,LAS,ATL,NK,1.0,48.0
2025,1,LAS,ATL,NK,1.0,49.0
2025,1,LAS,ATL,NK,1.0,49.0
2025,1,LAS,ATL,NK,1.0,50.0
2025,1,LAS,ATL,NK,1.0,50.0
2025,1,LAS,ATL,NK,1.0,51.0
2025,1,LAS,ATL,NK,1.0,51.0
2025,1,LAS,ATL,NK,1.0,51.58
2025,1,LAS,ATL,NK,1.0,52.0
2025,1,LAS,ATL,NK,1.0,52.0
2025,1,LAS,ATL,NK,1.0,53.0
2025,1,LAS,ATL,NK,1.0,53.0
2025,1,LAS,ATL,NK,1.0,55.0
2025,1,LAS,ATL,NK,1.0,55.0
2025,1,LAS,ATL,NK,1.0,55.33
2025,1,LAS,ATL,NK,1.0,55.4
2025,1,LAS,ATL,NK,1.0,55.5
2025,1,LAS,ATL,NK,1.0,56.0
2025,1,LAS,ATL,NK,1.0,57.0
2025,1,LAS,ATL,NK,1.0,57.79
2025,1,LAS,ATL,NK,1.0,58.0
2025,1,LAS,ATL,NK,1.0,58.69
2025,1,LAS,ATL,NK,1.0,59.0
2025,1,LAS,ATL,NK,1.0,59.0
2025,1,LAS,ATL,NK,1.0,59.5
2025,1,LAS,ATL,NK,1.0,60.0
2025,1,LAS,ATL,NK,1.0,60.5
2025,1,LAS,ATL,NK,1.0,61.0
2025,1,LAS,ATL,NK,1.0,61.0
2025,1,LAS,ATL,NK,1.0,61.5
2025,1,LAS,ATL,NK,1.0,63.43
2025,1,LAS,ATL,NK,1.0,63.5
2025,1,LAS,ATL,NK,1.0,64.0
2025,1,LAS,ATL,NK,1.0,64.0
2025,1,LAS,ATL,NK,1.0,64.0
2025,1,LAS,ATL,NK,1.0,64.43
2025,1,LAS,ATL,NK,1.0,65.0
2025,1,LAS,ATL,NK,1.0,65.43
2025,1,LAS,ATL,NK,1.0,65.5
2025,1,LAS,ATL,NK,1.0,65.66
2025,1,LAS,ATL,NK,1.0,66.0
2025,1,LAS,ATL,NK,1.0,66.0
2025,1,LAS,ATL,NK,1.0,66.21
2025,1,LAS,ATL,NK,1.0,66.35
2025,1,LAS,ATL,NK,1.0,67.0
2025,1,LAS,ATL,NK,1.0,67.0
2025,1,LAS,ATL,NK,1.0,67.06
2025,1,LAS,ATL,NK,1.0,67.5
2025,1,LAS,ATL,NK,1.0,68.0
2025,1,LAS,ATL,NK,1.0,68.84
2025,1,LAS,ATL,NK,1.0,68.9
2025,1,LAS,ATL,NK,1.0,69.0
2025,1,LAS,ATL,NK,1.0,69.0
2025,1,LAS,ATL,NK,1.0,69.0
2025,1,LAS,ATL,NK,1.0,69.5
2025,1,LAS,ATL,NK,1.0,69.5
2025,1,LAS,ATL,NK,1.0,70.0
2025,1,LAS,ATL,NK,1.0,70.0
2025,1,LAS,ATL,NK,1.0,70.02
2025,1,LAS,ATL,NK,1.0,70.5
2025,1,LAS,ATL,NK,1.0,71.5
2025,1,LAS,ATL,NK,1.0,72.5
2025,1,LAS,ATL,NK,1.0,73.0
2025,1,LAS,ATL,NK,1.0,73.0
2025,1,LAS,ATL,NK,1.0,73.28
2025,1,LAS,ATL,NK,1.0,73.66
2025,1,LAS,ATL,NK,1.0,74.5
2025,1,LAS,ATL,NK,1.0,74.98
2025,1,LAS,ATL,NK,1.0,75.5
2025,1,LAS,ATL,NK,1.0,76.0
2025,1,LAS,ATL,NK,1.0,76.0
2025,1,LAS,ATL,NK,1.0,76.31
2025,1,LAS,ATL,NK,1.0,76.5
2025,1,LAS,ATL,NK,1.0,78.0
2025,1,LAS,ATL,NK,1.0,78.36
2025,1,LAS,ATL,NK,1.0,79.0
2025,1,LAS,ATL,NK,1.0,79.88
2025,1,LAS,ATL,NK,1.0,80.11
2025,1,LAS,ATL,NK,1.0,80.45
2025,1,LAS,ATL,NK,1.0,81.5
2025,1,LAS,ATL,NK,1.0,82.5
2025,1,LAS,ATL,NK,1.0,83.0
2025,1,LAS,ATL,NK,1.0,83.13
2025,1,LAS,ATL,NK,1.0,84.26
2025,1,LAS,ATL,NK,1.0,84.63
2025,1,LAS,ATL,NK,1.0,85.5
2025,1,LAS,ATL,NK,1.0,85.97
2025,1,LAS,ATL,NK,1.0,86.0
2025,1,LAS,ATL,NK,1.0,86.0
2025,1,LAS,ATL,NK,1.0,86.65
2025,1,LAS,ATL,NK,1.0,88.5
2025,1,LAS,ATL,NK,1.0,88.97
2025,1,LAS,ATL,NK,1.0,91.0
2025,1,LAS,ATL,NK,1.0,92.5
2025,1,LAS,ATL,NK,1.0,92.66
2025,1,LAS,ATL,NK,1.0,93.0
2025,1,LAS,ATL,NK,1.0,93.5
2025,1,LAS,ATL,NK,1.0,93.84
2025,1,LAS,ATL,NK,1.0,94.0
2025,1,LAS,ATL,NK,1.0,94.0
2025,1,LAS,ATL,NK,1.0,94.08
2025,1,LAS,ATL,NK,1.0,94.32
2025,1,LAS,ATL,NK,1.0,94.5
2025,1,LAS,ATL,NK,1.0,95.0
2025,1,LAS,ATL,NK,1.0,95.08
2025,1,LAS,ATL,NK,1.0,95.5
2025,1,LAS,ATL,NK,1.0,96.0
2025,1,LAS,ATL,NK,1.0,96.0
2025,1,LAS,ATL,NK,1.0,96.96
2025,1,LAS,ATL,NK,1.0,97.0
2025,1,LAS,ATL,NK,1.0,97.39
2025,1,LAS,ATL,NK,1.0,97.9
2025,1,LAS,ATL,NK,1.0,98.38
2025,1,LAS,ATL,NK,1.0,99.0
2025,1,LAS,ATL,NK,1.0,100.0
2025,1,LAS,ATL,NK,1.0,100.65
2025,1,LAS,ATL,NK,1.0,102.5
2025,1,LAS,ATL,NK,1.0,103.0
2025,1,LAS,ATL,NK,1.0,103.44
2025,1,LAS,ATL,NK,1.0,103.5
2025,1,LAS,ATL,NK,1.0,104.0
2025,1,LAS,ATL,NK,1.0,104.41
2025,1,LAS,ATL,NK,1.0,104.96
2025,1,LAS,ATL,NK,1.0,105.0
2025,1,LAS,ATL,NK,1.0,105.89
2025,1,LAS,ATL,NK,1.0,106.0
2025,1,LAS,ATL,NK,1.0,106.0
2025,1,LAS,ATL,NK,1.0,107.0
2025,1,LAS,ATL,NK,1.0,108.0
2025,1,LAS,ATL,NK,1.0,108.0
2025,1,LAS,ATL,NK,1.0,108.89
2025,1,LAS,ATL,NK,1.0,109.5
2025,1,LAS,ATL,NK,1.0,110.09
2025,1,LAS,ATL,NK,1.0,110.2
2025,1,LAS,ATL,NK,1.0,113.0
2025,1,LAS,ATL,NK,1.0,114.5
2025,1,LAS,ATL,NK,1.0,115.0
2025,1,LAS,ATL,NK,1.0,115.0
2025,1,LAS,ATL,NK,1.0,115.1
2025,1,LAS,ATL,NK,1.0,117.5
2025,1,LAS,ATL,NK,1.0,118.1
2025,1,LAS,ATL,NK,1.0,118.5
2025,1,LAS,ATL,NK,1.0,118.5
2025,1,LAS,ATL,NK,1.0,119.23
2025,1,LAS,ATL,NK,1.0,120.5
2025,1,LAS,ATL,NK,1.0,120.52
2025,1,LAS,ATL,NK,1.0,121.0
2025,1,LAS,ATL,NK,1.0,121.0
2025,1,LAS,ATL,NK,1.0,121.5
2025,1,LAS,ATL,NK,1.0,122.0
2025,1,LAS,ATL,NK,1.0,122.0
2025,1,LAS,ATL,NK,1.0,123.5
2025,1,LAS,ATL,NK,1.0,124.5
2025,1,LAS,ATL,NK,1.0,125.0
2025,1,LAS,ATL,NK,1.0,125.44
2025,1,LAS,ATL,NK,1.0,126.0
2025,1,LAS,ATL,NK,1.0,127.0
2025,1,LAS,ATL,NK,1.0,127.0
2025,1,LAS,ATL,NK,1.0,127.5
2025,1,LAS,ATL,NK,1.0,127.5
2025,1,LAS,ATL,NK,1.0,128.0
2025,1,LAS,ATL,NK,1.0,129.0
2025,1,LAS,ATL,NK,1.0,130.0
2025,1,LAS,ATL,NK,1.0,131.0
2025,1,LAS,ATL,NK,1.0,131.0
2025,1,LAS,ATL,NK,1.0,131.76
2025,1,LAS,ATL,NK,1.0,132.0
2025,1,LAS,ATL,NK,1.0,132.0
2025,1,LAS,ATL,NK,1.0,132.5
2025,1,LAS,ATL,NK,1.0,133.0
2025,1,LAS,ATL,NK,1.0,133.0
2025,1,LAS,ATL,NK,1.0,133.5
2025,1,LAS,ATL,NK,1.0,133.69
2025,1,LAS,ATL,NK,1.0,134.0
2025,1,LAS,ATL,NK,1.0,134.5
2025,1,LAS,ATL,NK,1.0,135.0
2025,1,LAS,ATL,NK,1.0,135.5
2025,1,LAS,ATL,NK,1.0,136.0
2025,1,LAS,ATL,NK,1.0,136.0
2025,1,LAS,ATL,NK,1.0,136.0
2025,1,LAS,ATL,NK,1.0,136.0
2025,1,LAS,ATL,NK,1.0,137.0
2025,1,LAS,ATL,NK,1.0,138.0
2025,1,LAS,ATL,NK,1.0,139.0
2025,1,LAS,ATL,NK,1.0,139.0
2025,1,LAS,ATL,NK,1.0,139.93
2025,1,LAS,ATL,NK,1.0,140.91
2025,1,LAS,ATL,NK,1.0,141.0
2025,1,LAS,ATL,NK,1.0,142.0
2025,1,LAS,ATL,NK,1.0,144.0
2025,1,LAS,ATL,NK,1.0,144.24
2025,1,LAS,ATL,NK,1.0,145.0
2025,1,LAS,ATL,NK,1.0,145.75
2025,1,LAS,ATL,NK,1.0,146.0
2025,1,LAS,ATL,NK,1.0,146.0
2025,1,LAS,ATL,NK,1.0,146.79
2025,1,LAS,ATL,NK,1.0,147.0
2025,1,LAS,ATL,NK,1.0,147.0
2025,1,LAS,ATL,NK,1.0,147.0
2025,1,LAS,ATL,NK,1.0,147.0
2025,1,LAS,ATL,NK,1.0,149.0
2025,1,LAS,ATL,NK,1.0,150.0
2025,1,LAS,ATL,NK,1.0,150.46
2025,1,LAS,ATL,NK,1.0,150.5
2025,1,LAS,ATL,NK,1.0,151.81
2025,1,LAS,ATL,NK,1.0,152.5
2025,1,LAS,ATL,NK,1.0,153.0
2025,1,LAS,ATL,NK,1.0,153.5
2025,1,LAS,ATL,NK,1.0,154.0
2025,1,LAS,ATL,NK,1.0,155.0
2025,1,LAS,ATL,NK,1.0,156.0
2025,1,LAS,ATL,NK,1.0,156.5
2025,1,LAS,ATL,NK,1.0,157.0
2025,1,LAS,ATL,NK,1.0,158.0
2025,1,LAS,ATL,NK,1.0,160.0
2025,1,LAS,ATL,NK,1.0,160.0
2025,1,LAS,ATL,NK,1.0,161.0
2025,1,LAS,ATL,NK,1.0,161.0
2025,1,LAS,ATL,NK,1.0,164.0
2025,1,LAS,ATL,NK,1.0,164.5
2025,1,LAS,ATL,NK,1.0,164.5
2025,1,LAS,ATL,NK,1.0,166.0
2025,1,LAS,ATL,NK,1.0,168.0
2025,1,LAS,ATL,NK,1.0,169.0
2025,1,LAS,ATL,NK,1.0,169.0
2025,1,LAS,ATL,NK,1.0,170.0
2025,1,LAS,ATL,NK,1.0,171.5
2025,1,LAS,ATL,NK,1.0,172.0
2025,1,LAS,ATL,NK,1.0,174.49
2025,1,LAS,ATL,NK,1.0,175.0
2025,1,LAS,ATL,NK,1.0,175.5
2025,1,LAS,ATL,NK,1.0,176.0
2025,1,LAS,ATL,NK,1.0,176.0
2025,1,LAS,ATL,NK,1.0,177.0
2025,1,LAS,ATL,NK,1.0,178.0
2025,1,LAS,ATL,NK,1.0,178.0
2025,1,LAS,ATL,NK,1.0,179.0
2025,1,LAS,ATL,NK,1.0,179.0
2025,1,LAS,ATL,NK,1.0,181.0
2025,1,LAS,ATL,NK,1.0,181.0
2025,1,LAS,ATL,NK,1.0,182.5
2025,1,LAS,ATL,NK,1.0,184.5
2025,1,LAS,ATL,NK,1.0,188.65
2025,1,LAS,ATL,NK,1.0,189.0
2025,1,LAS,ATL,NK,1.0,189.0
2025,1,LAS,ATL,NK,1.0,190.37
2025,1,LAS,ATL,NK,1.0,191.0
2025,1,LAS,ATL,NK,1.0,191.0
2025,1,LAS,ATL,NK,1.0,191.0
2025,1,LAS,ATL,NK,1.0,194.0
2025,1,LAS,ATL,NK,1.0,194.86
2025,1,LAS,ATL,NK,1.0,196.5
2025,1,LAS,ATL,NK,1.0,201.0
2025,1,LAS,ATL,NK,1.0,201.5
2025,1,LAS,ATL,NK,1.0,206.0
2025,1,LAS,ATL,NK,1.0,207.0
2025,1,LAS,ATL,NK,1.0,208.0
2025,1,LAS,ATL,NK,1.0,209.0
2025,1,LAS,ATL,NK,1.0,210.22
2025,1,LAS,ATL,NK,1.0,210.5
2025,1,LAS,ATL,NK,1.0,211.0
2025,1,LAS,ATL,NK,1.0,213.0
2025,1,LAS,ATL,NK,1.0,214.0
2025,1,LAS,ATL,NK,1.0,214.0
2025,1,LAS,ATL,NK,1.0,217.0
2025,1,LAS,ATL,NK,1.0,218.0
2025,1,LAS,ATL,NK,1.0,218.0
2025,1,LAS,ATL,NK,1.0,218.0
2025,1,LAS,ATL,NK,1.0,218.0
2025,1,LAS,ATL,NK,1.0,221.0
2025,1,LAS,ATL,NK,1.0,221.0
2025,1,LAS,ATL,NK,1.0,222.0
2025,1,LAS,ATL,NK,1.0,222.18
2025,1,LAS,ATL,NK,1.0,224.0
2025,1,LAS,ATL,NK,1.0,225.0
2025,1,LAS,ATL,NK,1.0,226.0
2025,1,LAS,ATL,NK,1.0,229.0
2025,1,LAS,ATL,NK,1.0,229.0
2025,1,LAS,ATL,NK,1.0,229.0
2025,1,LAS,ATL,NK,1.0,229.1
2025,1,LAS,ATL,NK,1.0,232.0
2025,1,LAS,ATL,NK,1.0,232.5
2025,1,LAS,ATL,NK,1.0,233.68
2025,1,LAS,ATL,NK,1.0,234.0
2025,1,LAS,ATL,NK,1.0,236.0
2025,1,LAS,ATL,NK,1.0,239.0
2025,1,LAS,ATL,NK,1.0,244.0
2025,1,LAS,ATL,NK,1.0,245.0
2025,1,LAS,ATL,NK,1.0,246.5
2025,1,LAS,ATL,NK,1.0,247.0
2025,1,LAS,ATL,NK,1.0,249.0
2025,1,LAS,ATL,NK,1.0,249.5
2025,1,LAS,ATL,NK,1.0,252.0
2025,1,LAS,ATL,NK,1.0,257.0
2025,1,LAS,ATL,NK,1.0,259.0
2025,1,LAS,ATL,NK,1.0,259.0
2025,1,LAS,ATL,NK,1.0,261.0
2025,1,LAS,ATL,NK,1.0,262.0
2025,1,LAS,ATL,NK,1.0,268.0
2025,1,LAS,ATL,NK,1.0,270.76
2025,1,LAS,ATL,NK,1.0,272.0
2025,1,LAS,ATL,NK,1.0,273.0
2025,1,LAS,ATL,NK,1.0,276.23
2025,1,LAS,ATL,NK,1.0,286.0
2025,1,LAS,ATL,NK,1.0,287.0
2025,1,LAS,ATL,NK,1.0,290.0
2025,1,LAS,ATL,NK,1.0,296.0
2025,1,LAS,ATL,NK,1.0,297.0
2025,1,LAS,ATL,NK,1.0,298.0
2025,1,LAS,ATL,NK,1.0,299.0
2025,1,LAS,ATL,NK,1.0,299.0
2025,1,LAS,ATL,NK,1.0,306.0
2025,1,LAS,ATL,NK,1.0,307.0
2025,1,LAS,ATL,NK,1.0,311.0
2025,1,LAS,ATL,NK,1.0,314.0
2025,1,LAS,ATL,NK,1.0,314.0
2025,1,LAS,ATL,NK,1.0,319.0
2025,1,LAS,ATL,NK,1.0,332.0
2025,1,LAS,ATL,NK,1.0,362.5
2025,1,LAS,ATL,NK,1.0,364.0
2025,1,LAS,ATL,NK,1.0,409.0
2025,1,LAS,ATL,NK,1.0,527.0
2025,1,LAS,ATL,NK,1.0,537.0
2025,1,LAS,ATL,NK,1.0,540.0
2025,1,LAS,ATL,NK,2.0,34.0
2025,1,LAS,ATL,NK,2.0,38.5
2025,1,LAS,ATL,NK,2.0,38.5
2025,1,LAS,ATL,NK,2.0,39.0
2025,1,LAS,ATL,NK,2.0,40.0
2025,1,LAS,ATL,NK,2.0,46.0
2025,1,LAS,ATL,NK,2.0,51.0
2025,1,LAS,ATL,NK,2.0,51.5
2025,1,LAS,ATL,NK,2.0,53.0
2025,1,LAS,ATL,NK,2.0,54.5
2025,1,LAS,ATL,NK,2.0,56.0
2025,1,LAS,ATL,NK,2.0,57.0
2025,1,LAS,ATL,NK,2.0,57.5
2025,1,LAS,ATL,NK,2.0,58.0
2025,1,LAS,ATL,NK,2.0,59.0
2025,1,LAS,ATL,NK,2.0,60.0
2025,1,LAS,ATL,NK,2.0,63.0
2025,1,LAS,ATL,NK,2.0,64.0
2025,1,LAS,ATL,NK,2.0,66.5
2025,1,LAS,ATL,NK,2.0,68.5
2025,1,LAS,ATL,NK,2.0,72.0
2025,1,LAS,ATL,NK,2.0,75.0
2025,1,LAS,ATL,NK,2.0,75.0
2025,1,LAS,ATL,NK,2.0,76.5
2025,1,LAS,ATL,NK,2.0,77.0
2025,1,LAS,ATL,NK,2.0,78.0
2025,1,LAS,ATL,NK,2.0,79.5
2025,1,LAS,ATL,NK,2.0,80.0
2025,1,LAS,ATL,NK,2.0,83.0
2025,1,LAS,ATL,NK,2.0,88.5
2025,1,LAS,ATL,NK,2.0,89.0
2025,1,LAS,ATL,NK,2.0,92.47
2025,1,LAS,ATL,NK,2.0,94.0
2025,1,LAS,ATL,NK,2.0,96.5
2025,1,LAS,ATL,NK,2.0,98.0
2025,1,LAS,ATL,NK,2.0,99.5
2025,1,LAS,ATL,NK,2.0,100.0
2025,1,LAS,ATL,NK,2.0,100.5
2025,1,LAS,ATL,NK,2.0,101.0
2025,1,LAS,ATL,NK,2.0,101.12
2025,1,LAS,ATL,NK,2.0,102.0
2025,1,LAS,ATL,NK,2.0,102.0
2025,1,LAS,ATL,NK,2.0,103.0
2025,1,LAS,ATL,NK,2.0,104.0
2025,1,LAS,ATL,NK,2.0,107.0
2025,1,LAS,ATL,NK,2.0,109.0
2025,1,LAS,ATL,NK,2.0,109.5
2025,1,LAS,ATL,NK,2.0,113.5
2025,1,LAS,ATL,NK,2.0,114.0
2025,1,LAS,ATL,NK,2.0,116.0
2025,1,LAS,ATL,NK,2.0,118.0
2025,1,LAS,ATL,NK,2.0,119.5
2025,1,LAS,ATL,NK,2.0,120.0
2025,1,LAS,ATL,NK,2.0,128.5
2025,1,LAS,ATL,NK,2.0,129.5
2025,1,LAS,ATL,NK,2.0,133.0
2025,1,LAS,ATL,NK,2.0,136.0
2025,1,LAS,ATL,NK,2.0,137.0
2025,1,LAS,ATL,NK,2.0,138.0
2025,1,LAS,ATL,NK,2.0,140.5
2025,1,LAS,ATL,NK,2.0,143.0
2025,1,LAS,ATL,NK,2.0,146.0
2025,1,LAS,ATL,NK,2.0,148.5
2025,1,LAS,ATL,NK,2.0,151.0
2025,1,LAS,ATL,NK,2.0,155.0
2025,1,LAS,ATL,NK,2.0,157.0
2025,1,LAS,ATL,NK,2.0,157.0
2025,1,LAS,ATL,NK,2.0,164.0
2025,1,LAS,ATL,NK,2.0,169.0
2025,1,LAS,ATL,NK,2.0,177.0
2025,1,LAS,ATL,NK,2.0,181.5
2025,1,LAS,ATL,NK,2.0,184.0
2025,1,LAS,ATL,NK,2.0,187.0
2025,1,LAS,ATL,NK,2.0,189.0
2025,1,LAS,ATL,NK,2.0,197.0
2025,1,LAS,ATL,NK,2.0,197.78
2025,1,LAS,ATL,NK,2.0,199.0
2025,1,LAS,ATL,NK,2.0,207.0
2025,1,LAS,ATL,NK,2.0,209.0
2025,1,LAS,ATL,NK,2.0,209.0
2025,1,LAS,ATL,NK,2.0,217.0
2025,1,LAS,ATL,NK,2.0,222.0
2025,1,LAS,ATL,NK,2.0,234.0
2025,1,LAS,ATL,NK,2.0,236.0
2025,1,LAS,ATL,NK,2.0,257.0
2025,1,LAS,ATL,NK,2.0,271.0
2025,1,LAS,ATL,NK,2.0,281.0
2025,1,LAS,ATL,NK,2.0,331.0
2025,1,LAS,ATL,NK,3.0,49.0
2025,1,LAS,ATL,NK,3.0,56.5
2025,1,LAS,ATL,NK,3.0,63.5
2025,1,LAS,ATL,NK,3.0,78.0
2025,1,LAS,ATL,NK,3.0,80.0
2025,1,LAS,ATL,NK,3.0,80.5
2025,1,LAS,ATL,NK,3.0,82.0
2025,1,LAS,ATL,NK,3.0,84.5
2025,1,LAS,ATL,NK,3.0,85.0
2025,1,LAS,ATL,NK,3.0,87.0
2025,1,LAS,ATL,NK,3.0,88.0
2025,1,LAS,ATL,NK,3.0,88.0
2025,1,LAS,ATL,NK,3.0,89.0
2025,1,LAS,ATL,NK,3.0,89.5
2025,1,LAS,ATL,NK,3.0,89.5
2025,1,LAS,ATL,NK,3.0,90.0
2025,1,LAS,ATL,NK,3.0,94.0
2025,1,LAS,ATL,NK,3.0,97.0
2025,1,LAS,ATL,NK,3.0,97.0
2025,1,LAS,ATL,NK,3.0,107.5
2025,1,LAS,ATL,NK,3.0,110.0
2025,1,LAS,ATL,NK,3.0,117.0
2025,1,LAS,ATL,NK,3.0,121.0
2025,1,LAS,ATL,NK,3.0,125.0
2025,1,LAS,ATL,NK,3.0,128.0
2025,1,LAS,ATL,NK,3.0,140.0
2025,1,LAS,ATL,NK,3.0,150.0
2025,1,LAS,ATL,NK,3.0,156.0
2025,1,LAS,ATL,NK,3.0,186.0
2025,1,LAS,ATL,NK,3.0,214.0
2025,1,LAS,ATL,NK,3.0,225.0
2025,1,LAS,ATL,NK,3.0,239.0
2025,1,LAS,ATL,NK,4.0,6.0
2025,1,LAS,ATL,NK,4.0,54.0
2025,1,LAS,ATL,NK,4.0,65.5
2025,1,LAS,ATL,NK,4.0,68.0
2025,1,LAS,ATL,NK,4.0,68.5
2025,1,LAS,ATL,NK,4.0,73.5
2025,1,LAS,ATL,NK,4.0,83.0
2025,1,LAS,ATL,NK,4.0,84.0
2025,1,LAS,ATL,NK,4.0,87.0
2025,1,LAS,ATL,NK,4.0,92.0
2025,1,LAS,ATL,NK,4.0,98.5
2025,1,LAS,ATL,NK,4.0,99.0
2025,1,LAS,ATL,NK,4.0,104.5
2025,1,LAS,ATL,NK,4.0,109.0
2025,1,LAS,ATL,NK,4.0,112.5
2025,1,LAS,ATL,NK,4.0,176.0
2025,1,LAS,ATL,NK,4.0,231.0
2025,1,LAS,ATL,NK,4.0,279.0
2025,1,LAS,ATL,NK,5.0,5.5
2025,1,LAS,ATL,NK,5.0,60.5
2025,1,LAS,ATL,NK,5.0,62.0
2025,1,LAS,ATL,NK,5.0,68.0
2025,1,LAS,ATL,NK,5.0,149.0
2025,1,LAS,ATL,NK,5.0,164.0
2025,1,LAS,ATL,NK,5.0,204.0
2025,1,LAS,ATL,NK,5.0,274.0
2025,1,LAS,ATL,NK,6.0,56.0
2025,1,LAS,ATL,NK,6.0,135.0
2025,1,LAS,ATL,NK,6.0,141.0
2025,1,LAS,ATL,NK,6.0,154.0
2025,1,LAS,ATL,NK,6.0,186.0
2025,1,LAS,ATL,NK,6.0,266.0
2025,1,LAS,ATL,NK,7.0,71.0
2025,1,LAS,ATL,NK,7.0,79.5
2025,1,LAS,ATL,NK,7.0,95.0
2025,1,LAS,ATL,NK,8.0,56.5
2025,1,LAS,ATL,NK,8.0,77.0
2025,1,LAS,ATL,NK,8.0,77.5
2025,1,LAS,ATL,NK,8.0,79.0
2025,1,LAS,ATL,NK,8.0,84.0
2025,1,LAS,ATL,NK,8.0,108.0
2025,1,LAS,ATL,NK,8.0,110.0
2025,1,LAS,ATL,NK,8.0,117.0
2025,1,LAS,ATL,NK,8.0,181.0
2025,1,LAS,ATL,NK,8.0,189.0
2025,1,LAS,ATL,NK,9.0,73.5
2025,1,LAS,ATL,NK,9.0,104.0
2025,1,LAS,ATL,NK,9.0,104.5
2025,1,LAS,ATL,NK,10.0,38.0
2025,1,LAS,ATL,NK,10.0,71.0
2025,1,LAS,ATL,NK,10.0,87.0
2025,1,LAS,ATL,NK,10.0,91.5
2025,1,LAS,ATL,NK,10.0,133.0
2025,1,LAS,ATL,NK,11.0,65.0
2025,1,LAS,ATL,NK,11.0,72.0
2025,1,LAS,ATL,NK,11.0,82.0
2025,1,LAS,ATL,NK,11.0,92.0
2025,1,LAS,ATL,NK,11.0,144.0
2025,1,LAS,ATL,NK,12.0,128.0
2025,1,LAS,ATL,NK,12.0,143.0
2025,1,LAS,ATL,NK,12.0,184.0
2025,1,LAS,ATL,NK,13.0,84.0
2025,1,LAS,ATL,NK,13.0,92.0
2025,1,LAS,ATL,NK,14.0,72.0
2025,1,LAS,ATL,NK,15.0,141.0
2025,1,LAS,ATL,NK,16.0,89.0
2025,1,LAS,ATL,NK,19.0,62.0
2025,1,LAS,ATL,NK,19.0,82.0
2025,1,LAS,ATL,NK,22.0,112.0
2025,1,LAS,ATL,NK,25.0,65.0
2025,1,LAS,ATL,NK,30.0,79.0
2025,1,LAS,ATL,NK,40.0,62.0
2025,1,LAS,ATL,NK,47.0,79.0
2025,1,LAS,IAH,NK,1.0,4.19
2025,1,LAS,IAH,NK,1.0,4.52
2025,1,LAS,IAH,NK,1.0,5.5
2025,1,LAS,IAH,NK,1.0,10.28
2025,1,LAS,IAH,NK,1.0,11.0
2025,1,LAS,IAH,NK,1.0,15.0
2025,1,LAS,IAH,NK,1.0,18.0
2025,1,LAS,IAH,NK,1.0,18.0
2025,1,LAS,IAH,NK,1.0,22.0
2025,1,LAS,IAH,NK,1.0,23.0
2025,1,LAS,IAH,NK,1.0,23.23
2025,1,LAS,IAH,NK,1.0,24.0
2025,1,LAS,IAH,NK,1.0,24.0
2025,1,LAS,IAH,NK,1.0,27.0
2025,1,LAS,IAH,NK,1.0,27.5
2025,1,LAS,IAH,NK,1.0,28.0
2025,1,LAS,IAH,NK,1.0,28.06
2025,1,LAS,IAH,NK,1.0,30.5
2025,1,LAS,IAH,NK,1.0,31.0
2025,1,LAS,IAH,NK,1.0,33.0
2025,1,LAS,IAH,NK,1.0,33.5
2025,1,LAS,IAH,NK,1.0,35.5
2025,1,LAS,IAH,NK,1.0,35.78
2025,1,LAS,IAH,NK,1.0,36.0
2025,1,LAS,IAH,NK,1.0,36.9
2025,1,LAS,IAH,NK,1.0,37.0
2025,1,LAS,IAH,NK,1.0,37.5
2025,1,LAS,IAH,NK,1.0,38.0
2025,1,LAS,IAH,NK,1.0,39.3
2025,1,LAS,IAH,NK,1.0,40.0
2025,1,LAS,IAH,NK,1.0,40.06
2025,1,LAS,IAH,NK,1.0,40.5
2025,1,LAS,IAH,NK,1.0,41.0
2025,1,LAS,IAH,NK,1.0,43.0
2025,1,LAS,IAH,NK,1.0,43.1
2025,1,LAS,IAH,NK,1.0,43.77
2025,1,LAS,IAH,NK,1.0,44.5
2025,1,LAS,IAH,NK,1.0,45.5
2025,1,LAS,IAH,NK,1.0,46.15
2025,1,LAS,IAH,NK,1.0,46.5
2025,1,LAS,IAH,NK,1.0,47.0
2025,1,LAS,IAH,NK,1.0,48.03
2025,1,LAS,IAH,NK,1.0,49.0
2025,1,LAS,IAH,NK,1.0,50.08
2025,1,LAS,IAH,NK,1.0,50.35
2025,1,LAS,IAH,NK,1.0,51.0
2025,1,LAS,IAH,NK,1.0,52.0
2025,1,LAS,IAH,NK,1.0,52.5
2025,1,LAS,IAH,NK,1.0,53.0
2025,1,LAS,IAH,NK,1.0,53.5
2025,1,LAS,IAH,NK,1.0,54.0
2025,1,LAS,IAH,NK,1.0,55.0
2025,1,LAS,IAH,NK,1.0,57.0
2025,1,LAS,IAH,NK,1.0,57.46
2025,1,LAS,IAH,NK,1.0,60.09
2025,1,LAS,IAH,NK,1.0,60.5
2025,1,LAS,IAH,NK,1.0,61.0
2025,1,LAS,IAH,NK,1.0,61.53
2025,1,LAS,IAH,NK,1.0,62.0
2025,1,LAS,IAH,NK,1.0,62.11
2025,1,LAS,IAH,NK,1.0,63.0
2025,1,LAS,IAH,NK,1.0,63.5
2025,1,LAS,IAH,NK,1.0,63.84
2025,1,LAS,IAH,NK,1.0,65.0
2025,1,LAS,IAH,NK,1.0,65.4
2025,1,LAS,IAH,NK,1.0,65.47
2025,1,LAS,IAH,NK,1.0,65.5
2025,1,LAS,IAH,NK,1.0,66.0
2025,1,LAS,IAH,NK,1.0,67.0
2025,1,LAS,IAH,NK,1.0,70.0
2025,1,LAS,IAH,NK,1.0,72.15
2025,1,LAS,IAH,NK,1.0,73.0
2025,1,LAS,IAH,NK,1.0,73.0
2025,1,LAS,IAH,NK,1.0,73.33
2025,1,LAS,IAH,NK,1.0,73.5
2025,1,LAS,IAH,NK,1.0,73.5
2025,1,LAS,IAH,NK,1.0,75.5
2025,1,LAS,IAH,NK,1.0,75.84
2025,1,LAS,IAH,NK,1.0,77.0
2025,1,LAS,IAH,NK,1.0,77.5
2025,1,LAS,IAH,NK,1.0,78.0
2025,1,LAS,IAH,NK,1.0,78.14
2025,1,LAS,IAH,NK,1.0,78.5
2025,1,LAS,IAH,NK,1.0,78.5
2025,1,LAS,IAH,NK,1.0,78.7
2025,1,LAS,IAH,NK,1.0,78.71
2025,1,LAS,IAH,NK,1.0,79.0
2025,1,LAS,IAH,NK,1.0,80.5
2025,1,LAS,IAH,NK,1.0,81.5
2025,1,LAS,IAH,NK,1.0,81.71
2025,1,LAS,IAH,NK,1.0,82.5
2025,1,LAS,IAH,NK,1.0,82.5
2025,1,LAS,IAH,NK,1.0,83.0
2025,1,LAS,IAH,NK,1.0,84.0
2025,1,LAS,IAH,NK,1.0,85.0
2025,1,LAS,IAH,NK,1.0,85.0
2025,1,LAS,IAH,NK,1.0,85.0
2025,1,LAS,IAH,NK,1.0,85.85
2025,1,LAS,IAH,NK,1.0,86.0
2025,1,LAS,IAH,NK,1.0,86.0
2025,1,LAS,IAH,NK,1.0,86.02
2025,1,LAS,IAH,NK,1.0,86.5
2025,1,LAS,IAH,NK,1.0,87.0
2025,1,LAS,IAH,NK,1.0,88.0
2025,1,LAS,IAH,NK,1.0,88.44
2025,1,LAS,IAH,NK,1.0,89.5
2025,1,LAS,IAH,NK,1.0,89.94
2025,1,LAS,IAH,NK,1.0,90.59
2025,1,LAS,IAH,NK,1.0,91.0
2025,1,LAS,IAH,NK,1.0,93.0
2025,1,LAS,IAH,NK,1.0,93.0
2025,1,LAS,IAH,NK,1.0,93.0
2025,1,LAS,IAH,NK,1.0,93.5
2025,1,LAS,IAH,NK,1.0,93.5
2025,1,LAS,IAH,NK,1.0,95.5
2025,1,LAS,IAH,NK,1.0,96.0
2025,1,LAS,IAH,NK,1.0,97.5
2025,1,LAS,IAH,NK,1.0,97.5
2025,1,LAS,IAH,NK,1.0,98.0
2025,1,LAS,IAH,NK,1.0,98.0
2025,1,LAS,IAH,NK,1.0,99.0
2025,1,LAS,IAH,NK,1.0,99.0
2025,1,LAS,IAH,NK,1.0,99.28
2025,1,LAS,IAH,NK,1.0,101.5
2025,1,LAS,IAH,NK,1.0,101.5
2025,1,LAS,IAH,NK,1.0,102.0
2025,1,LAS,IAH,NK,1.0,103.0
2025,1,LAS,IAH,NK,1.0,103.5
2025,1,LAS,IAH,NK,1.0,103.5
2025,1,LAS,IAH,NK,1.0,104.0
2025,1,LAS,IAH,NK,1.0,105.0
2025,1,LAS,IAH,NK,1.0,105.0
2025,1,LAS,IAH,NK,1.0,105.5
2025,1,LAS,IAH,NK,1.0,106.0
2025,1,LAS,IAH,NK,1.0,106.5
2025,1,LAS,IAH,NK,1.0,107.0
2025,1,LAS,IAH,NK,1.0,107.5
2025,1,LAS,IAH,NK,1.0,108.0
2025,1,LAS,IAH,NK,1.0,108.0
2025,1,LAS,IAH,NK,1.0,109.5
2025,1,LAS,IAH,NK,1.0,109.72
2025,1,LAS,IAH,NK,1.0,110.5
2025,1,LAS,IAH,NK,1.0,111.0
2025,1,LAS,IAH,NK,1.0,113.5
2025,1,LAS,IAH,NK,1.0,113.76
2025,1,LAS,IAH,NK,1.0,114.0
2025,1,LAS,IAH,NK,1.0,114.17
2025,1,LAS,IAH,NK,1.0,114.5
2025,1,LAS,IAH,NK,1.0,115.5
2025,1,LAS,IAH,NK,1.0,116.0
2025,1,LAS,IAH,NK,1.0,116.0
2025,1,LAS,IAH,NK,1.0,116.62
2025,1,LAS,IAH,NK,1.0,117.0
2025,1,LAS,IAH,NK,1.0,117.0
2025,1,LAS,IAH,NK,1.0,117.47
2025,1,LAS,IAH,NK,1.0,117.5
2025,1,LAS,IAH,NK,1.0,119.0
2025,1,LAS,IAH,NK,1.0,119.5
2025,1,LAS,IAH,NK,1.0,119.86
2025,1,LAS,IAH,NK,1.0,120.0
2025,1,LAS,IAH,NK,1.0,120.0
2025,1,LAS,IAH,NK,1.0,121.87
2025,1,LAS,IAH,NK,1.0,122.0
2025,1,LAS,IAH,NK,1.0,123.0
2025,1,LAS,IAH,NK,1.0,124.0
2025,1,LAS,IAH,NK,1.0,125.5
2025,1,LAS,IAH,NK,1.0,125.82
2025,1,LAS,IAH,NK,1.0,126.0
2025,1,LAS,IAH,NK,1.0,127.5
2025,1,LAS,IAH,NK,1.0,128.0
2025,1,LAS,IAH,NK,1.0,129.0
2025,1,LAS,IAH,NK,1.0,129.86
2025,1,LAS,IAH,NK,1.0,130.0
2025,1,LAS,IAH,NK,1.0,131.0
2025,1,LAS,IAH,NK,1.0,132.0
2025,1,LAS,IAH,NK,1.0,132.5
2025,1,LAS,IAH,NK,1.0,133.0
2025,1,LAS,IAH,NK,1.0,133.0
2025,1,LAS,IAH,NK,1.0,133.5
2025,1,LAS,IAH,NK,1.0,134.0
2025,1,LAS,IAH,NK,1.0,135.22
2025,1,LAS,IAH,NK,1.0,135.5
2025,1,LAS,IAH,NK,1.0,136.0
2025,1,LAS,IAH,NK,1.0,136.5
2025,1,LAS,IAH,NK,1.0,137.0
2025,1,LAS,IAH,NK,1.0,138.0
2025,1,LAS,IAH,NK,1.0,138.0
2025,1,LAS,IAH,NK,1.0,139.0
2025,1,LAS,IAH,NK,1.0,139.0
2025,1,LAS,IAH,NK,1.0,140.0
2025,1,LAS,IAH,NK,1.0,142.31
2025,1,LAS,IAH,NK,1.0,143.0
2025,1,LAS,IAH,NK,1.0,143.5
2025,1,LAS,IAH,NK,1.0,144.0
2025,1,LAS,IAH,NK,1.0,145.0
2025,1,LAS,IAH,NK,1.0,145.5
2025,1,LAS,IAH,NK,1.0,146.0
2025,1,LAS,IAH,NK,1.0,148.0
2025,1,LAS,IAH,NK,1.0,153.0
2025,1,LAS,IAH,NK,1.0,154.0
2025,1,LAS,IAH,NK,1.0,155.0
2025,1,LAS,IAH,NK,1.0,156.0
2025,1,LAS,IAH,NK,1.0,156.5
2025,1,LAS,IAH,NK,1.0,158.0
2025,1,LAS,IAH,NK,1.0,158.0
2025,1,LAS,IAH,NK,1.0,158.5
2025,1,LAS,IAH,NK,1.0,158.5
2025,1,LAS,IAH,NK,1.0,159.0
2025,1,LAS,IAH,NK,1.0,161.0
2025,1,LAS,IAH,NK,1.0,162.0
2025,1,LAS,IAH,NK,1.0,163.5
2025,1,LAS,IAH,NK,1.0,166.5
2025,1,LAS,IAH,NK,1.0,168.0
2025,1,LAS,IAH,NK,1.0,169.0
2025,1,LAS,IAH,NK,1.0,170.0
2025,1,LAS,IAH,NK,1.0,171.0
2025,1,LAS,IAH,NK,1.0,171.5
2025,1,LAS,IAH,NK,1.0,172.0
2025,1,LAS,IAH,NK,1.0,174.0
2025,1,LAS,IAH,NK,1.0,174.5
2025,1,LAS,IAH,NK,1.0,175.19
2025,1,LAS,IAH,NK,1.0,177.5
2025,1,LAS,IAH,NK,1.0,178.5
2025,1,LAS,IAH,NK,1.0,179.0
2025,1,LAS,IAH,NK,1.0,180.0
2025,1,LAS,IAH,NK,1.0,180.0
2025,1,LAS,IAH,NK,1.0,180.99
2025,1,LAS,IAH,NK,1.0,182.0
2025,1,LAS,IAH,NK,1.0,182.0
2025,1,LAS,IAH,NK,1.0,187.0
2025,1,LAS,IAH,NK,1.0,187.5
2025,1,LAS,IAH,NK,1.0,187.5
2025,1,LAS,IAH,NK,1.0,188.0
2025,1,LAS,IAH,NK,1.0,190.0
2025,1,LAS,IAH,NK,1.0,191.0
2025,1,LAS,IAH,NK,1.0,192.5
2025,1,LAS,IAH,NK,1.0,193.0
2025,1,LAS,IAH,NK,1.0,193.0
2025,1,LAS,IAH,NK,1.0,196.0
2025,1,LAS,IAH,NK,1.0,196.4
2025,1,LAS,IAH,NK,1.0,197.0
2025,1,LAS,IAH,NK,1.0,197.0
2025,1,LAS,IAH,NK,1.0,198.75
2025,1,LAS,IAH,NK,1.0,199.0
2025,1,LAS,IAH,NK,1.0,201.0
2025,1,LAS,IAH,NK,1.0,202.0
2025,1,LAS,IAH,NK,1.0,207.0
2025,1,LAS,IAH,NK,1.0,209.0
2025,1,LAS,IAH,NK,1.0,209.0
2025,1,LAS,IAH,NK,1.0,211.0
2025,1,LAS,IAH,NK,1.0,214.0
2025,1,LAS,IAH,NK,1.0,215.1
2025,1,LAS,IAH,NK,1.0,216.0
2025,1,LAS,IAH,NK,1.0,216.0
2025,1,LAS,IAH,NK,1.0,217.0
2025,1,LAS,IAH,NK,1.0,223.0
2025,1,LAS,IAH,NK,1.0,225.5
2025,1,LAS,IAH,NK,1.0,233.0
2025,1,LAS,IAH,NK,1.0,235.5
2025,1,LAS,IAH,NK,1.0,236.0
2025,1,LAS,IAH,NK,1.0,239.0
2025,1,LAS,IAH,NK,1.0,240.5
2025,1,LAS,IAH,NK,1.0,242.0
2025,1,LAS,IAH,NK,1.0,244.0
2025,1,LAS,IAH,NK,1.0,246.0
2025,1,LAS,IAH,NK,1.0,264.0
2025,1,LAS,IAH,NK,1.0,270.0
2025,1,LAS,IAH,NK,1.0,273.0
2025,1,LAS,IAH,NK,1.0,284.0
2025,1,LAS,IAH,NK,1.0,285.5
2025,1,LAS,IAH,NK,1.0,288.0
2025,1,LAS,IAH,NK,1.0,294.0
2025,1,LAS,IAH,NK,1.0,294.5
2025,1,LAS,IAH,NK,1.0,296.0
2025,1,LAS,IAH,NK,1.0,298.75
2025,1,LAS,IAH,NK,1.0,302.0
2025,1,LAS,IAH,NK,1.0,324.0
2025,1,LAS,IAH,NK,1.0,325.5
2025,1,LAS,IAH,NK,1.0,334.0
2025,1,LAS,IAH,NK,1.0,354.0
2025,1,LAS,IAH,NK,1.0,359.0
2025,1,LAS,IAH,NK,1.0,364.0
2025,1,LAS,IAH,NK,1.0,374.0
2025,1,LAS,IAH,NK,1.0,393.5
2025,1,LAS,IAH,NK,1.0,399.0
2025,1,LAS,IAH,NK,1.0,437.0
2025,1,LAS,IAH,NK,1.0,439.0
2025,1,LAS,IAH,NK,1.0,497.0
2025,1,LAS,IAH,NK,2.0,15.5
2025,1,LAS,IAH,NK,2.0,22.0
2025,1,LAS,IAH,NK,2.0,23.0
2025,1,LAS,IAH,NK,2.0,24.0
2025,1,LAS,IAH,NK,2.0,26.5
2025,1,LAS,IAH,NK,2.0,27.5
2025,1,LAS,IAH,NK,2.0,30.5
2025,1,LAS,IAH,NK,2.0,31.5
2025,1,LAS,IAH,NK,2.0,32.5
2025,1,LAS,IAH,NK,2.0,37.0
2025,1,LAS,IAH,NK,2.0,39.5
2025,1,LAS,IAH,NK,2.0,41.5
2025,1,LAS,IAH,NK,2.0,42.0
2025,1,LAS,IAH,NK,2.0,43.0
2025,1,LAS,IAH,NK,2.0,43.5
2025,1,LAS,IAH,NK,2.0,45.0
2025,1,LAS,IAH,NK,2.0,47.5
2025,1,LAS,IAH,NK,2.0,48.0
2025,1,LAS,IAH,NK,2.0,48.5
2025,1,LAS,IAH,NK,2.0,51.0
2025,1,LAS,IAH,NK,2.0,52.0
2025,1,LAS,IAH,NK,2.0,53.0
2025,1,LAS,IAH,NK,2.0,54.0
2025,1,LAS,IAH,NK,2.0,54.5
2025,1,LAS,IAH,NK,2.0,56.0
2025,1,LAS,IAH,NK,2.0,57.0
2025,1,LAS,IAH,NK,2.0,58.0
2025,1,LAS,IAH,NK,2.0,58.5
2025,1,LAS,IAH,NK,2.0,58.5
2025,1,LAS,IAH,NK,2.0,59.0
2025,1,LAS,IAH,NK,2.0,59.5
2025,1,LAS,IAH,NK,2.0,61.0
2025,1,LAS,IAH,NK,2.0,61.5
2025,1,LAS,IAH,NK,2.0,64.5
2025,1,LAS,IAH,NK,2.0,65.0
2025,1,LAS,IAH,NK,2.0,68.5
2025,1,LAS,IAH,NK,2.0,69.0
2025,1,LAS,IAH,NK,2.0,69.5
2025,1,LAS,IAH,NK,2.0,70.0
2025,1,LAS,IAH,NK,2.0,70.5
2025,1,LAS,IAH,NK,2.0,72.0
2025,1,LAS,IAH,NK,2.0,74.0
2025,1,LAS,IAH,NK,2.0,75.0
2025,1,LAS,IAH,NK,2.0,76.0
2025,1,LAS,IAH,NK,2.0,76.5
2025,1,LAS,IAH,NK,2.0,79.0
2025,1,LAS,IAH,NK,2.0,80.5
2025,1,LAS,IAH,NK,2.0,81.0
2025,1,LAS,IAH,NK,2.0,83.0
2025,1,LAS,IAH,NK,2.0,86.5
2025,1,LAS,IAH,NK,2.0,87.0
2025,1,LAS,IAH,NK,2.0,87.5
2025,1,LAS,IAH,NK,2.0,94.0
2025,1,LAS,IAH,NK,2.0,94.5
2025,1,LAS,IAH,NK,2.0,96.5
2025,1,LAS,IAH,NK,2.0,97.0
2025,1,LAS,IAH,NK,2.0,97.0
2025,1,LAS,IAH,NK,2.0,98.5
2025,1,LAS,IAH,NK,2.0,99.0
2025,1,LAS,IAH,NK,2.0,100.0
2025,1,LAS,IAH,NK,2.0,102.5
2025,1,LAS,IAH,NK,2.0,104.0
2025,1,LAS,IAH,NK,2.0,104.5
2025,1,LAS,IAH,NK,2.0,109.0
2025,1,LAS,IAH,NK,2.0,113.0
2025,1,LAS,IAH,NK,2.0,115.0
2025,1,LAS,IAH,NK,2.0,119.0
2025,1,LAS,IAH,NK,2.0,120.0
2025,1,LAS,IAH,NK,2.0,123.5
2025,1,LAS,IAH,NK,2.0,125.0
2025,1,LAS,IAH,NK,2.0,129.0
2025,1,LAS,IAH,NK,2.0,130.0
2025,1,LAS,IAH,NK,2.0,132.0
2025,1,LAS,IAH,NK,2.0,136.0
2025,1,LAS,IAH,NK,2.0,140.0
2025,1,LAS,IAH,NK,2.0,145.0
2025,1,LAS,IAH,NK,2.0,148.0
2025,1,LAS,IAH,NK,2.0,149.0
2025,1,LAS,IAH,NK,2.0,151.5
2025,1,LAS,IAH,NK,2.0,159.0
2025,1,LAS,IAH,NK,2.0,164.0
2025,1,LAS,IAH,NK,2.0,166.0
2025,1,LAS,IAH,NK,2.0,166.0
2025,1,LAS,IAH,NK,2.0,167.5
2025,1,LAS,IAH,NK,2.0,172.0
2025,1,LAS,IAH,NK,2.0,177.0
2025,1,LAS,IAH,NK,2.0,177.0
2025,1,LAS,IAH,NK,2.0,179.5
2025,1,LAS,IAH,NK,2.0,182.0
2025,1,LAS,IAH,NK,2.0,183.0
2025,1,LAS,IAH,NK,2.0,184.5
2025,1,LAS,IAH,NK,2.0,185.0
2025,1,LAS,IAH,NK,2.0,187.0
2025,1,LAS,IAH,NK,2.0,192.0
2025,1,LAS,IAH,NK,2.0,194.0
2025,1,LAS,IAH,NK,2.0,195.5
2025,1,LAS,IAH,NK,2.0,204.0
2025,1,LAS,IAH,NK,2.0,213.0
2025,1,LAS,IAH,NK,2.0,235.39
2025,1,LAS,IAH,NK,2.0,237.0
2025,1,LAS,IAH,NK,2.0,238.0
2025,1,LAS,IAH,NK,2.0,239.0
2025,1,LAS,IAH,NK,2.0,259.0
2025,1,LAS,IAH,NK,2.0,259.0
2025,1,LAS,IAH,NK,2.0,273.0
2025,1,LAS,IAH,NK,2.0,276.5
2025,1,LAS,IAH,NK,2.0,289.0
2025,1,LAS,IAH,NK,2.0,309.0
2025,1,LAS,IAH,NK,2.0,319.0
2025,1,LAS,IAH,NK,2.0,348.0
2025,1,LAS,IAH,NK,2.0,354.0
2025,1,LAS,IAH,NK,3.0,25.0
2025,1,LAS,IAH,NK,3.0,25.5
2025,1,LAS,IAH,NK,3.0,26.5
2025,1,LAS,IAH,NK,3.0,32.0
2025,1,LAS,IAH,NK,3.0,33.0
2025,1,LAS,IAH,NK,3.0,38.5
2025,1,LAS,IAH,NK,3.0,42.0
2025,1,LAS,IAH,NK,3.0,42.0
2025,1,LAS,IAH,NK,3.0,42.5
2025,1,LAS,IAH,NK,3.0,46.0
2025,1,LAS,IAH,NK,3.0,50.5
2025,1,LAS,IAH,NK,3.0,51.0
2025,1,LAS,IAH,NK,3.0,51.5
2025,1,LAS,IAH,NK,3.0,53.0
2025,1,LAS,IAH,NK,3.0,54.0
2025,1,LAS,IAH,NK,3.0,56.0
2025,1,LAS,IAH,NK,3.0,56.5
2025,1,LAS,IAH,NK,3.0,65.5
2025,1,LAS,IAH,NK,3.0,69.0
2025,1,LAS,IAH,NK,3.0,69.0
2025,1,LAS,IAH,NK,3.0,71.0
2025,1,LAS,IAH,NK,3.0,72.0
2025,1,LAS,IAH,NK,3.0,73.0
2025,1,LAS,IAH,NK,3.0,74.0
2025,1,LAS,IAH,NK,3.0,77.5
2025,1,LAS,IAH,NK,3.0,82.0
2025,1,LAS,IAH,NK,3.0,88.0
2025,1,LAS,IAH,NK,3.0,90.0
2025,1,LAS,IAH,NK,3.0,91.0
2025,1,LAS,IAH,NK,3.0,94.0
2025,1,LAS,IAH,NK,3.0,100.5
2025,1,LAS,IAH,NK,3.0,101.0
2025,1,LAS,IAH,NK,3.0,102.0
2025,1,LAS,IAH,NK,3.0,104.5
2025,1,LAS,IAH,NK,3.0,112.5
2025,1,LAS,IAH,NK,3.0,119.0
2025,1,LAS,IAH,NK,3.0,130.0
2025,1,LAS,IAH,NK,3.0,139.0
2025,1,LAS,IAH,NK,3.0,142.0
2025,1,LAS,IAH,NK,3.0,144.0
2025,1,LAS,IAH,NK,3.0,144.0
2025,1,LAS,IAH,NK,3.0,152.0
2025,1,LAS,IAH,NK,3.0,163.5
2025,1,LAS,IAH,NK,3.0,167.0
2025,1,LAS,IAH,NK,3.0,174.0
2025,1,LAS,IAH,NK,3.0,201.0
2025,1,LAS,IAH,NK,3.0,220.5
2025,1,LAS,IAH,NK,4.0,5.5
2025,1,LAS,IAH,NK,4.0,40.0
2025,1,LAS,IAH,NK,4.0,41.0
2025,1,LAS,IAH,NK,4.0,41.0
2025,1,LAS,IAH,NK,4.0,44.0
2025,1,LAS,IAH,NK,4.0,44.5
2025,1,LAS,IAH,NK,4.0,45.0
2025,1,LAS,IAH,NK,4.0,46.5
2025,1,LAS,IAH,NK,4.0,48.0
2025,1,LAS,IAH,NK,4.0,49.0
2025,1,LAS,IAH,NK,4.0,52.0
2025,1,LAS,IAH,NK,4.0,63.0
2025,1,LAS,IAH,NK,4.0,66.5
2025,1,LAS,IAH,NK,4.0,71.0
2025,1,LAS,IAH,NK,4.0,78.0
2025,1,LAS,IAH,NK,4.0,89.0
2025,1,LAS,IAH,NK,4.0,90.0
2025,1,LAS,IAH,NK,4.0,92.0
2025,1,LAS,IAH,NK,4.0,95.0
2025,1,LAS,IAH,NK,4.0,98.0
2025,1,LAS,IAH,NK,4.0,110.0
2025,1,LAS,IAH,NK,4.0,110.0
2025,1,LAS,IAH,NK,4.0,115.0
2025,1,LAS,IAH,NK,4.0,121.0
2025,1,LAS,IAH,NK,4.0,124.0
2025,1,LAS,IAH,NK,4.0,125.0
2025,1,LAS,IAH,NK,4.0,141.0
2025,1,LAS,IAH,NK,4.0,141.0
2025,1,LAS,IAH,NK,4.0,146.0
2025,1,LAS,IAH,NK,4.0,159.5
2025,1,LAS,IAH,NK,4.0,169.5
2025,1,LAS,IAH,NK,4.0,189.0
2025,1,LAS,IAH,NK,4.0,204.0
2025,1,LAS,IAH,NK,4.0,215.5
2025,1,LAS,IAH,NK,5.0,39.0
2025,1,LAS,IAH,NK,5.0,45.5
2025,1,LAS,IAH,NK,5.0,60.0
2025,1,LAS,IAH,NK,5.0,64.0
2025,1,LAS,IAH,NK,5.0,66.0
2025,1,LAS,IAH,NK,5.0,66.5
2025,1,LAS,IAH,NK,5.0,74.0
2025,1,LAS,IAH,NK,5.0,74.5
2025,1,LAS,IAH,NK,5.0,81.0
2025,1,LAS,IAH,NK,5.0,84.0
2025,1,LAS,IAH,NK,5.0,92.0
2025,1,LAS,IAH,NK,5.0,133.5
2025,1,LAS,IAH,NK,5.0,134.0
2025,1,LAS,IAH,NK,5.0,142.0
2025,1,LAS,IAH,NK,5.0,147.0
2025,1,LAS,IAH,NK,5.0,148.5
2025,1,LAS,IAH,NK,5.0,149.0
2025,1,LAS,IAH,NK,6.0,60.0
2025,1,LAS,IAH,NK,6.0,77.0
2025,1,LAS,IAH,NK,6.0,84.0
2025,1,LAS,IAH,NK,6.0,86.0
2025,1,LAS,IAH,NK,6.0,89.0
2025,1,LAS,IAH,NK,6.0,92.5
2025,1,LAS,IAH,NK,6.0,94.0
2025,1,LAS,IAH,NK,6.0,115.0
2025,1,LAS,IAH,NK,6.0,131.0
2025,1,LAS,IAH,NK,6.0,134.5
2025,1,LAS,IAH,NK,6.0,189.0
2025,1,LAS,IAH,NK,6.0,192.0
2025,1,LAS,IAH,NK,6.0,284.0
2025,1,LAS,IAH,NK,7.0,27.0
2025,1,LAS,IAH,NK,7.0,27.0
2025,1,LAS,IAH,NK,7.0,32.5
2025,1,LAS,IAH,NK,7.0,55.0
2025,1,LAS,IAH,NK,7.0,56.0
2025,1,LAS,IAH,NK,7.0,62.5
2025,1,LAS,IAH,NK,7.0,83.0
2025,1,LAS,IAH,NK,7.0,101.0
2025,1,LAS,IAH,NK,7.0,116.0
2025,1,LAS,IAH,NK,7.0,154.5
2025,1,LAS,IAH,NK,7.0,169.0
2025,1,LAS,IAH,NK,7.0,234.0
2025,1,LAS,IAH,NK,8.0,39.0
2025,1,LAS,IAH,NK,8.0,47.0
2025,1,LAS,IAH,NK,8.0,56.5
2025,1,LAS,IAH,NK,8.0,80.0
2025,1,LAS,IAH,NK,8.0,105.5
2025,1,LAS,IAH,NK,8.0,110.0
2025,1,LAS,IAH,NK,8.0,167.0
2025,1,LAS,IAH,NK,8.0,213.0
2025,1,LAS,IAH,NK,9.0,46.0
2025,1,LAS,IAH,NK,9.0,49.0
2025,1,LAS,IAH,NK,9.0,67.5
2025,1,LAS,IAH,NK,9.0,164.0
2025,1,LAS,IAH,NK,9.0,219.0
2025,1,LAS,IAH,NK,9.0,269.0
2025,1,LAS,IAH,NK,10.0,26.0
2025,1,LAS,IAH,NK,10.0,38.0
2025,1,LAS,IAH,NK,10.0,38.5
2025,1,LAS,IAH,NK,10.0,55.0
2025,1,LAS,IAH,NK,10.0,59.0
2025,1,LAS,IAH,NK,10.0,91.0
2025,1,LAS,IAH,NK,11.0,90.0
2025,1,LAS,IAH,NK,11.0,95.0
2025,1,LAS,IAH,NK,11.0,152.0
2025,1,LAS,IAH,NK,13.0,39.5
2025,1,LAS,IAH,NK,13.0,42.5
2025,1,LAS,IAH,NK,13.0,65.0
2025,1,LAS,IAH,NK,13.0,169.5
2025,1,LAS,IAH,NK,14.0,49.5
2025,1,LAS,IAH,NK,15.0,44.0
2025,1,LAS,IAH,NK,15.0,46.0
2025,1,LAS,IAH,NK,15.0,163.0
2025,1,LAS,IAH,NK,15.0,190.5
2025,1,LAS,IAH,NK,16.0,172.0
2025,1,LAS,IAH,NK,18.0,39.0
2025,1,LAS,IAH,NK,18.0,64.0
2025,1,LAS,IAH,NK,18.0,234.0
2025,1,LAS,IAH,NK,20.0,128.5
2025,1,LAS,IAH,NK,21.0,48.0
2025,1,LAS,IAH,NK,21.0,70.0
2025,1,LAS,IAH,NK,21.0,82.0
2025,1,LAS,IAH,NK,21.0,98.5
2025,1,LAS,IAH,NK,22.0,38.0
2025,1,LAS,IAH,NK,22.0,60.0
2025,1,LAS,IAH,NK,23.0,80.0
2025,1,LAS,IAH,NK,25.0,64.0
2025,1,LAS,IAH,NK,25.0,111.0
2025,1,LAS,IAH,NK,26.0,5.5
2025,1,LAS,IAH,NK,26.0,147.0
2025,1,LAS,IAH,NK,28.0,6.0
2025,1,LAS,IAH,NK,29.0,35.0
2025,1,LAS,IAH,NK,29.0,49.5
2025,1,LAS,IAH,NK,29.0,192.0
2025,1,LAS,IAH,NK,30.0,44.0
2025,1,LAS,IAH,NK,31.0,75.0
2025,1,LAS,IAH,NK,31.0,123.5
2025,1,LAS,IAH,NK,34.0,100.0
2025,1,LAS,IAH,NK,35.0,67.5
2025,1,LAS,IAH,NK,36.0,50.0
2025,1,LAS,IAH,NK,37.0,35.0
2025,1,LAS,IAH,NK,37.0,50.0
2025,1,LAS,IAH,NK,37.0,100.0
2025,1,LAS,IAH,NK,48.0,55.0
2025,1,LAS,IAH,NK,50.0,147.0
2025,1,LAS,IAH,NK,51.0,35.0
2025,1,LAS,IAH,NK,52.0,62.5
2025,1,LAS,IAH,NK,63.0,75.0
2025,1,LAS,IAH,NK,120.0,50.0
2025,1,IAH,FLL,NK,1.0,11.0
2025,1,IAH,FLL,NK,1.0,11.0
2025,1,IAH,FLL,NK,1.0,12.5
2025,1,IAH,FLL,NK,1.0,15.5
2025,1,IAH,FLL,NK,1.0,16.0
2025,1,IAH,FLL,NK,1.0,17.0
2025,1,IAH,FLL,NK,1.0,17.5
2025,1,IAH,FLL,NK,1.0,19.44
2025,1,IAH,FLL,NK,1.0,20.0
2025,1,IAH,FLL,NK,1.0,20.5
2025,1,IAH,FLL,NK,1.0,21.23
2025,1,IAH,FLL,NK,1.0,21.5
2025,1,IAH,FLL,NK,1.0,21.5
2025,1,IAH,FLL,NK,1.0,24.5
2025,1,IAH,FLL,NK,1.0,25.5
2025,1,IAH,FLL,NK,1.0,25.5
2025,1,IAH,FLL,NK,1.0,26.0
2025,1,IAH,FLL,NK,1.0,26.5
2025,1,IAH,FLL,NK,1.0,26.85
2025,1,IAH,FLL,NK,1.0,27.0
2025,1,IAH,FLL,NK,1.0,27.0
2025,1,IAH,FLL,NK,1.0,27.5
2025,1,IAH,FLL,NK,1.0,27.5
2025,1,IAH,FLL,NK,1.0,28.5
2025,1,IAH,FLL,NK,1.0,29.0
2025,1,IAH,FLL,NK,1.0,29.76
2025,1,IAH,FLL,NK,1.0,30.0
2025,1,IAH,FLL,NK,1.0,32.0
2025,1,IAH,FLL,NK,1.0,32.5
2025,1,IAH,FLL,NK,1.0,33.0
2025,1,IAH,FLL,NK,1.0,33.0
2025,1,IAH,FLL,NK,1.0,33.5
2025,1,IAH,FLL,NK,1.0,34.0
2025,1,IAH,FLL,NK,1.0,34.0
2025,1,IAH,FLL,NK,1.0,34.5
2025,1,IAH,FLL,NK,1.0,34.54
2025,1,IAH,FLL,NK,1.0,35.04
2025,1,IAH,FLL,NK,1.0,36.0
2025,1,IAH,FLL,NK,1.0,36.5
2025,1,IAH,FLL,NK,1.0,36.66
2025,1,IAH,FLL,NK,1.0,37.0
2025,1,IAH,FLL,NK,1.0,37.5
2025,1,IAH,FLL,NK,1.0,38.2
2025,1,IAH,FLL,NK,1.0,39.5
2025,1,IAH,FLL,NK,1.0,40.0
2025,1,IAH,FLL,NK,1.0,41.0
2025,1,IAH,FLL,NK,1.0,42.0
2025,1,IAH,FLL,NK,1.0,42.5
2025,1,IAH,FLL,NK,1.0,44.09
2025,1,IAH,FLL,NK,1.0,44.5
2025,1,IAH,FLL,NK,1.0,44.5
2025,1,IAH,FLL,NK,1.0,45.0
2025,1,IAH,FLL,NK,1.0,45.53
2025,1,IAH,FLL,NK,1.0,45.81
2025,1,IAH,FLL,NK,1.0,45.94
2025,1,IAH,FLL,NK,1.0,46.0
2025,1,IAH,FLL,NK,1.0,46.5
2025,1,IAH,FLL,NK,1.0,46.55
2025,1,IAH,FLL,NK,1.0,46.97
2025,1,IAH,FLL,NK,1.0,47.0
2025,1,IAH,FLL,NK,1.0,47.0
2025,1,IAH,FLL,NK,1.0,47.05
2025,1,IAH,FLL,NK,1.0,47.5
2025,1,IAH,FLL,NK,1.0,47.5
2025,1,IAH,FLL,NK,1.0,47.95
2025,1,IAH,FLL,NK,1.0,48.28
2025,1,IAH,FLL,NK,1.0,48.39
2025,1,IAH,FLL,NK,1.0,49.5
2025,1,IAH,FLL,NK,1.0,49.75
2025,1,IAH,FLL,NK,1.0,50.04
2025,1,IAH,FLL,NK,1.0,50.08
2025,1,IAH,FLL,NK,1.0,50.55
2025,1,IAH,FLL,NK,1.0,51.35
2025,1,IAH,FLL,NK,1.0,51.5
2025,1,IAH,FLL,NK,1.0,52.5
2025,1,IAH,FLL,NK,1.0,53.0
2025,1,IAH,FLL,NK,1.0,53.0
2025,1,IAH,FLL,NK,1.0,53.5
2025,1,IAH,FLL,NK,1.0,54.5
2025,1,IAH,FLL,NK,1.0,54.73
2025,1,IAH,FLL,NK,1.0,55.0
2025,1,IAH,FLL,NK,1.0,55.0
2025,1,IAH,FLL,NK,1.0,55.06
2025,1,IAH,FLL,NK,1.0,55.13
2025,1,IAH,FLL,NK,1.0,56.0
2025,1,IAH,FLL,NK,1.0,56.5
2025,1,IAH,FLL,NK,1.0,56.5
2025,1,IAH,FLL,NK,1.0,56.56
2025,1,IAH,FLL,NK,1.0,56.59
2025,1,IAH,FLL,NK,1.0,56.99
2025,1,IAH,FLL,NK,1.0,57.0
2025,1,IAH,FLL,NK,1.0,57.0
2025,1,IAH,FLL,NK,1.0,57.0
2025,1,IAH,FLL,NK,1.0,57.11
2025,1,IAH,FLL,NK,1.0,57.5
2025,1,IAH,FLL,NK,1.0,57.56
2025,1,IAH,FLL,NK,1.0,57.56
2025,1,IAH,FLL,NK,1.0,58.14
2025,1,IAH,FLL,NK,1.0,58.56
2025,1,IAH,FLL,NK,1.0,59.04
2025,1,IAH,FLL,NK,1.0,59.5
2025,1,IAH,FLL,NK,1.0,59.89
2025,1,IAH,FLL,NK,1.0,60.05
2025,1,IAH,FLL,NK,1.0,60.06
2025,1,IAH,FLL,NK,1.0,60.47
2025,1,IAH,FLL,NK,1.0,60.56
2025,1,IAH,FLL,NK,1.0,64.02
2025,1,IAH,FLL,NK,1.0,64.05
2025,1,IAH,FLL,NK,1.0,64.31
2025,1,IAH,FLL,NK,1.0,64.59
2025,1,IAH,FLL,NK,1.0,64.7
2025,1,IAH,FLL,NK,1.0,65.5
2025,1,IAH,FLL,NK,1.0,65.57
2025,1,IAH,FLL,NK,1.0,65.89
2025,1,IAH,FLL,NK,1.0,66.0
2025,1,IAH,FLL,NK,1.0,66.1
2025,1,IAH,FLL,NK,1.0,67.05
2025,1,IAH,FLL,NK,1.0,67.5
2025,1,IAH,FLL,NK,1.0,70.0
2025,1,IAH,FLL,NK,1.0,70.73
2025,1,IAH,FLL,NK,1.0,71.0
2025,1,IAH,FLL,NK,1.0,71.25
2025,1,IAH,FLL,NK,1.0,71.5
2025,1,IAH,FLL,NK,1.0,71.72
2025,1,IAH,FLL,NK,1.0,72.0
2025,1,IAH,FLL,NK,1.0,72.0
2025,1,IAH,FLL,NK,1.0,72.28
2025,1,IAH,FLL,NK,1.0,72.51
2025,1,IAH,FLL,NK,1.0,73.83
2025,1,IAH,FLL,NK,1.0,74.08
2025,1,IAH,FLL,NK,1.0,75.0
2025,1,IAH,FLL,NK,1.0,76.0
2025,1,IAH,FLL,NK,1.0,76.0
2025,1,IAH,FLL,NK,1.0,76.0
2025,1,IAH,FLL,NK,1.0,76.41
2025,1,IAH,FLL,NK,1.0,77.0
2025,1,IAH,FLL,NK,1.0,77.5
2025,1,IAH,FLL,NK,1.0,77.71
2025,1,IAH,FLL,NK,1.0,78.02
2025,1,IAH,FLL,NK,1.0,78.22
2025,1,IAH,FLL,NK,1.0,79.06
2025,1,IAH,FLL,NK,1.0,80.08
2025,1,IAH,FLL,NK,1.0,80.5
2025,1,IAH,FLL,NK,1.0,80.74
2025,1,IAH,FLL,NK,1.0,81.5
2025,1,IAH,FLL,NK,1.0,82.0
2025,1,IAH,FLL,NK,1.0,82.0
2025,1,IAH,FLL,NK,1.0,82.09
2025,1,IAH,FLL,NK,1.0,82.23
2025,1,IAH,FLL,NK,1.0,82.23
2025,1,IAH,FLL,NK,1.0,82.6
2025,1,IAH,FLL,NK,1.0,82.95
2025,1,IAH,FLL,NK,1.0,83.0
2025,1,IAH,FLL,NK,1.0,83.0
2025,1,IAH,FLL,NK,1.0,83.0
2025,1,IAH,FLL,NK,1.0,83.12
2025,1,IAH,FLL,NK,1.0,83.47
2025,1,IAH,FLL,NK,1.0,83.5
2025,1,IAH,FLL,NK,1.0,84.09
2025,1,IAH,FLL,NK,1.0,85.0
2025,1,IAH,FLL,NK,1.0,85.5
2025,1,IAH,FLL,NK,1.0,85.76
2025,1,IAH,FLL,NK,1.0,86.0
2025,1,IAH,FLL,NK,1.0,86.0
2025,1,IAH,FLL,NK,1.0,86.17
2025,1,IAH,FLL,NK,1.0,86.5
2025,1,IAH,FLL,NK,1.0,86.5
2025,1,IAH,FLL,NK,1.0,87.0
2025,1,IAH,FLL,NK,1.0,87.19
2025,1,IAH,FLL,NK,1.0,87.5
2025,1,IAH,FLL,NK,1.0,87.91
2025,1,IAH,FLL,NK,1.0,88.0
2025,1,IAH,FLL,NK,1.0,88.0
2025,1,IAH,FLL,NK,1.0,88.22
2025,1,IAH,FLL,NK,1.0,88.5
2025,1,IAH,FLL,NK,1.0,88.72
2025,1,IAH,FLL,NK,1.0,89.5
2025,1,IAH,FLL,NK,1.0,89.97
2025,1,IAH,FLL,NK,1.0,90.0
2025,1,IAH,FLL,NK,1.0,90.0
2025,1,IAH,FLL,NK,1.0,90.32
2025,1,IAH,FLL,NK,1.0,90.5
2025,1,IAH,FLL,NK,1.0,90.86
2025,1,IAH,FLL,NK,1.0,91.0
2025,1,IAH,FLL,NK,1.0,91.1
2025,1,IAH,FLL,NK,1.0,91.34
2025,1,IAH,FLL,NK,1.0,92.0
2025,1,IAH,FLL,NK,1.0,92.14
2025,1,IAH,FLL,NK,1.0,92.48
2025,1,IAH,FLL,NK,1.0,92.5
2025,1,IAH,FLL,NK,1.0,92.5
2025,1,IAH,FLL,NK,1.0,92.66
2025,1,IAH,FLL,NK,1.0,93.5
2025,1,IAH,FLL,NK,1.0,93.5
2025,1,IAH,FLL,NK,1.0,94.5
2025,1,IAH,FLL,NK,1.0,94.86
2025,1,IAH,FLL,NK,1.0,95.0
2025,1,IAH,FLL,NK,1.0,95.0
2025,1,IAH,FLL,NK,1.0,95.0
2025,1,IAH,FLL,NK,1.0,96.0
2025,1,IAH,FLL,NK,1.0,96.5
2025,1,IAH,FLL,NK,1.0,96.54
2025,1,IAH,FLL,NK,1.0,98.0
2025,1,IAH,FLL,NK,1.0,98.5
2025,1,IAH,FLL,NK,1.0,98.75
2025,1,IAH,FLL,NK,1.0,99.0
2025,1,IAH,FLL,NK,1.0,99.02
2025,1,IAH,FLL,NK,1.0,99.5
2025,1,IAH,FLL,NK,1.0,99.8
2025,1,IAH,FLL,NK,1.0,100.5
2025,1,IAH,FLL,NK,1.0,100.83
2025,1,IAH,FLL,NK,1.0,101.0
2025,1,IAH,FLL,NK,1.0,101.19
2025,1,IAH,FLL,NK,1.0,101.5
2025,1,IAH,FLL,NK,1.0,102.0
2025,1,IAH,FLL,NK,1.0,102.0
2025,1,IAH,FLL,NK,1.0,102.04
2025,1,IAH,FLL,NK,1.0,102.43
2025,1,IAH,FLL,NK,1.0,102.5
2025,1,IAH,FLL,NK,1.0,103.5
2025,1,IAH,FLL,NK,1.0,105.0
2025,1,IAH,FLL,NK,1.0,105.89
2025,1,IAH,FLL,NK,1.0,106.0
2025,1,IAH,FLL,NK,1.0,106.35
2025,1,IAH,FLL,NK,1.0,106.58
2025,1,IAH,FLL,NK,1.0,107.35
2025,1,IAH,FLL,NK,1.0,107.5
2025,1,IAH,FLL,NK,1.0,107.5
2025,1,IAH,FLL,NK,1.0,108.0
2025,1,IAH,FLL,NK,1.0,110.5
2025,1,IAH,FLL,NK,1.0,110.51
2025,1,IAH,FLL,NK,1.0,110.6
2025,1,IAH,FLL,NK,1.0,111.0
2025,1,IAH,FLL,NK,1.0,111.0
2025,1,IAH,FLL,NK,1.0,112.5
2025,1,IAH,FLL,NK,1.0,112.58
2025,1,IAH,FLL,NK,1.0,113.0
2025,1,IAH,FLL,NK,1.0,113.5
2025,1,IAH,FLL,NK,1.0,114.0
2025,1,IAH,FLL,NK,1.0,114.26
2025,1,IAH,FLL,NK,1.0,114.5
2025,1,IAH,FLL,NK,1.0,114.61
2025,1,IAH,FLL,NK,1.0,115.0
2025,1,IAH,FLL,NK,1.0,115.5
2025,1,IAH,FLL,NK,1.0,116.0
2025,1,IAH,FLL,NK,1.0,116.62
2025,1,IAH,FLL,NK,1.0,116.75
2025,1,IAH,FLL,NK,1.0,117.58
2025,1,IAH,FLL,NK,1.0,118.08
2025,1,IAH,FLL,NK,1.0,119.0
2025,1,IAH,FLL,NK,1.0,119.0
2025,1,IAH,FLL,NK,1.0,121.0
2025,1,IAH,FLL,NK,1.0,121.63
2025,1,IAH,FLL,NK,1.0,122.0
2025,1,IAH,FLL,NK,1.0,122.0
2025,1,IAH,FLL,NK,1.0,122.0
2025,1,IAH,FLL,NK,1.0,122.5
2025,1,IAH,FLL,NK,1.0,123.0
2025,1,IAH,FLL,NK,1.0,123.0
2025,1,IAH,FLL,NK,1.0,124.0
2025,1,IAH,FLL,NK,1.0,124.0
2025,1,IAH,FLL,NK,1.0,124.33
2025,1,IAH,FLL,NK,1.0,125.0
2025,1,IAH,FLL,NK,1.0,125.0
2025,1,IAH,FLL,NK,1.0,125.15
2025,1,IAH,FLL,NK,1.0,125.5
2025,1,IAH,FLL,NK,1.0,125.72
2025,1,IAH,FLL,NK,1.0,126.0
2025,1,IAH,FLL,NK,1.0,126.0
2025,1,IAH,FLL,NK,1.0,126.7
2025,1,IAH,FLL,NK,1.0,126.95
2025,1,IAH,FLL,NK,1.0,128.0
2025,1,IAH,FLL,NK,1.0,129.0
2025,1,IAH,FLL,NK,1.0,129.0
2025,1,IAH,FLL,NK,1.0,130.0
2025,1,IAH,FLL,NK,1.0,130.0
2025,1,IAH,FLL,NK,1.0,130.1
2025,1,IAH,FLL,NK,1.0,131.0
2025,1,IAH,FLL,NK,1.0,131.0
2025,1,IAH,FLL,NK,1.0,131.0
2025,1,IAH,FLL,NK,1.0,132.0
2025,1,IAH,FLL,NK,1.0,132.11
2025,1,IAH,FLL,NK,1.0,133.0
2025,1,IAH,FLL,NK,1.0,133.5
2025,1,IAH,FLL,NK,1.0,133.51
2025,1,IAH,FLL,NK,1.0,134.3
2025,1,IAH,FLL,NK,1.0,135.21
2025,1,IAH,FLL,NK,1.0,136.0
2025,1,IAH,FLL,NK,1.0,137.08
2025,1,IAH,FLL,NK,1.0,138.0
2025,1,IAH,FLL,NK,1.0,138.5
2025,1,IAH,FLL,NK,1.0,139.0
2025,1,IAH,FLL,NK,1.0,139.5
2025,1,IAH,FLL,NK,1.0,140.0
2025,1,IAH,FLL,NK,1.0,140.28
2025,1,IAH,FLL,NK,1.0,140.5
2025,1,IAH,FLL,NK,1.0,140.84
2025,1,IAH,FLL,NK,1.0,141.0
2025,1,IAH,FLL,NK,1.0,141.0
2025,1,IAH,FLL,NK,1.0,142.5
2025,1,IAH,FLL,NK,1.0,143.0
2025,1,IAH,FLL,NK,1.0,143.5
2025,1,IAH,FLL,NK,1.0,144.5
2025,1,IAH,FLL,NK,1.0,145.0
2025,1,IAH,FLL,NK,1.0,145.12
2025,1,IAH,FLL,NK,1.0,146.0
2025,1,IAH,FLL,NK,1.0,146.0
2025,1,IAH,FLL,NK,1.0,146.5
2025,1,IAH,FLL,NK,1.0,147.32
2025,1,IAH,FLL,NK,1.0,148.0
2025,1,IAH,FLL,NK,1.0,148.0
2025,1,IAH,FLL,NK,1.0,148.46
2025,1,IAH,FLL,NK,1.0,149.5
2025,1,IAH,FLL,NK,1.0,151.0
2025,1,IAH,FLL,NK,1.0,151.0
2025,1,IAH,FLL,NK,1.0,151.16
2025,1,IAH,FLL,NK,1.0,152.0
2025,1,IAH,FLL,NK,1.0,153.0
2025,1,IAH,FLL,NK,1.0,154.0
2025,1,IAH,FLL,NK,1.0,155.5
2025,1,IAH,FLL,NK,1.0,156.0
2025,1,IAH,FLL,NK,1.0,158.0
2025,1,IAH,FLL,NK,1.0,158.0
2025,1,IAH,FLL,NK,1.0,158.0
2025,1,IAH,FLL,NK,1.0,160.5
2025,1,IAH,FLL,NK,1.0,160.5
2025,1,IAH,FLL,NK,1.0,161.0
2025,1,IAH,FLL,NK,1.0,161.0
2025,1,IAH,FLL,NK,1.0,161.0
2025,1,IAH,FLL,NK,1.0,161.5
2025,1,IAH,FLL,NK,1.0,161.5
2025,1,IAH,FLL,NK,1.0,161.67
2025,1,IAH,FLL,NK,1.0,162.0
2025,1,IAH,FLL,NK,1.0,162.0
2025,1,IAH,FLL,NK,1.0,162.5
2025,1,IAH,FLL,NK,1.0,163.0
2025,1,IAH,FLL,NK,1.0,163.0
2025,1,IAH,FLL,NK,1.0,163.4
2025,1,IAH,FLL,NK,1.0,164.0
2025,1,IAH,FLL,NK,1.0,164.5
2025,1,IAH,FLL,NK,1.0,165.46
2025,1,IAH,FLL,NK,1.0,165.5
2025,1,IAH,FLL,NK,1.0,166.5
2025,1,IAH,FLL,NK,1.0,166.61
2025,1,IAH,FLL,NK,1.0,168.0
2025,1,IAH,FLL,NK,1.0,168.6
2025,1,IAH,FLL,NK,1.0,168.67
2025,1,IAH,FLL,NK,1.0,171.0
2025,1,IAH,FLL,NK,1.0,171.68
2025,1,IAH,FLL,NK,1.0,172.0
2025,1,IAH,FLL,NK,1.0,172.0
2025,1,IAH,FLL,NK,1.0,172.5
2025,1,IAH,FLL,NK,1.0,173.76
2025,1,IAH,FLL,NK,1.0,173.88
2025,1,IAH,FLL,NK,1.0,176.31
2025,1,IAH,FLL,NK,1.0,176.5
2025,1,IAH,FLL,NK,1.0,176.68
2025,1,IAH,FLL,NK,1.0,178.0
2025,1,IAH,FLL,NK,1.0,178.63
2025,1,IAH,FLL,NK,1.0,179.0
2025,1,IAH,FLL,NK,1.0,179.46
2025,1,IAH,FLL,NK,1.0,179.5
2025,1,IAH,FLL,NK,1.0,180.0
2025,1,IAH,FLL,NK,1.0,180.0
2025,1,IAH,FLL,NK,1.0,180.62
2025,1,IAH,FLL,NK,1.0,181.5
2025,1,IAH,FLL,NK,1.0,182.0
2025,1,IAH,FLL,NK,1.0,182.5
2025,1,IAH,FLL,NK,1.0,183.0
2025,1,IAH,FLL,NK,1.0,184.0
2025,1,IAH,FLL,NK,1.0,184.0
2025,1,IAH,FLL,NK,1.0,186.2
2025,1,IAH,FLL,NK,1.0,188.0
2025,1,IAH,FLL,NK,1.0,189.23
2025,1,IAH,FLL,NK,1.0,190.0
2025,1,IAH,FLL,NK,1.0,190.1
2025,1,IAH,FLL,NK,1.0,191.0
2025,1,IAH,FLL,NK,1.0,196.5
2025,1,IAH,FLL,NK,1.0,196.5
2025,1,IAH,FLL,NK,1.0,197.0
2025,1,IAH,FLL,NK,1.0,197.0
2025,1,IAH,FLL,NK,1.0,199.36
2025,1,IAH,FLL,NK,1.0,201.0
2025,1,IAH,FLL,NK,1.0,202.28
2025,1,IAH,FLL,NK,1.0,203.0
2025,1,IAH,FLL,NK,1.0,203.0
2025,1,IAH,FLL,NK,1.0,204.0
2025,1,IAH,FLL,NK,1.0,206.0
2025,1,IAH,FLL,NK,1.0,206.33
2025,1,IAH,FLL,NK,1.0,207.4
2025,1,IAH,FLL,NK,1.0,208.5
2025,1,IAH,FLL,NK,1.0,208.97
2025,1,IAH,FLL,NK,1.0,209.0
2025,1,IAH,FLL,NK,1.0,211.5
2025,1,IAH,FLL,NK,1.0,211.5
2025,1,IAH,FLL,NK,1.0,213.51
2025,1,IAH,FLL,NK,1.0,214.0
2025,1,IAH,FLL,NK,1.0,214.0
2025,1,IAH,FLL,NK,1.0,214.06
2025,1,IAH,FLL,NK,1.0,216.0
2025,1,IAH,FLL,NK,1.0,219.0
2025,1,IAH,FLL,NK,1.0,219.0
2025,1,IAH,FLL,NK,1.0,219.46
2025,1,IAH,FLL,NK,1.0,221.01
2025,1,IAH,FLL,NK,1.0,224.0
2025,1,IAH,FLL,NK,1.0,225.0
2025,1,IAH,FLL,NK,1.0,226.5
2025,1,IAH,FLL,NK,1.0,228.5
2025,1,IAH,FLL,NK,1.0,230.25
2025,1,IAH,FLL,NK,1.0,231.42
2025,1,IAH,FLL,NK,1.0,232.0
2025,1,IAH,FLL,NK,1.0,239.0
2025,1,IAH,FLL,NK,1.0,243.23
2025,1,IAH,FLL,NK,1.0,244.0
2025,1,IAH,FLL,NK,1.0,247.0
2025,1,IAH,FLL,NK,1.0,247.5
2025,1,IAH,FLL,NK,1.0,249.0
2025,1,IAH,FLL,NK,1.0,251.0
2025,1,IAH,FLL,NK,1.0,254.0
2025,1,IAH,FLL,NK,1.0,254.0
2025,1,IAH,FLL,NK,1.0,256.5
2025,1,IAH,FLL,NK,1.0,258.0
2025,1,IAH,FLL,NK,1.0,259.0
2025,1,IAH,FLL,NK,1.0,259.0
2025,1,IAH,FLL,NK,1.0,263.0
2025,1,IAH,FLL,NK,1.0,264.0
2025,1,IAH,FLL,NK,1.0,266.0
2025,1,IAH,FLL,NK,1.0,268.0
2025,1,IAH,FLL,NK,1.0,268.0
2025,1,IAH,FLL,NK,1.0,268.95
2025,1,IAH,FLL,NK,1.0,272.0
2025,1,IAH,FLL,NK,1.0,274.0
2025,1,IAH,FLL,NK,1.0,277.0
2025,1,IAH,FLL,NK,1.0,278.0
2025,1,IAH,FLL,NK,1.0,279.0
2025,1,IAH,FLL,NK,1.0,281.0
2025,1,IAH,FLL,NK,1.0,289.0
2025,1,IAH,FLL,NK,1.0,291.0
2025,1,IAH,FLL,NK,1.0,292.0
2025,1,IAH,FLL,NK,1.0,294.0
2025,1,IAH,FLL,NK,1.0,294.36
2025,1,IAH,FLL,NK,1.0,314.0
2025,1,IAH,FLL,NK,1.0,315.0
2025,1,IAH,FLL,NK,1.0,316.0
2025,1,IAH,FLL,NK,1.0,318.64
2025,1,IAH,FLL,NK,1.0,326.5
2025,1,IAH,FLL,NK,1.0,329.0
2025,1,IAH,FLL,NK,1.0,332.0
2025,1,IAH,FLL,NK,1.0,339.0
2025,1,IAH,FLL,NK,1.0,353.0
2025,1,IAH,FLL,NK,1.0,365.6
2025,1,IAH,FLL,NK,1.0,389.0
2025,1,IAH,FLL,NK,1.0,404.0
2025,1,IAH,FLL,NK,1.0,406.0
2025,1,IAH,FLL,NK,1.0,409.0
2025,1,IAH,FLL,NK,1.0,409.0
2025,1,IAH,FLL,NK,1.0,412.0
2025,1,IAH,FLL,NK,1.0,416.0
2025,1,IAH,FLL,NK,1.0,420.0
2025,1,IAH,FLL,NK,1.0,434.0
2025,1,IAH,FLL,NK,1.0,444.0
2025,1,IAH,FLL,NK,1.0,496.0
2025,1,IAH,FLL,NK,1.0,594.0
2025,1,IAH,FLL,NK,2.0,6.48
2025,1,IAH,FLL,NK,2.0,11.0
2025,1,IAH,FLL,NK,2.0,20.0
2025,1,IAH,FLL,NK,2.0,22.0
2025,1,IAH,FLL,NK,2.0,23.0
2025,1,IAH,FLL,NK,2.0,23.0
2025,1,IAH,FLL,NK,2.0,25.0
2025,1,IAH,FLL,NK,2.0,25.0
2025,1,IAH,FLL,NK,2.0,25.0
2025,1,IAH,FLL,NK,2.0,30.5
2025,1,IAH,FLL,NK,2.0,32.5
2025,1,IAH,FLL,NK,2.0,34.0
2025,1,IAH,FLL,NK,2.0,35.0
2025,1,IAH,FLL,NK,2.0,35.0
2025,1,IAH,FLL,NK,2.0,41.5
2025,1,IAH,FLL,NK,2.0,44.0
2025,1,IAH,FLL,NK,2.0,49.5
2025,1,IAH,FLL,NK,2.0,50.5
2025,1,IAH,FLL,NK,2.0,51.5
2025,1,IAH,FLL,NK,2.0,52.0
2025,1,IAH,FLL,NK,2.0,54.5
2025,1,IAH,FLL,NK,2.0,55.5
2025,1,IAH,FLL,NK,2.0,56.06
2025,1,IAH,FLL,NK,2.0,56.5
2025,1,IAH,FLL,NK,2.0,59.5
2025,1,IAH,FLL,NK,2.0,60.5
2025,1,IAH,FLL,NK,2.0,60.5
2025,1,IAH,FLL,NK,2.0,61.0
2025,1,IAH,FLL,NK,2.0,61.0
2025,1,IAH,FLL,NK,2.0,62.0
2025,1,IAH,FLL,NK,2.0,63.0
2025,1,IAH,FLL,NK,2.0,63.47
2025,1,IAH,FLL,NK,2.0,63.5
2025,1,IAH,FLL,NK,2.0,65.0
2025,1,IAH,FLL,NK,2.0,66.0
2025,1,IAH,FLL,NK,2.0,66.0
2025,1,IAH,FLL,NK,2.0,69.5
2025,1,IAH,FLL,NK,2.0,69.85
2025,1,IAH,FLL,NK,2.0,70.0
2025,1,IAH,FLL,NK,2.0,70.0
2025,1,IAH,FLL,NK,2.0,71.0
2025,1,IAH,FLL,NK,2.0,72.0
2025,1,IAH,FLL,NK,2.0,73.0
2025,1,IAH,FLL,NK,2.0,75.5
2025,1,IAH,FLL,NK,2.0,77.0
2025,1,IAH,FLL,NK,2.0,78.5
2025,1,IAH,FLL,NK,2.0,80.5
2025,1,IAH,FLL,NK,2.0,82.0
2025,1,IAH,FLL,NK,2.0,83.0
2025,1,IAH,FLL,NK,2.0,83.0
2025,1,IAH,FLL,NK,2.0,83.5
2025,1,IAH,FLL,NK,2.0,85.0
2025,1,IAH,FLL,NK,2.0,86.0
2025,1,IAH,FLL,NK,2.0,87.5
2025,1,IAH,FLL,NK,2.0,88.0
2025,1,IAH,FLL,NK,2.0,88.5
2025,1,IAH,FLL,NK,2.0,91.0
2025,1,IAH,FLL,NK,2.0,91.5
2025,1,IAH,FLL,NK,2.0,93.0
2025,1,IAH,FLL,NK,2.0,93.0
2025,1,IAH,FLL,NK,2.0,97.0
2025,1,IAH,FLL,NK,2.0,98.0
2025,1,IAH,FLL,NK,2.0,100.0
2025,1,IAH,FLL,NK,2.0,101.0
2025,1,IAH,FLL,NK,2.0,101.0
2025,1,IAH,FLL,NK,2.0,101.5
2025,1,IAH,FLL,NK,2.0,104.0
2025,1,IAH,FLL,NK,2.0,106.5
2025,1,IAH,FLL,NK,2.0,107.0
2025,1,IAH,FLL,NK,2.0,107.0
2025,1,IAH,FLL,NK,2.0,108.5
2025,1,IAH,FLL,NK,2.0,108.5
2025,1,IAH,FLL,NK,2.0,111.5
2025,1,IAH,FLL,NK,2.0,112.0
2025,1,IAH,FLL,NK,2.0,112.0
2025,1,IAH,FLL,NK,2.0,114.0
2025,1,IAH,FLL,NK,2.0,116.0
2025,1,IAH,FLL,NK,2.0,117.0
2025,1,IAH,FLL,NK,2.0,118.0
2025,1,IAH,FLL,NK,2.0,120.0
2025,1,IAH,FLL,NK,2.0,120.0
2025,1,IAH,FLL,NK,2.0,120.5
2025,1,IAH,FLL,NK,2.0,120.5
2025,1,IAH,FLL,NK,2.0,125.0
2025,1,IAH,FLL,NK,2.0,126.0
2025,1,IAH,FLL,NK,2.0,126.5
2025,1,IAH,FLL,NK,2.0,128.0
2025,1,IAH,FLL,NK,2.0,131.5
2025,1,IAH,FLL,NK,2.0,132.0
2025,1,IAH,FLL,NK,2.0,137.0
2025,1,IAH,FLL,NK,2.0,138.0
2025,1,IAH,FLL,NK,2.0,139.0
2025,1,IAH,FLL,NK,2.0,139.0
2025,1,IAH,FLL,NK,2.0,143.0
2025,1,IAH,FLL,NK,2.0,143.0
2025,1,IAH,FLL,NK,2.0,145.5
2025,1,IAH,FLL,NK,2.0,147.0
2025,1,IAH,FLL,NK,2.0,148.0
2025,1,IAH,FLL,NK,2.0,150.0
2025,1,IAH,FLL,NK,2.0,155.0
2025,1,IAH,FLL,NK,2.0,156.0
2025,1,IAH,FLL,NK,2.0,164.0
2025,1,IAH,FLL,NK,2.0,165.0
2025,1,IAH,FLL,NK,2.0,176.0
2025,1,IAH,FLL,NK,2.0,179.0
2025,1,IAH,FLL,NK,2.0,186.5
2025,1,IAH,FLL,NK,2.0,194.0
2025,1,IAH,FLL,NK,2.0,200.0
2025,1,IAH,FLL,NK,2.0,204.0
2025,1,IAH,FLL,NK,2.0,208.0
2025,1,IAH,FLL,NK,2.0,209.0
2025,1,IAH,FLL,NK,2.0,214.0
2025,1,IAH,FLL,NK,2.0,221.5
2025,1,IAH,FLL,NK,2.0,224.0
2025,1,IAH,FLL,NK,2.0,229.0
2025,1,IAH,FLL,NK,2.0,243.0
2025,1,IAH,FLL,NK,2.0,289.0
2025,1,IAH,FLL,NK,3.0,20.0
2025,1,IAH,FLL,NK,3.0,21.0
2025,1,IAH,FLL,NK,3.0,26.5
2025,1,IAH,FLL,NK,3.0,28.0
2025,1,IAH,FLL,NK,3.0,31.0
2025,1,IAH,FLL,NK,3.0,31.0
2025,1,IAH,FLL,NK,3.0,35.0
2025,1,IAH,FLL,NK,3.0,35.5
2025,1,IAH,FLL,NK,3.0,35.5
2025,1,IAH,FLL,NK,3.0,36.0
2025,1,IAH,FLL,NK,3.0,37.0
2025,1,IAH,FLL,NK,3.0,37.0
2025,1,IAH,FLL,NK,3.0,38.0
2025,1,IAH,FLL,NK,3.0,38.5
2025,1,IAH,FLL,NK,3.0,39.0
2025,1,IAH,FLL,NK,3.0,41.0
2025,1,IAH,FLL,NK,3.0,42.0
2025,1,IAH,FLL,NK,3.0,45.5
2025,1,IAH,FLL,NK,3.0,46.0
2025,1,IAH,FLL,NK,3.0,50.0
2025,1,IAH,FLL,NK,3.0,51.0
2025,1,IAH,FLL,NK,3.0,52.5
2025,1,IAH,FLL,NK,3.0,52.5
2025,1,IAH,FLL,NK,3.0,55.0
2025,1,IAH,FLL,NK,3.0,56.0
2025,1,IAH,FLL,NK,3.0,57.5
2025,1,IAH,FLL,NK,3.0,60.0
2025,1,IAH,FLL,NK,3.0,61.5
2025,1,IAH,FLL,NK,3.0,62.0
2025,1,IAH,FLL,NK,3.0,64.5
2025,1,IAH,FLL,NK,3.0,65.0
2025,1,IAH,FLL,NK,3.0,67.0
2025,1,IAH,FLL,NK,3.0,67.0
2025,1,IAH,FLL,NK,3.0,73.5
2025,1,IAH,FLL,NK,3.0,75.0
2025,1,IAH,FLL,NK,3.0,78.0
2025,1,IAH,FLL,NK,3.0,87.0
2025,1,IAH,FLL,NK,3.0,87.0
2025,1,IAH,FLL,NK,3.0,87.0
2025,1,IAH,FLL,NK,3.0,88.0
2025,1,IAH,FLL,NK,3.0,92.0
2025,1,IAH,FLL,NK,3.0,95.5
2025,1,IAH,FLL,NK,3.0,102.0
2025,1,IAH,FLL,NK,3.0,105.0
2025,1,IAH,FLL,NK,3.0,106.0
2025,1,IAH,FLL,NK,3.0,107.0
2025,1,IAH,FLL,NK,3.0,111.5
2025,1,IAH,FLL,NK,3.0,112.0
2025,1,IAH,FLL,NK,3.0,114.0
2025,1,IAH,FLL,NK,3.0,116.5
2025,1,IAH,FLL,NK,3.0,118.0
2025,1,IAH,FLL,NK,3.0,119.0
2025,1,IAH,FLL,NK,3.0,121.0
2025,1,IAH,FLL,NK,3.0,126.5
2025,1,IAH,FLL,NK,3.0,135.0
2025,1,IAH,FLL,NK,3.0,158.0
2025,1,IAH,FLL,NK,3.0,166.5
2025,1,IAH,FLL,NK,3.0,199.0
2025,1,IAH,FLL,NK,3.0,204.0
2025,1,IAH,FLL,NK,3.0,314.0
2025,1,IAH,FLL,NK,3.0,339.0
2025,1,IAH,FLL,NK,3.0,419.0
2025,1,IAH,FLL,NK,4.0,28.0
2025,1,IAH,FLL,NK,4.0,31.0
2025,1,IAH,FLL,NK,4.0,40.5
2025,1,IAH,FLL,NK,4.0,41.0
2025,1,IAH,FLL,NK,4.0,50.5
2025,1,IAH,FLL,NK,4.0,52.0
2025,1,IAH,FLL,NK,4.0,60.0
2025,1,IAH,FLL,NK,4.0,60.0
2025,1,IAH,FLL,NK,4.0,65.5
2025,1,IAH,FLL,NK,4.0,68.0
2025,1,IAH,FLL,NK,4.0,70.5
2025,1,IAH,FLL,NK,4.0,71.5
2025,1,IAH,FLL,NK,4.0,75.0
2025,1,IAH,FLL,NK,4.0,75.0
2025,1,IAH,FLL,NK,4.0,76.5
2025,1,IAH,FLL,NK,4.0,84.0
2025,1,IAH,FLL,NK,4.0,92.0
2025,1,IAH,FLL,NK,4.0,92.0
2025,1,IAH,FLL,NK,4.0,104.0
2025,1,IAH,FLL,NK,4.0,104.0
2025,1,IAH,FLL,NK,4.0,109.0
2025,1,IAH,FLL,NK,4.0,119.0
2025,1,IAH,FLL,NK,4.0,131.5
2025,1,IAH,FLL,NK,4.0,134.0
2025,1,IAH,FLL,NK,4.0,141.0
2025,1,IAH,FLL,NK,4.0,142.0
2025,1,IAH,FLL,NK,4.0,159.0
2025,1,IAH,FLL,NK,4.0,159.0
2025,1,IAH,FLL,NK,4.0,170.0
2025,1,IAH,FLL,NK,4.0,174.0
2025,1,IAH,FLL,NK,4.0,179.0
2025,1,IAH,FLL,NK,4.0,186.0
2025,1,IAH,FLL,NK,4.0,194.0
2025,1,IAH,FLL,NK,4.0,194.0
2025,1,IAH,FLL,NK,4.0,234.0
2025,1,IAH,FLL,NK,5.0,28.5
2025,1,IAH,FLL,NK,5.0,36.0
2025,1,IAH,FLL,NK,5.0,40.5
2025,1,IAH,FLL,NK,5.0,41.5
2025,1,IAH,FLL,NK,5.0,42.5
2025,1,IAH,FLL,NK,5.0,44.0
2025,1,IAH,FLL,NK,5.0,45.5
2025,1,IAH,FLL,NK,5.0,49.0
2025,1,IAH,FLL,NK,5.0,56.0
2025,1,IAH,FLL,NK,5.0,70.5
2025,1,IAH,FLL,NK,5.0,73.0
2025,1,IAH,FLL,NK,5.0,78.0
2025,1,IAH,FLL,NK,5.0,78.0
2025,1,IAH,FLL,NK,5.0,97.0
2025,1,IAH,FLL,NK,5.0,98.0
2025,1,IAH,FLL,NK,5.0,109.0
2025,1,IAH,FLL,NK,5.0,124.0
2025,1,IAH,FLL,NK,5.0,144.0
2025,1,IAH,FLL,NK,5.0,154.0
2025,1,IAH,FLL,NK,5.0,289.0
2025,1,IAH,FLL,NK,6.0,26.0
2025,1,IAH,FLL,NK,6.0,40.0
2025,1,IAH,FLL,NK,6.0,45.0
2025,1,IAH,FLL,NK,6.0,46.0
2025,1,IAH,FLL,NK,6.0,46.5
2025,1,IAH,FLL,NK,6.0,52.0
2025,1,IAH,FLL,NK,6.0,61.0
2025,1,IAH,FLL,NK,6.0,68.5
2025,1,IAH,FLL,NK,6.0,78.5
2025,1,IAH,FLL,NK,6.0,102.0
2025,1,IAH,FLL,NK,6.0,121.5
2025,1,IAH,FLL,NK,7.0,43.5
2025,1,IAH,FLL,NK,7.0,53.5
2025,1,IAH,FLL,NK,7.0,55.5
2025,1,IAH,FLL,NK,7.0,61.5
2025,1,IAH,FLL,NK,7.0,76.5
2025,1,IAH,FLL,NK,7.0,89.0
2025,1,IAH,FLL,NK,7.0,91.5
2025,1,IAH,FLL,NK,7.0,97.0
2025,1,IAH,FLL,NK,7.0,99.0
2025,1,IAH,FLL,NK,7.0,121.5
2025,1,IAH,FLL,NK,7.0,146.5
2025,1,IAH,FLL,NK,7.0,149.0
2025,1,IAH,FLL,NK,7.0,154.0
2025,1,IAH,FLL,NK,7.0,159.0
2025,1,IAH,FLL,NK,8.0,43.5
2025,1,IAH,FLL,NK,8.0,44.0
2025,1,IAH,FLL,NK,8.0,58.0
2025,1,IAH,FLL,NK,8.0,58.0
2025,1,IAH,FLL,NK,8.0,63.0
2025,1,IAH,FLL,NK,8.0,68.0
2025,1,IAH,FLL,NK,8.0,115.0
2025,1,IAH,FLL,NK,8.0,144.0
2025,1,IAH,FLL,NK,9.0,39.0
2025,1,IAH,FLL,NK,9.0,39.0
2025,1,IAH,FLL,NK,9.0,51.0
2025,1,IAH,FLL,NK,9.0,68.0
2025,1,IAH,FLL,NK,9.0,69.0
2025,1,IAH,FLL,NK,9.0,71.0
2025,1,IAH,FLL,NK,9.0,84.0
2025,1,IAH,FLL,NK,9.0,134.0
2025,1,IAH,FLL,NK,10.0,38.5
2025,1,IAH,FLL,NK,10.0,63.5
2025,1,IAH,FLL,NK,10.0,68.5
2025,1,IAH,FLL,NK,10.0,77.0
2025,1,IAH,FLL,NK,10.0,79.0
2025,1,IAH,FLL,NK,10.0,94.0
2025,1,IAH,FLL,NK,10.0,149.0
2025,1,IAH,FLL,NK,10.0,169.0
2025,1,IAH,FLL,NK,10.0,189.0
2025,1,IAH,FLL,NK,10.0,189.0
2025,1,IAH,FLL,NK,11.0,43.0
2025,1,IAH,FLL,NK,11.0,109.0
2025,1,IAH,FLL,NK,11.0,129.0
2025,1,IAH,FLL,NK,11.0,164.0
2025,1,IAH,FLL,NK,12.0,48.0
2025,1,IAH,FLL,NK,12.0,49.0
2025,1,IAH,FLL,NK,12.0,51.0
2025,1,IAH,FLL,NK,12.0,66.5
2025,1,IAH,FLL,NK,12.0,139.0
2025,1,IAH,FLL,NK,12.0,169.0
2025,1,IAH,FLL,NK,13.0,45.0
2025,1,IAH,FLL,NK,13.0,53.0
2025,1,IAH,FLL,NK,13.0,58.0
2025,1,IAH,FLL,NK,13.0,66.5
2025,1,IAH,FLL,NK,13.0,124.0
2025,1,IAH,FLL,NK,14.0,43.0
2025,1,IAH,FLL,NK,14.0,48.5
2025,1,IAH,FLL,NK,14.0,48.5
2025,1,IAH,FLL,NK,14.0,58.5
2025,1,IAH,FLL,NK,14.0,58.5
2025,1,IAH,FLL,NK,14.0,189.0
2025,1,IAH,FLL,NK,14.0,199.0
2025,1,IAH,FLL,NK,15.0,89.0
2025,1,IAH,FLL,NK,15.0,239.0
2025,1,IAH,FLL,NK,16.0,5.5
2025,1,IAH,FLL,NK,16.0,64.0
2025,1,IAH,FLL,NK,16.0,99.0
2025,1,IAH,FLL,NK,17.0,49.0
2025,1,IAH,FLL,NK,17.0,79.0
2025,1,IAH,FLL,NK,17.0,94.0
2025,1,IAH,FLL,NK,18.0,48.0
2025,1,IAH,FLL,NK,19.0,5.5
2025,1,IAH,FLL,NK,19.0,69.0
2025,1,IAH,FLL,NK,19.0,79.0
2025,1,IAH,FLL,NK,19.0,89.0
2025,1,IAH,FLL,NK,21.0,99.0
2025,1,IAH,FLL,NK,22.0,43.0
2025,1,IAH,FLL,NK,22.0,53.5
2025,1,IAH,FLL,NK,22.0,84.0
2025,1,IAH,FLL,NK,23.0,48.0
2025,1,IAH,FLL,NK,23.0,69.0
2025,1,IAH,FLL,NK,23.0,94.0
2025,1,IAH,FLL,NK,26.0,54.0
2025,1,IAH,FLL,NK,28.0,6.0
2025,1,IAH,FLL,NK,30.0,54.0
2025,1,IAH,FLL,NK,31.0,74.0
2025,1,IAH,FLL,NK,32.0,38.0
2025,1,IAH,FLL,NK,34.0,74.0
2025,1,IAH,FLL,NK,34.0,169.0
2025,1,IAH,FLL,NK,35.0,64.0
2025,1,IAH,FLL,NK,36.0,64.0
2025,1,IAH,FLL,NK,41.0,74.0
2025,1,IAH,FLL,NK,41.0,149.0
2025,1,IAH,FLL,NK,42.0,209.0
2025,1,IAH,FLL,NK,43.0,59.0
2025,1,IAH,FLL,NK,44.0,54.0
2025,1,IAH,FLL,NK,44.0,59.0
2025,1,IAH,FLL,NK,48.0,59.0
2025,1,IAH,MCO,NK,1.0,4.5
2025,1,IAH,MCO,NK,1.0,15.0
2025,1,IAH,MCO,NK,1.0,16.5
2025,1,IAH,MCO,NK,1.0,18.0
2025,1,IAH,MCO,NK,1.0,18.0
2025,1,IAH,MCO,NK,1.0,18.0
2025,1,IAH,MCO,NK,1.0,19.0
2025,1,IAH,MCO,NK,1.0,19.5
2025,1,IAH,MCO,NK,1.0,19.51
2025,1,IAH,MCO,NK,1.0,21.0
2025,1,IAH,MCO,NK,1.0,21.5
2025,1,IAH,MCO,NK,1.0,22.0
2025,1,IAH,MCO,NK,1.0,23.69
2025,1,IAH,MCO,NK,1.0,24.0
2025,1,IAH,MCO,NK,1.0,25.0
2025,1,IAH,MCO,NK,1.0,26.0
2025,1,IAH,MCO,NK,1.0,27.0
2025,1,IAH,MCO,NK,1.0,28.0
2025,1,IAH,MCO,NK,1.0,28.5
2025,1,IAH,MCO,NK,1.0,29.0
2025,1,IAH,MCO,NK,1.0,30.0
2025,1,IAH,MCO,NK,1.0,32.0
2025,1,IAH,MCO,NK,1.0,33.0
2025,1,IAH,MCO,NK,1.0,34.0
2025,1,IAH,MCO,NK,1.0,34.0
2025,1,IAH,MCO,NK,1.0,34.65
2025,1,IAH,MCO,NK,1.0,35.0
2025,1,IAH,MCO,NK,1.0,35.5
2025,1,IAH,MCO,NK,1.0,36.0
2025,1,IAH,MCO,NK,1.0,36.0
2025,1,IAH,MCO,NK,1.0,37.0
2025,1,IAH,MCO,NK,1.0,37.0
2025,1,IAH,MCO,NK,1.0,37.04
2025,1,IAH,MCO,NK,1.0,37.28
2025,1,IAH,MCO,NK,1.0,37.5
2025,1,IAH,MCO,NK,1.0,38.01
2025,1,IAH,MCO,NK,1.0,41.45
2025,1,IAH,MCO,NK,1.0,41.48
2025,1,IAH,MCO,NK,1.0,42.5
2025,1,IAH,MCO,NK,1.0,43.0
2025,1,IAH,MCO,NK,1.0,44.15
2025,1,IAH,MCO,NK,1.0,44.5
2025,1,IAH,MCO,NK,1.0,44.83
2025,1,IAH,MCO,NK,1.0,45.0
2025,1,IAH,MCO,NK,1.0,45.5
2025,1,IAH,MCO,NK,1.0,45.52
2025,1,IAH,MCO,NK,1.0,45.67
2025,1,IAH,MCO,NK,1.0,46.5
2025,1,IAH,MCO,NK,1.0,46.5
2025,1,IAH,MCO,NK,1.0,46.95
2025,1,IAH,MCO,NK,1.0,47.0
2025,1,IAH,MCO,NK,1.0,47.0
2025,1,IAH,MCO,NK,1.0,48.25
2025,1,IAH,MCO,NK,1.0,48.59
2025,1,IAH,MCO,NK,1.0,49.5
2025,1,IAH,MCO,NK,1.0,50.0
2025,1,IAH,MCO,NK,1.0,52.5
2025,1,IAH,MCO,NK,1.0,53.0
2025,1,IAH,MCO,NK,1.0,54.49
2025,1,IAH,MCO,NK,1.0,57.46
2025,1,IAH,MCO,NK,1.0,58.59
2025,1,IAH,MCO,NK,1.0,59.0
2025,1,IAH,MCO,NK,1.0,59.21
2025,1,IAH,MCO,NK,1.0,59.5
2025,1,IAH,MCO,NK,1.0,60.0
2025,1,IAH,MCO,NK,1.0,62.5
2025,1,IAH,MCO,NK,1.0,62.55
2025,1,IAH,MCO,NK,1.0,63.5
2025,1,IAH,MCO,NK,1.0,63.78
2025,1,IAH,MCO,NK,1.0,64.07
2025,1,IAH,MCO,NK,1.0,65.5
2025,1,IAH,MCO,NK,1.0,66.0
2025,1,IAH,MCO,NK,1.0,66.0
2025,1,IAH,MCO,NK,1.0,66.08
2025,1,IAH,MCO,NK,1.0,66.5
2025,1,IAH,MCO,NK,1.0,66.64
2025,1,IAH,MCO,NK,1.0,67.55
2025,1,IAH,MCO,NK,1.0,67.82
2025,1,IAH,MCO,NK,1.0,68.0
2025,1,IAH,MCO,NK,1.0,68.5
2025,1,IAH,MCO,NK,1.0,69.0
2025,1,IAH,MCO,NK,1.0,69.5
2025,1,IAH,MCO,NK,1.0,69.5
2025,1,IAH,MCO,NK,1.0,70.0
2025,1,IAH,MCO,NK,1.0,70.18
2025,1,IAH,MCO,NK,1.0,71.0
2025,1,IAH,MCO,NK,1.0,71.72
2025,1,IAH,MCO,NK,1.0,72.0
2025,1,IAH,MCO,NK,1.0,72.5
2025,1,IAH,MCO,NK,1.0,73.38
2025,1,IAH,MCO,NK,1.0,75.0
2025,1,IAH,MCO,NK,1.0,76.26
2025,1,IAH,MCO,NK,1.0,76.32
2025,1,IAH,MCO,NK,1.0,77.19
2025,1,IAH,MCO,NK,1.0,78.26
2025,1,IAH,MCO,NK,1.0,78.41
2025,1,IAH,MCO,NK,1.0,79.13
2025,1,IAH,MCO,NK,1.0,79.41
2025,1,IAH,MCO,NK,1.0,80.5
2025,1,IAH,MCO,NK,1.0,81.0
2025,1,IAH,MCO,NK,1.0,81.5
2025,1,IAH,MCO,NK,1.0,81.9
2025,1,IAH,MCO,NK,1.0,82.0
2025,1,IAH,MCO,NK,1.0,82.5
2025,1,IAH,MCO,NK,1.0,83.34
2025,1,IAH,MCO,NK,1.0,83.5
2025,1,IAH,MCO,NK,1.0,83.65
2025,1,IAH,MCO,NK,1.0,83.65
2025,1,IAH,MCO,NK,1.0,84.0
2025,1,IAH,MCO,NK,1.0,84.0
2025,1,IAH,MCO,NK,1.0,84.5
2025,1,IAH,MCO,NK,1.0,86.5
2025,1,IAH,MCO,NK,1.0,87.5
2025,1,IAH,MCO,NK,1.0,88.33
2025,1,IAH,MCO,NK,1.0,89.5
2025,1,IAH,MCO,NK,1.0,91.5
2025,1,IAH,MCO,NK,1.0,92.0
2025,1,IAH,MCO,NK,1.0,92.45
2025,1,IAH,MCO,NK,1.0,92.63
2025,1,IAH,MCO,NK,1.0,93.5
2025,1,IAH,MCO,NK,1.0,93.55
2025,1,IAH,MCO,NK,1.0,95.0
2025,1,IAH,MCO,NK,1.0,95.5
2025,1,IAH,MCO,NK,1.0,96.0
2025,1,IAH,MCO,NK,1.0,96.0
2025,1,IAH,MCO,NK,1.0,96.06
2025,1,IAH,MCO,NK,1.0,98.0
2025,1,IAH,MCO,NK,1.0,100.0
2025,1,IAH,MCO,NK,1.0,100.07
2025,1,IAH,MCO,NK,1.0,100.5
2025,1,IAH,MCO,NK,1.0,100.5
2025,1,IAH,MCO,NK,1.0,101.0
2025,1,IAH,MCO,NK,1.0,101.0
2025,1,IAH,MCO,NK,1.0,101.5
2025,1,IAH,MCO,NK,1.0,103.0
2025,1,IAH,MCO,NK,1.0,103.84
2025,1,IAH,MCO,NK,1.0,104.5
2025,1,IAH,MCO,NK,1.0,104.5
2025,1,IAH,MCO,NK,1.0,104.83
2025,1,IAH,MCO,NK,1.0,105.0
2025,1,IAH,MCO,NK,1.0,105.5
2025,1,IAH,MCO,NK,1.0,105.5
2025,1,IAH,MCO,NK,1.0,106.0
2025,1,IAH,MCO,NK,1.0,106.0
2025,1,IAH,MCO,NK,1.0,106.15
2025,1,IAH,MCO,NK,1.0,106.5
2025,1,IAH,MCO,NK,1.0,106.5
2025,1,IAH,MCO,NK,1.0,108.0
2025,1,IAH,MCO,NK,1.0,108.0
2025,1,IAH,MCO,NK,1.0,108.19
2025,1,IAH,MCO,NK,1.0,108.5
2025,1,IAH,MCO,NK,1.0,108.78
2025,1,IAH,MCO,NK,1.0,109.5
2025,1,IAH,MCO,NK,1.0,110.09
2025,1,IAH,MCO,NK,1.0,110.5
2025,1,IAH,MCO,NK,1.0,111.0
2025,1,IAH,MCO,NK,1.0,111.0
2025,1,IAH,MCO,NK,1.0,111.87
2025,1,IAH,MCO,NK,1.0,112.9
2025,1,IAH,MCO,NK,1.0,113.0
2025,1,IAH,MCO,NK,1.0,113.5
2025,1,IAH,MCO,NK,1.0,114.5
2025,1,IAH,MCO,NK,1.0,115.0
2025,1,IAH,MCO,NK,1.0,115.5
2025,1,IAH,MCO,NK,1.0,116.0
2025,1,IAH,MCO,NK,1.0,116.43
2025,1,IAH,MCO,NK,1.0,116.5
2025,1,IAH,MCO,NK,1.0,117.0
2025,1,IAH,MCO,NK,1.0,117.5
2025,1,IAH,MCO,NK,1.0,118.0
2025,1,IAH,MCO,NK,1.0,118.5
2025,1,IAH,MCO,NK,1.0,119.0
2025,1,IAH,MCO,NK,1.0,121.0
2025,1,IAH,MCO,NK,1.0,121.5
2025,1,IAH,MCO,NK,1.0,122.0
2025,1,IAH,MCO,NK,1.0,122.0
2025,1,IAH,MCO,NK,1.0,123.0
2025,1,IAH,MCO,NK,1.0,123.0
2025,1,IAH,MCO,NK,1.0,124.6
2025,1,IAH,MCO,NK,1.0,125.0
2025,1,IAH,MCO,NK,1.0,126.0
2025,1,IAH,MCO,NK,1.0,126.88
2025,1,IAH,MCO,NK,1.0,127.0
2025,1,IAH,MCO,NK,1.0,127.0
2025,1,IAH,MCO,NK,1.0,128.5
2025,1,IAH,MCO,NK,1.0,129.5
2025,1,IAH,MCO,NK,1.0,130.8
2025,1,IAH,MCO,NK,1.0,131.0
2025,1,IAH,MCO,NK,1.0,132.0
2025,1,IAH,MCO,NK,1.0,133.0
2025,1,IAH,MCO,NK,1.0,133.0
2025,1,IAH,MCO,NK,1.0,133.5
2025,1,IAH,MCO,NK,1.0,134.0
2025,1,IAH,MCO,NK,1.0,134.0
2025,1,IAH,MCO,NK,1.0,135.34
2025,1,IAH,MCO,NK,1.0,135.5
2025,1,IAH,MCO,NK,1.0,135.5
2025,1,IAH,MCO,NK,1.0,136.0
2025,1,IAH,MCO,NK,1.0,136.5
2025,1,IAH,MCO,NK,1.0,137.0
2025,1,IAH,MCO,NK,1.0,139.0
2025,1,IAH,MCO,NK,1.0,139.5
2025,1,IAH,MCO,NK,1.0,140.0
2025,1,IAH,MCO,NK,1.0,141.0
2025,1,IAH,MCO,NK,1.0,141.0
2025,1,IAH,MCO,NK,1.0,141.83
2025,1,IAH,MCO,NK,1.0,142.0
2025,1,IAH,MCO,NK,1.0,143.4
2025,1,IAH,MCO,NK,1.0,143.5
2025,1,IAH,MCO,NK,1.0,144.69
2025,1,IAH,MCO,NK,1.0,145.0
2025,1,IAH,MCO,NK,1.0,145.0
2025,1,IAH,MCO,NK,1.0,145.88
2025,1,IAH,MCO,NK,1.0,149.0
2025,1,IAH,MCO,NK,1.0,150.0
2025,1,IAH,MCO,NK,1.0,151.0
2025,1,IAH,MCO,NK,1.0,151.0
2025,1,IAH,MCO,NK,1.0,152.0
2025,1,IAH,MCO,NK,1.0,152.0
2025,1,IAH,MCO,NK,1.0,152.5
2025,1,IAH,MCO,NK,1.0,152.64
2025,1,IAH,MCO,NK,1.0,152.97
2025,1,IAH,MCO,NK,1.0,153.0
2025,1,IAH,MCO,NK,1.0,154.0
2025,1,IAH,MCO,NK,1.0,156.5
2025,1,IAH,MCO,NK,1.0,156.5
2025,1,IAH,MCO,NK,1.0,158.0
2025,1,IAH,MCO,NK,1.0,158.29
2025,1,IAH,MCO,NK,1.0,158.5
2025,1,IAH,MCO,NK,1.0,159.0
2025,1,IAH,MCO,NK,1.0,160.0
2025,1,IAH,MCO,NK,1.0,160.5
2025,1,IAH,MCO,NK,1.0,162.5
2025,1,IAH,MCO,NK,1.0,163.0
2025,1,IAH,MCO,NK,1.0,164.0
2025,1,IAH,MCO,NK,1.0,165.0
2025,1,IAH,MCO,NK,1.0,166.5
2025,1,IAH,MCO,NK,1.0,167.0
2025,1,IAH,MCO,NK,1.0,167.0
2025,1,IAH,MCO,NK,1.0,168.0
2025,1,IAH,MCO,NK,1.0,168.0
2025,1,IAH,MCO,NK,1.0,168.5
2025,1,IAH,MCO,NK,1.0,169.0
2025,1,IAH,MCO,NK,1.0,169.5
2025,1,IAH,MCO,NK,1.0,170.0
2025,1,IAH,MCO,NK,1.0,170.52
2025,1,IAH,MCO,NK,1.0,173.0
2025,1,IAH,MCO,NK,1.0,173.0
2025,1,IAH,MCO,NK,1.0,173.5
2025,1,IAH,MCO,NK,1.0,174.0
2025,1,IAH,MCO,NK,1.0,174.0
2025,1,IAH,MCO,NK,1.0,174.5
2025,1,IAH,MCO,NK,1.0,176.0
2025,1,IAH,MCO,NK,1.0,177.0
2025,1,IAH,MCO,NK,1.0,178.0
2025,1,IAH,MCO,NK,1.0,179.0
2025,1,IAH,MCO,NK,1.0,183.0
2025,1,IAH,MCO,NK,1.0,184.0
2025,1,IAH,MCO,NK,1.0,185.0
2025,1,IAH,MCO,NK,1.0,185.0
2025,1,IAH,MCO,NK,1.0,188.0
2025,1,IAH,MCO,NK,1.0,189.0
2025,1,IAH,MCO,NK,1.0,190.0
2025,1,IAH,MCO,NK,1.0,191.0
2025,1,IAH,MCO,NK,1.0,192.5
2025,1,IAH,MCO,NK,1.0,193.0
2025,1,IAH,MCO,NK,1.0,193.5
2025,1,IAH,MCO,NK,1.0,194.0
2025,1,IAH,MCO,NK,1.0,194.5
2025,1,IAH,MCO,NK,1.0,196.0
2025,1,IAH,MCO,NK,1.0,196.5
2025,1,IAH,MCO,NK,1.0,197.0
2025,1,IAH,MCO,NK,1.0,198.0
2025,1,IAH,MCO,NK,1.0,198.5
2025,1,IAH,MCO,NK,1.0,199.0
2025,1,IAH,MCO,NK,1.0,199.5
2025,1,IAH,MCO,NK,1.0,200.0
2025,1,IAH,MCO,NK,1.0,200.0
2025,1,IAH,MCO,NK,1.0,200.0
2025,1,IAH,MCO,NK,1.0,201.5
2025,1,IAH,MCO,NK,1.0,202.0
2025,1,IAH,MCO,NK,1.0,202.5
2025,1,IAH,MCO,NK,1.0,204.0
2025,1,IAH,MCO,NK,1.0,204.5
2025,1,IAH,MCO,NK,1.0,205.0
2025,1,IAH,MCO,NK,1.0,205.0
2025,1,IAH,MCO,NK,1.0,205.0
2025,1,IAH,MCO,NK,1.0,209.0
2025,1,IAH,MCO,NK,1.0,210.0
2025,1,IAH,MCO,NK,1.0,213.75
2025,1,IAH,MCO,NK,1.0,215.0
2025,1,IAH,MCO,NK,1.0,215.5
2025,1,IAH,MCO,NK,1.0,216.0
2025,1,IAH,MCO,NK,1.0,218.0
2025,1,IAH,MCO,NK,1.0,222.0
2025,1,IAH,MCO,NK,1.0,224.0
2025,1,IAH,MCO,NK,1.0,224.0
2025,1,IAH,MCO,NK,1.0,227.0
2025,1,IAH,MCO,NK,1.0,228.5
2025,1,IAH,MCO,NK,1.0,232.0
2025,1,IAH,MCO,NK,1.0,233.0
2025,1,IAH,MCO,NK,1.0,235.0
2025,1,IAH,MCO,NK,1.0,235.0
2025,1,IAH,MCO,NK,1.0,238.0
2025,1,IAH,MCO,NK,1.0,238.0
2025,1,IAH,MCO,NK,1.0,241.5
2025,1,IAH,MCO,NK,1.0,242.5
2025,1,IAH,MCO,NK,1.0,242.5
2025,1,IAH,MCO,NK,1.0,246.0
2025,1,IAH,MCO,NK,1.0,247.0
2025,1,IAH,MCO,NK,1.0,249.0
2025,1,IAH,MCO,NK,1.0,250.0
2025,1,IAH,MCO,NK,1.0,251.0
2025,1,IAH,MCO,NK,1.0,251.0
2025,1,IAH,MCO,NK,1.0,252.0
2025,1,IAH,MCO,NK,1.0,253.0
2025,1,IAH,MCO,NK,1.0,255.99
2025,1,IAH,MCO,NK,1.0,259.0
2025,1,IAH,MCO,NK,1.0,259.0
2025,1,IAH,MCO,NK,1.0,260.0
2025,1,IAH,MCO,NK,1.0,260.0
2025,1,IAH,MCO,NK,1.0,264.0
2025,1,IAH,MCO,NK,1.0,268.0
2025,1,IAH,MCO,NK,1.0,272.0
2025,1,IAH,MCO,NK,1.0,273.0
2025,1,IAH,MCO,NK,1.0,273.5
2025,1,IAH,MCO,NK,1.0,288.0
2025,1,IAH,MCO,NK,1.0,288.0
2025,1,IAH,MCO,NK,1.0,289.0
2025,1,IAH,MCO,NK,1.0,295.0
2025,1,IAH,MCO,NK,1.0,304.0
2025,1,IAH,MCO,NK,1.0,305.0
2025,1,IAH,MCO,NK,1.0,306.0
2025,1,IAH,MCO,NK,1.0,307.0
2025,1,IAH,MCO,NK,1.0,316.0
2025,1,IAH,MCO,NK,1.0,324.0
2025,1,IAH,MCO,NK,1.0,329.0
2025,1,IAH,MCO,NK,1.0,335.0
2025,1,IAH,MCO,NK,1.0,350.0
2025,1,IAH,MCO,NK,1.0,373.0
2025,1,IAH,MCO,NK,1.0,383.0
2025,1,IAH,MCO,NK,1.0,444.0
2025,1,IAH,MCO,NK,1.0,615.0
2025,1,IAH,MCO,NK,2.0,20.0
2025,1,IAH,MCO,NK,2.0,22.0
2025,1,IAH,MCO,NK,2.0,24.0
2025,1,IAH,MCO,NK,2.0,27.0
2025,1,IAH,MCO,NK,2.0,27.0
2025,1,IAH,MCO,NK,2.0,32.5
2025,1,IAH,MCO,NK,2.0,33.0
2025,1,IAH,MCO,NK,2.0,34.0
2025,1,IAH,MCO,NK,2.0,39.0
2025,1,IAH,MCO,NK,2.0,40.0
2025,1,IAH,MCO,NK,2.0,40.0
2025,1,IAH,MCO,NK,2.0,43.5
2025,1,IAH,MCO,NK,2.0,47.5
2025,1,IAH,MCO,NK,2.0,47.5
2025,1,IAH,MCO,NK,2.0,48.0
2025,1,IAH,MCO,NK,2.0,51.0
2025,1,IAH,MCO,NK,2.0,51.5
2025,1,IAH,MCO,NK,2.0,51.5
2025,1,IAH,MCO,NK,2.0,52.0
2025,1,IAH,MCO,NK,2.0,52.0
2025,1,IAH,MCO,NK,2.0,52.0
2025,1,IAH,MCO,NK,2.0,52.5
2025,1,IAH,MCO,NK,2.0,54.0
2025,1,IAH,MCO,NK,2.0,54.5
2025,1,IAH,MCO,NK,2.0,55.0
2025,1,IAH,MCO,NK,2.0,57.0
2025,1,IAH,MCO,NK,2.0,57.0
2025,1,IAH,MCO,NK,2.0,61.5
2025,1,IAH,MCO,NK,2.0,62.5
2025,1,IAH,MCO,NK,2.0,64.5
2025,1,IAH,MCO,NK,2.0,66.0
2025,1,IAH,MCO,NK,2.0,66.5
2025,1,IAH,MCO,NK,2.0,67.0
2025,1,IAH,MCO,NK,2.0,67.5
2025,1,IAH,MCO,NK,2.0,70.5
2025,1,IAH,MCO,NK,2.0,71.5
2025,1,IAH,MCO,NK,2.0,73.0
2025,1,IAH,MCO,NK,2.0,73.5
2025,1,IAH,MCO,NK,2.0,75.5
2025,1,IAH,MCO,NK,2.0,76.5
2025,1,IAH,MCO,NK,2.0,77.0
2025,1,IAH,MCO,NK,2.0,78.0
2025,1,IAH,MCO,NK,2.0,78.5
2025,1,IAH,MCO,NK,2.0,85.0
2025,1,IAH,MCO,NK,2.0,86.0
2025,1,IAH,MCO,NK,2.0,86.5
2025,1,IAH,MCO,NK,2.0,88.5
2025,1,IAH,MCO,NK,2.0,89.0
2025,1,IAH,MCO,NK,2.0,90.0
2025,1,IAH,MCO,NK,2.0,92.0
2025,1,IAH,MCO,NK,2.0,92.5
2025,1,IAH,MCO,NK,2.0,93.0
2025,1,IAH,MCO,NK,2.0,94.5
2025,1,IAH,MCO,NK,2.0,96.0
2025,1,IAH,MCO,NK,2.0,96.5
2025,1,IAH,MCO,NK,2.0,98.0
2025,1,IAH,MCO,NK,2.0,100.0
2025,1,IAH,MCO,NK,2.0,101.0
2025,1,IAH,MCO,NK,2.0,102.0
2025,1,IAH,MCO,NK,2.0,103.0
2025,1,IAH,MCO,NK,2.0,106.0
2025,1,IAH,MCO,NK,2.0,108.0
2025,1,IAH,MCO,NK,2.0,110.0
2025,1,IAH,MCO,NK,2.0,112.0
2025,1,IAH,MCO,NK,2.0,113.0
2025,1,IAH,MCO,NK,2.0,113.0
2025,1,IAH,MCO,NK,2.0,114.0
2025,1,IAH,MCO,NK,2.0,115.0
2025,1,IAH,MCO,NK,2.0,116.0
2025,1,IAH,MCO,NK,2.0,116.0
2025,1,IAH,MCO,NK,2.0,116.5
2025,1,IAH,MCO,NK,2.0,120.0
2025,1,IAH,MCO,NK,2.0,121.5
2025,1,IAH,MCO,NK,2.0,122.0
2025,1,IAH,MCO,NK,2.0,123.5
2025,1,IAH,MCO,NK,2.0,124.0
2025,1,IAH,MCO,NK,2.0,125.0
2025,1,IAH,MCO,NK,2.0,126.0
2025,1,IAH,MCO,NK,2.0,128.0
2025,1,IAH,MCO,NK,2.0,128.0
2025,1,IAH,MCO,NK,2.0,129.0
2025,1,IAH,MCO,NK,2.0,130.0
2025,1,IAH,MCO,NK,2.0,130.0
2025,1,IAH,MCO,NK,2.0,131.5
2025,1,IAH,MCO,NK,2.0,132.0
2025,1,IAH,MCO,NK,2.0,132.0
2025,1,IAH,MCO,NK,2.0,132.5
2025,1,IAH,MCO,NK,2.0,135.0
2025,1,IAH,MCO,NK,2.0,136.5
2025,1,IAH,MCO,NK,2.0,138.0
2025,1,IAH,MCO,NK,2.0,138.0
2025,1,IAH,MCO,NK,2.0,139.0
2025,1,IAH,MCO,NK,2.0,140.0
2025,1,IAH,MCO,NK,2.0,143.0
2025,1,IAH,MCO,NK,2.0,144.0
2025,1,IAH,MCO,NK,2.0,152.0
2025,1,IAH,MCO,NK,2.0,153.0
2025,1,IAH,MCO,NK,2.0,157.0
2025,1,IAH,MCO,NK,2.0,158.0
2025,1,IAH,MCO,NK,2.0,161.5
2025,1,IAH,MCO,NK,2.0,162.0
2025,1,IAH,MCO,NK,2.0,163.0
2025,1,IAH,MCO,NK,2.0,163.0
2025,1,IAH,MCO,NK,2.0,164.0
2025,1,IAH,MCO,NK,2.0,166.0
2025,1,IAH,MCO,NK,2.0,169.0
2025,1,IAH,MCO,NK,2.0,175.0
2025,1,IAH,MCO,NK,2.0,177.0
2025,1,IAH,MCO,NK,2.0,179.0
2025,1,IAH,MCO,NK,2.0,179.0
2025,1,IAH,MCO,NK,2.0,182.0
2025,1,IAH,MCO,NK,2.0,185.0
2025,1,IAH,MCO,NK,2.0,187.0
2025,1,IAH,MCO,NK,2.0,188.0
2025,1,IAH,MCO,NK,2.0,193.0
2025,1,IAH,MCO,NK,2.0,195.0
2025,1,IAH,MCO,NK,2.0,202.0
2025,1,IAH,MCO,NK,2.0,203.0
2025,1,IAH,MCO,NK,2.0,211.5
2025,1,IAH,MCO,NK,2.0,223.0
2025,1,IAH,MCO,NK,2.0,229.0
2025,1,IAH,MCO,NK,2.0,234.0
2025,1,IAH,MCO,NK,2.0,249.0
2025,1,IAH,MCO,NK,2.0,258.0
2025,1,IAH,MCO,NK,2.0,275.0
2025,1,IAH,MCO,NK,3.0,19.0
2025,1,IAH,MCO,NK,3.0,22.5
2025,1,IAH,MCO,NK,3.0,24.0
2025,1,IAH,MCO,NK,3.0,26.0
2025,1,IAH,MCO,NK,3.0,28.0
2025,1,IAH,MCO,NK,3.0,28.5
2025,1,IAH,MCO,NK,3.0,29.0
2025,1,IAH,MCO,NK,3.0,31.0
2025,1,IAH,MCO,NK,3.0,39.0
2025,1,IAH,MCO,NK,3.0,40.5
2025,1,IAH,MCO,NK,3.0,41.0
2025,1,IAH,MCO,NK,3.0,41.0
2025,1,IAH,MCO,NK,3.0,41.0
2025,1,IAH,MCO,NK,3.0,42.0
2025,1,IAH,MCO,NK,3.0,45.5
2025,1,IAH,MCO,NK,3.0,46.0
2025,1,IAH,MCO,NK,3.0,48.5
2025,1,IAH,MCO,NK,3.0,49.5
2025,1,IAH,MCO,NK,3.0,50.0
2025,1,IAH,MCO,NK,3.0,50.5
2025,1,IAH,MCO,NK,3.0,51.0
2025,1,IAH,MCO,NK,3.0,53.5
2025,1,IAH,MCO,NK,3.0,54.0
2025,1,IAH,MCO,NK,3.0,55.0
2025,1,IAH,MCO,NK,3.0,55.5
2025,1,IAH,MCO,NK,3.0,56.0
2025,1,IAH,MCO,NK,3.0,60.0
2025,1,IAH,MCO,NK,3.0,61.0
2025,1,IAH,MCO,NK,3.0,61.5
2025,1,IAH,MCO,NK,3.0,65.0
2025,1,IAH,MCO,NK,3.0,70.0
2025,1,IAH,MCO,NK,3.0,70.0
2025,1,IAH,MCO,NK,3.0,71.0
2025,1,IAH,MCO,NK,3.0,72.5
2025,1,IAH,MCO,NK,3.0,73.0
2025,1,IAH,MCO,NK,3.0,74.5
2025,1,IAH,MCO,NK,3.0,77.5
2025,1,IAH,MCO,NK,3.0,83.0
2025,1,IAH,MCO,NK,3.0,85.0
2025,1,IAH,MCO,NK,3.0,86.0
2025,1,IAH,MCO,NK,3.0,88.0
2025,1,IAH,MCO,NK,3.0,91.0
2025,1,IAH,MCO,NK,3.0,93.5
2025,1,IAH,MCO,NK,3.0,95.0
2025,1,IAH,MCO,NK,3.0,95.0
2025,1,IAH,MCO,NK,3.0,98.5
2025,1,IAH,MCO,NK,3.0,99.0
2025,1,IAH,MCO,NK,3.0,102.0
2025,1,IAH,MCO,NK,3.0,102.0
2025,1,IAH,MCO,NK,3.0,105.0
2025,1,IAH,MCO,NK,3.0,107.0
2025,1,IAH,MCO,NK,3.0,107.0
2025,1,IAH,MCO,NK,3.0,109.0
2025,1,IAH,MCO,NK,3.0,109.0
2025,1,IAH,MCO,NK,3.0,109.5
2025,1,IAH,MCO,NK,3.0,115.0
2025,1,IAH,MCO,NK,3.0,117.0
2025,1,IAH,MCO,NK,3.0,119.0
2025,1,IAH,MCO,NK,3.0,124.0
2025,1,IAH,MCO,NK,3.0,125.0
2025,1,IAH,MCO,NK,3.0,129.0
2025,1,IAH,MCO,NK,3.0,130.0
2025,1,IAH,MCO,NK,3.0,135.0
2025,1,IAH,MCO,NK,3.0,142.0
2025,1,IAH,MCO,NK,3.0,143.0
2025,1,IAH,MCO,NK,3.0,145.0
2025,1,IAH,MCO,NK,3.0,149.0
2025,1,IAH,MCO,NK,3.0,149.0
2025,1,IAH,MCO,NK,3.0,155.0
2025,1,IAH,MCO,NK,3.0,160.0
2025,1,IAH,MCO,NK,3.0,165.0
2025,1,IAH,MCO,NK,3.0,174.0
2025,1,IAH,MCO,NK,3.0,180.0
2025,1,IAH,MCO,NK,3.0,180.0
2025,1,IAH,MCO,NK,3.0,190.0
2025,1,IAH,MCO,NK,3.0,198.0
2025,1,IAH,MCO,NK,3.0,201.0
2025,1,IAH,MCO,NK,3.0,204.0
2025,1,IAH,MCO,NK,3.0,228.0
2025,1,IAH,MCO,NK,3.0,230.0
2025,1,IAH,MCO,NK,3.0,234.0
2025,1,IAH,MCO,NK,4.0,35.5
2025,1,IAH,MCO,NK,4.0,37.0
2025,1,IAH,MCO,NK,4.0,39.5
2025,1,IAH,MCO,NK,4.0,44.0
2025,1,IAH,MCO,NK,4.0,44.5
2025,1,IAH,MCO,NK,4.0,48.0
2025,1,IAH,MCO,NK,4.0,53.0
2025,1,IAH,MCO,NK,4.0,60.5
2025,1,IAH,MCO,NK,4.0,65.0
2025,1,IAH,MCO,NK,4.0,67.0
2025,1,IAH,MCO,NK,4.0,71.0
2025,1,IAH,MCO,NK,4.0,73.0
2025,1,IAH,MCO,NK,4.0,76.0
2025,1,IAH,MCO,NK,4.0,77.5
2025,1,IAH,MCO,NK,4.0,78.0
2025,1,IAH,MCO,NK,4.0,80.0
2025,1,IAH,MCO,NK,4.0,80.0
2025,1,IAH,MCO,NK,4.0,81.0
2025,1,IAH,MCO,NK,4.0,84.0
2025,1,IAH,MCO,NK,4.0,85.5
2025,1,IAH,MCO,NK,4.0,86.0
2025,1,IAH,MCO,NK,4.0,87.0
2025,1,IAH,MCO,NK,4.0,91.0
2025,1,IAH,MCO,NK,4.0,92.0
2025,1,IAH,MCO,NK,4.0,99.0
2025,1,IAH,MCO,NK,4.0,99.0
2025,1,IAH,MCO,NK,4.0,103.0
2025,1,IAH,MCO,NK,4.0,104.0
2025,1,IAH,MCO,NK,4.0,110.0
2025,1,IAH,MCO,NK,4.0,112.0
2025,1,IAH,MCO,NK,4.0,118.0
2025,1,IAH,MCO,NK,4.0,120.0
2025,1,IAH,MCO,NK,4.0,144.0
2025,1,IAH,MCO,NK,4.0,148.0
2025,1,IAH,MCO,NK,4.0,148.0
2025,1,IAH,MCO,NK,4.0,154.0
2025,1,IAH,MCO,NK,4.0,213.0
2025,1,IAH,MCO,NK,4.0,215.0
2025,1,IAH,MCO,NK,4.0,225.0
2025,1,IAH,MCO,NK,4.0,240.0
2025,1,IAH,MCO,NK,5.0,20.0
2025,1,IAH,MCO,NK,5.0,20.0
2025,1,IAH,MCO,NK,5.0,29.0
2025,1,IAH,MCO,NK,5.0,31.0
2025,1,IAH,MCO,NK,5.0,33.5
2025,1,IAH,MCO,NK,5.0,45.0
2025,1,IAH,MCO,NK,5.0,50.0
2025,1,IAH,MCO,NK,5.0,56.5
2025,1,IAH,MCO,NK,5.0,60.0
2025,1,IAH,MCO,NK,5.0,68.0
2025,1,IAH,MCO,NK,5.0,74.0
2025,1,IAH,MCO,NK,5.0,76.0
2025,1,IAH,MCO,NK,5.0,76.5
2025,1,IAH,MCO,NK,5.0,77.0
2025,1,IAH,MCO,NK,5.0,82.0
2025,1,IAH,MCO,NK,5.0,83.0
2025,1,IAH,MCO,NK,5.0,92.0
2025,1,IAH,MCO,NK,5.0,94.0
2025,1,IAH,MCO,NK,5.0,114.0
2025,1,IAH,MCO,NK,5.0,119.0
2025,1,IAH,MCO,NK,5.0,137.0
2025,1,IAH,MCO,NK,5.0,139.0
2025,1,IAH,MCO,NK,5.0,159.0
2025,1,IAH,MCO,NK,5.0,175.0
2025,1,IAH,MCO,NK,6.0,32.0
2025,1,IAH,MCO,NK,6.0,32.5
2025,1,IAH,MCO,NK,6.0,38.5
2025,1,IAH,MCO,NK,6.0,43.0
2025,1,IAH,MCO,NK,6.0,46.0
2025,1,IAH,MCO,NK,6.0,47.0
2025,1,IAH,MCO,NK,6.0,48.5
2025,1,IAH,MCO,NK,6.0,51.0
2025,1,IAH,MCO,NK,6.0,58.5
2025,1,IAH,MCO,NK,6.0,72.0
2025,1,IAH,MCO,NK,6.0,72.0
2025,1,IAH,MCO,NK,6.0,83.0
2025,1,IAH,MCO,NK,6.0,83.5
2025,1,IAH,MCO,NK,6.0,85.0
2025,1,IAH,MCO,NK,6.0,90.0
2025,1,IAH,MCO,NK,6.0,93.0
2025,1,IAH,MCO,NK,6.0,98.0
2025,1,IAH,MCO,NK,6.0,114.0
2025,1,IAH,MCO,NK,6.0,118.0
2025,1,IAH,MCO,NK,6.0,119.0
2025,1,IAH,MCO,NK,6.0,128.0
2025,1,IAH,MCO,NK,6.0,133.0
2025,1,IAH,MCO,NK,6.0,173.0
2025,1,IAH,MCO,NK,6.0,194.0
2025,1,IAH,MCO,NK,7.0,44.0
2025,1,IAH,MCO,NK,7.0,50.5
2025,1,IAH,MCO,NK,7.0,54.0
2025,1,IAH,MCO,NK,7.0,61.0
2025,1,IAH,MCO,NK,7.0,61.0
2025,1,IAH,MCO,NK,7.0,65.0
2025,1,IAH,MCO,NK,7.0,67.0
2025,1,IAH,MCO,NK,7.0,70.5
2025,1,IAH,MCO,NK,7.0,75.0
2025,1,IAH,MCO,NK,7.0,78.5
2025,1,IAH,MCO,NK,7.0,79.0
2025,1,IAH,MCO,NK,7.0,80.0
2025,1,IAH,MCO,NK,7.0,87.0
2025,1,IAH,MCO,NK,7.0,120.0
2025,1,IAH,MCO,NK,7.0,154.0
2025,1,IAH,MCO,NK,7.0,199.0
2025,1,IAH,MCO,NK,8.0,5.5
2025,1,IAH,MCO,NK,8.0,26.0
2025,1,IAH,MCO,NK,8.0,38.5
2025,1,IAH,MCO,NK,8.0,40.0
2025,1,IAH,MCO,NK,8.0,53.0
2025,1,IAH,MCO,NK,8.0,57.0
2025,1,IAH,MCO,NK,8.0,88.0
2025,1,IAH,MCO,NK,8.0,94.0
2025,1,IAH,MCO,NK,8.0,100.0
2025,1,IAH,MCO,NK,8.0,104.0
2025,1,IAH,MCO,NK,9.0,49.0
2025,1,IAH,MCO,NK,9.0,53.5
2025,1,IAH,MCO,NK,9.0,79.0
2025,1,IAH,MCO,NK,9.0,81.0
2025,1,IAH,MCO,NK,9.0,98.0
2025,1,IAH,MCO,NK,9.0,109.0
2025,1,IAH,MCO,NK,9.0,134.0
2025,1,IAH,MCO,NK,10.0,25.0
2025,1,IAH,MCO,NK,10.0,32.0
2025,1,IAH,MCO,NK,10.0,39.0
2025,1,IAH,MCO,NK,10.0,42.0
2025,1,IAH,MCO,NK,10.0,56.0
2025,1,IAH,MCO,NK,10.0,58.0
2025,1,IAH,MCO,NK,10.0,62.0
2025,1,IAH,MCO,NK,10.0,62.0
2025,1,IAH,MCO,NK,10.0,63.0
2025,1,IAH,MCO,NK,10.0,69.0
2025,1,IAH,MCO,NK,10.0,75.0
2025,1,IAH,MCO,NK,10.0,77.0
2025,1,IAH,MCO,NK,10.0,79.0
2025,1,IAH,MCO,NK,10.0,88.0
2025,1,IAH,MCO,NK,10.0,93.0
2025,1,IAH,MCO,NK,10.0,222.0
2025,1,IAH,MCO,NK,11.0,38.0
2025,1,IAH,MCO,NK,11.0,59.0
2025,1,IAH,MCO,NK,12.0,5.5
2025,1,IAH,MCO,NK,12.0,44.0
2025,1,IAH,MCO,NK,12.0,64.0
2025,1,IAH,MCO,NK,12.0,172.0
2025,1,IAH,MCO,NK,13.0,49.0
2025,1,IAH,MCO,NK,13.0,89.0
2025,1,IAH,MCO,NK,14.0,47.0
2025,1,IAH,MCO,NK,14.0,78.0
2025,1,IAH,MCO,NK,14.0,89.0
2025,1,IAH,MCO,NK,15.0,43.0
2025,1,IAH,MCO,NK,15.0,59.0
2025,1,IAH,MCO,NK,16.0,74.0
2025,1,IAH,MCO,NK,16.0,74.0
2025,1,IAH,MCO,NK,18.0,49.0
2025,1,IAH,MCO,NK,19.0,58.0
2025,1,IAH,MCO,NK,19.0,63.0
2025,1,IAH,MCO,NK,21.0,48.0
2025,1,IAH,MCO,NK,21.0,69.0
2025,1,IAH,MCO,NK,22.0,6.0
2025,1,IAH,MCO,NK,22.0,63.5
2025,1,IAH,MCO,NK,23.0,25.0
2025,1,IAH,MCO,NK,25.0,38.0
2025,1,IAH,MCO,NK,28.0,64.0
2025,1,IAH,MCO,NK,30.0,63.0
2025,1,IAH,MCO,NK,34.0,59.0
2025,1,IAH,MCO,NK,36.0,64.0
2025,1,IAH,MCO,NK,39.0,135.0
2025,1,IAH,MCO,NK,40.0,69.0
2025,1,IAH,MCO,NK,60.0,38.0
2025,1,DTW,FLL,NK,1.0,4.14
2025,1,DTW,FLL,NK,1.0,4.82
2025,1,DTW,FLL,NK,1.0,5.5
2025,1,DTW,FLL,NK,1.0,6.0
2025,1,DTW,FLL,NK,1.0,6.0
2025,1,DTW,FLL,NK,1.0,6.18
2025,1,DTW,FLL,NK,1.0,11.0
2025,1,DTW,FLL,NK,1.0,11.0
2025,1,DTW,FLL,NK,1.0,11.0
2025,1,DTW,FLL,NK,1.0,16.0
2025,1,DTW,FLL,NK,1.0,18.0
2025,1,DTW,FLL,NK,1.0,18.0
2025,1,DTW,FLL,NK,1.0,18.0
2025,1,DTW,FLL,NK,1.0,20.5
2025,1,DTW,FLL,NK,1.0,22.0
2025,1,DTW,FLL,NK,1.0,22.0
2025,1,DTW,FLL,NK,1.0,25.0
2025,1,DTW,FLL,NK,1.0,25.0
2025,1,DTW,FLL,NK,1.0,25.0
2025,1,DTW,FLL,NK,1.0,25.5
2025,1,DTW,FLL,NK,1.0,27.0
2025,1,DTW,FLL,NK,1.0,27.0
2025,1,DTW,FLL,NK,1.0,28.0
2025,1,DTW,FLL,NK,1.0,28.5
2025,1,DTW,FLL,NK,1.0,30.0
2025,1,DTW,FLL,NK,1.0,30.25
2025,1,DTW,FLL,NK,1.0,30.5
2025,1,DTW,FLL,NK,1.0,30.75
2025,1,DTW,FLL,NK,1.0,31.0
2025,1,DTW,FLL,NK,1.0,31.77
2025,1,DTW,FLL,NK,1.0,31.82
2025,1,DTW,FLL,NK,1.0,32.0
2025,1,DTW,FLL,NK,1.0,32.37
2025,1,DTW,FLL,NK,1.0,33.26
2025,1,DTW,FLL,NK,1.0,33.5
2025,1,DTW,FLL,NK,1.0,34.0
2025,1,DTW,FLL,NK,1.0,34.04
2025,1,DTW,FLL,NK,1.0,34.15
2025,1,DTW,FLL,NK,1.0,34.23
2025,1,DTW,FLL,NK,1.0,35.0
2025,1,DTW,FLL,NK,1.0,36.0
2025,1,DTW,FLL,NK,1.0,36.07
2025,1,DTW,FLL,NK,1.0,36.15
2025,1,DTW,FLL,NK,1.0,36.64
2025,1,DTW,FLL,NK,1.0,37.0
2025,1,DTW,FLL,NK,1.0,38.5
2025,1,DTW,FLL,NK,1.0,38.56
2025,1,DTW,FLL,NK,1.0,38.68
2025,1,DTW,FLL,NK,1.0,38.98
2025,1,DTW,FLL,NK,1.0,39.0
2025,1,DTW,FLL,NK,1.0,39.5
2025,1,DTW,FLL,NK,1.0,40.79
2025,1,DTW,FLL,NK,1.0,41.34
2025,1,DTW,FLL,NK,1.0,41.5
2025,1,DTW,FLL,NK,1.0,41.7
2025,1,DTW,FLL,NK,1.0,42.0
2025,1,DTW,FLL,NK,1.0,42.46
2025,1,DTW,FLL,NK,1.0,44.53
2025,1,DTW,FLL,NK,1.0,44.55
2025,1,DTW,FLL,NK,1.0,45.5
2025,1,DTW,FLL,NK,1.0,45.5
2025,1,DTW,FLL,NK,1.0,45.64
2025,1,DTW,FLL,NK,1.0,46.02
2025,1,DTW,FLL,NK,1.0,46.5
2025,1,DTW,FLL,NK,1.0,47.57
2025,1,DTW,FLL,NK,1.0,48.0
2025,1,DTW,FLL,NK,1.0,48.0
2025,1,DTW,FLL,NK,1.0,48.43
2025,1,DTW,FLL,NK,1.0,49.5
2025,1,DTW,FLL,NK,1.0,49.58
2025,1,DTW,FLL,NK,1.0,50.28
2025,1,DTW,FLL,NK,1.0,50.75
2025,1,DTW,FLL,NK,1.0,51.5
2025,1,DTW,FLL,NK,1.0,51.63
2025,1,DTW,FLL,NK,1.0,52.29
2025,1,DTW,FLL,NK,1.0,52.32
2025,1,DTW,FLL,NK,1.0,52.5
2025,1,DTW,FLL,NK,1.0,52.73
2025,1,DTW,FLL,NK,1.0,52.91
2025,1,DTW,FLL,NK,1.0,53.0
2025,1,DTW,FLL,NK,1.0,53.88
2025,1,DTW,FLL,NK,1.0,53.89
2025,1,DTW,FLL,NK,1.0,54.0
2025,1,DTW,FLL,NK,1.0,55.26
2025,1,DTW,FLL,NK,1.0,55.5
2025,1,DTW,FLL,NK,1.0,55.85
2025,1,DTW,FLL,NK,1.0,56.0
2025,1,DTW,FLL,NK,1.0,57.0
2025,1,DTW,FLL,NK,1.0,57.5
2025,1,DTW,FLL,NK,1.0,57.87
2025,1,DTW,FLL,NK,1.0,58.0
2025,1,DTW,FLL,NK,1.0,58.0
2025,1,DTW,FLL,NK,1.0,58.18
2025,1,DTW,FLL,NK,1.0,58.5
2025,1,DTW,FLL,NK,1.0,58.92
2025,1,DTW,FLL,NK,1.0,59.5
2025,1,DTW,FLL,NK,1.0,59.63
2025,1,DTW,FLL,NK,1.0,59.85
2025,1,DTW,FLL,NK,1.0,60.0
2025,1,DTW,FLL,NK,1.0,60.0
2025,1,DTW,FLL,NK,1.0,60.48
2025,1,DTW,FLL,NK,1.0,60.5
2025,1,DTW,FLL,NK,1.0,61.0
2025,1,DTW,FLL,NK,1.0,61.5
2025,1,DTW,FLL,NK,1.0,62.0
2025,1,DTW,FLL,NK,1.0,62.04
2025,1,DTW,FLL,NK,1.0,62.14
2025,1,DTW,FLL,NK,1.0,62.44
2025,1,DTW,FLL,NK,1.0,63.0
2025,1,DTW,FLL,NK,1.0,63.48
2025,1,DTW,FLL,NK,1.0,63.51
2025,1,DTW,FLL,NK,1.0,63.56
2025,1,DTW,FLL,NK,1.0,64.03
2025,1,DTW,FLL,NK,1.0,64.38
2025,1,DTW,FLL,NK,1.0,64.85
2025,1,DTW,FLL,NK,1.0,65.0
2025,1,DTW,FLL,NK,1.0,65.11
2025,1,DTW,FLL,NK,1.0,65.45
2025,1,DTW,FLL,NK,1.0,65.46
2025,1,DTW,FLL,NK,1.0,66.5
2025,1,DTW,FLL,NK,1.0,66.58
2025,1,DTW,FLL,NK,1.0,66.93
2025,1,DTW,FLL,NK,1.0,67.04
2025,1,DTW,FLL,NK,1.0,67.08
2025,1,DTW,FLL,NK,1.0,67.42
2025,1,DTW,FLL,NK,1.0,67.5
2025,1,DTW,FLL,NK,1.0,67.56
2025,1,DTW,FLL,NK,1.0,68.0
2025,1,DTW,FLL,NK,1.0,68.21
2025,1,DTW,FLL,NK,1.0,68.5
2025,1,DTW,FLL,NK,1.0,68.86
2025,1,DTW,FLL,NK,1.0,69.26
2025,1,DTW,FLL,NK,1.0,69.93
2025,1,DTW,FLL,NK,1.0,70.23
2025,1,DTW,FLL,NK,1.0,70.26
2025,1,DTW,FLL,NK,1.0,70.5
2025,1,DTW,FLL,NK,1.0,70.6
2025,1,DTW,FLL,NK,1.0,71.0
2025,1,DTW,FLL,NK,1.0,71.0
2025,1,DTW,FLL,NK,1.0,71.85
2025,1,DTW,FLL,NK,1.0,72.0
2025,1,DTW,FLL,NK,1.0,72.3
2025,1,DTW,FLL,NK,1.0,72.42
2025,1,DTW,FLL,NK,1.0,72.5
2025,1,DTW,FLL,NK,1.0,72.95
2025,1,DTW,FLL,NK,1.0,73.0
2025,1,DTW,FLL,NK,1.0,73.44
2025,1,DTW,FLL,NK,1.0,73.6
2025,1,DTW,FLL,NK,1.0,73.99
2025,1,DTW,FLL,NK,1.0,74.0
2025,1,DTW,FLL,NK,1.0,74.0
2025,1,DTW,FLL,NK,1.0,74.0
2025,1,DTW,FLL,NK,1.0,74.0
2025,1,DTW,FLL,NK,1.0,74.25
2025,1,DTW,FLL,NK,1.0,74.27
2025,1,DTW,FLL,NK,1.0,74.5
2025,1,DTW,FLL,NK,1.0,75.06
2025,1,DTW,FLL,NK,1.0,75.25
2025,1,DTW,FLL,NK,1.0,75.87
2025,1,DTW,FLL,NK,1.0,76.0
2025,1,DTW,FLL,NK,1.0,76.21
2025,1,DTW,FLL,NK,1.0,76.5
2025,1,DTW,FLL,NK,1.0,76.51
2025,1,DTW,FLL,NK,1.0,76.56
2025,1,DTW,FLL,NK,1.0,76.66
2025,1,DTW,FLL,NK,1.0,76.7
2025,1,DTW,FLL,NK,1.0,76.97
2025,1,DTW,FLL,NK,1.0,77.0
2025,1,DTW,FLL,NK,1.0,77.0
2025,1,DTW,FLL,NK,1.0,77.67
2025,1,DTW,FLL,NK,1.0,77.83
2025,1,DTW,FLL,NK,1.0,78.0
2025,1,DTW,FLL,NK,1.0,78.09
2025,1,DTW,FLL,NK,1.0,78.16
2025,1,DTW,FLL,NK,1.0,78.75
2025,1,DTW,FLL,NK,1.0,78.82
2025,1,DTW,FLL,NK,1.0,79.35
2025,1,DTW,FLL,NK,1.0,79.83
2025,1,DTW,FLL,NK,1.0,79.9
2025,1,DTW,FLL,NK,1.0,80.0
2025,1,DTW,FLL,NK,1.0,80.0
2025,1,DTW,FLL,NK,1.0,80.25
2025,1,DTW,FLL,NK,1.0,80.46
2025,1,DTW,FLL,NK,1.0,80.88
2025,1,DTW,FLL,NK,1.0,81.0
2025,1,DTW,FLL,NK,1.0,81.11
2025,1,DTW,FLL,NK,1.0,81.16
2025,1,DTW,FLL,NK,1.0,81.25
2025,1,DTW,FLL,NK,1.0,81.58
2025,1,DTW,FLL,NK,1.0,81.58
2025,1,DTW,FLL,NK,1.0,81.67
2025,1,DTW,FLL,NK,1.0,81.76
2025,1,DTW,FLL,NK,1.0,81.85
2025,1,DTW,FLL,NK,1.0,81.94
2025,1,DTW,FLL,NK,1.0,82.25
2025,1,DTW,FLL,NK,1.0,82.54
2025,1,DTW,FLL,NK,1.0,83.0
2025,1,DTW,FLL,NK,1.0,83.0
2025,1,DTW,FLL,NK,1.0,83.01
2025,1,DTW,FLL,NK,1.0,83.01
2025,1,DTW,FLL,NK,1.0,83.05
2025,1,DTW,FLL,NK,1.0,83.76
2025,1,DTW,FLL,NK,1.0,84.0
2025,1,DTW,FLL,NK,1.0,84.0
2025,1,DTW,FLL,NK,1.0,84.02
2025,1,DTW,FLL,NK,1.0,84.39
2025,1,DTW,FLL,NK,1.0,84.58
2025,1,DTW,FLL,NK,1.0,84.7
2025,1,DTW,FLL,NK,1.0,84.83
2025,1,DTW,FLL,NK,1.0,85.0
2025,1,DTW,FLL,NK,1.0,85.0
2025,1,DTW,FLL,NK,1.0,85.0
2025,1,DTW,FLL,NK,1.0,85.01
2025,1,DTW,FLL,NK,1.0,85.16
2025,1,DTW,FLL,NK,1.0,85.4
2025,1,DTW,FLL,NK,1.0,85.45
2025,1,DTW,FLL,NK,1.0,85.46
2025,1,DTW,FLL,NK,1.0,85.5
2025,1,DTW,FLL,NK,1.0,85.75
2025,1,DTW,FLL,NK,1.0,85.75
2025,1,DTW,FLL,NK,1.0,85.76
2025,1,DTW,FLL,NK,1.0,86.0
2025,1,DTW,FLL,NK,1.0,86.0
2025,1,DTW,FLL,NK,1.0,86.13
2025,1,DTW,FLL,NK,1.0,86.26
2025,1,DTW,FLL,NK,1.0,86.5
2025,1,DTW,FLL,NK,1.0,86.77
2025,1,DTW,FLL,NK,1.0,87.0
2025,1,DTW,FLL,NK,1.0,87.0
2025,1,DTW,FLL,NK,1.0,87.0
2025,1,DTW,FLL,NK,1.0,87.28
2025,1,DTW,FLL,NK,1.0,87.63
2025,1,DTW,FLL,NK,1.0,87.8
2025,1,DTW,FLL,NK,1.0,88.0
2025,1,DTW,FLL,NK,1.0,88.0
2025,1,DTW,FLL,NK,1.0,88.02
2025,1,DTW,FLL,NK,1.0,88.5
2025,1,DTW,FLL,NK,1.0,88.67
2025,1,DTW,FLL,NK,1.0,88.94
2025,1,DTW,FLL,NK,1.0,89.1
2025,1,DTW,FLL,NK,1.0,89.16
2025,1,DTW,FLL,NK,1.0,89.29
2025,1,DTW,FLL,NK,1.0,89.59
2025,1,DTW,FLL,NK,1.0,89.65
2025,1,DTW,FLL,NK,1.0,90.31
2025,1,DTW,FLL,NK,1.0,90.41
2025,1,DTW,FLL,NK,1.0,90.43
2025,1,DTW,FLL,NK,1.0,90.56
2025,1,DTW,FLL,NK,1.0,90.57
2025,1,DTW,FLL,NK,1.0,90.6
2025,1,DTW,FLL,NK,1.0,90.86
2025,1,DTW,FLL,NK,1.0,91.0
2025,1,DTW,FLL,NK,1.0,91.0
2025,1,DTW,FLL,NK,1.0,91.5
2025,1,DTW,FLL,NK,1.0,91.78
2025,1,DTW,FLL,NK,1.0,92.0
2025,1,DTW,FLL,NK,1.0,92.33
2025,1,DTW,FLL,NK,1.0,92.39
2025,1,DTW,FLL,NK,1.0,92.49
2025,1,DTW,FLL,NK,1.0,92.53
2025,1,DTW,FLL,NK,1.0,92.7
2025,1,DTW,FLL,NK,1.0,92.74
2025,1,DTW,FLL,NK,1.0,92.75
2025,1,DTW,FLL,NK,1.0,92.8
2025,1,DTW,FLL,NK,1.0,93.0
2025,1,DTW,FLL,NK,1.0,93.0
2025,1,DTW,FLL,NK,1.0,93.02
2025,1,DTW,FLL,NK,1.0,93.33
2025,1,DTW,FLL,NK,1.0,93.34
2025,1,DTW,FLL,NK,1.0,93.4
2025,1,DTW,FLL,NK,1.0,93.44
2025,1,DTW,FLL,NK,1.0,93.5
2025,1,DTW,FLL,NK,1.0,93.5
2025,1,DTW,FLL,NK,1.0,93.79
2025,1,DTW,FLL,NK,1.0,93.92
2025,1,DTW,FLL,NK,1.0,94.0
2025,1,DTW,FLL,NK,1.0,94.0
2025,1,DTW,FLL,NK,1.0,94.0
2025,1,DTW,FLL,NK,1.0,94.46
2025,1,DTW,FLL,NK,1.0,94.49
2025,1,DTW,FLL,NK,1.0,94.5
2025,1,DTW,FLL,NK,1.0,94.98
2025,1,DTW,FLL,NK,1.0,95.0
2025,1,DTW,FLL,NK,1.0,95.0
2025,1,DTW,FLL,NK,1.0,95.09
2025,1,DTW,FLL,NK,1.0,95.29
2025,1,DTW,FLL,NK,1.0,95.35
2025,1,DTW,FLL,NK,1.0,95.89
2025,1,DTW,FLL,NK,1.0,95.96
2025,1,DTW,FLL,NK,1.0,96.18
2025,1,DTW,FLL,NK,1.0,96.34
2025,1,DTW,FLL,NK,1.0,96.63
2025,1,DTW,FLL,NK,1.0,96.71
2025,1,DTW,FLL,NK,1.0,96.79
2025,1,DTW,FLL,NK,1.0,96.81
2025,1,DTW,FLL,NK,1.0,96.94
2025,1,DTW,FLL,NK,1.0,97.0
2025,1,DTW,FLL,NK,1.0,97.43
2025,1,DTW,FLL,NK,1.0,97.71
2025,1,DTW,FLL,NK,1.0,97.73
2025,1,DTW,FLL,NK,1.0,98.0
2025,1,DTW,FLL,NK,1.0,98.15
2025,1,DTW,FLL,NK,1.0,98.5
2025,1,DTW,FLL,NK,1.0,98.54
2025,1,DTW,FLL,NK,1.0,98.66
2025,1,DTW,FLL,NK,1.0,98.88
2025,1,DTW,FLL,NK,1.0,99.23
2025,1,DTW,FLL,NK,1.0,99.31
2025,1,DTW,FLL,NK,1.0,100.0
2025,1,DTW,FLL,NK,1.0,100.0
2025,1,DTW,FLL,NK,1.0,100.0
2025,1,DTW,FLL,NK,1.0,100.31
2025,1,DTW,FLL,NK,1.0,100.55
2025,1,DTW,FLL,NK,1.0,100.56
2025,1,DTW,FLL,NK,1.0,100.69
2025,1,DTW,FLL,NK,1.0,100.96
2025,1,DTW,FLL,NK,1.0,101.0
2025,1,DTW,FLL,NK,1.0,101.31
2025,1,DTW,FLL,NK,1.0,101.34
2025,1,DTW,FLL,NK,1.0,101.57
2025,1,DTW,FLL,NK,1.0,101.79
2025,1,DTW,FLL,NK,1.0,101.97
2025,1,DTW,FLL,NK,1.0,102.0
2025,1,DTW,FLL,NK,1.0,102.0
2025,1,DTW,FLL,NK,1.0,102.32
2025,1,DTW,FLL,NK,1.0,102.45
2025,1,DTW,FLL,NK,1.0,102.53
2025,1,DTW,FLL,NK,1.0,103.26
2025,1,DTW,FLL,NK,1.0,103.3
2025,1,DTW,FLL,NK,1.0,103.56
2025,1,DTW,FLL,NK,1.0,103.82
2025,1,DTW,FLL,NK,1.0,103.84
2025,1,DTW,FLL,NK,1.0,103.85
2025,1,DTW,FLL,NK,1.0,104.0
2025,1,DTW,FLL,NK,1.0,104.0
2025,1,DTW,FLL,NK,1.0,104.08
2025,1,DTW,FLL,NK,1.0,104.5
2025,1,DTW,FLL,NK,1.0,104.83
2025,1,DTW,FLL,NK,1.0,105.03
2025,1,DTW,FLL,NK,1.0,105.5
2025,1,DTW,FLL,NK,1.0,106.0
2025,1,DTW,FLL,NK,1.0,106.0
2025,1,DTW,FLL,NK,1.0,106.15
2025,1,DTW,FLL,NK,1.0,106.5
2025,1,DTW,FLL,NK,1.0,106.76
2025,1,DTW,FLL,NK,1.0,107.0
2025,1,DTW,FLL,NK,1.0,107.47
2025,1,DTW,FLL,NK,1.0,107.53
2025,1,DTW,FLL,NK,1.0,107.71
2025,1,DTW,FLL,NK,1.0,107.79
2025,1,DTW,FLL,NK,1.0,107.83
2025,1,DTW,FLL,NK,1.0,107.87
2025,1,DTW,FLL,NK,1.0,107.96
2025,1,DTW,FLL,NK,1.0,107.96
2025,1,DTW,FLL,NK,1.0,108.0
2025,1,DTW,FLL,NK,1.0,108.07
2025,1,DTW,FLL,NK,1.0,108.23
2025,1,DTW,FLL,NK,1.0,108.27
2025,1,DTW,FLL,NK,1.0,108.3
2025,1,DTW,FLL,NK,1.0,108.54
2025,1,DTW,FLL,NK,1.0,109.09
2025,1,DTW,FLL,NK,1.0,110.0
2025,1,DTW,FLL,NK,1.0,110.0
2025,1,DTW,FLL,NK,1.0,110.04
2025,1,DTW,FLL,NK,1.0,110.16
2025,1,DTW,FLL,NK,1.0,110.18
2025,1,DTW,FLL,NK,1.0,110.19
2025,1,DTW,FLL,NK,1.0,110.5
2025,1,DTW,FLL,NK,1.0,110.62
2025,1,DTW,FLL,NK,1.0,110.68
2025,1,DTW,FLL,NK,1.0,111.0
2025,1,DTW,FLL,NK,1.0,111.08
2025,1,DTW,FLL,NK,1.0,111.24
2025,1,DTW,FLL,NK,1.0,111.5
2025,1,DTW,FLL,NK,1.0,112.01
2025,1,DTW,FLL,NK,1.0,112.84
2025,1,DTW,FLL,NK,1.0,113.5
2025,1,DTW,FLL,NK,1.0,113.91
2025,1,DTW,FLL,NK,1.0,115.0
2025,1,DTW,FLL,NK,1.0,115.05
2025,1,DTW,FLL,NK,1.0,115.48
2025,1,DTW,FLL,NK,1.0,115.78
2025,1,DTW,FLL,NK,1.0,115.87
2025,1,DTW,FLL,NK,1.0,116.03
2025,1,DTW,FLL,NK,1.0,116.15
2025,1,DTW,FLL,NK,1.0,116.17
2025,1,DTW,FLL,NK,1.0,116.58
2025,1,DTW,FLL,NK,1.0,116.64
2025,1,DTW,FLL,NK,1.0,117.0
2025,1,DTW,FLL,NK,1.0,117.01
2025,1,DTW,FLL,NK,1.0,117.36
2025,1,DTW,FLL,NK,1.0,117.45
2025,1,DTW,FLL,NK,1.0,117.45
2025,1,DTW,FLL,NK,1.0,117.99
2025,1,DTW,FLL,NK,1.0,118.13
2025,1,DTW,FLL,NK,1.0,118.5
2025,1,DTW,FLL,NK,1.0,119.06
2025,1,DTW,FLL,NK,1.0,120.5
2025,1,DTW,FLL,NK,1.0,120.87
2025,1,DTW,FLL,NK,1.0,121.08
2025,1,DTW,FLL,NK,1.0,121.62
2025,1,DTW,FLL,NK,1.0,121.77
2025,1,DTW,FLL,NK,1.0,121.91
2025,1,DTW,FLL,NK,1.0,122.05
2025,1,DTW,FLL,NK,1.0,122.39
2025,1,DTW,FLL,NK,1.0,122.44
2025,1,DTW,FLL,NK,1.0,122.5
2025,1,DTW,FLL,NK,1.0,122.76
2025,1,DTW,FLL,NK,1.0,122.88
2025,1,DTW,FLL,NK,1.0,123.0
2025,1,DTW,FLL,NK,1.0,123.38
2025,1,DTW,FLL,NK,1.0,123.44
2025,1,DTW,FLL,NK,1.0,123.86
2025,1,DTW,FLL,NK,1.0,124.14
2025,1,DTW,FLL,NK,1.0,124.26
2025,1,DTW,FLL,NK,1.0,124.5
2025,1,DTW,FLL,NK,1.0,125.0
2025,1,DTW,FLL,NK,1.0,125.04
2025,1,DTW,FLL,NK,1.0,125.17
2025,1,DTW,FLL,NK,1.0,125.29
2025,1,DTW,FLL,NK,1.0,125.61
2025,1,DTW,FLL,NK,1.0,126.0
2025,1,DTW,FLL,NK,1.0,126.0
2025,1,DTW,FLL,NK,1.0,126.15
2025,1,DTW,FLL,NK,1.0,126.41
2025,1,DTW,FLL,NK,1.0,126.5
2025,1,DTW,FLL,NK,1.0,126.65
2025,1,DTW,FLL,NK,1.0,126.73
2025,1,DTW,FLL,NK,1.0,127.0
2025,1,DTW,FLL,NK,1.0,127.0
2025,1,DTW,FLL,NK,1.0,127.29
2025,1,DTW,FLL,NK,1.0,127.39
2025,1,DTW,FLL,NK,1.0,127.87
2025,1,DTW,FLL,NK,1.0,128.5
2025,1,DTW,FLL,NK,1.0,128.92
2025,1,DTW,FLL,NK,1.0,129.0
2025,1,DTW,FLL,NK,1.0,129.46
2025,1,DTW,FLL,NK,1.0,129.5
2025,1,DTW,FLL,NK,1.0,129.51
2025,1,DTW,FLL,NK,1.0,129.65
2025,1,DTW,FLL,NK,1.0,129.72
2025,1,DTW,FLL,NK,1.0,130.84
2025,1,DTW,FLL,NK,1.0,131.0
2025,1,DTW,FLL,NK,1.0,131.13
2025,1,DTW,FLL,NK,1.0,132.0
2025,1,DTW,FLL,NK,1.0,132.19
2025,1,DTW,FLL,NK,1.0,132.41
2025,1,DTW,FLL,NK,1.0,133.17
2025,1,DTW,FLL,NK,1.0,133.25
2025,1,DTW,FLL,NK,1.0,133.36
2025,1,DTW,FLL,NK,1.0,133.5
2025,1,DTW,FLL,NK,1.0,135.0
2025,1,DTW,FLL,NK,1.0,135.5
2025,1,DTW,FLL,NK,1.0,136.0
2025,1,DTW,FLL,NK,1.0,137.3
2025,1,DTW,FLL,NK,1.0,137.5
2025,1,DTW,FLL,NK,1.0,138.06
2025,1,DTW,FLL,NK,1.0,138.09
2025,1,DTW,FLL,NK,1.0,138.39
2025,1,DTW,FLL,NK,1.0,138.5
2025,1,DTW,FLL,NK,1.0,138.93
2025,1,DTW,FLL,NK,1.0,139.5
2025,1,DTW,FLL,NK,1.0,139.74
2025,1,DTW,FLL,NK,1.0,142.0
2025,1,DTW,FLL,NK,1.0,142.0
2025,1,DTW,FLL,NK,1.0,142.5
2025,1,DTW,FLL,NK,1.0,143.29
2025,1,DTW,FLL,NK,1.0,143.5
2025,1,DTW,FLL,NK,1.0,144.0
2025,1,DTW,FLL,NK,1.0,144.42
2025,1,DTW,FLL,NK,1.0,144.5
2025,1,DTW,FLL,NK,1.0,144.5
2025,1,DTW,FLL,NK,1.0,145.0
2025,1,DTW,FLL,NK,1.0,145.89
2025,1,DTW,FLL,NK,1.0,146.0
2025,1,DTW,FLL,NK,1.0,146.0
2025,1,DTW,FLL,NK,1.0,146.5
2025,1,DTW,FLL,NK,1.0,148.0
2025,1,DTW,FLL,NK,1.0,148.83
2025,1,DTW,FLL,NK,1.0,149.0
2025,1,DTW,FLL,NK,1.0,149.49
2025,1,DTW,FLL,NK,1.0,150.0
2025,1,DTW,FLL,NK,1.0,150.5
2025,1,DTW,FLL,NK,1.0,150.76
2025,1,DTW,FLL,NK,1.0,151.0
2025,1,DTW,FLL,NK,1.0,151.38
2025,1,DTW,FLL,NK,1.0,151.44
2025,1,DTW,FLL,NK,1.0,151.56
2025,1,DTW,FLL,NK,1.0,152.0
2025,1,DTW,FLL,NK,1.0,152.26
2025,1,DTW,FLL,NK,1.0,153.0
2025,1,DTW,FLL,NK,1.0,153.0
2025,1,DTW,FLL,NK,1.0,154.0
2025,1,DTW,FLL,NK,1.0,154.36
2025,1,DTW,FLL,NK,1.0,154.83
2025,1,DTW,FLL,NK,1.0,156.0
2025,1,DTW,FLL,NK,1.0,156.32
2025,1,DTW,FLL,NK,1.0,157.5
2025,1,DTW,FLL,NK,1.0,158.0
2025,1,DTW,FLL,NK,1.0,158.0
2025,1,DTW,FLL,NK,1.0,159.07
2025,1,DTW,FLL,NK,1.0,159.11
2025,1,DTW,FLL,NK,1.0,159.59
2025,1,DTW,FLL,NK,1.0,159.74
2025,1,DTW,FLL,NK,1.0,161.0
2025,1,DTW,FLL,NK,1.0,161.07
2025,1,DTW,FLL,NK,1.0,161.24
2025,1,DTW,FLL,NK,1.0,161.29
2025,1,DTW,FLL,NK,1.0,161.5
2025,1,DTW,FLL,NK,1.0,162.0
2025,1,DTW,FLL,NK,1.0,162.5
2025,1,DTW,FLL,NK,1.0,162.54
2025,1,DTW,FLL,NK,1.0,163.16
2025,1,DTW,FLL,NK,1.0,163.17
2025,1,DTW,FLL,NK,1.0,163.45
2025,1,DTW,FLL,NK,1.0,164.0
2025,1,DTW,FLL,NK,1.0,165.2
2025,1,DTW,FLL,NK,1.0,165.5
2025,1,DTW,FLL,NK,1.0,165.5
2025,1,DTW,FLL,NK,1.0,165.97
2025,1,DTW,FLL,NK,1.0,166.0
2025,1,DTW,FLL,NK,1.0,166.58
2025,1,DTW,FLL,NK,1.0,167.0
2025,1,DTW,FLL,NK,1.0,167.5
2025,1,DTW,FLL,NK,1.0,167.78
2025,1,DTW,FLL,NK,1.0,167.93
2025,1,DTW,FLL,NK,1.0,168.0
2025,1,DTW,FLL,NK,1.0,168.0
2025,1,DTW,FLL,NK,1.0,168.0
2025,1,DTW,FLL,NK,1.0,168.5
2025,1,DTW,FLL,NK,1.0,168.69
2025,1,DTW,FLL,NK,1.0,170.0
2025,1,DTW,FLL,NK,1.0,170.73
2025,1,DTW,FLL,NK,1.0,171.0
2025,1,DTW,FLL,NK,1.0,171.0
2025,1,DTW,FLL,NK,1.0,171.5
2025,1,DTW,FLL,NK,1.0,171.97
2025,1,DTW,FLL,NK,1.0,173.0
2025,1,DTW,FLL,NK,1.0,173.31
2025,1,DTW,FLL,NK,1.0,174.29
2025,1,DTW,FLL,NK,1.0,174.43
2025,1,DTW,FLL,NK,1.0,174.5
2025,1,DTW,FLL,NK,1.0,174.85
2025,1,DTW,FLL,NK,1.0,176.0
2025,1,DTW,FLL,NK,1.0,176.04
2025,1,DTW,FLL,NK,1.0,177.0
2025,1,DTW,FLL,NK,1.0,178.0
2025,1,DTW,FLL,NK,1.0,178.3
2025,1,DTW,FLL,NK,1.0,178.35
2025,1,DTW,FLL,NK,1.0,178.5
2025,1,DTW,FLL,NK,1.0,178.95
2025,1,DTW,FLL,NK,1.0,179.0
2025,1,DTW,FLL,NK,1.0,179.11
2025,1,DTW,FLL,NK,1.0,179.5
2025,1,DTW,FLL,NK,1.0,180.0
2025,1,DTW,FLL,NK,1.0,180.0
2025,1,DTW,FLL,NK,1.0,180.28
2025,1,DTW,FLL,NK,1.0,181.0
2025,1,DTW,FLL,NK,1.0,181.0
2025,1,DTW,FLL,NK,1.0,181.5
2025,1,DTW,FLL,NK,1.0,181.5
2025,1,DTW,FLL,NK,1.0,182.0
2025,1,DTW,FLL,NK,1.0,182.0
2025,1,DTW,FLL,NK,1.0,182.5
2025,1,DTW,FLL,NK,1.0,183.0
2025,1,DTW,FLL,NK,1.0,183.5
2025,1,DTW,FLL,NK,1.0,183.5
2025,1,DTW,FLL,NK,1.0,184.0
2025,1,DTW,FLL,NK,1.0,184.5
2025,1,DTW,FLL,NK,1.0,185.0
2025,1,DTW,FLL,NK,1.0,185.0
2025,1,DTW,FLL,NK,1.0,185.0
2025,1,DTW,FLL,NK,1.0,185.5
2025,1,DTW,FLL,NK,1.0,185.6
2025,1,DTW,FLL,NK,1.0,185.64
2025,1,DTW,FLL,NK,1.0,186.0
2025,1,DTW,FLL,NK,1.0,186.0
2025,1,DTW,FLL,NK,1.0,187.0
2025,1,DTW,FLL,NK,1.0,187.5
2025,1,DTW,FLL,NK,1.0,188.0
2025,1,DTW,FLL,NK,1.0,188.0
2025,1,DTW,FLL,NK,1.0,188.79
2025,1,DTW,FLL,NK,1.0,189.0
2025,1,DTW,FLL,NK,1.0,189.0
2025,1,DTW,FLL,NK,1.0,190.5
2025,1,DTW,FLL,NK,1.0,190.93
2025,1,DTW,FLL,NK,1.0,191.42
2025,1,DTW,FLL,NK,1.0,191.63
2025,1,DTW,FLL,NK,1.0,192.0
2025,1,DTW,FLL,NK,1.0,192.0
2025,1,DTW,FLL,NK,1.0,192.5
2025,1,DTW,FLL,NK,1.0,193.0
2025,1,DTW,FLL,NK,1.0,193.0
2025,1,DTW,FLL,NK,1.0,193.5
2025,1,DTW,FLL,NK,1.0,194.0
2025,1,DTW,FLL,NK,1.0,194.0
2025,1,DTW,FLL,NK,1.0,195.0
2025,1,DTW,FLL,NK,1.0,195.0
2025,1,DTW,FLL,NK,1.0,195.0
2025,1,DTW,FLL,NK,1.0,195.1
2025,1,DTW,FLL,NK,1.0,196.0
2025,1,DTW,FLL,NK,1.0,196.0
2025,1,DTW,FLL,NK,1.0,196.39
2025,1,DTW,FLL,NK,1.0,196.5
2025,1,DTW,FLL,NK,1.0,197.5
2025,1,DTW,FLL,NK,1.0,198.0
2025,1,DTW,FLL,NK,1.0,198.11
2025,1,DTW,FLL,NK,1.0,198.9
2025,1,DTW,FLL,NK,1.0,199.0
2025,1,DTW,FLL,NK,1.0,199.0
2025,1,DTW,FLL,NK,1.0,199.0
2025,1,DTW,FLL,NK,1.0,200.0
2025,1,DTW,FLL,NK,1.0,200.97
2025,1,DTW,FLL,NK,1.0,201.0
2025,1,DTW,FLL,NK,1.0,201.0
2025,1,DTW,FLL,NK,1.0,201.5
2025,1,DTW,FLL,NK,1.0,202.0
2025,1,DTW,FLL,NK,1.0,202.26
2025,1,DTW,FLL,NK,1.0,202.5
2025,1,DTW,FLL,NK,1.0,203.5
2025,1,DTW,FLL,NK,1.0,204.0
2025,1,DTW,FLL,NK,1.0,205.0
2025,1,DTW,FLL,NK,1.0,206.0
2025,1,DTW,FLL,NK,1.0,206.5
2025,1,DTW,FLL,NK,1.0,207.5
2025,1,DTW,FLL,NK,1.0,208.0
2025,1,DTW,FLL,NK,1.0,208.0
2025,1,DTW,FLL,NK,1.0,208.0
2025,1,DTW,FLL,NK,1.0,208.5
2025,1,DTW,FLL,NK,1.0,208.5
2025,1,DTW,FLL,NK,1.0,209.0
2025,1,DTW,FLL,NK,1.0,209.5
2025,1,DTW,FLL,NK,1.0,209.5
2025,1,DTW,FLL,NK,1.0,210.0
2025,1,DTW,FLL,NK,1.0,210.0
2025,1,DTW,FLL,NK,1.0,210.0
2025,1,DTW,FLL,NK,1.0,210.13
2025,1,DTW,FLL,NK,1.0,210.5
2025,1,DTW,FLL,NK,1.0,210.5
2025,1,DTW,FLL,NK,1.0,210.68
2025,1,DTW,FLL,NK,1.0,211.0
2025,1,DTW,FLL,NK,1.0,211.5
2025,1,DTW,FLL,NK,1.0,211.62
2025,1,DTW,FLL,NK,1.0,212.0
2025,1,DTW,FLL,NK,1.0,212.0
2025,1,DTW,FLL,NK,1.0,212.0
2025,1,DTW,FLL,NK,1.0,212.5
2025,1,DTW,FLL,NK,1.0,212.5
2025,1,DTW,FLL,NK,1.0,212.78
2025,1,DTW,FLL,NK,1.0,213.0
2025,1,DTW,FLL,NK,1.0,213.0
2025,1,DTW,FLL,NK,1.0,213.51
2025,1,DTW,FLL,NK,1.0,214.0
2025,1,DTW,FLL,NK,1.0,214.0
2025,1,DTW,FLL,NK,1.0,214.0
2025,1,DTW,FLL,NK,1.0,214.5
2025,1,DTW,FLL,NK,1.0,214.5
2025,1,DTW,FLL,NK,1.0,215.0
2025,1,DTW,FLL,NK,1.0,215.0
2025,1,DTW,FLL,NK,1.0,217.0
2025,1,DTW,FLL,NK,1.0,217.5
2025,1,DTW,FLL,NK,1.0,217.59
2025,1,DTW,FLL,NK,1.0,218.0
2025,1,DTW,FLL,NK,1.0,219.0
2025,1,DTW,FLL,NK,1.0,219.0
2025,1,DTW,FLL,NK,1.0,219.5
2025,1,DTW,FLL,NK,1.0,219.58
2025,1,DTW,FLL,NK,1.0,220.0
2025,1,DTW,FLL,NK,1.0,221.0
2025,1,DTW,FLL,NK,1.0,222.0
2025,1,DTW,FLL,NK,1.0,222.0
2025,1,DTW,FLL,NK,1.0,222.5
2025,1,DTW,FLL,NK,1.0,223.0
2025,1,DTW,FLL,NK,1.0,224.0
2025,1,DTW,FLL,NK,1.0,224.0
2025,1,DTW,FLL,NK,1.0,224.0
2025,1,DTW,FLL,NK,1.0,224.0
2025,1,DTW,FLL,NK,1.0,226.5
2025,1,DTW,FLL,NK,1.0,227.0
2025,1,DTW,FLL,NK,1.0,227.0
2025,1,DTW,FLL,NK,1.0,228.0
2025,1,DTW,FLL,NK,1.0,229.0
2025,1,DTW,FLL,NK,1.0,229.0
2025,1,DTW,FLL,NK,1.0,229.0
2025,1,DTW,FLL,NK,1.0,230.0
2025,1,DTW,FLL,NK,1.0,230.0
2025,1,DTW,FLL,NK,1.0,230.5
2025,1,DTW,FLL,NK,1.0,231.0
2025,1,DTW,FLL,NK,1.0,231.33
2025,1,DTW,FLL,NK,1.0,231.5
2025,1,DTW,FLL,NK,1.0,232.0
2025,1,DTW,FLL,NK,1.0,233.0
2025,1,DTW,FLL,NK,1.0,234.0
2025,1,DTW,FLL,NK,1.0,234.0
2025,1,DTW,FLL,NK,1.0,234.0
2025,1,DTW,FLL,NK,1.0,234.0
2025,1,DTW,FLL,NK,1.0,234.5
2025,1,DTW,FLL,NK,1.0,237.0
2025,1,DTW,FLL,NK,1.0,237.0
2025,1,DTW,FLL,NK,1.0,237.5
2025,1,DTW,FLL,NK,1.0,238.21
2025,1,DTW,FLL,NK,1.0,238.5
2025,1,DTW,FLL,NK,1.0,238.5
2025,1,DTW,FLL,NK,1.0,239.0
2025,1,DTW,FLL,NK,1.0,239.0
2025,1,DTW,FLL,NK,1.0,239.0
2025,1,DTW,FLL,NK,1.0,239.5
2025,1,DTW,FLL,NK,1.0,240.0
2025,1,DTW,FLL,NK,1.0,241.5
2025,1,DTW,FLL,NK,1.0,243.5
2025,1,DTW,FLL,NK,1.0,244.0
2025,1,DTW,FLL,NK,1.0,244.0
2025,1,DTW,FLL,NK,1.0,244.0
2025,1,DTW,FLL,NK,1.0,246.5
2025,1,DTW,FLL,NK,1.0,247.5
2025,1,DTW,FLL,NK,1.0,248.5
2025,1,DTW,FLL,NK,1.0,249.5
2025,1,DTW,FLL,NK,1.0,250.26
2025,1,DTW,FLL,NK,1.0,251.14
2025,1,DTW,FLL,NK,1.0,251.5
2025,1,DTW,FLL,NK,1.0,252.5
2025,1,DTW,FLL,NK,1.0,253.0
2025,1,DTW,FLL,NK,1.0,254.0
2025,1,DTW,FLL,NK,1.0,254.0
2025,1,DTW,FLL,NK,1.0,254.5
2025,1,DTW,FLL,NK,1.0,255.0
2025,1,DTW,FLL,NK,1.0,255.0
2025,1,DTW,FLL,NK,1.0,256.0
2025,1,DTW,FLL,NK,1.0,256.0
2025,1,DTW,FLL,NK,1.0,256.5
2025,1,DTW,FLL,NK,1.0,257.0
2025,1,DTW,FLL,NK,1.0,257.5
2025,1,DTW,FLL,NK,1.0,258.43
2025,1,DTW,FLL,NK,1.0,258.5
2025,1,DTW,FLL,NK,1.0,258.5
2025,1,DTW,FLL,NK,1.0,259.0
2025,1,DTW,FLL,NK,1.0,259.0
2025,1,DTW,FLL,NK,1.0,259.0
2025,1,DTW,FLL,NK,1.0,259.5
2025,1,DTW,FLL,NK,1.0,260.0
2025,1,DTW,FLL,NK,1.0,261.0
2025,1,DTW,FLL,NK,1.0,263.0
2025,1,DTW,FLL,NK,1.0,263.08
2025,1,DTW,FLL,NK,1.0,264.0
2025,1,DTW,FLL,NK,1.0,264.0
2025,1,DTW,FLL,NK,1.0,264.5
2025,1,DTW,FLL,NK,1.0,265.0
2025,1,DTW,FLL,NK,1.0,265.5
2025,1,DTW,FLL,NK,1.0,266.0
2025,1,DTW,FLL,NK,1.0,266.01
2025,1,DTW,FLL,NK,1.0,268.0
2025,1,DTW,FLL,NK,1.0,269.0
2025,1,DTW,FLL,NK,1.0,269.94
2025,1,DTW,FLL,NK,1.0,271.0
2025,1,DTW,FLL,NK,1.0,272.0
2025,1,DTW,FLL,NK,1.0,273.41
2025,1,DTW,FLL,NK,1.0,275.5
2025,1,DTW,FLL,NK,1.0,276.0
2025,1,DTW,FLL,NK,1.0,276.64
2025,1,DTW,FLL,NK,1.0,279.5
2025,1,DTW,FLL,NK,1.0,280.73
2025,1,DTW,FLL,NK,1.0,281.0
2025,1,DTW,FLL,NK,1.0,282.0
2025,1,DTW,FLL,NK,1.0,283.5
2025,1,DTW,FLL,NK,1.0,283.51
2025,1,DTW,FLL,NK,1.0,286.5
2025,1,DTW,FLL,NK,1.0,288.0
2025,1,DTW,FLL,NK,1.0,288.5
2025,1,DTW,FLL,NK,1.0,289.0
2025,1,DTW,FLL,NK,1.0,289.0
2025,1,DTW,FLL,NK,1.0,289.0
2025,1,DTW,FLL,NK,1.0,289.5
2025,1,DTW,FLL,NK,1.0,290.0
2025,1,DTW,FLL,NK,1.0,291.0
2025,1,DTW,FLL,NK,1.0,292.0
2025,1,DTW,FLL,NK,1.0,293.0
2025,1,DTW,FLL,NK,1.0,294.0
2025,1,DTW,FLL,NK,1.0,294.0
2025,1,DTW,FLL,NK,1.0,295.32
2025,1,DTW,FLL,NK,1.0,297.0
2025,1,DTW,FLL,NK,1.0,297.0
2025,1,DTW,FLL,NK,1.0,298.0
2025,1,DTW,FLL,NK,1.0,299.0
2025,1,DTW,FLL,NK,1.0,299.0
2025,1,DTW,FLL,NK,1.0,299.5
2025,1,DTW,FLL,NK,1.0,300.0
2025,1,DTW,FLL,NK,1.0,302.0
2025,1,DTW,FLL,NK,1.0,303.0
2025,1,DTW,FLL,NK,1.0,303.5
2025,1,DTW,FLL,NK,1.0,304.0
2025,1,DTW,FLL,NK,1.0,305.0
2025,1,DTW,FLL,NK,1.0,306.0
2025,1,DTW,FLL,NK,1.0,307.41
2025,1,DTW,FLL,NK,1.0,308.5
2025,1,DTW,FLL,NK,1.0,309.0
2025,1,DTW,FLL,NK,1.0,309.0
2025,1,DTW,FLL,NK,1.0,309.0
2025,1,DTW,FLL,NK,1.0,309.0
2025,1,DTW,FLL,NK,1.0,312.0
2025,1,DTW,FLL,NK,1.0,313.85
2025,1,DTW,FLL,NK,1.0,314.0
2025,1,DTW,FLL,NK,1.0,315.0
2025,1,DTW,FLL,NK,1.0,315.04
2025,1,DTW,FLL,NK,1.0,316.5
2025,1,DTW,FLL,NK,1.0,320.0
2025,1,DTW,FLL,NK,1.0,320.0
2025,1,DTW,FLL,NK,1.0,320.0
2025,1,DTW,FLL,NK,1.0,320.5
2025,1,DTW,FLL,NK,1.0,321.0
2025,1,DTW,FLL,NK,1.0,322.5
2025,1,DTW,FLL,NK,1.0,323.0
2025,1,DTW,FLL,NK,1.0,323.0
2025,1,DTW,FLL,NK,1.0,328.0
2025,1,DTW,FLL,NK,1.0,329.0
2025,1,DTW,FLL,NK,1.0,329.0
2025,1,DTW,FLL,NK,1.0,329.0
2025,1,DTW,FLL,NK,1.0,330.0
2025,1,DTW,FLL,NK,1.0,331.0
2025,1,DTW,FLL,NK,1.0,333.5
2025,1,DTW,FLL,NK,1.0,333.95
2025,1,DTW,FLL,NK,1.0,334.0
2025,1,DTW,FLL,NK,1.0,334.0
2025,1,DTW,FLL,NK,1.0,337.0
2025,1,DTW,FLL,NK,1.0,339.0
2025,1,DTW,FLL,NK,1.0,339.0
2025,1,DTW,FLL,NK,1.0,342.0
2025,1,DTW,FLL,NK,1.0,342.5
2025,1,DTW,FLL,NK,1.0,342.5
2025,1,DTW,FLL,NK,1.0,343.5
2025,1,DTW,FLL,NK,1.0,344.0
2025,1,DTW,FLL,NK,1.0,345.0
2025,1,DTW,FLL,NK,1.0,345.5
2025,1,DTW,FLL,NK,1.0,346.0
2025,1,DTW,FLL,NK,1.0,348.0
2025,1,DTW,FLL,NK,1.0,349.0
2025,1,DTW,FLL,NK,1.0,349.0
2025,1,DTW,FLL,NK,1.0,353.0
2025,1,DTW,FLL,NK,1.0,353.0
2025,1,DTW,FLL,NK,1.0,356.0
2025,1,DTW,FLL,NK,1.0,356.0
2025,1,DTW,FLL,NK,1.0,357.0
2025,1,DTW,FLL,NK,1.0,357.6
2025,1,DTW,FLL,NK,1.0,360.0
2025,1,DTW,FLL,NK,1.0,360.0
2025,1,DTW,FLL,NK,1.0,360.0
2025,1,DTW,FLL,NK,1.0,360.5
2025,1,DTW,FLL,NK,1.0,361.0
2025,1,DTW,FLL,NK,1.0,362.0
2025,1,DTW,FLL,NK,1.0,362.0
2025,1,DTW,FLL,NK,1.0,363.0
2025,1,DTW,FLL,NK,1.0,367.0
2025,1,DTW,FLL,NK,1.0,368.0
2025,1,DTW,FLL,NK,1.0,370.0
2025,1,DTW,FLL,NK,1.0,375.0
2025,1,DTW,FLL,NK,1.0,377.0
2025,1,DTW,FLL,NK,1.0,381.0
2025,1,DTW,FLL,NK,1.0,384.0
2025,1,DTW,FLL,NK,1.0,384.0
2025,1,DTW,FLL,NK,1.0,385.0
2025,1,DTW,FLL,NK,1.0,390.0
2025,1,DTW,FLL,NK,1.0,392.0
2025,1,DTW,FLL,NK,1.0,398.0
2025,1,DTW,FLL,NK,1.0,408.0
2025,1,DTW,FLL,NK,1.0,409.0
2025,1,DTW,FLL,NK,1.0,410.0
2025,1,DTW,FLL,NK,1.0,414.0
2025,1,DTW,FLL,NK,1.0,419.0
2025,1,DTW,FLL,NK,1.0,423.0
2025,1,DTW,FLL,NK,1.0,425.5
2025,1,DTW,FLL,NK,1.0,429.0
2025,1,DTW,FLL,NK,1.0,435.0
2025,1,DTW,FLL,NK,1.0,435.5
2025,1,DTW,FLL,NK,1.0,441.0
2025,1,DTW,FLL,NK,1.0,446.0
2025,1,DTW,FLL,NK,1.0,457.0
2025,1,DTW,FLL,NK,1.0,473.0
2025,1,DTW,FLL,NK,1.0,488.0
2025,1,DTW,FLL,NK,1.0,489.0
2025,1,DTW,FLL,NK,1.0,501.0
2025,1,DTW,FLL,NK,1.0,532.0
2025,1,DTW,FLL,NK,1.0,553.0
2025,1,DTW,FLL,NK,1.0,588.0
2025,1,DTW,FLL,NK,1.0,705.0
2025,1,DTW,FLL,NK,1.0,820.0
2025,1,DTW,FLL,NK,1.0,1107.0
2025,1,DTW,FLL,NK,2.0,11.0
2025,1,DTW,FLL,NK,2.0,19.0
2025,1,DTW,FLL,NK,2.0,26.0
2025,1,DTW,FLL,NK,2.0,28.0
2025,1,DTW,FLL,NK,2.0,30.0
2025,1,DTW,FLL,NK,2.0,32.0
2025,1,DTW,FLL,NK,2.0,36.5
2025,1,DTW,FLL,NK,2.0,37.0
2025,1,DTW,FLL,NK,2.0,37.5
2025,1,DTW,FLL,NK,2.0,38.0
2025,1,DTW,FLL,NK,2.0,39.0
2025,1,DTW,FLL,NK,2.0,39.0
2025,1,DTW,FLL,NK,2.0,42.5
2025,1,DTW,FLL,NK,2.0,44.0
2025,1,DTW,FLL,NK,2.0,44.91
2025,1,DTW,FLL,NK,2.0,45.0
2025,1,DTW,FLL,NK,2.0,47.0
2025,1,DTW,FLL,NK,2.0,47.5
2025,1,DTW,FLL,NK,2.0,50.0
2025,1,DTW,FLL,NK,2.0,51.0
2025,1,DTW,FLL,NK,2.0,52.0
2025,1,DTW,FLL,NK,2.0,53.0
2025,1,DTW,FLL,NK,2.0,54.0
2025,1,DTW,FLL,NK,2.0,54.0
2025,1,DTW,FLL,NK,2.0,54.5
2025,1,DTW,FLL,NK,2.0,59.0
2025,1,DTW,FLL,NK,2.0,64.5
2025,1,DTW,FLL,NK,2.0,65.5
2025,1,DTW,FLL,NK,2.0,68.79
2025,1,DTW,FLL,NK,2.0,69.5
2025,1,DTW,FLL,NK,2.0,69.81
2025,1,DTW,FLL,NK,2.0,70.5
2025,1,DTW,FLL,NK,2.0,71.0
2025,1,DTW,FLL,NK,2.0,71.48
2025,1,DTW,FLL,NK,2.0,71.5
2025,1,DTW,FLL,NK,2.0,72.0
2025,1,DTW,FLL,NK,2.0,72.0
2025,1,DTW,FLL,NK,2.0,72.5
2025,1,DTW,FLL,NK,2.0,75.0
2025,1,DTW,FLL,NK,2.0,75.5
2025,1,DTW,FLL,NK,2.0,75.88
2025,1,DTW,FLL,NK,2.0,76.37
2025,1,DTW,FLL,NK,2.0,76.5
2025,1,DTW,FLL,NK,2.0,77.84
2025,1,DTW,FLL,NK,2.0,78.5
2025,1,DTW,FLL,NK,2.0,80.5
2025,1,DTW,FLL,NK,2.0,81.0
2025,1,DTW,FLL,NK,2.0,82.0
2025,1,DTW,FLL,NK,2.0,82.84
2025,1,DTW,FLL,NK,2.0,83.72
2025,1,DTW,FLL,NK,2.0,84.0
2025,1,DTW,FLL,NK,2.0,86.0
2025,1,DTW,FLL,NK,2.0,86.5
2025,1,DTW,FLL,NK,2.0,92.5
2025,1,DTW,FLL,NK,2.0,93.0
2025,1,DTW,FLL,NK,2.0,97.0
2025,1,DTW,FLL,NK,2.0,101.0
2025,1,DTW,FLL,NK,2.0,102.0
2025,1,DTW,FLL,NK,2.0,103.5
2025,1,DTW,FLL,NK,2.0,104.0
2025,1,DTW,FLL,NK,2.0,106.0
2025,1,DTW,FLL,NK,2.0,106.5
2025,1,DTW,FLL,NK,2.0,106.73
2025,1,DTW,FLL,NK,2.0,107.0
2025,1,DTW,FLL,NK,2.0,107.7
2025,1,DTW,FLL,NK,2.0,108.5
2025,1,DTW,FLL,NK,2.0,108.5
2025,1,DTW,FLL,NK,2.0,109.0
2025,1,DTW,FLL,NK,2.0,117.0
2025,1,DTW,FLL,NK,2.0,117.0
2025,1,DTW,FLL,NK,2.0,117.5
2025,1,DTW,FLL,NK,2.0,120.0
2025,1,DTW,FLL,NK,2.0,122.0
2025,1,DTW,FLL,NK,2.0,122.0
2025,1,DTW,FLL,NK,2.0,123.0
2025,1,DTW,FLL,NK,2.0,124.5
2025,1,DTW,FLL,NK,2.0,125.5
2025,1,DTW,FLL,NK,2.0,126.0
2025,1,DTW,FLL,NK,2.0,126.31
2025,1,DTW,FLL,NK,2.0,128.0
2025,1,DTW,FLL,NK,2.0,129.5
2025,1,DTW,FLL,NK,2.0,130.1
2025,1,DTW,FLL,NK,2.0,131.5
2025,1,DTW,FLL,NK,2.0,132.0
2025,1,DTW,FLL,NK,2.0,132.5
2025,1,DTW,FLL,NK,2.0,135.5
2025,1,DTW,FLL,NK,2.0,137.0
2025,1,DTW,FLL,NK,2.0,139.0
2025,1,DTW,FLL,NK,2.0,139.0
2025,1,DTW,FLL,NK,2.0,141.5
2025,1,DTW,FLL,NK,2.0,142.0
2025,1,DTW,FLL,NK,2.0,143.0
2025,1,DTW,FLL,NK,2.0,145.4
2025,1,DTW,FLL,NK,2.0,147.5
2025,1,DTW,FLL,NK,2.0,148.0
2025,1,DTW,FLL,NK,2.0,149.0
2025,1,DTW,FLL,NK,2.0,149.5
2025,1,DTW,FLL,NK,2.0,150.0
2025,1,DTW,FLL,NK,2.0,150.0
2025,1,DTW,FLL,NK,2.0,151.5
2025,1,DTW,FLL,NK,2.0,154.5
2025,1,DTW,FLL,NK,2.0,156.5
2025,1,DTW,FLL,NK,2.0,157.0
2025,1,DTW,FLL,NK,2.0,158.09
2025,1,DTW,FLL,NK,2.0,159.0
2025,1,DTW,FLL,NK,2.0,160.0
2025,1,DTW,FLL,NK,2.0,160.5
2025,1,DTW,FLL,NK,2.0,161.0
2025,1,DTW,FLL,NK,2.0,163.0
2025,1,DTW,FLL,NK,2.0,163.0
2025,1,DTW,FLL,NK,2.0,164.0
2025,1,DTW,FLL,NK,2.0,164.5
2025,1,DTW,FLL,NK,2.0,166.5
2025,1,DTW,FLL,NK,2.0,170.0
2025,1,DTW,FLL,NK,2.0,171.5
2025,1,DTW,FLL,NK,2.0,172.5
2025,1,DTW,FLL,NK,2.0,178.0
2025,1,DTW,FLL,NK,2.0,179.0
2025,1,DTW,FLL,NK,2.0,181.0
2025,1,DTW,FLL,NK,2.0,181.5
2025,1,DTW,FLL,NK,2.0,181.5
2025,1,DTW,FLL,NK,2.0,183.0
2025,1,DTW,FLL,NK,2.0,186.0
2025,1,DTW,FLL,NK,2.0,186.0
2025,1,DTW,FLL,NK,2.0,186.5
2025,1,DTW,FLL,NK,2.0,189.0
2025,1,DTW,FLL,NK,2.0,189.5
2025,1,DTW,FLL,NK,2.0,190.0
2025,1,DTW,FLL,NK,2.0,192.0
2025,1,DTW,FLL,NK,2.0,194.5
2025,1,DTW,FLL,NK,2.0,196.5
2025,1,DTW,FLL,NK,2.0,198.0
2025,1,DTW,FLL,NK,2.0,199.5
2025,1,DTW,FLL,NK,2.0,200.5
2025,1,DTW,FLL,NK,2.0,203.0
2025,1,DTW,FLL,NK,2.0,203.0
2025,1,DTW,FLL,NK,2.0,206.0
2025,1,DTW,FLL,NK,2.0,207.0
2025,1,DTW,FLL,NK,2.0,211.5
2025,1,DTW,FLL,NK,2.0,215.5
2025,1,DTW,FLL,NK,2.0,215.5
2025,1,DTW,FLL,NK,2.0,216.5
2025,1,DTW,FLL,NK,2.0,217.5
2025,1,DTW,FLL,NK,2.0,218.0
2025,1,DTW,FLL,NK,2.0,219.0
2025,1,DTW,FLL,NK,2.0,220.5
2025,1,DTW,FLL,NK,2.0,221.0
2025,1,DTW,FLL,NK,2.0,224.0
2025,1,DTW,FLL,NK,2.0,224.0
2025,1,DTW,FLL,NK,2.0,228.0
2025,1,DTW,FLL,NK,2.0,229.0
2025,1,DTW,FLL,NK,2.0,230.0
2025,1,DTW,FLL,NK,2.0,232.0
2025,1,DTW,FLL,NK,2.0,234.0
2025,1,DTW,FLL,NK,2.0,236.5
2025,1,DTW,FLL,NK,2.0,238.0
2025,1,DTW,FLL,NK,2.0,242.0
2025,1,DTW,FLL,NK,2.0,244.0
2025,1,DTW,FLL,NK,2.0,245.0
2025,1,DTW,FLL,NK,2.0,249.0
2025,1,DTW,FLL,NK,2.0,258.0
2025,1,DTW,FLL,NK,2.0,274.0
2025,1,DTW,FLL,NK,2.0,274.0
2025,1,DTW,FLL,NK,2.0,274.0
2025,1,DTW,FLL,NK,2.0,282.0
2025,1,DTW,FLL,NK,2.0,294.0
2025,1,DTW,FLL,NK,2.0,329.0
2025,1,DTW,FLL,NK,2.0,334.0
2025,1,DTW,FLL,NK,3.0,20.0
2025,1,DTW,FLL,NK,3.0,22.0
2025,1,DTW,FLL,NK,3.0,24.0
2025,1,DTW,FLL,NK,3.0,26.0
2025,1,DTW,FLL,NK,3.0,34.0
2025,1,DTW,FLL,NK,3.0,35.5
2025,1,DTW,FLL,NK,3.0,36.0
2025,1,DTW,FLL,NK,3.0,39.0
2025,1,DTW,FLL,NK,3.0,41.0
2025,1,DTW,FLL,NK,3.0,44.5
2025,1,DTW,FLL,NK,3.0,47.5
2025,1,DTW,FLL,NK,3.0,48.5
2025,1,DTW,FLL,NK,3.0,49.5
2025,1,DTW,FLL,NK,3.0,50.0
2025,1,DTW,FLL,NK,3.0,50.5
2025,1,DTW,FLL,NK,3.0,58.5
2025,1,DTW,FLL,NK,3.0,64.5
2025,1,DTW,FLL,NK,3.0,65.0
2025,1,DTW,FLL,NK,3.0,66.0
2025,1,DTW,FLL,NK,3.0,67.0
2025,1,DTW,FLL,NK,3.0,68.0
2025,1,DTW,FLL,NK,3.0,68.5
2025,1,DTW,FLL,NK,3.0,69.0
2025,1,DTW,FLL,NK,3.0,71.0
2025,1,DTW,FLL,NK,3.0,72.0
2025,1,DTW,FLL,NK,3.0,82.5
2025,1,DTW,FLL,NK,3.0,83.23
2025,1,DTW,FLL,NK,3.0,84.0
2025,1,DTW,FLL,NK,3.0,84.5
2025,1,DTW,FLL,NK,3.0,85.0
2025,1,DTW,FLL,NK,3.0,90.0
2025,1,DTW,FLL,NK,3.0,93.0
2025,1,DTW,FLL,NK,3.0,94.0
2025,1,DTW,FLL,NK,3.0,94.5
2025,1,DTW,FLL,NK,3.0,95.5
2025,1,DTW,FLL,NK,3.0,95.5
2025,1,DTW,FLL,NK,3.0,96.0
2025,1,DTW,FLL,NK,3.0,96.5
2025,1,DTW,FLL,NK,3.0,97.91
2025,1,DTW,FLL,NK,3.0,98.5
2025,1,DTW,FLL,NK,3.0,102.0
2025,1,DTW,FLL,NK,3.0,105.0
2025,1,DTW,FLL,NK,3.0,107.0
2025,1,DTW,FLL,NK,3.0,110.0
2025,1,DTW,FLL,NK,3.0,110.5
2025,1,DTW,FLL,NK,3.0,111.0
2025,1,DTW,FLL,NK,3.0,114.5
2025,1,DTW,FLL,NK,3.0,116.5
2025,1,DTW,FLL,NK,3.0,117.5
2025,1,DTW,FLL,NK,3.0,118.5
2025,1,DTW,FLL,NK,3.0,119.5
2025,1,DTW,FLL,NK,3.0,120.0
2025,1,DTW,FLL,NK,3.0,121.0
2025,1,DTW,FLL,NK,3.0,121.0
2025,1,DTW,FLL,NK,3.0,122.5
2025,1,DTW,FLL,NK,3.0,123.5
2025,1,DTW,FLL,NK,3.0,124.0
2025,1,DTW,FLL,NK,3.0,124.0
2025,1,DTW,FLL,NK,3.0,125.5
2025,1,DTW,FLL,NK,3.0,127.0
2025,1,DTW,FLL,NK,3.0,127.5
2025,1,DTW,FLL,NK,3.0,128.0
2025,1,DTW,FLL,NK,3.0,130.0
2025,1,DTW,FLL,NK,3.0,134.0
2025,1,DTW,FLL,NK,3.0,134.5
2025,1,DTW,FLL,NK,3.0,137.5
2025,1,DTW,FLL,NK,3.0,139.5
2025,1,DTW,FLL,NK,3.0,140.0
2025,1,DTW,FLL,NK,3.0,141.98
2025,1,DTW,FLL,NK,3.0,147.0
2025,1,DTW,FLL,NK,3.0,148.0
2025,1,DTW,FLL,NK,3.0,150.5
2025,1,DTW,FLL,NK,3.0,151.0
2025,1,DTW,FLL,NK,3.0,152.0
2025,1,DTW,FLL,NK,3.0,153.5
2025,1,DTW,FLL,NK,3.0,155.5
2025,1,DTW,FLL,NK,3.0,157.0
2025,1,DTW,FLL,NK,3.0,159.0
2025,1,DTW,FLL,NK,3.0,161.5
2025,1,DTW,FLL,NK,3.0,165.0
2025,1,DTW,FLL,NK,3.0,166.0
2025,1,DTW,FLL,NK,3.0,169.5
2025,1,DTW,FLL,NK,3.0,170.5
2025,1,DTW,FLL,NK,3.0,171.0
2025,1,DTW,FLL,NK,3.0,172.0
2025,1,DTW,FLL,NK,3.0,172.5
2025,1,DTW,FLL,NK,3.0,173.5
2025,1,DTW,FLL,NK,3.0,176.0
2025,1,DTW,FLL,NK,3.0,180.5
2025,1,DTW,FLL,NK,3.0,187.0
2025,1,DTW,FLL,NK,3.0,188.0
2025,1,DTW,FLL,NK,3.0,188.0
2025,1,DTW,FLL,NK,3.0,191.0
2025,1,DTW,FLL,NK,3.0,192.0
2025,1,DTW,FLL,NK,3.0,204.0
2025,1,DTW,FLL,NK,3.0,206.5
2025,1,DTW,FLL,NK,3.0,210.0
2025,1,DTW,FLL,NK,3.0,227.0
2025,1,DTW,FLL,NK,3.0,257.0
2025,1,DTW,FLL,NK,3.0,271.0
2025,1,DTW,FLL,NK,3.0,274.0
2025,1,DTW,FLL,NK,3.0,280.0
2025,1,DTW,FLL,NK,3.0,308.0
2025,1,DTW,FLL,NK,3.0,319.0
2025,1,DTW,FLL,NK,3.0,399.0
2025,1,DTW,FLL,NK,4.0,29.5
2025,1,DTW,FLL,NK,4.0,35.0
2025,1,DTW,FLL,NK,4.0,36.0
2025,1,DTW,FLL,NK,4.0,38.0
2025,1,DTW,FLL,NK,4.0,38.5
2025,1,DTW,FLL,NK,4.0,40.0
2025,1,DTW,FLL,NK,4.0,42.0
2025,1,DTW,FLL,NK,4.0,43.0
2025,1,DTW,FLL,NK,4.0,45.5
2025,1,DTW,FLL,NK,4.0,47.0
2025,1,DTW,FLL,NK,4.0,51.0
2025,1,DTW,FLL,NK,4.0,55.0
2025,1,DTW,FLL,NK,4.0,56.5
2025,1,DTW,FLL,NK,4.0,57.5
2025,1,DTW,FLL,NK,4.0,61.0
2025,1,DTW,FLL,NK,4.0,65.5
2025,1,DTW,FLL,NK,4.0,66.0
2025,1,DTW,FLL,NK,4.0,67.0
2025,1,DTW,FLL,NK,4.0,68.0
2025,1,DTW,FLL,NK,4.0,70.0
2025,1,DTW,FLL,NK,4.0,73.5
2025,1,DTW,FLL,NK,4.0,74.5
2025,1,DTW,FLL,NK,4.0,75.0
2025,1,DTW,FLL,NK,4.0,78.0
2025,1,DTW,FLL,NK,4.0,81.0
2025,1,DTW,FLL,NK,4.0,81.5
2025,1,DTW,FLL,NK,4.0,82.0
2025,1,DTW,FLL,NK,4.0,83.0
2025,1,DTW,FLL,NK,4.0,83.5
2025,1,DTW,FLL,NK,4.0,91.0
2025,1,DTW,FLL,NK,4.0,92.0
2025,1,DTW,FLL,NK,4.0,95.0
2025,1,DTW,FLL,NK,4.0,95.0
2025,1,DTW,FLL,NK,4.0,98.0
2025,1,DTW,FLL,NK,4.0,106.0
2025,1,DTW,FLL,NK,4.0,111.0
2025,1,DTW,FLL,NK,4.0,112.0
2025,1,DTW,FLL,NK,4.0,113.0
2025,1,DTW,FLL,NK,4.0,113.5
2025,1,DTW,FLL,NK,4.0,114.0
2025,1,DTW,FLL,NK,4.0,116.0
2025,1,DTW,FLL,NK,4.0,123.0
2025,1,DTW,FLL,NK,4.0,125.0
2025,1,DTW,FLL,NK,4.0,126.0
2025,1,DTW,FLL,NK,4.0,130.5
2025,1,DTW,FLL,NK,4.0,131.0
2025,1,DTW,FLL,NK,4.0,131.0
2025,1,DTW,FLL,NK,4.0,132.0
2025,1,DTW,FLL,NK,4.0,135.0
2025,1,DTW,FLL,NK,4.0,136.0
2025,1,DTW,FLL,NK,4.0,136.5
2025,1,DTW,FLL,NK,4.0,138.0
2025,1,DTW,FLL,NK,4.0,141.0
2025,1,DTW,FLL,NK,4.0,142.5
2025,1,DTW,FLL,NK,4.0,144.0
2025,1,DTW,FLL,NK,4.0,152.0
2025,1,DTW,FLL,NK,4.0,155.0
2025,1,DTW,FLL,NK,4.0,159.5
2025,1,DTW,FLL,NK,4.0,162.0
2025,1,DTW,FLL,NK,4.0,163.5
2025,1,DTW,FLL,NK,4.0,164.0
2025,1,DTW,FLL,NK,4.0,168.0
2025,1,DTW,FLL,NK,4.0,179.0
2025,1,DTW,FLL,NK,4.0,184.0
2025,1,DTW,FLL,NK,4.0,184.5
2025,1,DTW,FLL,NK,4.0,185.5
2025,1,DTW,FLL,NK,4.0,187.0
2025,1,DTW,FLL,NK,4.0,191.5
2025,1,DTW,FLL,NK,4.0,193.0
2025,1,DTW,FLL,NK,4.0,194.0
2025,1,DTW,FLL,NK,4.0,208.5
2025,1,DTW,FLL,NK,4.0,234.0
2025,1,DTW,FLL,NK,4.0,239.0
2025,1,DTW,FLL,NK,4.0,301.0
2025,1,DTW,FLL,NK,4.0,369.0
2025,1,DTW,FLL,NK,5.0,29.0
2025,1,DTW,FLL,NK,5.0,32.0
2025,1,DTW,FLL,NK,5.0,41.0
2025,1,DTW,FLL,NK,5.0,43.5
2025,1,DTW,FLL,NK,5.0,48.5
2025,1,DTW,FLL,NK,5.0,51.0
2025,1,DTW,FLL,NK,5.0,52.0
2025,1,DTW,FLL,NK,5.0,59.5
2025,1,DTW,FLL,NK,5.0,63.5
2025,1,DTW,FLL,NK,5.0,64.0
2025,1,DTW,FLL,NK,5.0,66.5
2025,1,DTW,FLL,NK,5.0,67.5
2025,1,DTW,FLL,NK,5.0,75.0
2025,1,DTW,FLL,NK,5.0,76.0
2025,1,DTW,FLL,NK,5.0,78.5
2025,1,DTW,FLL,NK,5.0,80.5
2025,1,DTW,FLL,NK,5.0,88.0
2025,1,DTW,FLL,NK,5.0,89.5
2025,1,DTW,FLL,NK,5.0,90.0
2025,1,DTW,FLL,NK,5.0,101.5
2025,1,DTW,FLL,NK,5.0,102.0
2025,1,DTW,FLL,NK,5.0,107.5
2025,1,DTW,FLL,NK,5.0,108.0
2025,1,DTW,FLL,NK,5.0,109.0
2025,1,DTW,FLL,NK,5.0,109.5
2025,1,DTW,FLL,NK,5.0,112.5
2025,1,DTW,FLL,NK,5.0,118.0
2025,1,DTW,FLL,NK,5.0,118.0
2025,1,DTW,FLL,NK,5.0,121.5
2025,1,DTW,FLL,NK,5.0,133.0
2025,1,DTW,FLL,NK,5.0,134.0
2025,1,DTW,FLL,NK,5.0,138.5
2025,1,DTW,FLL,NK,5.0,140.5
2025,1,DTW,FLL,NK,5.0,141.0
2025,1,DTW,FLL,NK,5.0,145.0
2025,1,DTW,FLL,NK,5.0,146.0
2025,1,DTW,FLL,NK,5.0,147.0
2025,1,DTW,FLL,NK,5.0,155.0
2025,1,DTW,FLL,NK,5.0,165.0
2025,1,DTW,FLL,NK,5.0,169.0
2025,1,DTW,FLL,NK,5.0,176.5
2025,1,DTW,FLL,NK,5.0,184.0
2025,1,DTW,FLL,NK,5.0,197.0
2025,1,DTW,FLL,NK,5.0,199.0
2025,1,DTW,FLL,NK,5.0,199.0
2025,1,DTW,FLL,NK,5.0,219.0
2025,1,DTW,FLL,NK,5.0,249.0
2025,1,DTW,FLL,NK,5.0,279.0
2025,1,DTW,FLL,NK,5.0,289.0
2025,1,DTW,FLL,NK,5.0,319.0
2025,1,DTW,FLL,NK,6.0,42.5
2025,1,DTW,FLL,NK,6.0,44.0
2025,1,DTW,FLL,NK,6.0,53.0
2025,1,DTW,FLL,NK,6.0,53.5
2025,1,DTW,FLL,NK,6.0,54.5
2025,1,DTW,FLL,NK,6.0,58.0
2025,1,DTW,FLL,NK,6.0,60.0
2025,1,DTW,FLL,NK,6.0,61.0
2025,1,DTW,FLL,NK,6.0,63.0
2025,1,DTW,FLL,NK,6.0,73.0
2025,1,DTW,FLL,NK,6.0,76.0
2025,1,DTW,FLL,NK,6.0,77.0
2025,1,DTW,FLL,NK,6.0,84.5
2025,1,DTW,FLL,NK,6.0,85.0
2025,1,DTW,FLL,NK,6.0,87.5
2025,1,DTW,FLL,NK,6.0,91.5
2025,1,DTW,FLL,NK,6.0,92.5
2025,1,DTW,FLL,NK,6.0,99.5
2025,1,DTW,FLL,NK,6.0,101.0
2025,1,DTW,FLL,NK,6.0,104.5
2025,1,DTW,FLL,NK,6.0,111.5
2025,1,DTW,FLL,NK,6.0,112.0
2025,1,DTW,FLL,NK,6.0,113.0
2025,1,DTW,FLL,NK,6.0,133.0
2025,1,DTW,FLL,NK,6.0,138.0
2025,1,DTW,FLL,NK,6.0,142.0
2025,1,DTW,FLL,NK,6.0,148.5
2025,1,DTW,FLL,NK,6.0,153.0
2025,1,DTW,FLL,NK,6.0,156.0
2025,1,DTW,FLL,NK,6.0,160.0
2025,1,DTW,FLL,NK,6.0,167.0
2025,1,DTW,FLL,NK,6.0,173.0
2025,1,DTW,FLL,NK,7.0,30.0
2025,1,DTW,FLL,NK,7.0,40.0
2025,1,DTW,FLL,NK,7.0,46.0
2025,1,DTW,FLL,NK,7.0,53.0
2025,1,DTW,FLL,NK,7.0,60.5
2025,1,DTW,FLL,NK,7.0,74.0
2025,1,DTW,FLL,NK,7.0,77.5
2025,1,DTW,FLL,NK,7.0,79.5
2025,1,DTW,FLL,NK,7.0,82.0
2025,1,DTW,FLL,NK,7.0,87.0
2025,1,DTW,FLL,NK,7.0,89.0
2025,1,DTW,FLL,NK,7.0,90.5
2025,1,DTW,FLL,NK,7.0,100.0
2025,1,DTW,FLL,NK,7.0,103.0
2025,1,DTW,FLL,NK,7.0,103.0
2025,1,DTW,FLL,NK,7.0,106.5
2025,1,DTW,FLL,NK,7.0,114.0
2025,1,DTW,FLL,NK,7.0,115.0
2025,1,DTW,FLL,NK,7.0,115.0
2025,1,DTW,FLL,NK,7.0,115.5
2025,1,DTW,FLL,NK,7.0,116.0
2025,1,DTW,FLL,NK,7.0,124.0
2025,1,DTW,FLL,NK,7.0,130.0
2025,1,DTW,FLL,NK,7.0,145.5
2025,1,DTW,FLL,NK,7.0,146.5
2025,1,DTW,FLL,NK,7.0,159.0
2025,1,DTW,FLL,NK,7.0,169.0
2025,1,DTW,FLL,NK,7.0,174.0
2025,1,DTW,FLL,NK,7.0,189.0
2025,1,DTW,FLL,NK,7.0,209.0
2025,1,DTW,FLL,NK,8.0,48.0
2025,1,DTW,FLL,NK,8.0,49.0
2025,1,DTW,FLL,NK,8.0,51.5
2025,1,DTW,FLL,NK,8.0,61.5
2025,1,DTW,FLL,NK,8.0,63.0
2025,1,DTW,FLL,NK,8.0,65.0
2025,1,DTW,FLL,NK,8.0,70.0
2025,1,DTW,FLL,NK,8.0,73.0
2025,1,DTW,FLL,NK,8.0,75.5
2025,1,DTW,FLL,NK,8.0,86.0
2025,1,DTW,FLL,NK,8.0,88.5
2025,1,DTW,FLL,NK,8.0,97.5
2025,1,DTW,FLL,NK,8.0,102.5
2025,1,DTW,FLL,NK,8.0,117.0
2025,1,DTW,FLL,NK,8.0,126.5
2025,1,DTW,FLL,NK,8.0,151.0
2025,1,DTW,FLL,NK,8.0,154.0
2025,1,DTW,FLL,NK,8.0,156.0
2025,1,DTW,FLL,NK,8.0,249.0
2025,1,DTW,FLL,NK,9.0,29.0
2025,1,DTW,FLL,NK,9.0,57.0
2025,1,DTW,FLL,NK,9.0,62.0
2025,1,DTW,FLL,NK,9.0,62.5
2025,1,DTW,FLL,NK,9.0,85.5
2025,1,DTW,FLL,NK,9.0,96.0
2025,1,DTW,FLL,NK,9.0,120.5
2025,1,DTW,FLL,NK,9.0,137.0
2025,1,DTW,FLL,NK,9.0,144.0
2025,1,DTW,FLL,NK,9.0,194.0
2025,1,DTW,FLL,NK,10.0,67.0
2025,1,DTW,FLL,NK,10.0,71.0
2025,1,DTW,FLL,NK,10.0,79.0
2025,1,DTW,FLL,NK,10.0,88.0
2025,1,DTW,FLL,NK,10.0,91.0
2025,1,DTW,FLL,NK,10.0,97.0
2025,1,DTW,FLL,NK,10.0,98.0
2025,1,DTW,FLL,NK,11.0,31.0
2025,1,DTW,FLL,NK,11.0,48.0
2025,1,DTW,FLL,NK,11.0,55.5
2025,1,DTW,FLL,NK,11.0,63.5
2025,1,DTW,FLL,NK,11.0,64.0
2025,1,DTW,FLL,NK,11.0,71.5
2025,1,DTW,FLL,NK,11.0,89.0
2025,1,DTW,FLL,NK,11.0,92.0
2025,1,DTW,FLL,NK,11.0,100.5
2025,1,DTW,FLL,NK,11.0,110.0
2025,1,DTW,FLL,NK,11.0,132.0
2025,1,DTW,FLL,NK,11.0,139.0
2025,1,DTW,FLL,NK,11.0,369.0
2025,1,DTW,FLL,NK,12.0,44.0
2025,1,DTW,FLL,NK,12.0,52.0
2025,1,DTW,FLL,NK,12.0,56.0
2025,1,DTW,FLL,NK,12.0,60.0
2025,1,DTW,FLL,NK,12.0,66.0
2025,1,DTW,FLL,NK,12.0,77.0
2025,1,DTW,FLL,NK,12.0,79.0
2025,1,DTW,FLL,NK,12.0,104.0
2025,1,DTW,FLL,NK,13.0,45.0
2025,1,DTW,FLL,NK,13.0,50.0
2025,1,DTW,FLL,NK,13.0,58.0
2025,1,DTW,FLL,NK,13.0,69.5
2025,1,DTW,FLL,NK,14.0,5.5
2025,1,DTW,FLL,NK,14.0,46.0
2025,1,DTW,FLL,NK,14.0,57.0
2025,1,DTW,FLL,NK,14.0,83.0
2025,1,DTW,FLL,NK,14.0,84.0
2025,1,DTW,FLL,NK,14.0,149.0
2025,1,DTW,FLL,NK,14.0,179.0
2025,1,DTW,FLL,NK,15.0,59.0
2025,1,DTW,FLL,NK,16.0,42.0
2025,1,DTW,FLL,NK,16.0,49.0
2025,1,DTW,FLL,NK,16.0,87.0
2025,1,DTW,FLL,NK,16.0,129.0
2025,1,DTW,FLL,NK,17.0,154.0
2025,1,DTW,FLL,NK,18.0,43.0
2025,1,DTW,FLL,NK,18.0,56.0
2025,1,DTW,FLL,NK,18.0,62.0
2025,1,DTW,FLL,NK,18.0,129.0
2025,1,DTW,FLL,NK,20.0,87.0
2025,1,DTW,FLL,NK,21.0,54.0
2025,1,DTW,FLL,NK,21.0,99.0
2025,1,DTW,FLL,NK,22.0,109.0
2025,1,DTW,FLL,NK,24.0,99.0
2025,1,DTW,FLL,NK,25.0,119.0
2025,1,DTW,FLL,NK,27.0,55.0
2025,1,DTW,FLL,NK,27.0,119.0
2025,1,DTW,FLL,NK,28.0,69.0
2025,1,DTW,FLL,NK,29.0,59.0
2025,1,DTW,FLL,NK,31.0,94.0
2025,1,DTW,FLL,NK,32.0,64.0
2025,1,DTW,FLL,NK,36.0,55.0
2025,1,DTW,FLL,NK,44.0,5.5
2025,1,DTW,FLL,NK,50.0,69.0
2025,1,DTW,FLL,NK,54.0,6.0
2025,1,DTW,MCO,NK,1.0,6.0
2025,1,DTW,MCO,NK,1.0,6.0
2025,1,DTW,MCO,NK,1.0,15.0
2025,1,DTW,MCO,NK,1.0,16.0
2025,1,DTW,MCO,NK,1.0,16.0
2025,1,DTW,MCO,NK,1.0,17.0
2025,1,DTW,MCO,NK,1.0,20.42
2025,1,DTW,MCO,NK,1.0,21.0
2025,1,DTW,MCO,NK,1.0,22.5
2025,1,DTW,MCO,NK,1.0,23.0
2025,1,DTW,MCO,NK,1.0,23.0
2025,1,DTW,MCO,NK,1.0,23.5
2025,1,DTW,MCO,NK,1.0,24.0
2025,1,DTW,MCO,NK,1.0,25.42
2025,1,DTW,MCO,NK,1.0,26.43
2025,1,DTW,MCO,NK,1.0,26.53
2025,1,DTW,MCO,NK,1.0,27.0
2025,1,DTW,MCO,NK,1.0,27.5
2025,1,DTW,MCO,NK,1.0,29.48
2025,1,DTW,MCO,NK,1.0,29.5
2025,1,DTW,MCO,NK,1.0,30.49
2025,1,DTW,MCO,NK,1.0,31.0
2025,1,DTW,MCO,NK,1.0,31.0
2025,1,DTW,MCO,NK,1.0,32.49
2025,1,DTW,MCO,NK,1.0,32.5
2025,1,DTW,MCO,NK,1.0,33.5
2025,1,DTW,MCO,NK,1.0,33.78
2025,1,DTW,MCO,NK,1.0,35.46
2025,1,DTW,MCO,NK,1.0,36.5
2025,1,DTW,MCO,NK,1.0,37.5
2025,1,DTW,MCO,NK,1.0,37.5
2025,1,DTW,MCO,NK,1.0,37.5
2025,1,DTW,MCO,NK,1.0,38.58
2025,1,DTW,MCO,NK,1.0,39.18
2025,1,DTW,MCO,NK,1.0,40.17
2025,1,DTW,MCO,NK,1.0,40.5
2025,1,DTW,MCO,NK,1.0,41.0
2025,1,DTW,MCO,NK,1.0,41.18
2025,1,DTW,MCO,NK,1.0,41.5
2025,1,DTW,MCO,NK,1.0,41.61
2025,1,DTW,MCO,NK,1.0,41.85
2025,1,DTW,MCO,NK,1.0,42.02
2025,1,DTW,MCO,NK,1.0,42.15
2025,1,DTW,MCO,NK,1.0,42.5
2025,1,DTW,MCO,NK,1.0,42.57
2025,1,DTW,MCO,NK,1.0,43.14
2025,1,DTW,MCO,NK,1.0,43.2
2025,1,DTW,MCO,NK,1.0,45.0
2025,1,DTW,MCO,NK,1.0,45.5
2025,1,DTW,MCO,NK,1.0,46.5
2025,1,DTW,MCO,NK,1.0,46.51
2025,1,DTW,MCO,NK,1.0,46.61
2025,1,DTW,MCO,NK,1.0,47.17
2025,1,DTW,MCO,NK,1.0,47.5
2025,1,DTW,MCO,NK,1.0,48.11
2025,1,DTW,MCO,NK,1.0,48.47
2025,1,DTW,MCO,NK,1.0,48.82
2025,1,DTW,MCO,NK,1.0,49.02
2025,1,DTW,MCO,NK,1.0,49.5
2025,1,DTW,MCO,NK,1.0,49.73
2025,1,DTW,MCO,NK,1.0,49.76
2025,1,DTW,MCO,NK,1.0,49.87
2025,1,DTW,MCO,NK,1.0,50.0
2025,1,DTW,MCO,NK,1.0,50.5
2025,1,DTW,MCO,NK,1.0,50.5
2025,1,DTW,MCO,NK,1.0,50.54
2025,1,DTW,MCO,NK,1.0,50.85
2025,1,DTW,MCO,NK,1.0,50.94
2025,1,DTW,MCO,NK,1.0,51.5
2025,1,DTW,MCO,NK,1.0,51.56
2025,1,DTW,MCO,NK,1.0,52.58
2025,1,DTW,MCO,NK,1.0,52.87
2025,1,DTW,MCO,NK,1.0,53.87
2025,1,DTW,MCO,NK,1.0,54.0
2025,1,DTW,MCO,NK,1.0,54.34
2025,1,DTW,MCO,NK,1.0,54.37
2025,1,DTW,MCO,NK,1.0,54.5
2025,1,DTW,MCO,NK,1.0,55.13
2025,1,DTW,MCO,NK,1.0,55.36
2025,1,DTW,MCO,NK,1.0,55.5
2025,1,DTW,MCO,NK,1.0,55.64
2025,1,DTW,MCO,NK,1.0,56.0
2025,1,DTW,MCO,NK,1.0,56.05
2025,1,DTW,MCO,NK,1.0,56.66
2025,1,DTW,MCO,NK,1.0,57.0
2025,1,DTW,MCO,NK,1.0,57.68
2025,1,DTW,MCO,NK,1.0,58.19
2025,1,DTW,MCO,NK,1.0,58.2
2025,1,DTW,MCO,NK,1.0,58.74
2025,1,DTW,MCO,NK,1.0,59.0
2025,1,DTW,MCO,NK,1.0,59.01
2025,1,DTW,MCO,NK,1.0,59.23
2025,1,DTW,MCO,NK,1.0,59.86
2025,1,DTW,MCO,NK,1.0,61.19
2025,1,DTW,MCO,NK,1.0,62.0
2025,1,DTW,MCO,NK,1.0,62.73
2025,1,DTW,MCO,NK,1.0,62.87
2025,1,DTW,MCO,NK,1.0,63.0
2025,1,DTW,MCO,NK,1.0,63.0
2025,1,DTW,MCO,NK,1.0,63.3
2025,1,DTW,MCO,NK,1.0,63.4
2025,1,DTW,MCO,NK,1.0,63.69
2025,1,DTW,MCO,NK,1.0,63.89
2025,1,DTW,MCO,NK,1.0,63.96
2025,1,DTW,MCO,NK,1.0,64.44
2025,1,DTW,MCO,NK,1.0,64.68
2025,1,DTW,MCO,NK,1.0,64.68
2025,1,DTW,MCO,NK,1.0,65.0
2025,1,DTW,MCO,NK,1.0,65.55
2025,1,DTW,MCO,NK,1.0,65.95
2025,1,DTW,MCO,NK,1.0,66.48
2025,1,DTW,MCO,NK,1.0,67.09
2025,1,DTW,MCO,NK,1.0,67.5
2025,1,DTW,MCO,NK,1.0,68.0
2025,1,DTW,MCO,NK,1.0,68.33
2025,1,DTW,MCO,NK,1.0,68.39
2025,1,DTW,MCO,NK,1.0,68.53
2025,1,DTW,MCO,NK,1.0,69.01
2025,1,DTW,MCO,NK,1.0,69.02
2025,1,DTW,MCO,NK,1.0,69.11
2025,1,DTW,MCO,NK,1.0,69.21
2025,1,DTW,MCO,NK,1.0,69.22
2025,1,DTW,MCO,NK,1.0,69.33
2025,1,DTW,MCO,NK,1.0,69.46
2025,1,DTW,MCO,NK,1.0,69.5
2025,1,DTW,MCO,NK,1.0,69.51
2025,1,DTW,MCO,NK,1.0,69.69
2025,1,DTW,MCO,NK,1.0,71.0
2025,1,DTW,MCO,NK,1.0,72.0
2025,1,DTW,MCO,NK,1.0,72.16
2025,1,DTW,MCO,NK,1.0,72.39
2025,1,DTW,MCO,NK,1.0,72.49
2025,1,DTW,MCO,NK,1.0,72.77
2025,1,DTW,MCO,NK,1.0,72.94
2025,1,DTW,MCO,NK,1.0,73.1
2025,1,DTW,MCO,NK,1.0,73.51
2025,1,DTW,MCO,NK,1.0,73.7
2025,1,DTW,MCO,NK,1.0,74.0
2025,1,DTW,MCO,NK,1.0,74.02
2025,1,DTW,MCO,NK,1.0,74.08
2025,1,DTW,MCO,NK,1.0,74.36
2025,1,DTW,MCO,NK,1.0,74.86
2025,1,DTW,MCO,NK,1.0,75.0
2025,1,DTW,MCO,NK,1.0,75.0
2025,1,DTW,MCO,NK,1.0,75.08
2025,1,DTW,MCO,NK,1.0,75.43
2025,1,DTW,MCO,NK,1.0,76.36
2025,1,DTW,MCO,NK,1.0,76.41
2025,1,DTW,MCO,NK,1.0,76.46
2025,1,DTW,MCO,NK,1.0,76.5
2025,1,DTW,MCO,NK,1.0,76.57
2025,1,DTW,MCO,NK,1.0,76.67
2025,1,DTW,MCO,NK,1.0,76.85
2025,1,DTW,MCO,NK,1.0,77.34
2025,1,DTW,MCO,NK,1.0,77.53
2025,1,DTW,MCO,NK,1.0,77.59
2025,1,DTW,MCO,NK,1.0,77.83
2025,1,DTW,MCO,NK,1.0,78.5
2025,1,DTW,MCO,NK,1.0,78.81
2025,1,DTW,MCO,NK,1.0,79.15
2025,1,DTW,MCO,NK,1.0,79.85
2025,1,DTW,MCO,NK,1.0,80.0
2025,1,DTW,MCO,NK,1.0,80.35
2025,1,DTW,MCO,NK,1.0,80.5
2025,1,DTW,MCO,NK,1.0,80.66
2025,1,DTW,MCO,NK,1.0,80.84
2025,1,DTW,MCO,NK,1.0,80.93
2025,1,DTW,MCO,NK,1.0,81.17
2025,1,DTW,MCO,NK,1.0,81.35
2025,1,DTW,MCO,NK,1.0,81.5
2025,1,DTW,MCO,NK,1.0,81.68
2025,1,DTW,MCO,NK,1.0,81.92
2025,1,DTW,MCO,NK,1.0,82.58
2025,1,DTW,MCO,NK,1.0,82.62
2025,1,DTW,MCO,NK,1.0,82.63
2025,1,DTW,MCO,NK,1.0,82.7
2025,1,DTW,MCO,NK,1.0,82.81
2025,1,DTW,MCO,NK,1.0,83.09
2025,1,DTW,MCO,NK,1.0,83.16
2025,1,DTW,MCO,NK,1.0,83.35
2025,1,DTW,MCO,NK,1.0,83.5
2025,1,DTW,MCO,NK,1.0,84.0
2025,1,DTW,MCO,NK,1.0,84.23
2025,1,DTW,MCO,NK,1.0,84.74
2025,1,DTW,MCO,NK,1.0,85.25
2025,1,DTW,MCO,NK,1.0,85.58
2025,1,DTW,MCO,NK,1.0,85.76
2025,1,DTW,MCO,NK,1.0,86.0
2025,1,DTW,MCO,NK,1.0,86.79
2025,1,DTW,MCO,NK,1.0,87.0
2025,1,DTW,MCO,NK,1.0,87.13
2025,1,DTW,MCO,NK,1.0,87.18
2025,1,DTW,MCO,NK,1.0,87.26
2025,1,DTW,MCO,NK,1.0,87.29
2025,1,DTW,MCO,NK,1.0,87.6
2025,1,DTW,MCO,NK,1.0,88.0
2025,1,DTW,MCO,NK,1.0,88.07
2025,1,DTW,MCO,NK,1.0,88.16
2025,1,DTW,MCO,NK,1.0,88.59
2025,1,DTW,MCO,NK,1.0,90.0
2025,1,DTW,MCO,NK,1.0,90.18
2025,1,DTW,MCO,NK,1.0,90.98
2025,1,DTW,MCO,NK,1.0,91.0
2025,1,DTW,MCO,NK,1.0,91.26
2025,1,DTW,MCO,NK,1.0,91.89
2025,1,DTW,MCO,NK,1.0,92.0
2025,1,DTW,MCO,NK,1.0,92.02
2025,1,DTW,MCO,NK,1.0,92.24
2025,1,DTW,MCO,NK,1.0,92.4
2025,1,DTW,MCO,NK,1.0,92.5
2025,1,DTW,MCO,NK,1.0,92.84
2025,1,DTW,MCO,NK,1.0,93.0
2025,1,DTW,MCO,NK,1.0,93.42
2025,1,DTW,MCO,NK,1.0,93.45
2025,1,DTW,MCO,NK,1.0,93.5
2025,1,DTW,MCO,NK,1.0,94.0
2025,1,DTW,MCO,NK,1.0,94.48
2025,1,DTW,MCO,NK,1.0,94.57
2025,1,DTW,MCO,NK,1.0,94.76
2025,1,DTW,MCO,NK,1.0,95.0
2025,1,DTW,MCO,NK,1.0,95.0
2025,1,DTW,MCO,NK,1.0,95.23
2025,1,DTW,MCO,NK,1.0,95.46
2025,1,DTW,MCO,NK,1.0,95.72
2025,1,DTW,MCO,NK,1.0,96.43
2025,1,DTW,MCO,NK,1.0,96.48
2025,1,DTW,MCO,NK,1.0,96.48
2025,1,DTW,MCO,NK,1.0,96.82
2025,1,DTW,MCO,NK,1.0,97.39
2025,1,DTW,MCO,NK,1.0,97.41
2025,1,DTW,MCO,NK,1.0,97.9
2025,1,DTW,MCO,NK,1.0,98.0
2025,1,DTW,MCO,NK,1.0,98.14
2025,1,DTW,MCO,NK,1.0,98.19
2025,1,DTW,MCO,NK,1.0,98.52
2025,1,DTW,MCO,NK,1.0,98.56
2025,1,DTW,MCO,NK,1.0,99.0
2025,1,DTW,MCO,NK,1.0,99.32
2025,1,DTW,MCO,NK,1.0,99.5
2025,1,DTW,MCO,NK,1.0,100.0
2025,1,DTW,MCO,NK,1.0,100.0
2025,1,DTW,MCO,NK,1.0,100.06
2025,1,DTW,MCO,NK,1.0,100.31
2025,1,DTW,MCO,NK,1.0,101.0
2025,1,DTW,MCO,NK,1.0,101.34
2025,1,DTW,MCO,NK,1.0,101.5
2025,1,DTW,MCO,NK,1.0,101.86
2025,1,DTW,MCO,NK,1.0,102.0
2025,1,DTW,MCO,NK,1.0,102.0
2025,1,DTW,MCO,NK,1.0,102.0
2025,1,DTW,MCO,NK,1.0,102.5
2025,1,DTW,MCO,NK,1.0,102.82
2025,1,DTW,MCO,NK,1.0,103.0
2025,1,DTW,MCO,NK,1.0,103.06
2025,1,DTW,MCO,NK,1.0,103.29
2025,1,DTW,MCO,NK,1.0,103.5
2025,1,DTW,MCO,NK,1.0,103.63
2025,1,DTW,MCO,NK,1.0,104.19
2025,1,DTW,MCO,NK,1.0,104.71
2025,1,DTW,MCO,NK,1.0,104.9
2025,1,DTW,MCO,NK,1.0,105.0
2025,1,DTW,MCO,NK,1.0,105.49
2025,1,DTW,MCO,NK,1.0,105.5
2025,1,DTW,MCO,NK,1.0,106.0
2025,1,DTW,MCO,NK,1.0,106.22
2025,1,DTW,MCO,NK,1.0,107.0
2025,1,DTW,MCO,NK,1.0,107.2
2025,1,DTW,MCO,NK,1.0,107.34
2025,1,DTW,MCO,NK,1.0,107.5
2025,1,DTW,MCO,NK,1.0,108.0
2025,1,DTW,MCO,NK,1.0,108.01
2025,1,DTW,MCO,NK,1.0,109.37
2025,1,DTW,MCO,NK,1.0,109.7
2025,1,DTW,MCO,NK,1.0,109.75
2025,1,DTW,MCO,NK,1.0,110.0
2025,1,DTW,MCO,NK,1.0,110.0
2025,1,DTW,MCO,NK,1.0,110.14
2025,1,DTW,MCO,NK,1.0,110.73
2025,1,DTW,MCO,NK,1.0,111.0
2025,1,DTW,MCO,NK,1.0,111.0
2025,1,DTW,MCO,NK,1.0,111.05
2025,1,DTW,MCO,NK,1.0,111.61
2025,1,DTW,MCO,NK,1.0,111.65
2025,1,DTW,MCO,NK,1.0,112.5
2025,1,DTW,MCO,NK,1.0,112.7
2025,1,DTW,MCO,NK,1.0,114.01
2025,1,DTW,MCO,NK,1.0,114.5
2025,1,DTW,MCO,NK,1.0,114.77
2025,1,DTW,MCO,NK,1.0,114.86
2025,1,DTW,MCO,NK,1.0,115.0
2025,1,DTW,MCO,NK,1.0,115.3
2025,1,DTW,MCO,NK,1.0,115.5
2025,1,DTW,MCO,NK,1.0,115.9
2025,1,DTW,MCO,NK,1.0,116.0
2025,1,DTW,MCO,NK,1.0,116.01
2025,1,DTW,MCO,NK,1.0,116.5
2025,1,DTW,MCO,NK,1.0,117.0
2025,1,DTW,MCO,NK,1.0,117.0
2025,1,DTW,MCO,NK,1.0,118.0
2025,1,DTW,MCO,NK,1.0,118.02
2025,1,DTW,MCO,NK,1.0,118.78
2025,1,DTW,MCO,NK,1.0,118.94
2025,1,DTW,MCO,NK,1.0,118.95
2025,1,DTW,MCO,NK,1.0,119.0
2025,1,DTW,MCO,NK,1.0,119.0
2025,1,DTW,MCO,NK,1.0,119.18
2025,1,DTW,MCO,NK,1.0,119.4
2025,1,DTW,MCO,NK,1.0,119.44
2025,1,DTW,MCO,NK,1.0,119.45
2025,1,DTW,MCO,NK,1.0,119.55
2025,1,DTW,MCO,NK,1.0,119.93
2025,1,DTW,MCO,NK,1.0,120.5
2025,1,DTW,MCO,NK,1.0,121.0
2025,1,DTW,MCO,NK,1.0,122.28
2025,1,DTW,MCO,NK,1.0,123.03
2025,1,DTW,MCO,NK,1.0,123.2
2025,1,DTW,MCO,NK,1.0,123.5
2025,1,DTW,MCO,NK,1.0,124.34
2025,1,DTW,MCO,NK,1.0,124.5
2025,1,DTW,MCO,NK,1.0,124.77
2025,1,DTW,MCO,NK,1.0,125.0
2025,1,DTW,MCO,NK,1.0,125.0
2025,1,DTW,MCO,NK,1.0,125.61
2025,1,DTW,MCO,NK,1.0,126.22
2025,1,DTW,MCO,NK,1.0,126.27
2025,1,DTW,MCO,NK,1.0,126.58
2025,1,DTW,MCO,NK,1.0,126.78
2025,1,DTW,MCO,NK,1.0,127.27
2025,1,DTW,MCO,NK,1.0,127.5
2025,1,DTW,MCO,NK,1.0,128.1
2025,1,DTW,MCO,NK,1.0,128.5
2025,1,DTW,MCO,NK,1.0,128.8
2025,1,DTW,MCO,NK,1.0,129.5
2025,1,DTW,MCO,NK,1.0,131.0
2025,1,DTW,MCO,NK,1.0,131.32
2025,1,DTW,MCO,NK,1.0,131.4
2025,1,DTW,MCO,NK,1.0,131.68
2025,1,DTW,MCO,NK,1.0,133.15
2025,1,DTW,MCO,NK,1.0,133.24
2025,1,DTW,MCO,NK,1.0,134.73
2025,1,DTW,MCO,NK,1.0,135.0
2025,1,DTW,MCO,NK,1.0,135.0
2025,1,DTW,MCO,NK,1.0,135.28
2025,1,DTW,MCO,NK,1.0,135.62
2025,1,DTW,MCO,NK,1.0,136.0
2025,1,DTW,MCO,NK,1.0,136.84
2025,1,DTW,MCO,NK,1.0,136.96
2025,1,DTW,MCO,NK,1.0,138.5
2025,1,DTW,MCO,NK,1.0,139.0
2025,1,DTW,MCO,NK,1.0,139.04
2025,1,DTW,MCO,NK,1.0,139.36
2025,1,DTW,MCO,NK,1.0,139.56
2025,1,DTW,MCO,NK,1.0,141.0
2025,1,DTW,MCO,NK,1.0,141.5
2025,1,DTW,MCO,NK,1.0,141.97
2025,1,DTW,MCO,NK,1.0,142.0
2025,1,DTW,MCO,NK,1.0,142.85
2025,1,DTW,MCO,NK,1.0,142.88
2025,1,DTW,MCO,NK,1.0,143.0
2025,1,DTW,MCO,NK,1.0,144.34
2025,1,DTW,MCO,NK,1.0,144.49
2025,1,DTW,MCO,NK,1.0,144.5
2025,1,DTW,MCO,NK,1.0,144.65
2025,1,DTW,MCO,NK,1.0,145.0
2025,1,DTW,MCO,NK,1.0,145.21
2025,1,DTW,MCO,NK,1.0,145.21
2025,1,DTW,MCO,NK,1.0,146.21
2025,1,DTW,MCO,NK,1.0,147.07
2025,1,DTW,MCO,NK,1.0,147.5
2025,1,DTW,MCO,NK,1.0,148.0
2025,1,DTW,MCO,NK,1.0,148.0
2025,1,DTW,MCO,NK,1.0,149.0
2025,1,DTW,MCO,NK,1.0,149.5
2025,1,DTW,MCO,NK,1.0,149.5
2025,1,DTW,MCO,NK,1.0,149.79
2025,1,DTW,MCO,NK,1.0,151.0
2025,1,DTW,MCO,NK,1.0,151.0
2025,1,DTW,MCO,NK,1.0,152.0
2025,1,DTW,MCO,NK,1.0,152.5
2025,1,DTW,MCO,NK,1.0,154.0
2025,1,DTW,MCO,NK,1.0,154.5
2025,1,DTW,MCO,NK,1.0,154.9
2025,1,DTW,MCO,NK,1.0,155.0
2025,1,DTW,MCO,NK,1.0,155.86
2025,1,DTW,MCO,NK,1.0,156.0
2025,1,DTW,MCO,NK,1.0,156.1
2025,1,DTW,MCO,NK,1.0,156.5
2025,1,DTW,MCO,NK,1.0,158.38
2025,1,DTW,MCO,NK,1.0,159.09
2025,1,DTW,MCO,NK,1.0,159.5
2025,1,DTW,MCO,NK,1.0,161.2
2025,1,DTW,MCO,NK,1.0,162.0
2025,1,DTW,MCO,NK,1.0,162.0
2025,1,DTW,MCO,NK,1.0,163.0
2025,1,DTW,MCO,NK,1.0,163.31
2025,1,DTW,MCO,NK,1.0,163.68
2025,1,DTW,MCO,NK,1.0,164.0
2025,1,DTW,MCO,NK,1.0,165.44
2025,1,DTW,MCO,NK,1.0,165.7
2025,1,DTW,MCO,NK,1.0,167.0
2025,1,DTW,MCO,NK,1.0,168.08
2025,1,DTW,MCO,NK,1.0,168.16
2025,1,DTW,MCO,NK,1.0,169.5
2025,1,DTW,MCO,NK,1.0,169.5
2025,1,DTW,MCO,NK,1.0,170.0
2025,1,DTW,MCO,NK,1.0,170.0
2025,1,DTW,MCO,NK,1.0,170.42
2025,1,DTW,MCO,NK,1.0,170.84
2025,1,DTW,MCO,NK,1.0,172.0
2025,1,DTW,MCO,NK,1.0,172.31
2025,1,DTW,MCO,NK,1.0,172.8
2025,1,DTW,MCO,NK,1.0,172.99
2025,1,DTW,MCO,NK,1.0,173.0
2025,1,DTW,MCO,NK,1.0,173.0
2025,1,DTW,MCO,NK,1.0,173.79
2025,1,DTW,MCO,NK,1.0,174.4
2025,1,DTW,MCO,NK,1.0,174.5
2025,1,DTW,MCO,NK,1.0,175.5
2025,1,DTW,MCO,NK,1.0,175.5
2025,1,DTW,MCO,NK,1.0,175.61
2025,1,DTW,MCO,NK,1.0,175.83
2025,1,DTW,MCO,NK,1.0,176.0
2025,1,DTW,MCO,NK,1.0,176.5
2025,1,DTW,MCO,NK,1.0,178.0
2025,1,DTW,MCO,NK,1.0,178.5
2025,1,DTW,MCO,NK,1.0,179.0
2025,1,DTW,MCO,NK,1.0,179.0
2025,1,DTW,MCO,NK,1.0,179.5
2025,1,DTW,MCO,NK,1.0,180.23
2025,1,DTW,MCO,NK,1.0,181.0
2025,1,DTW,MCO,NK,1.0,181.0
2025,1,DTW,MCO,NK,1.0,182.5
2025,1,DTW,MCO,NK,1.0,182.59
2025,1,DTW,MCO,NK,1.0,183.0
2025,1,DTW,MCO,NK,1.0,183.48
2025,1,DTW,MCO,NK,1.0,183.5
2025,1,DTW,MCO,NK,1.0,183.87
2025,1,DTW,MCO,NK,1.0,184.0
2025,1,DTW,MCO,NK,1.0,184.0
2025,1,DTW,MCO,NK,1.0,184.36
2025,1,DTW,MCO,NK,1.0,184.5
2025,1,DTW,MCO,NK,1.0,184.8
2025,1,DTW,MCO,NK,1.0,185.09
2025,1,DTW,MCO,NK,1.0,186.5
2025,1,DTW,MCO,NK,1.0,188.0
2025,1,DTW,MCO,NK,1.0,188.5
2025,1,DTW,MCO,NK,1.0,188.76
2025,1,DTW,MCO,NK,1.0,189.0
2025,1,DTW,MCO,NK,1.0,190.4
2025,1,DTW,MCO,NK,1.0,192.67
2025,1,DTW,MCO,NK,1.0,193.0
2025,1,DTW,MCO,NK,1.0,194.0
2025,1,DTW,MCO,NK,1.0,194.0
2025,1,DTW,MCO,NK,1.0,194.2
2025,1,DTW,MCO,NK,1.0,195.0
2025,1,DTW,MCO,NK,1.0,196.0
2025,1,DTW,MCO,NK,1.0,196.49
2025,1,DTW,MCO,NK,1.0,197.5
2025,1,DTW,MCO,NK,1.0,197.7
2025,1,DTW,MCO,NK,1.0,198.0
2025,1,DTW,MCO,NK,1.0,198.0
2025,1,DTW,MCO,NK,1.0,199.0
2025,1,DTW,MCO,NK,1.0,199.72
2025,1,DTW,MCO,NK,1.0,200.0
2025,1,DTW,MCO,NK,1.0,200.0
2025,1,DTW,MCO,NK,1.0,200.86
2025,1,DTW,MCO,NK,1.0,201.13
2025,1,DTW,MCO,NK,1.0,201.5
2025,1,DTW,MCO,NK,1.0,202.0
2025,1,DTW,MCO,NK,1.0,202.5
2025,1,DTW,MCO,NK,1.0,202.84
2025,1,DTW,MCO,NK,1.0,203.0
2025,1,DTW,MCO,NK,1.0,203.38
2025,1,DTW,MCO,NK,1.0,204.0
2025,1,DTW,MCO,NK,1.0,204.13
2025,1,DTW,MCO,NK,1.0,205.0
2025,1,DTW,MCO,NK,1.0,206.75
2025,1,DTW,MCO,NK,1.0,207.26
2025,1,DTW,MCO,NK,1.0,208.78
2025,1,DTW,MCO,NK,1.0,210.5
2025,1,DTW,MCO,NK,1.0,211.0
2025,1,DTW,MCO,NK,1.0,212.0
2025,1,DTW,MCO,NK,1.0,212.77
2025,1,DTW,MCO,NK,1.0,212.99
2025,1,DTW,MCO,NK,1.0,213.0
2025,1,DTW,MCO,NK,1.0,213.97
2025,1,DTW,MCO,NK,1.0,214.0
2025,1,DTW,MCO,NK,1.0,214.0
2025,1,DTW,MCO,NK,1.0,214.5
2025,1,DTW,MCO,NK,1.0,214.52
2025,1,DTW,MCO,NK,1.0,214.92
2025,1,DTW,MCO,NK,1.0,215.0
2025,1,DTW,MCO,NK,1.0,215.96
2025,1,DTW,MCO,NK,1.0,217.44
2025,1,DTW,MCO,NK,1.0,218.0
2025,1,DTW,MCO,NK,1.0,218.0
2025,1,DTW,MCO,NK,1.0,218.2
2025,1,DTW,MCO,NK,1.0,219.0
2025,1,DTW,MCO,NK,1.0,219.0
2025,1,DTW,MCO,NK,1.0,220.0
2025,1,DTW,MCO,NK,1.0,220.41
2025,1,DTW,MCO,NK,1.0,221.0
2025,1,DTW,MCO,NK,1.0,221.37
2025,1,DTW,MCO,NK,1.0,221.5
2025,1,DTW,MCO,NK,1.0,225.0
2025,1,DTW,MCO,NK,1.0,226.5
2025,1,DTW,MCO,NK,1.0,226.95
2025,1,DTW,MCO,NK,1.0,227.0
2025,1,DTW,MCO,NK,1.0,229.0
2025,1,DTW,MCO,NK,1.0,229.5
2025,1,DTW,MCO,NK,1.0,229.53
2025,1,DTW,MCO,NK,1.0,230.0
2025,1,DTW,MCO,NK,1.0,230.0
2025,1,DTW,MCO,NK,1.0,231.0
2025,1,DTW,MCO,NK,1.0,231.5
2025,1,DTW,MCO,NK,1.0,232.5
2025,1,DTW,MCO,NK,1.0,233.31
2025,1,DTW,MCO,NK,1.0,234.0
2025,1,DTW,MCO,NK,1.0,234.0
2025,1,DTW,MCO,NK,1.0,234.0
2025,1,DTW,MCO,NK,1.0,234.08
2025,1,DTW,MCO,NK,1.0,235.46
2025,1,DTW,MCO,NK,1.0,236.0
2025,1,DTW,MCO,NK,1.0,236.5
2025,1,DTW,MCO,NK,1.0,239.0
2025,1,DTW,MCO,NK,1.0,239.43
2025,1,DTW,MCO,NK,1.0,240.5
2025,1,DTW,MCO,NK,1.0,241.0
2025,1,DTW,MCO,NK,1.0,242.0
2025,1,DTW,MCO,NK,1.0,242.0
2025,1,DTW,MCO,NK,1.0,244.0
2025,1,DTW,MCO,NK,1.0,244.0
2025,1,DTW,MCO,NK,1.0,244.29
2025,1,DTW,MCO,NK,1.0,244.5
2025,1,DTW,MCO,NK,1.0,245.0
2025,1,DTW,MCO,NK,1.0,247.0
2025,1,DTW,MCO,NK,1.0,248.0
2025,1,DTW,MCO,NK,1.0,248.87
2025,1,DTW,MCO,NK,1.0,249.0
2025,1,DTW,MCO,NK,1.0,249.0
2025,1,DTW,MCO,NK,1.0,250.0
2025,1,DTW,MCO,NK,1.0,250.5
2025,1,DTW,MCO,NK,1.0,251.0
2025,1,DTW,MCO,NK,1.0,252.18
2025,1,DTW,MCO,NK,1.0,254.0
2025,1,DTW,MCO,NK,1.0,254.0
2025,1,DTW,MCO,NK,1.0,254.65
2025,1,DTW,MCO,NK,1.0,255.0
2025,1,DTW,MCO,NK,1.0,256.0
2025,1,DTW,MCO,NK,1.0,257.0
2025,1,DTW,MCO,NK,1.0,261.0
2025,1,DTW,MCO,NK,1.0,261.0
2025,1,DTW,MCO,NK,1.0,263.0
2025,1,DTW,MCO,NK,1.0,264.0
2025,1,DTW,MCO,NK,1.0,264.5
2025,1,DTW,MCO,NK,1.0,265.0
2025,1,DTW,MCO,NK,1.0,267.61
2025,1,DTW,MCO,NK,1.0,268.0
2025,1,DTW,MCO,NK,1.0,268.77
2025,1,DTW,MCO,NK,1.0,270.0
2025,1,DTW,MCO,NK,1.0,271.5
2025,1,DTW,MCO,NK,1.0,272.0
2025,1,DTW,MCO,NK,1.0,272.0
2025,1,DTW,MCO,NK,1.0,274.0
2025,1,DTW,MCO,NK,1.0,275.0
2025,1,DTW,MCO,NK,1.0,276.0
2025,1,DTW,MCO,NK,1.0,279.0
2025,1,DTW,MCO,NK,1.0,280.0
2025,1,DTW,MCO,NK,1.0,281.0
2025,1,DTW,MCO,NK,1.0,281.12
2025,1,DTW,MCO,NK,1.0,284.0
2025,1,DTW,MCO,NK,1.0,285.0
2025,1,DTW,MCO,NK,1.0,285.0
2025,1,DTW,MCO,NK,1.0,285.0
2025,1,DTW,MCO,NK,1.0,286.0
2025,1,DTW,MCO,NK,1.0,288.0
2025,1,DTW,MCO,NK,1.0,288.0
2025,1,DTW,MCO,NK,1.0,288.5
2025,1,DTW,MCO,NK,1.0,289.0
2025,1,DTW,MCO,NK,1.0,290.14
2025,1,DTW,MCO,NK,1.0,291.0
2025,1,DTW,MCO,NK,1.0,291.0
2025,1,DTW,MCO,NK,1.0,292.0
2025,1,DTW,MCO,NK,1.0,295.0
2025,1,DTW,MCO,NK,1.0,296.0
2025,1,DTW,MCO,NK,1.0,296.5
2025,1,DTW,MCO,NK,1.0,298.5
2025,1,DTW,MCO,NK,1.0,299.0
2025,1,DTW,MCO,NK,1.0,300.0
2025,1,DTW,MCO,NK,1.0,305.0
2025,1,DTW,MCO,NK,1.0,305.0
2025,1,DTW,MCO,NK,1.0,305.76
2025,1,DTW,MCO,NK,1.0,306.58
2025,1,DTW,MCO,NK,1.0,307.0
2025,1,DTW,MCO,NK,1.0,307.5
2025,1,DTW,MCO,NK,1.0,310.0
2025,1,DTW,MCO,NK,1.0,311.0
2025,1,DTW,MCO,NK,1.0,313.0
2025,1,DTW,MCO,NK,1.0,313.5
2025,1,DTW,MCO,NK,1.0,317.0
2025,1,DTW,MCO,NK,1.0,319.0
2025,1,DTW,MCO,NK,1.0,320.03
2025,1,DTW,MCO,NK,1.0,320.06
2025,1,DTW,MCO,NK,1.0,320.66
2025,1,DTW,MCO,NK,1.0,330.0
2025,1,DTW,MCO,NK,1.0,330.5
2025,1,DTW,MCO,NK,1.0,330.5
2025,1,DTW,MCO,NK,1.0,331.0
2025,1,DTW,MCO,NK,1.0,333.0
2025,1,DTW,MCO,NK,1.0,335.0
2025,1,DTW,MCO,NK,1.0,336.0
2025,1,DTW,MCO,NK,1.0,347.0
2025,1,DTW,MCO,NK,1.0,347.0
2025,1,DTW,MCO,NK,1.0,348.0
2025,1,DTW,MCO,NK,1.0,348.7
2025,1,DTW,MCO,NK,1.0,350.5
2025,1,DTW,MCO,NK,1.0,351.0
2025,1,DTW,MCO,NK,1.0,355.0
2025,1,DTW,MCO,NK,1.0,356.0
2025,1,DTW,MCO,NK,1.0,357.0
2025,1,DTW,MCO,NK,1.0,358.0
2025,1,DTW,MCO,NK,1.0,360.0
2025,1,DTW,MCO,NK,1.0,360.5
2025,1,DTW,MCO,NK,1.0,361.0
2025,1,DTW,MCO,NK,1.0,365.0
2025,1,DTW,MCO,NK,1.0,365.0
2025,1,DTW,MCO,NK,1.0,369.0
2025,1,DTW,MCO,NK,1.0,373.0
2025,1,DTW,MCO,NK,1.0,376.0
2025,1,DTW,MCO,NK,1.0,376.0
2025,1,DTW,MCO,NK,1.0,377.0
2025,1,DTW,MCO,NK,1.0,378.0
2025,1,DTW,MCO,NK,1.0,380.0
2025,1,DTW,MCO,NK,1.0,380.5
2025,1,DTW,MCO,NK,1.0,381.0
2025,1,DTW,MCO,NK,1.0,385.0
2025,1,DTW,MCO,NK,1.0,385.0
2025,1,DTW,MCO,NK,1.0,393.0
2025,1,DTW,MCO,NK,1.0,393.5
2025,1,DTW,MCO,NK,1.0,394.5
2025,1,DTW,MCO,NK,1.0,395.5
2025,1,DTW,MCO,NK,1.0,397.5
2025,1,DTW,MCO,NK,1.0,399.0
2025,1,DTW,MCO,NK,1.0,400.5
2025,1,DTW,MCO,NK,1.0,406.0
2025,1,DTW,MCO,NK,1.0,407.0
2025,1,DTW,MCO,NK,1.0,412.5
2025,1,DTW,MCO,NK,1.0,416.0
2025,1,DTW,MCO,NK,1.0,418.0
2025,1,DTW,MCO,NK,1.0,419.0
2025,1,DTW,MCO,NK,1.0,422.5
2025,1,DTW,MCO,NK,1.0,423.0
2025,1,DTW,MCO,NK,1.0,426.0
2025,1,DTW,MCO,NK,1.0,426.5
2025,1,DTW,MCO,NK,1.0,427.0
2025,1,DTW,MCO,NK,1.0,427.0
2025,1,DTW,MCO,NK,1.0,427.0
2025,1,DTW,MCO,NK,1.0,428.41
2025,1,DTW,MCO,NK,1.0,429.0
2025,1,DTW,MCO,NK,1.0,435.0
2025,1,DTW,MCO,NK,1.0,439.5
2025,1,DTW,MCO,NK,1.0,445.0
2025,1,DTW,MCO,NK,1.0,450.0
2025,1,DTW,MCO,NK,1.0,454.0
2025,1,DTW,MCO,NK,1.0,468.0
2025,1,DTW,MCO,NK,1.0,498.0
2025,1,DTW,MCO,NK,1.0,513.0
2025,1,DTW,MCO,NK,1.0,517.0
2025,1,DTW,MCO,NK,1.0,597.0
2025,1,DTW,MCO,NK,1.0,782.0
2025,1,DTW,MCO,NK,1.0,1032.0
2025,1,DTW,MCO,NK,2.0,5.5
2025,1,DTW,MCO,NK,2.0,11.0
2025,1,DTW,MCO,NK,2.0,15.0
2025,1,DTW,MCO,NK,2.0,15.0
2025,1,DTW,MCO,NK,2.0,15.5
2025,1,DTW,MCO,NK,2.0,16.5
2025,1,DTW,MCO,NK,2.0,19.5
2025,1,DTW,MCO,NK,2.0,21.5
2025,1,DTW,MCO,NK,2.0,23.0
2025,1,DTW,MCO,NK,2.0,25.5
2025,1,DTW,MCO,NK,2.0,26.5
2025,1,DTW,MCO,NK,2.0,28.5
2025,1,DTW,MCO,NK,2.0,29.0
2025,1,DTW,MCO,NK,2.0,31.5
2025,1,DTW,MCO,NK,2.0,34.0
2025,1,DTW,MCO,NK,2.0,35.0
2025,1,DTW,MCO,NK,2.0,36.0
2025,1,DTW,MCO,NK,2.0,36.0
2025,1,DTW,MCO,NK,2.0,37.0
2025,1,DTW,MCO,NK,2.0,37.0
2025,1,DTW,MCO,NK,2.0,37.69
2025,1,DTW,MCO,NK,2.0,38.0
2025,1,DTW,MCO,NK,2.0,38.0
2025,1,DTW,MCO,NK,2.0,39.0
2025,1,DTW,MCO,NK,2.0,40.0
2025,1,DTW,MCO,NK,2.0,44.0
2025,1,DTW,MCO,NK,2.0,44.5
2025,1,DTW,MCO,NK,2.0,48.5
2025,1,DTW,MCO,NK,2.0,50.0
2025,1,DTW,MCO,NK,2.0,52.5
2025,1,DTW,MCO,NK,2.0,52.5
2025,1,DTW,MCO,NK,2.0,53.5
2025,1,DTW,MCO,NK,2.0,55.0
2025,1,DTW,MCO,NK,2.0,57.0
2025,1,DTW,MCO,NK,2.0,57.5
2025,1,DTW,MCO,NK,2.0,58.4
2025,1,DTW,MCO,NK,2.0,58.5
2025,1,DTW,MCO,NK,2.0,59.5
2025,1,DTW,MCO,NK,2.0,59.73
2025,1,DTW,MCO,NK,2.0,60.0
2025,1,DTW,MCO,NK,2.0,60.21
2025,1,DTW,MCO,NK,2.0,61.0
2025,1,DTW,MCO,NK,2.0,64.0
2025,1,DTW,MCO,NK,2.0,64.5
2025,1,DTW,MCO,NK,2.0,66.5
2025,1,DTW,MCO,NK,2.0,72.5
2025,1,DTW,MCO,NK,2.0,73.0
2025,1,DTW,MCO,NK,2.0,73.0
2025,1,DTW,MCO,NK,2.0,73.5
2025,1,DTW,MCO,NK,2.0,73.5
2025,1,DTW,MCO,NK,2.0,75.02
2025,1,DTW,MCO,NK,2.0,75.5
2025,1,DTW,MCO,NK,2.0,82.0
2025,1,DTW,MCO,NK,2.0,82.73
2025,1,DTW,MCO,NK,2.0,82.95
2025,1,DTW,MCO,NK,2.0,83.0
2025,1,DTW,MCO,NK,2.0,84.0
2025,1,DTW,MCO,NK,2.0,85.0
2025,1,DTW,MCO,NK,2.0,85.06
2025,1,DTW,MCO,NK,2.0,87.0
2025,1,DTW,MCO,NK,2.0,89.0
2025,1,DTW,MCO,NK,2.0,89.5
2025,1,DTW,MCO,NK,2.0,94.5
2025,1,DTW,MCO,NK,2.0,95.5
2025,1,DTW,MCO,NK,2.0,98.5
2025,1,DTW,MCO,NK,2.0,99.5
2025,1,DTW,MCO,NK,2.0,100.0
2025,1,DTW,MCO,NK,2.0,104.5
2025,1,DTW,MCO,NK,2.0,106.0
2025,1,DTW,MCO,NK,2.0,106.5
2025,1,DTW,MCO,NK,2.0,108.5
2025,1,DTW,MCO,NK,2.0,111.0
2025,1,DTW,MCO,NK,2.0,114.0
2025,1,DTW,MCO,NK,2.0,116.0
2025,1,DTW,MCO,NK,2.0,116.79
2025,1,DTW,MCO,NK,2.0,118.5
2025,1,DTW,MCO,NK,2.0,119.5
2025,1,DTW,MCO,NK,2.0,121.5
2025,1,DTW,MCO,NK,2.0,122.0
2025,1,DTW,MCO,NK,2.0,123.5
2025,1,DTW,MCO,NK,2.0,124.5
2025,1,DTW,MCO,NK,2.0,125.5
2025,1,DTW,MCO,NK,2.0,128.0
2025,1,DTW,MCO,NK,2.0,129.0
2025,1,DTW,MCO,NK,2.0,135.0
2025,1,DTW,MCO,NK,2.0,137.0
2025,1,DTW,MCO,NK,2.0,140.18
2025,1,DTW,MCO,NK,2.0,140.5
2025,1,DTW,MCO,NK,2.0,140.5
2025,1,DTW,MCO,NK,2.0,141.5
2025,1,DTW,MCO,NK,2.0,142.5
2025,1,DTW,MCO,NK,2.0,143.0
2025,1,DTW,MCO,NK,2.0,143.5
2025,1,DTW,MCO,NK,2.0,144.0
2025,1,DTW,MCO,NK,2.0,144.5
2025,1,DTW,MCO,NK,2.0,147.0
2025,1,DTW,MCO,NK,2.0,148.5
2025,1,DTW,MCO,NK,2.0,149.0
2025,1,DTW,MCO,NK,2.0,150.5
2025,1,DTW,MCO,NK,2.0,151.5
2025,1,DTW,MCO,NK,2.0,153.0
2025,1,DTW,MCO,NK,2.0,153.5
2025,1,DTW,MCO,NK,2.0,154.0
2025,1,DTW,MCO,NK,2.0,157.27
2025,1,DTW,MCO,NK,2.0,161.0
2025,1,DTW,MCO,NK,2.0,165.5
2025,1,DTW,MCO,NK,2.0,167.91
2025,1,DTW,MCO,NK,2.0,170.5
2025,1,DTW,MCO,NK,2.0,173.5
2025,1,DTW,MCO,NK,2.0,174.5
2025,1,DTW,MCO,NK,2.0,176.0
2025,1,DTW,MCO,NK,2.0,180.0
2025,1,DTW,MCO,NK,2.0,181.0
2025,1,DTW,MCO,NK,2.0,181.5
2025,1,DTW,MCO,NK,2.0,182.0
2025,1,DTW,MCO,NK,2.0,183.0
2025,1,DTW,MCO,NK,2.0,187.5
2025,1,DTW,MCO,NK,2.0,188.0
2025,1,DTW,MCO,NK,2.0,189.5
2025,1,DTW,MCO,NK,2.0,190.0
2025,1,DTW,MCO,NK,2.0,194.0
2025,1,DTW,MCO,NK,2.0,194.5
2025,1,DTW,MCO,NK,2.0,195.0
2025,1,DTW,MCO,NK,2.0,199.0
2025,1,DTW,MCO,NK,2.0,202.0
2025,1,DTW,MCO,NK,2.0,203.0
2025,1,DTW,MCO,NK,2.0,204.5
2025,1,DTW,MCO,NK,2.0,206.0
2025,1,DTW,MCO,NK,2.0,206.5
2025,1,DTW,MCO,NK,2.0,207.0
2025,1,DTW,MCO,NK,2.0,208.0
2025,1,DTW,MCO,NK,2.0,209.0
2025,1,DTW,MCO,NK,2.0,210.0
2025,1,DTW,MCO,NK,2.0,213.0
2025,1,DTW,MCO,NK,2.0,215.5
2025,1,DTW,MCO,NK,2.0,219.0
2025,1,DTW,MCO,NK,2.0,221.0
2025,1,DTW,MCO,NK,2.0,223.0
2025,1,DTW,MCO,NK,2.0,232.0
2025,1,DTW,MCO,NK,2.0,234.0
2025,1,DTW,MCO,NK,2.0,236.0
2025,1,DTW,MCO,NK,2.0,238.0
2025,1,DTW,MCO,NK,2.0,240.0
2025,1,DTW,MCO,NK,2.0,243.0
2025,1,DTW,MCO,NK,2.0,245.0
2025,1,DTW,MCO,NK,2.0,250.0
2025,1,DTW,MCO,NK,2.0,252.0
2025,1,DTW,MCO,NK,2.0,253.0
2025,1,DTW,MCO,NK,2.0,256.0
2025,1,DTW,MCO,NK,2.0,256.0
2025,1,DTW,MCO,NK,2.0,257.0
2025,1,DTW,MCO,NK,2.0,263.0
2025,1,DTW,MCO,NK,2.0,267.0
2025,1,DTW,MCO,NK,2.0,269.0
2025,1,DTW,MCO,NK,2.0,272.0
2025,1,DTW,MCO,NK,2.0,279.5
2025,1,DTW,MCO,NK,2.0,283.0
2025,1,DTW,MCO,NK,2.0,286.0
2025,1,DTW,MCO,NK,2.0,289.0
2025,1,DTW,MCO,NK,2.0,290.0
2025,1,DTW,MCO,NK,2.0,299.0
2025,1,DTW,MCO,NK,2.0,302.0
2025,1,DTW,MCO,NK,2.0,309.0
2025,1,DTW,MCO,NK,2.0,330.0
2025,1,DTW,MCO,NK,2.0,337.0
2025,1,DTW,MCO,NK,2.0,360.5
2025,1,DTW,MCO,NK,2.0,368.0
2025,1,DTW,MCO,NK,2.0,368.5
2025,1,DTW,MCO,NK,2.0,409.0
2025,1,DTW,MCO,NK,2.0,434.0
2025,1,DTW,MCO,NK,3.0,19.0
2025,1,DTW,MCO,NK,3.0,20.0
2025,1,DTW,MCO,NK,3.0,26.0
2025,1,DTW,MCO,NK,3.0,30.0
2025,1,DTW,MCO,NK,3.0,33.0
2025,1,DTW,MCO,NK,3.0,40.5
2025,1,DTW,MCO,NK,3.0,43.0
2025,1,DTW,MCO,NK,3.0,44.0
2025,1,DTW,MCO,NK,3.0,44.5
2025,1,DTW,MCO,NK,3.0,54.0
2025,1,DTW,MCO,NK,3.0,56.0
2025,1,DTW,MCO,NK,3.0,56.5
2025,1,DTW,MCO,NK,3.0,69.0
2025,1,DTW,MCO,NK,3.0,72.0
2025,1,DTW,MCO,NK,3.0,76.0
2025,1,DTW,MCO,NK,3.0,80.0
2025,1,DTW,MCO,NK,3.0,80.5
2025,1,DTW,MCO,NK,3.0,81.06
2025,1,DTW,MCO,NK,3.0,86.5
2025,1,DTW,MCO,NK,3.0,88.0
2025,1,DTW,MCO,NK,3.0,90.0
2025,1,DTW,MCO,NK,3.0,94.0
2025,1,DTW,MCO,NK,3.0,96.5
2025,1,DTW,MCO,NK,3.0,97.0
2025,1,DTW,MCO,NK,3.0,99.0
2025,1,DTW,MCO,NK,3.0,103.0
2025,1,DTW,MCO,NK,3.0,103.5
2025,1,DTW,MCO,NK,3.0,106.0
2025,1,DTW,MCO,NK,3.0,112.0
2025,1,DTW,MCO,NK,3.0,113.5
2025,1,DTW,MCO,NK,3.0,114.0
2025,1,DTW,MCO,NK,3.0,114.5
2025,1,DTW,MCO,NK,3.0,115.5
2025,1,DTW,MCO,NK,3.0,118.0
2025,1,DTW,MCO,NK,3.0,119.5
2025,1,DTW,MCO,NK,3.0,120.5
2025,1,DTW,MCO,NK,3.0,123.0
2025,1,DTW,MCO,NK,3.0,128.0
2025,1,DTW,MCO,NK,3.0,131.5
2025,1,DTW,MCO,NK,3.0,133.0
2025,1,DTW,MCO,NK,3.0,134.0
2025,1,DTW,MCO,NK,3.0,142.0
2025,1,DTW,MCO,NK,3.0,146.0
2025,1,DTW,MCO,NK,3.0,155.5
2025,1,DTW,MCO,NK,3.0,157.0
2025,1,DTW,MCO,NK,3.0,158.0
2025,1,DTW,MCO,NK,3.0,161.5
2025,1,DTW,MCO,NK,3.0,163.0
2025,1,DTW,MCO,NK,3.0,164.0
2025,1,DTW,MCO,NK,3.0,166.5
2025,1,DTW,MCO,NK,3.0,168.0
2025,1,DTW,MCO,NK,3.0,171.5
2025,1,DTW,MCO,NK,3.0,184.0
2025,1,DTW,MCO,NK,3.0,191.5
2025,1,DTW,MCO,NK,3.0,192.0
2025,1,DTW,MCO,NK,3.0,195.5
2025,1,DTW,MCO,NK,3.0,196.0
2025,1,DTW,MCO,NK,3.0,199.5
2025,1,DTW,MCO,NK,3.0,207.0
2025,1,DTW,MCO,NK,3.0,211.0
2025,1,DTW,MCO,NK,3.0,219.5
2025,1,DTW,MCO,NK,3.0,222.0
2025,1,DTW,MCO,NK,3.0,233.0
2025,1,DTW,MCO,NK,3.0,237.0
2025,1,DTW,MCO,NK,3.0,241.0
2025,1,DTW,MCO,NK,3.0,243.0
2025,1,DTW,MCO,NK,3.0,249.0
2025,1,DTW,MCO,NK,3.0,265.0
2025,1,DTW,MCO,NK,3.0,270.0
2025,1,DTW,MCO,NK,3.0,347.0
2025,1,DTW,MCO,NK,3.0,349.0
2025,1,DTW,MCO,NK,4.0,32.0
2025,1,DTW,MCO,NK,4.0,33.0
2025,1,DTW,MCO,NK,4.0,34.5
2025,1,DTW,MCO,NK,4.0,41.0
2025,1,DTW,MCO,NK,4.0,43.0
2025,1,DTW,MCO,NK,4.0,46.0
2025,1,DTW,MCO,NK,4.0,48.0
2025,1,DTW,MCO,NK,4.0,49.0
2025,1,DTW,MCO,NK,4.0,59.0
2025,1,DTW,MCO,NK,4.0,64.0
2025,1,DTW,MCO,NK,4.0,64.5
2025,1,DTW,MCO,NK,4.0,68.0
2025,1,DTW,MCO,NK,4.0,71.0
2025,1,DTW,MCO,NK,4.0,74.5
2025,1,DTW,MCO,NK,4.0,79.0
2025,1,DTW,MCO,NK,4.0,95.0
2025,1,DTW,MCO,NK,4.0,102.5
2025,1,DTW,MCO,NK,4.0,107.0
2025,1,DTW,MCO,NK,4.0,109.0
2025,1,DTW,MCO,NK,4.0,109.5
2025,1,DTW,MCO,NK,4.0,111.5
2025,1,DTW,MCO,NK,4.0,117.5
2025,1,DTW,MCO,NK,4.0,124.0
2025,1,DTW,MCO,NK,4.0,126.5
2025,1,DTW,MCO,NK,4.0,132.0
2025,1,DTW,MCO,NK,4.0,133.5
2025,1,DTW,MCO,NK,4.0,139.0
2025,1,DTW,MCO,NK,4.0,139.5
2025,1,DTW,MCO,NK,4.0,146.5
2025,1,DTW,MCO,NK,4.0,159.0
2025,1,DTW,MCO,NK,4.0,161.0
2025,1,DTW,MCO,NK,4.0,166.0
2025,1,DTW,MCO,NK,4.0,169.0
2025,1,DTW,MCO,NK,4.0,177.0
2025,1,DTW,MCO,NK,4.0,177.5
2025,1,DTW,MCO,NK,4.0,178.0
2025,1,DTW,MCO,NK,4.0,181.0
2025,1,DTW,MCO,NK,4.0,182.0
2025,1,DTW,MCO,NK,4.0,185.0
2025,1,DTW,MCO,NK,4.0,193.0
2025,1,DTW,MCO,NK,4.0,197.0
2025,1,DTW,MCO,NK,4.0,200.0
2025,1,DTW,MCO,NK,4.0,217.0
2025,1,DTW,MCO,NK,4.0,218.0
2025,1,DTW,MCO,NK,4.0,240.0
2025,1,DTW,MCO,NK,4.0,247.0
2025,1,DTW,MCO,NK,4.0,287.0
2025,1,DTW,MCO,NK,5.0,25.0
2025,1,DTW,MCO,NK,5.0,48.0
2025,1,DTW,MCO,NK,5.0,49.5
2025,1,DTW,MCO,NK,5.0,51.0
2025,1,DTW,MCO,NK,5.0,53.0
2025,1,DTW,MCO,NK,5.0,53.5
2025,1,DTW,MCO,NK,5.0,58.5
2025,1,DTW,MCO,NK,5.0,60.0
2025,1,DTW,MCO,NK,5.0,60.5
2025,1,DTW,MCO,NK,5.0,61.0
2025,1,DTW,MCO,NK,5.0,63.5
2025,1,DTW,MCO,NK,5.0,66.0
2025,1,DTW,MCO,NK,5.0,68.5
2025,1,DTW,MCO,NK,5.0,70.5
2025,1,DTW,MCO,NK,5.0,75.5
2025,1,DTW,MCO,NK,5.0,78.5
2025,1,DTW,MCO,NK,5.0,81.0
2025,1,DTW,MCO,NK,5.0,83.0
2025,1,DTW,MCO,NK,5.0,85.5
2025,1,DTW,MCO,NK,5.0,98.0
2025,1,DTW,MCO,NK,5.0,101.0
2025,1,DTW,MCO,NK,5.0,101.5
2025,1,DTW,MCO,NK,5.0,110.0
2025,1,DTW,MCO,NK,5.0,111.0
2025,1,DTW,MCO,NK,5.0,116.5
2025,1,DTW,MCO,NK,5.0,126.0
2025,1,DTW,MCO,NK,5.0,130.5
2025,1,DTW,MCO,NK,5.0,134.0
2025,1,DTW,MCO,NK,5.0,136.0
2025,1,DTW,MCO,NK,5.0,138.0
2025,1,DTW,MCO,NK,5.0,143.0
2025,1,DTW,MCO,NK,5.0,153.0
2025,1,DTW,MCO,NK,5.0,156.5
2025,1,DTW,MCO,NK,5.0,162.5
2025,1,DTW,MCO,NK,5.0,163.0
2025,1,DTW,MCO,NK,5.0,165.0
2025,1,DTW,MCO,NK,5.0,167.0
2025,1,DTW,MCO,NK,5.0,167.5
2025,1,DTW,MCO,NK,5.0,168.0
2025,1,DTW,MCO,NK,5.0,180.0
2025,1,DTW,MCO,NK,5.0,191.0
2025,1,DTW,MCO,NK,5.0,201.0
2025,1,DTW,MCO,NK,5.0,205.0
2025,1,DTW,MCO,NK,5.0,211.0
2025,1,DTW,MCO,NK,5.0,220.0
2025,1,DTW,MCO,NK,5.0,227.0
2025,1,DTW,MCO,NK,5.0,282.0
2025,1,DTW,MCO,NK,5.0,381.0
2025,1,DTW,MCO,NK,6.0,11.0
2025,1,DTW,MCO,NK,6.0,19.0
2025,1,DTW,MCO,NK,6.0,29.0
2025,1,DTW,MCO,NK,6.0,39.5
2025,1,DTW,MCO,NK,6.0,47.0
2025,1,DTW,MCO,NK,6.0,47.5
2025,1,DTW,MCO,NK,6.0,52.0
2025,1,DTW,MCO,NK,6.0,67.5
2025,1,DTW,MCO,NK,6.0,71.0
2025,1,DTW,MCO,NK,6.0,74.0
2025,1,DTW,MCO,NK,6.0,83.5
2025,1,DTW,MCO,NK,6.0,90.5
2025,1,DTW,MCO,NK,6.0,104.0
2025,1,DTW,MCO,NK,6.0,113.0
2025,1,DTW,MCO,NK,6.0,113.0
2025,1,DTW,MCO,NK,6.0,117.0
2025,1,DTW,MCO,NK,6.0,128.0
2025,1,DTW,MCO,NK,6.0,129.5
2025,1,DTW,MCO,NK,6.0,130.0
2025,1,DTW,MCO,NK,6.0,130.0
2025,1,DTW,MCO,NK,6.0,131.0
2025,1,DTW,MCO,NK,6.0,134.5
2025,1,DTW,MCO,NK,6.0,135.5
2025,1,DTW,MCO,NK,6.0,137.5
2025,1,DTW,MCO,NK,6.0,146.0
2025,1,DTW,MCO,NK,6.0,152.0
2025,1,DTW,MCO,NK,6.0,153.0
2025,1,DTW,MCO,NK,6.0,158.0
2025,1,DTW,MCO,NK,6.0,170.0
2025,1,DTW,MCO,NK,6.0,174.0
2025,1,DTW,MCO,NK,6.0,186.0
2025,1,DTW,MCO,NK,6.0,187.0
2025,1,DTW,MCO,NK,6.0,197.0
2025,1,DTW,MCO,NK,6.0,216.0
2025,1,DTW,MCO,NK,6.0,229.0
2025,1,DTW,MCO,NK,7.0,18.0
2025,1,DTW,MCO,NK,7.0,35.0
2025,1,DTW,MCO,NK,7.0,44.0
2025,1,DTW,MCO,NK,7.0,48.5
2025,1,DTW,MCO,NK,7.0,59.0
2025,1,DTW,MCO,NK,7.0,65.0
2025,1,DTW,MCO,NK,7.0,81.0
2025,1,DTW,MCO,NK,7.0,86.0
2025,1,DTW,MCO,NK,7.0,87.5
2025,1,DTW,MCO,NK,7.0,88.5
2025,1,DTW,MCO,NK,7.0,89.0
2025,1,DTW,MCO,NK,7.0,89.5
2025,1,DTW,MCO,NK,7.0,92.0
2025,1,DTW,MCO,NK,7.0,93.0
2025,1,DTW,MCO,NK,7.0,93.0
2025,1,DTW,MCO,NK,7.0,93.5
2025,1,DTW,MCO,NK,7.0,94.0
2025,1,DTW,MCO,NK,7.0,97.0
2025,1,DTW,MCO,NK,7.0,105.0
2025,1,DTW,MCO,NK,7.0,105.5
2025,1,DTW,MCO,NK,7.0,109.0
2025,1,DTW,MCO,NK,7.0,110.5
2025,1,DTW,MCO,NK,7.0,114.0
2025,1,DTW,MCO,NK,7.0,119.0
2025,1,DTW,MCO,NK,7.0,121.0
2025,1,DTW,MCO,NK,7.0,133.0
2025,1,DTW,MCO,NK,7.0,137.0
2025,1,DTW,MCO,NK,7.0,144.0
2025,1,DTW,MCO,NK,7.0,147.0
2025,1,DTW,MCO,NK,7.0,156.0
2025,1,DTW,MCO,NK,7.0,159.0
2025,1,DTW,MCO,NK,7.0,166.0
2025,1,DTW,MCO,NK,7.0,175.0
2025,1,DTW,MCO,NK,7.0,187.0
2025,1,DTW,MCO,NK,7.0,191.0
2025,1,DTW,MCO,NK,7.0,192.0
2025,1,DTW,MCO,NK,8.0,43.5
2025,1,DTW,MCO,NK,8.0,50.5
2025,1,DTW,MCO,NK,8.0,61.5
2025,1,DTW,MCO,NK,8.0,73.0
2025,1,DTW,MCO,NK,8.0,75.0
2025,1,DTW,MCO,NK,8.0,77.5
2025,1,DTW,MCO,NK,8.0,108.0
2025,1,DTW,MCO,NK,8.0,121.5
2025,1,DTW,MCO,NK,8.0,127.0
2025,1,DTW,MCO,NK,8.0,129.0
2025,1,DTW,MCO,NK,8.0,132.5
2025,1,DTW,MCO,NK,8.0,160.0
2025,1,DTW,MCO,NK,8.0,162.0
2025,1,DTW,MCO,NK,8.0,169.0
2025,1,DTW,MCO,NK,8.0,172.0
2025,1,DTW,MCO,NK,8.0,173.0
2025,1,DTW,MCO,NK,8.0,176.0
2025,1,DTW,MCO,NK,8.0,189.0
2025,1,DTW,MCO,NK,8.0,190.0
2025,1,DTW,MCO,NK,8.0,212.0
2025,1,DTW,MCO,NK,8.0,212.0
2025,1,DTW,MCO,NK,8.0,216.0
2025,1,DTW,MCO,NK,8.0,232.0
2025,1,DTW,MCO,NK,9.0,20.0
2025,1,DTW,MCO,NK,9.0,34.0
2025,1,DTW,MCO,NK,9.0,41.0
2025,1,DTW,MCO,NK,9.0,42.0
2025,1,DTW,MCO,NK,9.0,45.0
2025,1,DTW,MCO,NK,9.0,46.0
2025,1,DTW,MCO,NK,9.0,50.0
2025,1,DTW,MCO,NK,9.0,54.5
2025,1,DTW,MCO,NK,9.0,62.5
2025,1,DTW,MCO,NK,9.0,70.0
2025,1,DTW,MCO,NK,9.0,82.5
2025,1,DTW,MCO,NK,9.0,87.0
2025,1,DTW,MCO,NK,9.0,90.0
2025,1,DTW,MCO,NK,9.0,96.0
2025,1,DTW,MCO,NK,9.0,106.0
2025,1,DTW,MCO,NK,9.0,106.5
2025,1,DTW,MCO,NK,9.0,118.0
2025,1,DTW,MCO,NK,9.0,124.0
2025,1,DTW,MCO,NK,9.0,126.0
2025,1,DTW,MCO,NK,9.0,136.5
2025,1,DTW,MCO,NK,9.0,142.0
2025,1,DTW,MCO,NK,9.0,147.0
2025,1,DTW,MCO,NK,9.0,148.0
2025,1,DTW,MCO,NK,9.0,150.0
2025,1,DTW,MCO,NK,9.0,171.0
2025,1,DTW,MCO,NK,9.0,209.0
2025,1,DTW,MCO,NK,10.0,26.0
2025,1,DTW,MCO,NK,10.0,38.5
2025,1,DTW,MCO,NK,10.0,51.5
2025,1,DTW,MCO,NK,10.0,57.0
2025,1,DTW,MCO,NK,10.0,81.0
2025,1,DTW,MCO,NK,10.0,91.0
2025,1,DTW,MCO,NK,10.0,95.0
2025,1,DTW,MCO,NK,10.0,98.0
2025,1,DTW,MCO,NK,10.0,100.5
2025,1,DTW,MCO,NK,10.0,103.0
2025,1,DTW,MCO,NK,10.0,127.0
2025,1,DTW,MCO,NK,10.0,155.0
2025,1,DTW,MCO,NK,10.0,251.0
2025,1,DTW,MCO,NK,11.0,55.0
2025,1,DTW,MCO,NK,11.0,65.5
2025,1,DTW,MCO,NK,11.0,66.0
2025,1,DTW,MCO,NK,11.0,84.5
2025,1,DTW,MCO,NK,11.0,92.5
2025,1,DTW,MCO,NK,11.0,116.0
2025,1,DTW,MCO,NK,11.0,122.0
2025,1,DTW,MCO,NK,11.0,123.0
2025,1,DTW,MCO,NK,11.0,132.0
2025,1,DTW,MCO,NK,11.0,141.0
2025,1,DTW,MCO,NK,11.0,154.0
2025,1,DTW,MCO,NK,11.0,157.0
2025,1,DTW,MCO,NK,12.0,45.0
2025,1,DTW,MCO,NK,12.0,46.0
2025,1,DTW,MCO,NK,12.0,50.0
2025,1,DTW,MCO,NK,12.0,54.0
2025,1,DTW,MCO,NK,12.0,73.0
2025,1,DTW,MCO,NK,12.0,76.0
2025,1,DTW,MCO,NK,12.0,79.0
2025,1,DTW,MCO,NK,12.0,101.0
2025,1,DTW,MCO,NK,12.0,107.5
2025,1,DTW,MCO,NK,12.0,108.0
2025,1,DTW,MCO,NK,12.0,133.0
2025,1,DTW,MCO,NK,12.0,149.0
2025,1,DTW,MCO,NK,12.0,151.0
2025,1,DTW,MCO,NK,12.0,160.0
2025,1,DTW,MCO,NK,13.0,28.0
2025,1,DTW,MCO,NK,13.0,32.0
2025,1,DTW,MCO,NK,13.0,58.0
2025,1,DTW,MCO,NK,13.0,75.0
2025,1,DTW,MCO,NK,13.0,76.0
2025,1,DTW,MCO,NK,13.0,78.0
2025,1,DTW,MCO,NK,13.0,107.0
2025,1,DTW,MCO,NK,13.0,112.5
2025,1,DTW,MCO,NK,13.0,115.0
2025,1,DTW,MCO,NK,13.0,122.5
2025,1,DTW,MCO,NK,13.0,125.0
2025,1,DTW,MCO,NK,13.0,129.0
2025,1,DTW,MCO,NK,13.0,139.0
2025,1,DTW,MCO,NK,13.0,140.0
2025,1,DTW,MCO,NK,13.0,150.0
2025,1,DTW,MCO,NK,14.0,28.0
2025,1,DTW,MCO,NK,14.0,32.0
2025,1,DTW,MCO,NK,14.0,53.0
2025,1,DTW,MCO,NK,14.0,63.0
2025,1,DTW,MCO,NK,14.0,84.0
2025,1,DTW,MCO,NK,14.0,117.0
2025,1,DTW,MCO,NK,14.0,152.0
2025,1,DTW,MCO,NK,15.0,20.0
2025,1,DTW,MCO,NK,15.0,48.0
2025,1,DTW,MCO,NK,15.0,65.0
2025,1,DTW,MCO,NK,15.0,70.0
2025,1,DTW,MCO,NK,15.0,100.0
2025,1,DTW,MCO,NK,15.0,102.0
2025,1,DTW,MCO,NK,15.0,131.0
2025,1,DTW,MCO,NK,15.0,135.0
2025,1,DTW,MCO,NK,15.0,145.0
2025,1,DTW,MCO,NK,15.0,172.0
2025,1,DTW,MCO,NK,16.0,5.5
2025,1,DTW,MCO,NK,16.0,47.0
2025,1,DTW,MCO,NK,16.0,64.0
2025,1,DTW,MCO,NK,16.0,72.5
2025,1,DTW,MCO,NK,16.0,77.0
2025,1,DTW,MCO,NK,16.0,80.0
2025,1,DTW,MCO,NK,16.0,81.5
2025,1,DTW,MCO,NK,16.0,82.0
2025,1,DTW,MCO,NK,16.0,85.0
2025,1,DTW,MCO,NK,16.0,86.5
2025,1,DTW,MCO,NK,16.0,88.0
2025,1,DTW,MCO,NK,16.0,155.0
2025,1,DTW,MCO,NK,17.0,39.0
2025,1,DTW,MCO,NK,17.0,56.5
2025,1,DTW,MCO,NK,17.0,66.5
2025,1,DTW,MCO,NK,17.0,80.0
2025,1,DTW,MCO,NK,17.0,105.0
2025,1,DTW,MCO,NK,17.0,112.0
2025,1,DTW,MCO,NK,17.0,151.0
2025,1,DTW,MCO,NK,18.0,40.0
2025,1,DTW,MCO,NK,18.0,55.5
2025,1,DTW,MCO,NK,18.0,71.5
2025,1,DTW,MCO,NK,18.0,72.0
2025,1,DTW,MCO,NK,18.0,74.0
2025,1,DTW,MCO,NK,18.0,74.0
2025,1,DTW,MCO,NK,18.0,78.0
2025,1,DTW,MCO,NK,18.0,90.0
2025,1,DTW,MCO,NK,18.0,97.0
2025,1,DTW,MCO,NK,18.0,120.0
2025,1,DTW,MCO,NK,19.0,60.0
2025,1,DTW,MCO,NK,19.0,67.0
2025,1,DTW,MCO,NK,19.0,69.5
2025,1,DTW,MCO,NK,19.0,79.5
2025,1,DTW,MCO,NK,19.0,83.0
2025,1,DTW,MCO,NK,19.0,104.0
2025,1,DTW,MCO,NK,19.0,110.0
2025,1,DTW,MCO,NK,19.0,135.0
2025,1,DTW,MCO,NK,20.0,38.5
2025,1,DTW,MCO,NK,20.0,40.0
2025,1,DTW,MCO,NK,20.0,55.0
2025,1,DTW,MCO,NK,20.0,68.0
2025,1,DTW,MCO,NK,20.0,121.0
2025,1,DTW,MCO,NK,20.0,136.0
2025,1,DTW,MCO,NK,21.0,59.0
2025,1,DTW,MCO,NK,21.0,69.0
2025,1,DTW,MCO,NK,22.0,24.0
2025,1,DTW,MCO,NK,22.0,62.0
2025,1,DTW,MCO,NK,22.0,86.0
2025,1,DTW,MCO,NK,22.0,96.0
2025,1,DTW,MCO,NK,22.0,115.0
2025,1,DTW,MCO,NK,23.0,57.5
2025,1,DTW,MCO,NK,23.0,67.0
2025,1,DTW,MCO,NK,23.0,125.0
2025,1,DTW,MCO,NK,24.0,89.0
2025,1,DTW,MCO,NK,24.0,96.5
2025,1,DTW,MCO,NK,25.0,49.0
2025,1,DTW,MCO,NK,25.0,66.0
2025,1,DTW,MCO,NK,25.0,102.0
2025,1,DTW,MCO,NK,26.0,82.0
2025,1,DTW,MCO,NK,26.0,95.5
2025,1,DTW,MCO,NK,26.0,97.5
2025,1,DTW,MCO,NK,26.0,98.5
2025,1,DTW,MCO,NK,26.0,120.0
2025,1,DTW,MCO,NK,27.0,56.0
2025,1,DTW,MCO,NK,27.0,56.0
2025,1,DTW,MCO,NK,28.0,91.0
2025,1,DTW,MCO,NK,28.0,91.5
2025,1,DTW,MCO,NK,29.0,49.0
2025,1,DTW,MCO,NK,29.0,99.0
2025,1,DTW,MCO,NK,29.0,132.0
2025,1,DTW,MCO,NK,29.0,138.0
2025,1,DTW,MCO,NK,30.0,77.0
2025,1,DTW,MCO,NK,31.0,68.0
2025,1,DTW,MCO,NK,31.0,71.0
2025,1,DTW,MCO,NK,32.0,52.0
2025,1,DTW,MCO,NK,35.0,39.0
2025,1,DTW,MCO,NK,35.0,92.0
2025,1,DTW,MCO,NK,36.0,38.0
2025,1,DTW,MCO,NK,36.0,47.0
2025,1,DTW,MCO,NK,37.0,52.0
2025,1,DTW,MCO,NK,39.0,69.0
2025,1,DTW,MCO,NK,42.0,51.0
2025,1,DTW,MCO,NK,42.0,57.0
2025,1,DTW,MCO,NK,46.0,63.0
2025,1,DTW,MCO,NK,59.0,57.0
2025,1,DTW,MCO,NK,60.0,58.0
2025,1,DTW,MCO,NK,65.0,58.0
2025,1,DTW,MCO,NK,66.0,51.0
2025,1,DTW,MCO,NK,68.0,6.0
2025,1,DTW,MCO,NK,87.0,5.5
2025,1,DTW,MCO,NK,92.0,62.0
2025,1,DTW,MCO,NK,102.0,62.0
2025,1,BWI,FLL,NK,1.0,15.5
2025,1,BWI,FLL,NK,1.0,16.0
2025,1,BWI,FLL,NK,1.0,16.0
2025,1,BWI,FLL,NK,1.0,17.0
2025,1,BWI,FLL,NK,1.0,17.0
2025,1,BWI,FLL,NK,1.0,17.5
2025,1,BWI,FLL,NK,1.0,19.0
2025,1,BWI,FLL,NK,1.0,20.0
2025,1,BWI,FLL,NK,1.0,20.27
2025,1,BWI,FLL,NK,1.0,20.5
2025,1,BWI,FLL,NK,1.0,21.0
2025,1,BWI,FLL,NK,1.0,21.0
2025,1,BWI,FLL,NK,1.0,21.5
2025,1,BWI,FLL,NK,1.0,22.0
2025,1,BWI,FLL,NK,1.0,23.0
2025,1,BWI,FLL,NK,1.0,23.24
2025,1,BWI,FLL,NK,1.0,23.5
2025,1,BWI,FLL,NK,1.0,24.5
2025,1,BWI,FLL,NK,1.0,24.5
2025,1,BWI,FLL,NK,1.0,25.0
2025,1,BWI,FLL,NK,1.0,25.0
2025,1,BWI,FLL,NK,1.0,25.5
2025,1,BWI,FLL,NK,1.0,29.5
2025,1,BWI,FLL,NK,1.0,30.5
2025,1,BWI,FLL,NK,1.0,30.5
2025,1,BWI,FLL,NK,1.0,31.0
2025,1,BWI,FLL,NK,1.0,31.13
2025,1,BWI,FLL,NK,1.0,31.5
2025,1,BWI,FLL,NK,1.0,31.81
2025,1,BWI,FLL,NK,1.0,32.5
2025,1,BWI,FLL,NK,1.0,33.36
2025,1,BWI,FLL,NK,1.0,34.0
2025,1,BWI,FLL,NK,1.0,34.64
2025,1,BWI,FLL,NK,1.0,35.0
2025,1,BWI,FLL,NK,1.0,35.5
2025,1,BWI,FLL,NK,1.0,35.54
2025,1,BWI,FLL,NK,1.0,36.08
2025,1,BWI,FLL,NK,1.0,36.5
2025,1,BWI,FLL,NK,1.0,36.73
2025,1,BWI,FLL,NK,1.0,36.85
2025,1,BWI,FLL,NK,1.0,38.23
2025,1,BWI,FLL,NK,1.0,39.29
2025,1,BWI,FLL,NK,1.0,39.52
2025,1,BWI,FLL,NK,1.0,40.05
2025,1,BWI,FLL,NK,1.0,41.19
2025,1,BWI,FLL,NK,1.0,41.5
2025,1,BWI,FLL,NK,1.0,42.0
2025,1,BWI,FLL,NK,1.0,42.09
2025,1,BWI,FLL,NK,1.0,42.18
2025,1,BWI,FLL,NK,1.0,42.55
2025,1,BWI,FLL,NK,1.0,42.89
2025,1,BWI,FLL,NK,1.0,43.38
2025,1,BWI,FLL,NK,1.0,43.88
2025,1,BWI,FLL,NK,1.0,44.0
2025,1,BWI,FLL,NK,1.0,44.5
2025,1,BWI,FLL,NK,1.0,44.5
2025,1,BWI,FLL,NK,1.0,45.17
2025,1,BWI,FLL,NK,1.0,45.5
2025,1,BWI,FLL,NK,1.0,45.5
2025,1,BWI,FLL,NK,1.0,45.59
2025,1,BWI,FLL,NK,1.0,45.77
2025,1,BWI,FLL,NK,1.0,46.0
2025,1,BWI,FLL,NK,1.0,46.5
2025,1,BWI,FLL,NK,1.0,46.5
2025,1,BWI,FLL,NK,1.0,46.66
2025,1,BWI,FLL,NK,1.0,48.31
2025,1,BWI,FLL,NK,1.0,48.61
2025,1,BWI,FLL,NK,1.0,49.62
2025,1,BWI,FLL,NK,1.0,49.7
2025,1,BWI,FLL,NK,1.0,49.93
2025,1,BWI,FLL,NK,1.0,50.0
2025,1,BWI,FLL,NK,1.0,50.02
2025,1,BWI,FLL,NK,1.0,51.0
2025,1,BWI,FLL,NK,1.0,51.0
2025,1,BWI,FLL,NK,1.0,51.21
2025,1,BWI,FLL,NK,1.0,52.0
2025,1,BWI,FLL,NK,1.0,52.84
2025,1,BWI,FLL,NK,1.0,52.89
2025,1,BWI,FLL,NK,1.0,52.89
2025,1,BWI,FLL,NK,1.0,53.35
2025,1,BWI,FLL,NK,1.0,53.37
2025,1,BWI,FLL,NK,1.0,53.37
2025,1,BWI,FLL,NK,1.0,54.05
2025,1,BWI,FLL,NK,1.0,54.5
2025,1,BWI,FLL,NK,1.0,54.66
2025,1,BWI,FLL,NK,1.0,54.95
2025,1,BWI,FLL,NK,1.0,55.11
2025,1,BWI,FLL,NK,1.0,55.75
2025,1,BWI,FLL,NK,1.0,56.15
2025,1,BWI,FLL,NK,1.0,56.53
2025,1,BWI,FLL,NK,1.0,56.88
2025,1,BWI,FLL,NK,1.0,57.0
2025,1,BWI,FLL,NK,1.0,57.03
2025,1,BWI,FLL,NK,1.0,57.57
2025,1,BWI,FLL,NK,1.0,57.89
2025,1,BWI,FLL,NK,1.0,58.0
2025,1,BWI,FLL,NK,1.0,58.0
2025,1,BWI,FLL,NK,1.0,58.21
2025,1,BWI,FLL,NK,1.0,58.39
2025,1,BWI,FLL,NK,1.0,58.96
2025,1,BWI,FLL,NK,1.0,59.27
2025,1,BWI,FLL,NK,1.0,59.5
2025,1,BWI,FLL,NK,1.0,59.5
2025,1,BWI,FLL,NK,1.0,60.0
2025,1,BWI,FLL,NK,1.0,60.19
2025,1,BWI,FLL,NK,1.0,60.6
2025,1,BWI,FLL,NK,1.0,61.0
2025,1,BWI,FLL,NK,1.0,61.21
2025,1,BWI,FLL,NK,1.0,62.0
2025,1,BWI,FLL,NK,1.0,62.17
2025,1,BWI,FLL,NK,1.0,62.19
2025,1,BWI,FLL,NK,1.0,62.5
2025,1,BWI,FLL,NK,1.0,63.47
2025,1,BWI,FLL,NK,1.0,63.5
2025,1,BWI,FLL,NK,1.0,64.5
2025,1,BWI,FLL,NK,1.0,65.0
2025,1,BWI,FLL,NK,1.0,65.5
2025,1,BWI,FLL,NK,1.0,65.62
2025,1,BWI,FLL,NK,1.0,66.0
2025,1,BWI,FLL,NK,1.0,66.15
2025,1,BWI,FLL,NK,1.0,66.6
2025,1,BWI,FLL,NK,1.0,67.5
2025,1,BWI,FLL,NK,1.0,68.89
2025,1,BWI,FLL,NK,1.0,69.0
2025,1,BWI,FLL,NK,1.0,69.5
2025,1,BWI,FLL,NK,1.0,70.0
2025,1,BWI,FLL,NK,1.0,70.05
2025,1,BWI,FLL,NK,1.0,71.0
2025,1,BWI,FLL,NK,1.0,71.0
2025,1,BWI,FLL,NK,1.0,71.0
2025,1,BWI,FLL,NK,1.0,71.94
2025,1,BWI,FLL,NK,1.0,71.96
2025,1,BWI,FLL,NK,1.0,72.0
2025,1,BWI,FLL,NK,1.0,72.0
2025,1,BWI,FLL,NK,1.0,72.27
2025,1,BWI,FLL,NK,1.0,72.5
2025,1,BWI,FLL,NK,1.0,72.83
2025,1,BWI,FLL,NK,1.0,72.86
2025,1,BWI,FLL,NK,1.0,73.0
2025,1,BWI,FLL,NK,1.0,73.0
2025,1,BWI,FLL,NK,1.0,73.45
2025,1,BWI,FLL,NK,1.0,73.94
2025,1,BWI,FLL,NK,1.0,73.94
2025,1,BWI,FLL,NK,1.0,74.0
2025,1,BWI,FLL,NK,1.0,74.69
2025,1,BWI,FLL,NK,1.0,74.98
2025,1,BWI,FLL,NK,1.0,75.0
2025,1,BWI,FLL,NK,1.0,75.5
2025,1,BWI,FLL,NK,1.0,75.61
2025,1,BWI,FLL,NK,1.0,76.16
2025,1,BWI,FLL,NK,1.0,76.72
2025,1,BWI,FLL,NK,1.0,77.0
2025,1,BWI,FLL,NK,1.0,77.0
2025,1,BWI,FLL,NK,1.0,77.0
2025,1,BWI,FLL,NK,1.0,77.0
2025,1,BWI,FLL,NK,1.0,77.5
2025,1,BWI,FLL,NK,1.0,78.16
2025,1,BWI,FLL,NK,1.0,78.39
2025,1,BWI,FLL,NK,1.0,78.58
2025,1,BWI,FLL,NK,1.0,80.0
2025,1,BWI,FLL,NK,1.0,80.0
2025,1,BWI,FLL,NK,1.0,80.31
2025,1,BWI,FLL,NK,1.0,80.61
2025,1,BWI,FLL,NK,1.0,80.8
2025,1,BWI,FLL,NK,1.0,81.0
2025,1,BWI,FLL,NK,1.0,82.0
2025,1,BWI,FLL,NK,1.0,82.0
2025,1,BWI,FLL,NK,1.0,82.15
2025,1,BWI,FLL,NK,1.0,83.0
2025,1,BWI,FLL,NK,1.0,83.5
2025,1,BWI,FLL,NK,1.0,84.0
2025,1,BWI,FLL,NK,1.0,84.37
2025,1,BWI,FLL,NK,1.0,84.47
2025,1,BWI,FLL,NK,1.0,85.0
2025,1,BWI,FLL,NK,1.0,85.5
2025,1,BWI,FLL,NK,1.0,85.61
2025,1,BWI,FLL,NK,1.0,86.77
2025,1,BWI,FLL,NK,1.0,87.0
2025,1,BWI,FLL,NK,1.0,87.0
2025,1,BWI,FLL,NK,1.0,87.5
2025,1,BWI,FLL,NK,1.0,87.93
2025,1,BWI,FLL,NK,1.0,88.5
2025,1,BWI,FLL,NK,1.0,88.9
2025,1,BWI,FLL,NK,1.0,90.3
2025,1,BWI,FLL,NK,1.0,90.5
2025,1,BWI,FLL,NK,1.0,91.0
2025,1,BWI,FLL,NK,1.0,91.0
2025,1,BWI,FLL,NK,1.0,91.5
2025,1,BWI,FLL,NK,1.0,92.19
2025,1,BWI,FLL,NK,1.0,92.37
2025,1,BWI,FLL,NK,1.0,92.81
2025,1,BWI,FLL,NK,1.0,93.0
2025,1,BWI,FLL,NK,1.0,93.61
2025,1,BWI,FLL,NK,1.0,94.5
2025,1,BWI,FLL,NK,1.0,95.0
2025,1,BWI,FLL,NK,1.0,95.5
2025,1,BWI,FLL,NK,1.0,96.0
2025,1,BWI,FLL,NK,1.0,96.0
2025,1,BWI,FLL,NK,1.0,96.06
2025,1,BWI,FLL,NK,1.0,96.5
2025,1,BWI,FLL,NK,1.0,96.92
2025,1,BWI,FLL,NK,1.0,96.96
2025,1,BWI,FLL,NK,1.0,97.0
2025,1,BWI,FLL,NK,1.0,97.0
2025,1,BWI,FLL,NK,1.0,97.5
2025,1,BWI,FLL,NK,1.0,98.5
2025,1,BWI,FLL,NK,1.0,99.5
2025,1,BWI,FLL,NK,1.0,99.92
2025,1,BWI,FLL,NK,1.0,100.0
2025,1,BWI,FLL,NK,1.0,100.12
2025,1,BWI,FLL,NK,1.0,100.5
2025,1,BWI,FLL,NK,1.0,100.8
2025,1,BWI,FLL,NK,1.0,100.95
2025,1,BWI,FLL,NK,1.0,101.0
2025,1,BWI,FLL,NK,1.0,101.0
2025,1,BWI,FLL,NK,1.0,101.0
2025,1,BWI,FLL,NK,1.0,102.5
2025,1,BWI,FLL,NK,1.0,102.5
2025,1,BWI,FLL,NK,1.0,102.57
2025,1,BWI,FLL,NK,1.0,103.19
2025,1,BWI,FLL,NK,1.0,103.38
2025,1,BWI,FLL,NK,1.0,105.0
2025,1,BWI,FLL,NK,1.0,105.33
2025,1,BWI,FLL,NK,1.0,105.61
2025,1,BWI,FLL,NK,1.0,106.0
2025,1,BWI,FLL,NK,1.0,106.26
2025,1,BWI,FLL,NK,1.0,107.0
2025,1,BWI,FLL,NK,1.0,107.0
2025,1,BWI,FLL,NK,1.0,107.02
2025,1,BWI,FLL,NK,1.0,107.49
2025,1,BWI,FLL,NK,1.0,108.5
2025,1,BWI,FLL,NK,1.0,108.5
2025,1,BWI,FLL,NK,1.0,109.0
2025,1,BWI,FLL,NK,1.0,109.5
2025,1,BWI,FLL,NK,1.0,109.69
2025,1,BWI,FLL,NK,1.0,110.0
2025,1,BWI,FLL,NK,1.0,111.0
2025,1,BWI,FLL,NK,1.0,111.0
2025,1,BWI,FLL,NK,1.0,112.35
2025,1,BWI,FLL,NK,1.0,112.5
2025,1,BWI,FLL,NK,1.0,113.41
2025,1,BWI,FLL,NK,1.0,113.5
2025,1,BWI,FLL,NK,1.0,113.5
2025,1,BWI,FLL,NK,1.0,114.68
2025,1,BWI,FLL,NK,1.0,115.46
2025,1,BWI,FLL,NK,1.0,115.5
2025,1,BWI,FLL,NK,1.0,116.0
2025,1,BWI,FLL,NK,1.0,116.0
2025,1,BWI,FLL,NK,1.0,117.5
2025,1,BWI,FLL,NK,1.0,118.0
2025,1,BWI,FLL,NK,1.0,119.5
2025,1,BWI,FLL,NK,1.0,120.0
2025,1,BWI,FLL,NK,1.0,121.0
2025,1,BWI,FLL,NK,1.0,121.5
2025,1,BWI,FLL,NK,1.0,122.0
2025,1,BWI,FLL,NK,1.0,122.5
2025,1,BWI,FLL,NK,1.0,123.5
2025,1,BWI,FLL,NK,1.0,125.0
2025,1,BWI,FLL,NK,1.0,126.0
2025,1,BWI,FLL,NK,1.0,126.0
2025,1,BWI,FLL,NK,1.0,126.4
2025,1,BWI,FLL,NK,1.0,127.0
2025,1,BWI,FLL,NK,1.0,128.0
2025,1,BWI,FLL,NK,1.0,129.5
2025,1,BWI,FLL,NK,1.0,130.0
2025,1,BWI,FLL,NK,1.0,130.03
2025,1,BWI,FLL,NK,1.0,131.0
2025,1,BWI,FLL,NK,1.0,131.2
2025,1,BWI,FLL,NK,1.0,133.0
2025,1,BWI,FLL,NK,1.0,133.0
2025,1,BWI,FLL,NK,1.0,135.0
2025,1,BWI,FLL,NK,1.0,136.0
2025,1,BWI,FLL,NK,1.0,136.0
2025,1,BWI,FLL,NK,1.0,136.5
2025,1,BWI,FLL,NK,1.0,136.5
2025,1,BWI,FLL,NK,1.0,137.0
2025,1,BWI,FLL,NK,1.0,137.0
2025,1,BWI,FLL,NK,1.0,138.0
2025,1,BWI,FLL,NK,1.0,138.0
2025,1,BWI,FLL,NK,1.0,139.0
2025,1,BWI,FLL,NK,1.0,139.44
2025,1,BWI,FLL,NK,1.0,140.0
2025,1,BWI,FLL,NK,1.0,140.5
2025,1,BWI,FLL,NK,1.0,140.5
2025,1,BWI,FLL,NK,1.0,141.0
2025,1,BWI,FLL,NK,1.0,142.0
2025,1,BWI,FLL,NK,1.0,142.0
2025,1,BWI,FLL,NK,1.0,142.01
2025,1,BWI,FLL,NK,1.0,142.5
2025,1,BWI,FLL,NK,1.0,143.0
2025,1,BWI,FLL,NK,1.0,145.5
2025,1,BWI,FLL,NK,1.0,146.0
2025,1,BWI,FLL,NK,1.0,146.0
2025,1,BWI,FLL,NK,1.0,146.18
2025,1,BWI,FLL,NK,1.0,146.21
2025,1,BWI,FLL,NK,1.0,146.58
2025,1,BWI,FLL,NK,1.0,147.88
2025,1,BWI,FLL,NK,1.0,150.0
2025,1,BWI,FLL,NK,1.0,151.0
2025,1,BWI,FLL,NK,1.0,151.0
2025,1,BWI,FLL,NK,1.0,151.5
2025,1,BWI,FLL,NK,1.0,154.0
2025,1,BWI,FLL,NK,1.0,155.87
2025,1,BWI,FLL,NK,1.0,156.0
2025,1,BWI,FLL,NK,1.0,159.0
2025,1,BWI,FLL,NK,1.0,159.0
2025,1,BWI,FLL,NK,1.0,160.5
2025,1,BWI,FLL,NK,1.0,161.5
2025,1,BWI,FLL,NK,1.0,161.5
2025,1,BWI,FLL,NK,1.0,162.0
2025,1,BWI,FLL,NK,1.0,164.55
2025,1,BWI,FLL,NK,1.0,166.5
2025,1,BWI,FLL,NK,1.0,168.0
2025,1,BWI,FLL,NK,1.0,168.5
2025,1,BWI,FLL,NK,1.0,171.0
2025,1,BWI,FLL,NK,1.0,173.5
2025,1,BWI,FLL,NK,1.0,174.0
2025,1,BWI,FLL,NK,1.0,175.0
2025,1,BWI,FLL,NK,1.0,175.5
2025,1,BWI,FLL,NK,1.0,178.0
2025,1,BWI,FLL,NK,1.0,179.0
2025,1,BWI,FLL,NK,1.0,179.0
2025,1,BWI,FLL,NK,1.0,184.0
2025,1,BWI,FLL,NK,1.0,186.0
2025,1,BWI,FLL,NK,1.0,186.5
2025,1,BWI,FLL,NK,1.0,187.29
2025,1,BWI,FLL,NK,1.0,188.0
2025,1,BWI,FLL,NK,1.0,189.0
2025,1,BWI,FLL,NK,1.0,189.0
2025,1,BWI,FLL,NK,1.0,189.0
2025,1,BWI,FLL,NK,1.0,194.5
2025,1,BWI,FLL,NK,1.0,194.8
2025,1,BWI,FLL,NK,1.0,195.0
2025,1,BWI,FLL,NK,1.0,195.32
2025,1,BWI,FLL,NK,1.0,197.0
2025,1,BWI,FLL,NK,1.0,197.5
2025,1,BWI,FLL,NK,1.0,199.0
2025,1,BWI,FLL,NK,1.0,204.0
2025,1,BWI,FLL,NK,1.0,207.0
2025,1,BWI,FLL,NK,1.0,211.3
2025,1,BWI,FLL,NK,1.0,211.5
2025,1,BWI,FLL,NK,1.0,216.5
2025,1,BWI,FLL,NK,1.0,216.5
2025,1,BWI,FLL,NK,1.0,219.0
2025,1,BWI,FLL,NK,1.0,220.0
2025,1,BWI,FLL,NK,1.0,221.0
2025,1,BWI,FLL,NK,1.0,221.5
2025,1,BWI,FLL,NK,1.0,221.5
2025,1,BWI,FLL,NK,1.0,221.5
2025,1,BWI,FLL,NK,1.0,223.0
2025,1,BWI,FLL,NK,1.0,223.0
2025,1,BWI,FLL,NK,1.0,226.5
2025,1,BWI,FLL,NK,1.0,228.0
2025,1,BWI,FLL,NK,1.0,229.0
2025,1,BWI,FLL,NK,1.0,229.0
2025,1,BWI,FLL,NK,1.0,231.5
2025,1,BWI,FLL,NK,1.0,238.0
2025,1,BWI,FLL,NK,1.0,246.0
2025,1,BWI,FLL,NK,1.0,247.0
2025,1,BWI,FLL,NK,1.0,248.0
2025,1,BWI,FLL,NK,1.0,249.0
2025,1,BWI,FLL,NK,1.0,249.37
2025,1,BWI,FLL,NK,1.0,250.0
2025,1,BWI,FLL,NK,1.0,254.0
2025,1,BWI,FLL,NK,1.0,259.0
2025,1,BWI,FLL,NK,1.0,259.0
2025,1,BWI,FLL,NK,1.0,259.0
2025,1,BWI,FLL,NK,1.0,269.0
2025,1,BWI,FLL,NK,1.0,269.0
2025,1,BWI,FLL,NK,1.0,274.0
2025,1,BWI,FLL,NK,1.0,274.0
2025,1,BWI,FLL,NK,1.0,279.0
2025,1,BWI,FLL,NK,1.0,279.0
2025,1,BWI,FLL,NK,1.0,280.17
2025,1,BWI,FLL,NK,1.0,284.0
2025,1,BWI,FLL,NK,1.0,289.0
2025,1,BWI,FLL,NK,1.0,291.5
2025,1,BWI,FLL,NK,1.0,294.0
2025,1,BWI,FLL,NK,1.0,297.0
2025,1,BWI,FLL,NK,1.0,299.0
2025,1,BWI,FLL,NK,1.0,299.0
2025,1,BWI,FLL,NK,1.0,303.0
2025,1,BWI,FLL,NK,1.0,305.0
2025,1,BWI,FLL,NK,1.0,308.0
2025,1,BWI,FLL,NK,1.0,314.0
2025,1,BWI,FLL,NK,1.0,323.0
2025,1,BWI,FLL,NK,1.0,343.0
2025,1,BWI,FLL,NK,1.0,343.0
2025,1,BWI,FLL,NK,1.0,354.0
2025,1,BWI,FLL,NK,1.0,354.0
2025,1,BWI,FLL,NK,1.0,354.0
2025,1,BWI,FLL,NK,1.0,384.0
2025,1,BWI,FLL,NK,1.0,386.0
2025,1,BWI,FLL,NK,1.0,399.0
2025,1,BWI,FLL,NK,1.0,404.0
2025,1,BWI,FLL,NK,1.0,463.0
2025,1,BWI,FLL,NK,2.0,4.88
2025,1,BWI,FLL,NK,2.0,11.0
2025,1,BWI,FLL,NK,2.0,18.0
2025,1,BWI,FLL,NK,2.0,20.5
2025,1,BWI,FLL,NK,2.0,21.0
2025,1,BWI,FLL,NK,2.0,25.0
2025,1,BWI,FLL,NK,2.0,28.0
2025,1,BWI,FLL,NK,2.0,28.0
2025,1,BWI,FLL,NK,2.0,33.0
2025,1,BWI,FLL,NK,2.0,39.5
2025,1,BWI,FLL,NK,2.0,40.0
2025,1,BWI,FLL,NK,2.0,41.5
2025,1,BWI,FLL,NK,2.0,51.5
2025,1,BWI,FLL,NK,2.0,54.5
2025,1,BWI,FLL,NK,2.0,55.0
2025,1,BWI,FLL,NK,2.0,55.5
2025,1,BWI,FLL,NK,2.0,56.5
2025,1,BWI,FLL,NK,2.0,60.0
2025,1,BWI,FLL,NK,2.0,62.0
2025,1,BWI,FLL,NK,2.0,62.38
2025,1,BWI,FLL,NK,2.0,62.5
2025,1,BWI,FLL,NK,2.0,63.0
2025,1,BWI,FLL,NK,2.0,65.5
2025,1,BWI,FLL,NK,2.0,66.61
2025,1,BWI,FLL,NK,2.0,67.0
2025,1,BWI,FLL,NK,2.0,67.5
2025,1,BWI,FLL,NK,2.0,70.0
2025,1,BWI,FLL,NK,2.0,70.0
2025,1,BWI,FLL,NK,2.0,70.5
2025,1,BWI,FLL,NK,2.0,71.0
2025,1,BWI,FLL,NK,2.0,71.5
2025,1,BWI,FLL,NK,2.0,74.5
2025,1,BWI,FLL,NK,2.0,75.5
2025,1,BWI,FLL,NK,2.0,78.5
2025,1,BWI,FLL,NK,2.0,79.5
2025,1,BWI,FLL,NK,2.0,83.0
2025,1,BWI,FLL,NK,2.0,83.0
2025,1,BWI,FLL,NK,2.0,83.5
2025,1,BWI,FLL,NK,2.0,83.95
2025,1,BWI,FLL,NK,2.0,86.0
2025,1,BWI,FLL,NK,2.0,88.0
2025,1,BWI,FLL,NK,2.0,89.5
2025,1,BWI,FLL,NK,2.0,90.0
2025,1,BWI,FLL,NK,2.0,91.0
2025,1,BWI,FLL,NK,2.0,92.5
2025,1,BWI,FLL,NK,2.0,94.0
2025,1,BWI,FLL,NK,2.0,94.5
2025,1,BWI,FLL,NK,2.0,97.0
2025,1,BWI,FLL,NK,2.0,102.0
2025,1,BWI,FLL,NK,2.0,103.0
2025,1,BWI,FLL,NK,2.0,103.0
2025,1,BWI,FLL,NK,2.0,105.5
2025,1,BWI,FLL,NK,2.0,107.5
2025,1,BWI,FLL,NK,2.0,110.0
2025,1,BWI,FLL,NK,2.0,111.0
2025,1,BWI,FLL,NK,2.0,112.0
2025,1,BWI,FLL,NK,2.0,114.0
2025,1,BWI,FLL,NK,2.0,115.0
2025,1,BWI,FLL,NK,2.0,117.0
2025,1,BWI,FLL,NK,2.0,118.5
2025,1,BWI,FLL,NK,2.0,119.0
2025,1,BWI,FLL,NK,2.0,124.0
2025,1,BWI,FLL,NK,2.0,127.0
2025,1,BWI,FLL,NK,2.0,127.5
2025,1,BWI,FLL,NK,2.0,128.0
2025,1,BWI,FLL,NK,2.0,129.0
2025,1,BWI,FLL,NK,2.0,133.0
2025,1,BWI,FLL,NK,2.0,135.0
2025,1,BWI,FLL,NK,2.0,141.0
2025,1,BWI,FLL,NK,2.0,146.5
2025,1,BWI,FLL,NK,2.0,151.0
2025,1,BWI,FLL,NK,2.0,151.5
2025,1,BWI,FLL,NK,2.0,156.5
2025,1,BWI,FLL,NK,2.0,159.0
2025,1,BWI,FLL,NK,2.0,161.78
2025,1,BWI,FLL,NK,2.0,163.0
2025,1,BWI,FLL,NK,2.0,165.0
2025,1,BWI,FLL,NK,2.0,169.0
2025,1,BWI,FLL,NK,2.0,174.0
2025,1,BWI,FLL,NK,2.0,175.0
2025,1,BWI,FLL,NK,2.0,176.5
2025,1,BWI,FLL,NK,2.0,176.5
2025,1,BWI,FLL,NK,2.0,180.0
2025,1,BWI,FLL,NK,2.0,183.0
2025,1,BWI,FLL,NK,2.0,186.0
2025,1,BWI,FLL,NK,2.0,191.5
2025,1,BWI,FLL,NK,2.0,194.0
2025,1,BWI,FLL,NK,2.0,199.0
2025,1,BWI,FLL,NK,2.0,244.0
2025,1,BWI,FLL,NK,2.0,348.0
2025,1,BWI,FLL,NK,2.0,379.0
2025,1,BWI,FLL,NK,3.0,7.0
2025,1,BWI,FLL,NK,3.0,15.5
2025,1,BWI,FLL,NK,3.0,24.0
2025,1,BWI,FLL,NK,3.0,24.0
2025,1,BWI,FLL,NK,3.0,26.0
2025,1,BWI,FLL,NK,3.0,29.0
2025,1,BWI,FLL,NK,3.0,31.0
2025,1,BWI,FLL,NK,3.0,32.0
2025,1,BWI,FLL,NK,3.0,32.0
2025,1,BWI,FLL,NK,3.0,35.0
2025,1,BWI,FLL,NK,3.0,40.0
2025,1,BWI,FLL,NK,3.0,40.5
2025,1,BWI,FLL,NK,3.0,42.0
2025,1,BWI,FLL,NK,3.0,45.0
2025,1,BWI,FLL,NK,3.0,48.5
2025,1,BWI,FLL,NK,3.0,56.0
2025,1,BWI,FLL,NK,3.0,57.73
2025,1,BWI,FLL,NK,3.0,58.0
2025,1,BWI,FLL,NK,3.0,60.0
2025,1,BWI,FLL,NK,3.0,61.0
2025,1,BWI,FLL,NK,3.0,61.0
2025,1,BWI,FLL,NK,3.0,61.5
2025,1,BWI,FLL,NK,3.0,63.0
2025,1,BWI,FLL,NK,3.0,63.5
2025,1,BWI,FLL,NK,3.0,65.0
2025,1,BWI,FLL,NK,3.0,66.0
2025,1,BWI,FLL,NK,3.0,66.0
2025,1,BWI,FLL,NK,3.0,66.5
2025,1,BWI,FLL,NK,3.0,70.5
2025,1,BWI,FLL,NK,3.0,73.5
2025,1,BWI,FLL,NK,3.0,75.0
2025,1,BWI,FLL,NK,3.0,77.5
2025,1,BWI,FLL,NK,3.0,78.0
2025,1,BWI,FLL,NK,3.0,78.0
2025,1,BWI,FLL,NK,3.0,79.0
2025,1,BWI,FLL,NK,3.0,81.0
2025,1,BWI,FLL,NK,3.0,81.5
2025,1,BWI,FLL,NK,3.0,86.0
2025,1,BWI,FLL,NK,3.0,86.0
2025,1,BWI,FLL,NK,3.0,86.5
2025,1,BWI,FLL,NK,3.0,88.0
2025,1,BWI,FLL,NK,3.0,94.0
2025,1,BWI,FLL,NK,3.0,96.0
2025,1,BWI,FLL,NK,3.0,97.0
2025,1,BWI,FLL,NK,3.0,98.0
2025,1,BWI,FLL,NK,3.0,100.0
2025,1,BWI,FLL,NK,3.0,101.5
2025,1,BWI,FLL,NK,3.0,104.0
2025,1,BWI,FLL,NK,3.0,110.5
2025,1,BWI,FLL,NK,3.0,116.5
2025,1,BWI,FLL,NK,3.0,118.0
2025,1,BWI,FLL,NK,3.0,120.5
2025,1,BWI,FLL,NK,3.0,132.0
2025,1,BWI,FLL,NK,3.0,141.0
2025,1,BWI,FLL,NK,3.0,160.0
2025,1,BWI,FLL,NK,3.0,164.0
2025,1,BWI,FLL,NK,3.0,206.5
2025,1,BWI,FLL,NK,3.0,239.0
2025,1,BWI,FLL,NK,3.0,277.0
2025,1,BWI,FLL,NK,4.0,15.0
2025,1,BWI,FLL,NK,4.0,19.0
2025,1,BWI,FLL,NK,4.0,24.0
2025,1,BWI,FLL,NK,4.0,26.5
2025,1,BWI,FLL,NK,4.0,27.5
2025,1,BWI,FLL,NK,4.0,28.5
2025,1,BWI,FLL,NK,4.0,35.0
2025,1,BWI,FLL,NK,4.0,36.0
2025,1,BWI,FLL,NK,4.0,37.5
2025,1,BWI,FLL,NK,4.0,37.5
2025,1,BWI,FLL,NK,4.0,44.15
2025,1,BWI,FLL,NK,4.0,45.0
2025,1,BWI,FLL,NK,4.0,45.17
2025,1,BWI,FLL,NK,4.0,47.5
2025,1,BWI,FLL,NK,4.0,48.5
2025,1,BWI,FLL,NK,4.0,49.5
2025,1,BWI,FLL,NK,4.0,50.5
2025,1,BWI,FLL,NK,4.0,51.0
2025,1,BWI,FLL,NK,4.0,53.5
2025,1,BWI,FLL,NK,4.0,64.0
2025,1,BWI,FLL,NK,4.0,73.5
2025,1,BWI,FLL,NK,4.0,76.0
2025,1,BWI,FLL,NK,4.0,76.5
2025,1,BWI,FLL,NK,4.0,80.5
2025,1,BWI,FLL,NK,4.0,86.5
2025,1,BWI,FLL,NK,4.0,89.0
2025,1,BWI,FLL,NK,4.0,93.0
2025,1,BWI,FLL,NK,4.0,93.5
2025,1,BWI,FLL,NK,4.0,93.5
2025,1,BWI,FLL,NK,4.0,99.0
2025,1,BWI,FLL,NK,4.0,103.0
2025,1,BWI,FLL,NK,4.0,108.0
2025,1,BWI,FLL,NK,4.0,109.5
2025,1,BWI,FLL,NK,4.0,110.0
2025,1,BWI,FLL,NK,4.0,119.0
2025,1,BWI,FLL,NK,4.0,144.0
2025,1,BWI,FLL,NK,4.0,159.0
2025,1,BWI,FLL,NK,4.0,161.5
2025,1,BWI,FLL,NK,4.0,174.0
2025,1,BWI,FLL,NK,4.0,184.0
2025,1,BWI,FLL,NK,4.0,194.0
2025,1,BWI,FLL,NK,4.0,214.0
2025,1,BWI,FLL,NK,4.0,219.0
2025,1,BWI,FLL,NK,4.0,224.0
2025,1,BWI,FLL,NK,4.0,249.0
2025,1,BWI,FLL,NK,5.0,27.0
2025,1,BWI,FLL,NK,5.0,27.0
2025,1,BWI,FLL,NK,5.0,32.5
2025,1,BWI,FLL,NK,5.0,33.5
2025,1,BWI,FLL,NK,5.0,36.0
2025,1,BWI,FLL,NK,5.0,36.5
2025,1,BWI,FLL,NK,5.0,39.0
2025,1,BWI,FLL,NK,5.0,42.0
2025,1,BWI,FLL,NK,5.0,43.0
2025,1,BWI,FLL,NK,5.0,50.5
2025,1,BWI,FLL,NK,5.0,63.5
2025,1,BWI,FLL,NK,5.0,67.0
2025,1,BWI,FLL,NK,5.0,68.0
2025,1,BWI,FLL,NK,5.0,68.5
2025,1,BWI,FLL,NK,5.0,69.0
2025,1,BWI,FLL,NK,5.0,69.0
2025,1,BWI,FLL,NK,5.0,72.0
2025,1,BWI,FLL,NK,5.0,74.0
2025,1,BWI,FLL,NK,5.0,78.0
2025,1,BWI,FLL,NK,5.0,98.0
2025,1,BWI,FLL,NK,5.0,103.5
2025,1,BWI,FLL,NK,5.0,111.5
2025,1,BWI,FLL,NK,5.0,121.5
2025,1,BWI,FLL,NK,5.0,131.5
2025,1,BWI,FLL,NK,5.0,146.5
2025,1,BWI,FLL,NK,5.0,209.0
2025,1,BWI,FLL,NK,5.0,234.0
2025,1,BWI,FLL,NK,6.0,33.5
2025,1,BWI,FLL,NK,6.0,38.0
2025,1,BWI,FLL,NK,6.0,39.5
2025,1,BWI,FLL,NK,6.0,40.5
2025,1,BWI,FLL,NK,6.0,46.0
2025,1,BWI,FLL,NK,6.0,56.0
2025,1,BWI,FLL,NK,6.0,66.5
2025,1,BWI,FLL,NK,6.0,82.0
2025,1,BWI,FLL,NK,6.0,84.0
2025,1,BWI,FLL,NK,6.0,124.0
2025,1,BWI,FLL,NK,6.0,134.0
2025,1,BWI,FLL,NK,6.0,141.5
2025,1,BWI,FLL,NK,6.0,204.0
2025,1,BWI,FLL,NK,6.0,204.0
2025,1,BWI,FLL,NK,7.0,27.0
2025,1,BWI,FLL,NK,7.0,28.5
2025,1,BWI,FLL,NK,7.0,29.0
2025,1,BWI,FLL,NK,7.0,37.0
2025,1,BWI,FLL,NK,7.0,37.0
2025,1,BWI,FLL,NK,7.0,42.5
2025,1,BWI,FLL,NK,7.0,42.5
2025,1,BWI,FLL,NK,7.0,52.5
2025,1,BWI,FLL,NK,7.0,53.0
2025,1,BWI,FLL,NK,7.0,57.0
2025,1,BWI,FLL,NK,7.0,94.0
2025,1,BWI,FLL,NK,7.0,119.0
2025,1,BWI,FLL,NK,7.0,131.5
2025,1,BWI,FLL,NK,7.0,139.0
2025,1,BWI,FLL,NK,7.0,169.0
2025,1,BWI,FLL,NK,8.0,38.0
2025,1,BWI,FLL,NK,8.0,46.0
2025,1,BWI,FLL,NK,8.0,47.5
2025,1,BWI,FLL,NK,8.0,48.0
2025,1,BWI,FLL,NK,8.0,48.0
2025,1,BWI,FLL,NK,8.0,49.5
2025,1,BWI,FLL,NK,8.0,56.0
2025,1,BWI,FLL,NK,8.0,57.0
2025,1,BWI,FLL,NK,8.0,58.5
2025,1,BWI,FLL,NK,8.0,104.0
2025,1,BWI,FLL,NK,8.0,106.5
2025,1,BWI,FLL,NK,8.0,114.0
2025,1,BWI,FLL,NK,8.0,124.0
2025,1,BWI,FLL,NK,8.0,126.5
2025,1,BWI,FLL,NK,8.0,129.0
2025,1,BWI,FLL,NK,8.0,134.0
2025,1,BWI,FLL,NK,8.0,139.0
2025,1,BWI,FLL,NK,8.0,169.0
2025,1,BWI,FLL,NK,8.0,184.0
2025,1,BWI,FLL,NK,9.0,23.0
2025,1,BWI,FLL,NK,9.0,26.0
2025,1,BWI,FLL,NK,9.0,26.0
2025,1,BWI,FLL,NK,9.0,29.0
2025,1,BWI,FLL,NK,9.0,41.0
2025,1,BWI,FLL,NK,9.0,54.0
2025,1,BWI,FLL,NK,9.0,55.0
2025,1,BWI,FLL,NK,9.0,60.5
2025,1,BWI,FLL,NK,9.0,60.5
2025,1,BWI,FLL,NK,9.0,62.5
2025,1,BWI,FLL,NK,9.0,64.0
2025,1,BWI,FLL,NK,9.0,67.0
2025,1,BWI,FLL,NK,9.0,84.0
2025,1,BWI,FLL,NK,9.0,99.0
2025,1,BWI,FLL,NK,9.0,126.5
2025,1,BWI,FLL,NK,9.0,134.0
2025,1,BWI,FLL,NK,9.0,144.0
2025,1,BWI,FLL,NK,9.0,164.0
2025,1,BWI,FLL,NK,9.0,199.0
2025,1,BWI,FLL,NK,10.0,28.0
2025,1,BWI,FLL,NK,10.0,68.0
2025,1,BWI,FLL,NK,10.0,96.5
2025,1,BWI,FLL,NK,10.0,101.5
2025,1,BWI,FLL,NK,10.0,129.0
2025,1,BWI,FLL,NK,10.0,189.0
2025,1,BWI,FLL,NK,11.0,33.0
2025,1,BWI,FLL,NK,11.0,41.0
2025,1,BWI,FLL,NK,11.0,71.5
2025,1,BWI,FLL,NK,11.0,99.0
2025,1,BWI,FLL,NK,11.0,179.0
2025,1,BWI,FLL,NK,11.0,214.0
2025,1,BWI,FLL,NK,12.0,36.0
2025,1,BWI,FLL,NK,12.0,39.0
2025,1,BWI,FLL,NK,12.0,53.5
2025,1,BWI,FLL,NK,12.0,68.0
2025,1,BWI,FLL,NK,12.0,80.0
2025,1,BWI,FLL,NK,12.0,154.0
2025,1,BWI,FLL,NK,13.0,40.0
2025,1,BWI,FLL,NK,13.0,149.0
2025,1,BWI,FLL,NK,14.0,104.0
2025,1,BWI,FLL,NK,14.0,114.0
2025,1,BWI,FLL,NK,14.0,114.0
2025,1,BWI,FLL,NK,15.0,111.5
2025,1,BWI,FLL,NK,15.0,149.0
2025,1,BWI,FLL,NK,16.0,5.5
2025,1,BWI,FLL,NK,16.0,43.0
2025,1,BWI,FLL,NK,16.0,53.0
2025,1,BWI,FLL,NK,16.0,89.0
2025,1,BWI,FLL,NK,16.0,164.0
2025,1,BWI,FLL,NK,17.0,43.5
2025,1,BWI,FLL,NK,17.0,69.0
2025,1,BWI,FLL,NK,17.0,89.0
2025,1,BWI,FLL,NK,17.0,209.0
2025,1,BWI,FLL,NK,18.0,41.0
2025,1,BWI,FLL,NK,19.0,81.5
2025,1,BWI,FLL,NK,20.0,43.5
2025,1,BWI,FLL,NK,20.0,63.0
2025,1,BWI,FLL,NK,20.0,116.5
2025,1,BWI,FLL,NK,21.0,54.0
2025,1,BWI,FLL,NK,21.0,58.5
2025,1,BWI,FLL,NK,21.0,76.5
2025,1,BWI,FLL,NK,23.0,59.0
2025,1,BWI,FLL,NK,23.0,109.0
2025,1,BWI,FLL,NK,23.0,154.0
2025,1,BWI,FLL,NK,24.0,91.5
2025,1,BWI,FLL,NK,25.0,54.0
2025,1,BWI,FLL,NK,25.0,109.0
2025,1,BWI,FLL,NK,26.0,43.0
2025,1,BWI,FLL,NK,27.0,46.0
2025,1,BWI,FLL,NK,28.0,48.0
2025,1,BWI,FLL,NK,30.0,79.0
2025,1,BWI,FLL,NK,31.0,38.5
2025,1,BWI,FLL,NK,31.0,47.0
2025,1,BWI,FLL,NK,31.0,74.0
2025,1,BWI,FLL,NK,33.0,39.0
2025,1,BWI,FLL,NK,36.0,74.0
2025,1,BWI,FLL,NK,37.0,44.0
2025,1,BWI,FLL,NK,38.0,79.0
2025,1,BWI,FLL,NK,39.0,59.0
2025,1,BWI,FLL,NK,40.0,44.0
2025,1,BWI,FLL,NK,40.0,47.0
2025,1,BWI,FLL,NK,41.0,6.0
2025,1,BWI,FLL,NK,41.0,96.5
2025,1,BWI,FLL,NK,43.0,5.5
2025,1,BWI,FLL,NK,46.0,64.0
2025,1,BWI,FLL,NK,47.0,44.0
2025,1,BWI,FLL,NK,49.0,49.0
2025,1,BWI,FLL,NK,50.0,47.0
2025,1,BWI,FLL,NK,56.0,49.0
2025,1,BWI,FLL,NK,58.0,38.5
2025,1,BWI,FLL,NK,77.0,38.0
2025,1,BWI,FLL,NK,92.0,49.0
2025,1,BWI,FLL,NK,93.0,59.0
2025,1,PHL,MCO,NK,1.0,3.06
2025,1,PHL,MCO,NK,1.0,5.21
2025,1,PHL,MCO,NK,1.0,5.53
2025,1,PHL,MCO,NK,1.0,15.0
2025,1,PHL,MCO,NK,1.0,16.0
2025,1,PHL,MCO,NK,1.0,20.18
2025,1,PHL,MCO,NK,1.0,21.0
2025,1,PHL,MCO,NK,1.0,23.0
2025,1,PHL,MCO,NK,1.0,23.0
2025,1,PHL,MCO,NK,1.0,24.0
2025,1,PHL,MCO,NK,1.0,24.28
2025,1,PHL,MCO,NK,1.0,25.0
2025,1,PHL,MCO,NK,1.0,25.5
2025,1,PHL,MCO,NK,1.0,26.0
2025,1,PHL,MCO,NK,1.0,27.0
2025,1,PHL,MCO,NK,1.0,27.56
2025,1,PHL,MCO,NK,1.0,28.41
2025,1,PHL,MCO,NK,1.0,29.0
2025,1,PHL,MCO,NK,1.0,29.5
2025,1,PHL,MCO,NK,1.0,30.0
2025,1,PHL,MCO,NK,1.0,30.5
2025,1,PHL,MCO,NK,1.0,30.5
2025,1,PHL,MCO,NK,1.0,31.72
2025,1,PHL,MCO,NK,1.0,33.0
2025,1,PHL,MCO,NK,1.0,33.63
2025,1,PHL,MCO,NK,1.0,34.5
2025,1,PHL,MCO,NK,1.0,34.94
2025,1,PHL,MCO,NK,1.0,35.0
2025,1,PHL,MCO,NK,1.0,35.0
2025,1,PHL,MCO,NK,1.0,36.0
2025,1,PHL,MCO,NK,1.0,37.0
2025,1,PHL,MCO,NK,1.0,37.0
2025,1,PHL,MCO,NK,1.0,37.19
2025,1,PHL,MCO,NK,1.0,37.5
2025,1,PHL,MCO,NK,1.0,37.65
2025,1,PHL,MCO,NK,1.0,37.89
2025,1,PHL,MCO,NK,1.0,39.0
2025,1,PHL,MCO,NK,1.0,40.87
2025,1,PHL,MCO,NK,1.0,41.2
2025,1,PHL,MCO,NK,1.0,41.5
2025,1,PHL,MCO,NK,1.0,42.0
2025,1,PHL,MCO,NK,1.0,42.5
2025,1,PHL,MCO,NK,1.0,42.5
2025,1,PHL,MCO,NK,1.0,46.5
2025,1,PHL,MCO,NK,1.0,46.5
2025,1,PHL,MCO,NK,1.0,46.79
2025,1,PHL,MCO,NK,1.0,48.0
2025,1,PHL,MCO,NK,1.0,48.41
2025,1,PHL,MCO,NK,1.0,49.05
2025,1,PHL,MCO,NK,1.0,49.26
2025,1,PHL,MCO,NK,1.0,49.32
2025,1,PHL,MCO,NK,1.0,51.5
2025,1,PHL,MCO,NK,1.0,51.5
2025,1,PHL,MCO,NK,1.0,53.0
2025,1,PHL,MCO,NK,1.0,53.5
2025,1,PHL,MCO,NK,1.0,54.3
2025,1,PHL,MCO,NK,1.0,54.5
2025,1,PHL,MCO,NK,1.0,54.86
2025,1,PHL,MCO,NK,1.0,55.5
2025,1,PHL,MCO,NK,1.0,55.5
2025,1,PHL,MCO,NK,1.0,55.79
2025,1,PHL,MCO,NK,1.0,56.29
2025,1,PHL,MCO,NK,1.0,56.81
2025,1,PHL,MCO,NK,1.0,57.5
2025,1,PHL,MCO,NK,1.0,58.08
2025,1,PHL,MCO,NK,1.0,58.19
2025,1,PHL,MCO,NK,1.0,59.0
2025,1,PHL,MCO,NK,1.0,59.81
2025,1,PHL,MCO,NK,1.0,60.06
2025,1,PHL,MCO,NK,1.0,60.41
2025,1,PHL,MCO,NK,1.0,60.5
2025,1,PHL,MCO,NK,1.0,61.19
2025,1,PHL,MCO,NK,1.0,61.5
2025,1,PHL,MCO,NK,1.0,61.53
2025,1,PHL,MCO,NK,1.0,61.61
2025,1,PHL,MCO,NK,1.0,62.0
2025,1,PHL,MCO,NK,1.0,62.04
2025,1,PHL,MCO,NK,1.0,62.81
2025,1,PHL,MCO,NK,1.0,63.0
2025,1,PHL,MCO,NK,1.0,63.5
2025,1,PHL,MCO,NK,1.0,64.0
2025,1,PHL,MCO,NK,1.0,64.0
2025,1,PHL,MCO,NK,1.0,64.5
2025,1,PHL,MCO,NK,1.0,65.0
2025,1,PHL,MCO,NK,1.0,65.34
2025,1,PHL,MCO,NK,1.0,65.97
2025,1,PHL,MCO,NK,1.0,69.11
2025,1,PHL,MCO,NK,1.0,69.62
2025,1,PHL,MCO,NK,1.0,70.5
2025,1,PHL,MCO,NK,1.0,71.0
2025,1,PHL,MCO,NK,1.0,71.5
2025,1,PHL,MCO,NK,1.0,71.5
2025,1,PHL,MCO,NK,1.0,72.0
2025,1,PHL,MCO,NK,1.0,72.42
2025,1,PHL,MCO,NK,1.0,72.59
2025,1,PHL,MCO,NK,1.0,73.5
2025,1,PHL,MCO,NK,1.0,74.0
2025,1,PHL,MCO,NK,1.0,74.0
2025,1,PHL,MCO,NK,1.0,74.5
2025,1,PHL,MCO,NK,1.0,75.0
2025,1,PHL,MCO,NK,1.0,75.5
2025,1,PHL,MCO,NK,1.0,76.0
2025,1,PHL,MCO,NK,1.0,76.5
2025,1,PHL,MCO,NK,1.0,77.0
2025,1,PHL,MCO,NK,1.0,77.02
2025,1,PHL,MCO,NK,1.0,78.0
2025,1,PHL,MCO,NK,1.0,79.0
2025,1,PHL,MCO,NK,1.0,79.62
2025,1,PHL,MCO,NK,1.0,79.92
2025,1,PHL,MCO,NK,1.0,80.0
2025,1,PHL,MCO,NK,1.0,81.0
2025,1,PHL,MCO,NK,1.0,81.0
2025,1,PHL,MCO,NK,1.0,82.0
2025,1,PHL,MCO,NK,1.0,82.29
2025,1,PHL,MCO,NK,1.0,83.0
2025,1,PHL,MCO,NK,1.0,83.0
2025,1,PHL,MCO,NK,1.0,83.0
2025,1,PHL,MCO,NK,1.0,83.41
2025,1,PHL,MCO,NK,1.0,85.5
2025,1,PHL,MCO,NK,1.0,86.5
2025,1,PHL,MCO,NK,1.0,87.0
2025,1,PHL,MCO,NK,1.0,87.37
2025,1,PHL,MCO,NK,1.0,87.5
2025,1,PHL,MCO,NK,1.0,88.5
2025,1,PHL,MCO,NK,1.0,88.5
2025,1,PHL,MCO,NK,1.0,89.0
2025,1,PHL,MCO,NK,1.0,90.0
2025,1,PHL,MCO,NK,1.0,90.0
2025,1,PHL,MCO,NK,1.0,90.5
2025,1,PHL,MCO,NK,1.0,92.5
2025,1,PHL,MCO,NK,1.0,94.0
2025,1,PHL,MCO,NK,1.0,95.5
2025,1,PHL,MCO,NK,1.0,96.5
2025,1,PHL,MCO,NK,1.0,96.5
2025,1,PHL,MCO,NK,1.0,97.0
2025,1,PHL,MCO,NK,1.0,97.0
2025,1,PHL,MCO,NK,1.0,97.01
2025,1,PHL,MCO,NK,1.0,98.0
2025,1,PHL,MCO,NK,1.0,98.54
2025,1,PHL,MCO,NK,1.0,100.5
2025,1,PHL,MCO,NK,1.0,101.5
2025,1,PHL,MCO,NK,1.0,101.5
2025,1,PHL,MCO,NK,1.0,102.02
2025,1,PHL,MCO,NK,1.0,104.0
2025,1,PHL,MCO,NK,1.0,105.0
2025,1,PHL,MCO,NK,1.0,105.55
2025,1,PHL,MCO,NK,1.0,106.0
2025,1,PHL,MCO,NK,1.0,106.05
2025,1,PHL,MCO,NK,1.0,107.5
2025,1,PHL,MCO,NK,1.0,108.0
2025,1,PHL,MCO,NK,1.0,108.19
2025,1,PHL,MCO,NK,1.0,108.5
2025,1,PHL,MCO,NK,1.0,108.5
2025,1,PHL,MCO,NK,1.0,109.0
2025,1,PHL,MCO,NK,1.0,110.0
2025,1,PHL,MCO,NK,1.0,110.58
2025,1,PHL,MCO,NK,1.0,111.0
2025,1,PHL,MCO,NK,1.0,111.0
2025,1,PHL,MCO,NK,1.0,112.0
2025,1,PHL,MCO,NK,1.0,113.0
2025,1,PHL,MCO,NK,1.0,117.0
2025,1,PHL,MCO,NK,1.0,117.11
2025,1,PHL,MCO,NK,1.0,118.0
2025,1,PHL,MCO,NK,1.0,118.5
2025,1,PHL,MCO,NK,1.0,119.0
2025,1,PHL,MCO,NK,1.0,119.5
2025,1,PHL,MCO,NK,1.0,120.0
2025,1,PHL,MCO,NK,1.0,120.5
2025,1,PHL,MCO,NK,1.0,120.63
2025,1,PHL,MCO,NK,1.0,121.5
2025,1,PHL,MCO,NK,1.0,123.0
2025,1,PHL,MCO,NK,1.0,124.0
2025,1,PHL,MCO,NK,1.0,124.51
2025,1,PHL,MCO,NK,1.0,125.0
2025,1,PHL,MCO,NK,1.0,125.0
2025,1,PHL,MCO,NK,1.0,126.0
2025,1,PHL,MCO,NK,1.0,127.5
2025,1,PHL,MCO,NK,1.0,128.0
2025,1,PHL,MCO,NK,1.0,128.0
2025,1,PHL,MCO,NK,1.0,128.5
2025,1,PHL,MCO,NK,1.0,131.0
2025,1,PHL,MCO,NK,1.0,131.63
2025,1,PHL,MCO,NK,1.0,132.58
2025,1,PHL,MCO,NK,1.0,132.87
2025,1,PHL,MCO,NK,1.0,134.0
2025,1,PHL,MCO,NK,1.0,134.21
2025,1,PHL,MCO,NK,1.0,135.0
2025,1,PHL,MCO,NK,1.0,135.5
2025,1,PHL,MCO,NK,1.0,135.52
2025,1,PHL,MCO,NK,1.0,136.5
2025,1,PHL,MCO,NK,1.0,137.0
2025,1,PHL,MCO,NK,1.0,137.0
2025,1,PHL,MCO,NK,1.0,138.0
2025,1,PHL,MCO,NK,1.0,139.23
2025,1,PHL,MCO,NK,1.0,140.0
2025,1,PHL,MCO,NK,1.0,140.0
2025,1,PHL,MCO,NK,1.0,140.5
2025,1,PHL,MCO,NK,1.0,141.0
2025,1,PHL,MCO,NK,1.0,142.0
2025,1,PHL,MCO,NK,1.0,143.5
2025,1,PHL,MCO,NK,1.0,144.0
2025,1,PHL,MCO,NK,1.0,144.5
2025,1,PHL,MCO,NK,1.0,147.95
2025,1,PHL,MCO,NK,1.0,148.0
2025,1,PHL,MCO,NK,1.0,148.5
2025,1,PHL,MCO,NK,1.0,149.0
2025,1,PHL,MCO,NK,1.0,149.0
2025,1,PHL,MCO,NK,1.0,150.0
2025,1,PHL,MCO,NK,1.0,150.79
2025,1,PHL,MCO,NK,1.0,151.0
2025,1,PHL,MCO,NK,1.0,151.83
2025,1,PHL,MCO,NK,1.0,152.0
2025,1,PHL,MCO,NK,1.0,152.5
2025,1,PHL,MCO,NK,1.0,154.81
2025,1,PHL,MCO,NK,1.0,155.0
2025,1,PHL,MCO,NK,1.0,156.0
2025,1,PHL,MCO,NK,1.0,156.0
2025,1,PHL,MCO,NK,1.0,157.0
2025,1,PHL,MCO,NK,1.0,157.5
2025,1,PHL,MCO,NK,1.0,159.0
2025,1,PHL,MCO,NK,1.0,159.5
2025,1,PHL,MCO,NK,1.0,160.0
2025,1,PHL,MCO,NK,1.0,161.5
2025,1,PHL,MCO,NK,1.0,161.7
2025,1,PHL,MCO,NK,1.0,162.0
2025,1,PHL,MCO,NK,1.0,163.0
2025,1,PHL,MCO,NK,1.0,165.0
2025,1,PHL,MCO,NK,1.0,166.87
2025,1,PHL,MCO,NK,1.0,167.5
2025,1,PHL,MCO,NK,1.0,169.0
2025,1,PHL,MCO,NK,1.0,170.97
2025,1,PHL,MCO,NK,1.0,171.0
2025,1,PHL,MCO,NK,1.0,171.5
2025,1,PHL,MCO,NK,1.0,174.0
2025,1,PHL,MCO,NK,1.0,175.0
2025,1,PHL,MCO,NK,1.0,176.0
2025,1,PHL,MCO,NK,1.0,177.0
2025,1,PHL,MCO,NK,1.0,179.0
2025,1,PHL,MCO,NK,1.0,179.5
2025,1,PHL,MCO,NK,1.0,181.0
2025,1,PHL,MCO,NK,1.0,183.0
2025,1,PHL,MCO,NK,1.0,184.0
2025,1,PHL,MCO,NK,1.0,188.0
2025,1,PHL,MCO,NK,1.0,189.0
2025,1,PHL,MCO,NK,1.0,194.0
2025,1,PHL,MCO,NK,1.0,195.0
2025,1,PHL,MCO,NK,1.0,195.5
2025,1,PHL,MCO,NK,1.0,196.5
2025,1,PHL,MCO,NK,1.0,198.0
2025,1,PHL,MCO,NK,1.0,198.0
2025,1,PHL,MCO,NK,1.0,198.0
2025,1,PHL,MCO,NK,1.0,203.0
2025,1,PHL,MCO,NK,1.0,204.0
2025,1,PHL,MCO,NK,1.0,208.5
2025,1,PHL,MCO,NK,1.0,216.0
2025,1,PHL,MCO,NK,1.0,220.5
2025,1,PHL,MCO,NK,1.0,221.65
2025,1,PHL,MCO,NK,1.0,225.5
2025,1,PHL,MCO,NK,1.0,228.0
2025,1,PHL,MCO,NK,1.0,232.0
2025,1,PHL,MCO,NK,1.0,242.0
2025,1,PHL,MCO,NK,1.0,251.0
2025,1,PHL,MCO,NK,1.0,252.0
2025,1,PHL,MCO,NK,1.0,254.0
2025,1,PHL,MCO,NK,1.0,256.0
2025,1,PHL,MCO,NK,1.0,259.0
2025,1,PHL,MCO,NK,1.0,279.0
2025,1,PHL,MCO,NK,1.0,287.36
2025,1,PHL,MCO,NK,1.0,296.0
2025,1,PHL,MCO,NK,1.0,305.5
2025,1,PHL,MCO,NK,1.0,328.79
2025,1,PHL,MCO,NK,1.0,330.0
2025,1,PHL,MCO,NK,1.0,342.0
2025,1,PHL,MCO,NK,1.0,371.0
2025,1,PHL,MCO,NK,1.0,394.0
2025,1,PHL,MCO,NK,1.0,418.0
2025,1,PHL,MCO,NK,1.0,466.0
2025,1,PHL,MCO,NK,2.0,20.0
2025,1,PHL,MCO,NK,2.0,21.0
2025,1,PHL,MCO,NK,2.0,22.0
2025,1,PHL,MCO,NK,2.0,25.0
2025,1,PHL,MCO,NK,2.0,25.0
2025,1,PHL,MCO,NK,2.0,26.5
2025,1,PHL,MCO,NK,2.0,28.0
2025,1,PHL,MCO,NK,2.0,28.0
2025,1,PHL,MCO,NK,2.0,31.0
2025,1,PHL,MCO,NK,2.0,32.5
2025,1,PHL,MCO,NK,2.0,34.0
2025,1,PHL,MCO,NK,2.0,36.5
2025,1,PHL,MCO,NK,2.0,39.5
2025,1,PHL,MCO,NK,2.0,40.5
2025,1,PHL,MCO,NK,2.0,41.0
2025,1,PHL,MCO,NK,2.0,41.22
2025,1,PHL,MCO,NK,2.0,42.0
2025,1,PHL,MCO,NK,2.0,44.5
2025,1,PHL,MCO,NK,2.0,45.0
2025,1,PHL,MCO,NK,2.0,45.5
2025,1,PHL,MCO,NK,2.0,52.0
2025,1,PHL,MCO,NK,2.0,52.5
2025,1,PHL,MCO,NK,2.0,55.0
2025,1,PHL,MCO,NK,2.0,55.0
2025,1,PHL,MCO,NK,2.0,56.5
2025,1,PHL,MCO,NK,2.0,59.5
2025,1,PHL,MCO,NK,2.0,59.5
2025,1,PHL,MCO,NK,2.0,60.0
2025,1,PHL,MCO,NK,2.0,61.0
2025,1,PHL,MCO,NK,2.0,62.83
2025,1,PHL,MCO,NK,2.0,63.0
2025,1,PHL,MCO,NK,2.0,67.0
2025,1,PHL,MCO,NK,2.0,67.35
2025,1,PHL,MCO,NK,2.0,68.0
2025,1,PHL,MCO,NK,2.0,69.0
2025,1,PHL,MCO,NK,2.0,71.0
2025,1,PHL,MCO,NK,2.0,77.5
2025,1,PHL,MCO,NK,2.0,79.0
2025,1,PHL,MCO,NK,2.0,79.0
2025,1,PHL,MCO,NK,2.0,79.5
2025,1,PHL,MCO,NK,2.0,80.5
2025,1,PHL,MCO,NK,2.0,83.5
2025,1,PHL,MCO,NK,2.0,86.0
2025,1,PHL,MCO,NK,2.0,88.0
2025,1,PHL,MCO,NK,2.0,90.0
2025,1,PHL,MCO,NK,2.0,91.0
2025,1,PHL,MCO,NK,2.0,91.0
2025,1,PHL,MCO,NK,2.0,93.0
2025,1,PHL,MCO,NK,2.0,95.0
2025,1,PHL,MCO,NK,2.0,96.0
2025,1,PHL,MCO,NK,2.0,98.0
2025,1,PHL,MCO,NK,2.0,100.0
2025,1,PHL,MCO,NK,2.0,103.0
2025,1,PHL,MCO,NK,2.0,111.0
2025,1,PHL,MCO,NK,2.0,114.0
2025,1,PHL,MCO,NK,2.0,115.5
2025,1,PHL,MCO,NK,2.0,116.0
2025,1,PHL,MCO,NK,2.0,116.0
2025,1,PHL,MCO,NK,2.0,121.0
2025,1,PHL,MCO,NK,2.0,124.0
2025,1,PHL,MCO,NK,2.0,126.0
2025,1,PHL,MCO,NK,2.0,127.0
2025,1,PHL,MCO,NK,2.0,129.0
2025,1,PHL,MCO,NK,2.0,131.0
2025,1,PHL,MCO,NK,2.0,132.0
2025,1,PHL,MCO,NK,2.0,133.0
2025,1,PHL,MCO,NK,2.0,133.0
2025,1,PHL,MCO,NK,2.0,141.0
2025,1,PHL,MCO,NK,2.0,142.0
2025,1,PHL,MCO,NK,2.0,143.0
2025,1,PHL,MCO,NK,2.0,145.0
2025,1,PHL,MCO,NK,2.0,153.0
2025,1,PHL,MCO,NK,2.0,154.0
2025,1,PHL,MCO,NK,2.0,154.5
2025,1,PHL,MCO,NK,2.0,156.0
2025,1,PHL,MCO,NK,2.0,161.0
2025,1,PHL,MCO,NK,2.0,161.0
2025,1,PHL,MCO,NK,2.0,176.5
2025,1,PHL,MCO,NK,2.0,179.0
2025,1,PHL,MCO,NK,2.0,199.0
2025,1,PHL,MCO,NK,2.0,223.5
2025,1,PHL,MCO,NK,2.0,239.0
2025,1,PHL,MCO,NK,3.0,19.0
2025,1,PHL,MCO,NK,3.0,29.0
2025,1,PHL,MCO,NK,3.0,29.5
2025,1,PHL,MCO,NK,3.0,34.5
2025,1,PHL,MCO,NK,3.0,35.0
2025,1,PHL,MCO,NK,3.0,40.0
2025,1,PHL,MCO,NK,3.0,40.5
2025,1,PHL,MCO,NK,3.0,41.0
2025,1,PHL,MCO,NK,3.0,42.0
2025,1,PHL,MCO,NK,3.0,43.5
2025,1,PHL,MCO,NK,3.0,45.0
2025,1,PHL,MCO,NK,3.0,46.0
2025,1,PHL,MCO,NK,3.0,48.5
2025,1,PHL,MCO,NK,3.0,49.5
2025,1,PHL,MCO,NK,3.0,51.0
2025,1,PHL,MCO,NK,3.0,53.0
2025,1,PHL,MCO,NK,3.0,54.0
2025,1,PHL,MCO,NK,3.0,56.0
2025,1,PHL,MCO,NK,3.0,57.0
2025,1,PHL,MCO,NK,3.0,58.5
2025,1,PHL,MCO,NK,3.0,61.0
2025,1,PHL,MCO,NK,3.0,62.5
2025,1,PHL,MCO,NK,3.0,63.5
2025,1,PHL,MCO,NK,3.0,65.5
2025,1,PHL,MCO,NK,3.0,66.5
2025,1,PHL,MCO,NK,3.0,67.5
2025,1,PHL,MCO,NK,3.0,68.5
2025,1,PHL,MCO,NK,3.0,69.5
2025,1,PHL,MCO,NK,3.0,70.5
2025,1,PHL,MCO,NK,3.0,72.5
2025,1,PHL,MCO,NK,3.0,72.5
2025,1,PHL,MCO,NK,3.0,73.0
2025,1,PHL,MCO,NK,3.0,92.0
2025,1,PHL,MCO,NK,3.0,93.5
2025,1,PHL,MCO,NK,3.0,95.0
2025,1,PHL,MCO,NK,3.0,101.0
2025,1,PHL,MCO,NK,3.0,103.0
2025,1,PHL,MCO,NK,3.0,110.0
2025,1,PHL,MCO,NK,3.0,115.0
2025,1,PHL,MCO,NK,3.0,118.0
2025,1,PHL,MCO,NK,3.0,118.0
2025,1,PHL,MCO,NK,3.0,122.0
2025,1,PHL,MCO,NK,3.0,124.0
2025,1,PHL,MCO,NK,3.0,144.0
2025,1,PHL,MCO,NK,3.0,146.0
2025,1,PHL,MCO,NK,3.0,168.0
2025,1,PHL,MCO,NK,4.0,26.5
2025,1,PHL,MCO,NK,4.0,31.0
2025,1,PHL,MCO,NK,4.0,32.5
2025,1,PHL,MCO,NK,4.0,33.0
2025,1,PHL,MCO,NK,4.0,36.0
2025,1,PHL,MCO,NK,4.0,38.5
2025,1,PHL,MCO,NK,4.0,38.5
2025,1,PHL,MCO,NK,4.0,44.5
2025,1,PHL,MCO,NK,4.0,45.0
2025,1,PHL,MCO,NK,4.0,49.0
2025,1,PHL,MCO,NK,4.0,50.0
2025,1,PHL,MCO,NK,4.0,60.0
2025,1,PHL,MCO,NK,4.0,68.0
2025,1,PHL,MCO,NK,4.0,70.0
2025,1,PHL,MCO,NK,4.0,73.0
2025,1,PHL,MCO,NK,4.0,80.0
2025,1,PHL,MCO,NK,4.0,81.5
2025,1,PHL,MCO,NK,4.0,85.0
2025,1,PHL,MCO,NK,4.0,85.0
2025,1,PHL,MCO,NK,4.0,85.5
2025,1,PHL,MCO,NK,4.0,93.0
2025,1,PHL,MCO,NK,4.0,96.0
2025,1,PHL,MCO,NK,4.0,98.0
2025,1,PHL,MCO,NK,4.0,102.0
2025,1,PHL,MCO,NK,4.0,102.5
2025,1,PHL,MCO,NK,4.0,105.0
2025,1,PHL,MCO,NK,4.0,105.0
2025,1,PHL,MCO,NK,4.0,107.0
2025,1,PHL,MCO,NK,4.0,115.0
2025,1,PHL,MCO,NK,4.0,120.5
2025,1,PHL,MCO,NK,4.0,121.0
2025,1,PHL,MCO,NK,4.0,130.0
2025,1,PHL,MCO,NK,4.0,134.0
2025,1,PHL,MCO,NK,4.0,154.0
2025,1,PHL,MCO,NK,5.0,28.5
2025,1,PHL,MCO,NK,5.0,34.0
2025,1,PHL,MCO,NK,5.0,35.0
2025,1,PHL,MCO,NK,5.0,40.0
2025,1,PHL,MCO,NK,5.0,41.0
2025,1,PHL,MCO,NK,5.0,43.0
2025,1,PHL,MCO,NK,5.0,43.0
2025,1,PHL,MCO,NK,5.0,45.5
2025,1,PHL,MCO,NK,5.0,53.5
2025,1,PHL,MCO,NK,5.0,57.0
2025,1,PHL,MCO,NK,5.0,63.0
2025,1,PHL,MCO,NK,5.0,66.0
2025,1,PHL,MCO,NK,5.0,69.5
2025,1,PHL,MCO,NK,5.0,70.0
2025,1,PHL,MCO,NK,5.0,74.0
2025,1,PHL,MCO,NK,5.0,75.0
2025,1,PHL,MCO,NK,5.0,87.0
2025,1,PHL,MCO,NK,5.0,88.0
2025,1,PHL,MCO,NK,5.0,94.0
2025,1,PHL,MCO,NK,5.0,100.0
2025,1,PHL,MCO,NK,5.0,113.0
2025,1,PHL,MCO,NK,6.0,34.0
2025,1,PHL,MCO,NK,6.0,38.0
2025,1,PHL,MCO,NK,6.0,40.0
2025,1,PHL,MCO,NK,6.0,50.5
2025,1,PHL,MCO,NK,6.0,58.0
2025,1,PHL,MCO,NK,6.0,66.0
2025,1,PHL,MCO,NK,6.0,76.0
2025,1,PHL,MCO,NK,6.0,80.0
2025,1,PHL,MCO,NK,6.0,81.0
2025,1,PHL,MCO,NK,6.0,86.0
2025,1,PHL,MCO,NK,6.0,91.0
2025,1,PHL,MCO,NK,6.0,94.0
2025,1,PHL,MCO,NK,6.0,96.0
2025,1,PHL,MCO,NK,6.0,97.0
2025,1,PHL,MCO,NK,6.0,99.0
2025,1,PHL,MCO,NK,6.0,104.0
2025,1,PHL,MCO,NK,6.0,106.0
2025,1,PHL,MCO,NK,6.0,108.0
2025,1,PHL,MCO,NK,6.0,114.0
2025,1,PHL,MCO,NK,6.0,122.0
2025,1,PHL,MCO,NK,6.0,123.14
2025,1,PHL,MCO,NK,6.0,136.0
2025,1,PHL,MCO,NK,6.0,136.0
2025,1,PHL,MCO,NK,7.0,5.5
2025,1,PHL,MCO,NK,7.0,26.0
2025,1,PHL,MCO,NK,7.0,28.5
2025,1,PHL,MCO,NK,7.0,39.0
2025,1,PHL,MCO,NK,7.0,47.0
2025,1,PHL,MCO,NK,7.0,47.0
2025,1,PHL,MCO,NK,7.0,49.0
2025,1,PHL,MCO,NK,7.0,50.0
2025,1,PHL,MCO,NK,7.0,52.5
2025,1,PHL,MCO,NK,7.0,61.5
2025,1,PHL,MCO,NK,7.0,82.0
2025,1,PHL,MCO,NK,7.0,83.0
2025,1,PHL,MCO,NK,7.0,92.0
2025,1,PHL,MCO,NK,7.0,95.0
2025,1,PHL,MCO,NK,7.0,106.0
2025,1,PHL,MCO,NK,7.0,134.0
2025,1,PHL,MCO,NK,7.0,176.0
2025,1,PHL,MCO,NK,8.0,29.0
2025,1,PHL,MCO,NK,8.0,33.0
2025,1,PHL,MCO,NK,8.0,43.0
2025,1,PHL,MCO,NK,8.0,44.0
2025,1,PHL,MCO,NK,8.0,48.0
2025,1,PHL,MCO,NK,8.0,61.0
2025,1,PHL,MCO,NK,8.0,65.0
2025,1,PHL,MCO,NK,8.0,69.0
2025,1,PHL,MCO,NK,8.0,75.0
2025,1,PHL,MCO,NK,8.0,82.0
2025,1,PHL,MCO,NK,8.0,90.0
2025,1,PHL,MCO,NK,9.0,51.0
2025,1,PHL,MCO,NK,9.0,52.0
2025,1,PHL,MCO,NK,9.0,59.0
2025,1,PHL,MCO,NK,9.0,62.0
2025,1,PHL,MCO,NK,9.0,65.0
2025,1,PHL,MCO,NK,9.0,109.0
2025,1,PHL,MCO,NK,9.0,114.0
2025,1,PHL,MCO,NK,9.0,115.0
2025,1,PHL,MCO,NK,10.0,25.0
2025,1,PHL,MCO,NK,10.0,52.0
2025,1,PHL,MCO,NK,10.0,59.0
2025,1,PHL,MCO,NK,10.0,72.0
2025,1,PHL,MCO,NK,10.0,81.0
2025,1,PHL,MCO,NK,10.0,109.0
2025,1,PHL,MCO,NK,10.0,149.0
2025,1,PHL,MCO,NK,11.0,39.5
2025,1,PHL,MCO,NK,11.0,54.0
2025,1,PHL,MCO,NK,11.0,71.0
2025,1,PHL,MCO,NK,11.0,99.0
2025,1,PHL,MCO,NK,11.0,119.0
2025,1,PHL,MCO,NK,12.0,62.0
2025,1,PHL,MCO,NK,12.0,72.0
2025,1,PHL,MCO,NK,13.0,32.0
2025,1,PHL,MCO,NK,13.0,38.0
2025,1,PHL,MCO,NK,13.0,56.0
2025,1,PHL,MCO,NK,13.0,77.0
2025,1,PHL,MCO,NK,13.0,115.0
2025,1,PHL,MCO,NK,14.0,64.0
2025,1,PHL,MCO,NK,14.0,84.0
2025,1,PHL,MCO,NK,15.0,56.0
2025,1,PHL,MCO,NK,15.0,76.0
2025,1,PHL,MCO,NK,15.0,84.0
2025,1,PHL,MCO,NK,15.0,87.0
2025,1,PHL,MCO,NK,16.0,44.0
2025,1,PHL,MCO,NK,16.0,48.0
2025,1,PHL,MCO,NK,16.0,51.0
2025,1,PHL,MCO,NK,16.0,67.0
2025,1,PHL,MCO,NK,16.0,110.0
2025,1,PHL,MCO,NK,17.0,54.0
2025,1,PHL,MCO,NK,17.0,112.5
2025,1,PHL,MCO,NK,18.0,46.0
2025,1,PHL,MCO,NK,18.0,69.0
2025,1,PHL,MCO,NK,18.0,71.0
2025,1,PHL,MCO,NK,18.0,74.0
2025,1,PHL,MCO,NK,19.0,33.0
2025,1,PHL,MCO,NK,19.0,53.0
2025,1,PHL,MCO,NK,21.0,6.0
2025,1,PHL,MCO,NK,21.0,38.0
2025,1,PHL,MCO,NK,22.0,39.0
2025,1,PHL,MCO,NK,22.0,46.0
2025,1,PHL,MCO,NK,22.0,49.0
2025,1,PHL,MCO,NK,22.0,53.0
2025,1,PHL,MCO,NK,23.0,5.5
2025,1,PHL,MCO,NK,24.0,77.0
2025,1,PHL,MCO,NK,26.0,58.0
2025,1,PHL,MCO,NK,26.0,122.5
2025,1,PHL,MCO,NK,27.0,32.0
2025,1,PHL,MCO,NK,40.0,58.0
2025,1,PHL,MCO,NK,44.0,32.0
2025,1,PHL,MCO,NK,44.0,125.0
2025,1,PHL,MCO,NK,80.0,115.0
2025,1,PHL,MCO,NK,81.0,120.0
2025,1,ATL,FLL,NK,1.0,2.63
2025,1,ATL,FLL,NK,1.0,11.67
2025,1,ATL,FLL,NK,1.0,12.52
2025,1,ATL,FLL,NK,1.0,12.73
2025,1,ATL,FLL,NK,1.0,14.5
2025,1,ATL,FLL,NK,1.0,15.0
2025,1,ATL,FLL,NK,1.0,16.0
2025,1,ATL,FLL,NK,1.0,16.62
2025,1,ATL,FLL,NK,1.0,16.81
2025,1,ATL,FLL,NK,1.0,18.0
2025,1,ATL,FLL,NK,1.0,18.3
2025,1,ATL,FLL,NK,1.0,18.5
2025,1,ATL,FLL,NK,1.0,18.5
2025,1,ATL,FLL,NK,1.0,19.7
2025,1,ATL,FLL,NK,1.0,20.5
2025,1,ATL,FLL,NK,1.0,20.84
2025,1,ATL,FLL,NK,1.0,21.04
2025,1,ATL,FLL,NK,1.0,21.19
2025,1,ATL,FLL,NK,1.0,21.9
2025,1,ATL,FLL,NK,1.0,22.04
2025,1,ATL,FLL,NK,1.0,22.5
2025,1,ATL,FLL,NK,1.0,23.0
2025,1,ATL,FLL,NK,1.0,23.15
2025,1,ATL,FLL,NK,1.0,23.71
2025,1,ATL,FLL,NK,1.0,24.31
2025,1,ATL,FLL,NK,1.0,24.5
2025,1,ATL,FLL,NK,1.0,24.99
2025,1,ATL,FLL,NK,1.0,25.03
2025,1,ATL,FLL,NK,1.0,25.29
2025,1,ATL,FLL,NK,1.0,25.5
2025,1,ATL,FLL,NK,1.0,25.5
2025,1,ATL,FLL,NK,1.0,25.79
2025,1,ATL,FLL,NK,1.0,25.81
2025,1,ATL,FLL,NK,1.0,26.29
2025,1,ATL,FLL,NK,1.0,27.0
2025,1,ATL,FLL,NK,1.0,27.39
2025,1,ATL,FLL,NK,1.0,27.5
2025,1,ATL,FLL,NK,1.0,27.58
2025,1,ATL,FLL,NK,1.0,27.77
2025,1,ATL,FLL,NK,1.0,27.94
2025,1,ATL,FLL,NK,1.0,28.01
2025,1,ATL,FLL,NK,1.0,28.06
2025,1,ATL,FLL,NK,1.0,28.3
2025,1,ATL,FLL,NK,1.0,28.5
2025,1,ATL,FLL,NK,1.0,28.75
2025,1,ATL,FLL,NK,1.0,29.76
2025,1,ATL,FLL,NK,1.0,29.77
2025,1,ATL,FLL,NK,1.0,30.0
2025,1,ATL,FLL,NK,1.0,30.06
2025,1,ATL,FLL,NK,1.0,30.5
2025,1,ATL,FLL,NK,1.0,30.5
2025,1,ATL,FLL,NK,1.0,30.6
2025,1,ATL,FLL,NK,1.0,31.07
2025,1,ATL,FLL,NK,1.0,31.5
2025,1,ATL,FLL,NK,1.0,31.62
2025,1,ATL,FLL,NK,1.0,31.85
2025,1,ATL,FLL,NK,1.0,32.36
2025,1,ATL,FLL,NK,1.0,32.53
2025,1,ATL,FLL,NK,1.0,32.85
2025,1,ATL,FLL,NK,1.0,32.89
2025,1,ATL,FLL,NK,1.0,33.27
2025,1,ATL,FLL,NK,1.0,34.27
2025,1,ATL,FLL,NK,1.0,34.4
2025,1,ATL,FLL,NK,1.0,34.72
2025,1,ATL,FLL,NK,1.0,35.04
2025,1,ATL,FLL,NK,1.0,35.46
2025,1,ATL,FLL,NK,1.0,35.59
2025,1,ATL,FLL,NK,1.0,37.01
2025,1,ATL,FLL,NK,1.0,38.0
2025,1,ATL,FLL,NK,1.0,38.0
2025,1,ATL,FLL,NK,1.0,38.37
2025,1,ATL,FLL,NK,1.0,38.41
2025,1,ATL,FLL,NK,1.0,38.57
2025,1,ATL,FLL,NK,1.0,38.86
2025,1,ATL,FLL,NK,1.0,39.78
2025,1,ATL,FLL,NK,1.0,39.82
2025,1,ATL,FLL,NK,1.0,41.04
2025,1,ATL,FLL,NK,1.0,41.35
2025,1,ATL,FLL,NK,1.0,41.85
2025,1,ATL,FLL,NK,1.0,41.87
2025,1,ATL,FLL,NK,1.0,42.59
2025,1,ATL,FLL,NK,1.0,42.66
2025,1,ATL,FLL,NK,1.0,43.0
2025,1,ATL,FLL,NK,1.0,43.02
2025,1,ATL,FLL,NK,1.0,43.05
2025,1,ATL,FLL,NK,1.0,43.11
2025,1,ATL,FLL,NK,1.0,43.21
2025,1,ATL,FLL,NK,1.0,43.74
2025,1,ATL,FLL,NK,1.0,44.12
2025,1,ATL,FLL,NK,1.0,45.0
2025,1,ATL,FLL,NK,1.0,45.5
2025,1,ATL,FLL,NK,1.0,46.11
2025,1,ATL,FLL,NK,1.0,46.67
2025,1,ATL,FLL,NK,1.0,46.95
2025,1,ATL,FLL,NK,1.0,47.0
2025,1,ATL,FLL,NK,1.0,47.51
2025,1,ATL,FLL,NK,1.0,48.86
2025,1,ATL,FLL,NK,1.0,49.05
2025,1,ATL,FLL,NK,1.0,49.35
2025,1,ATL,FLL,NK,1.0,49.45
2025,1,ATL,FLL,NK,1.0,50.0
2025,1,ATL,FLL,NK,1.0,50.0
2025,1,ATL,FLL,NK,1.0,50.15
2025,1,ATL,FLL,NK,1.0,51.5
2025,1,ATL,FLL,NK,1.0,51.92
2025,1,ATL,FLL,NK,1.0,52.0
2025,1,ATL,FLL,NK,1.0,52.0
2025,1,ATL,FLL,NK,1.0,52.16
2025,1,ATL,FLL,NK,1.0,52.94
2025,1,ATL,FLL,NK,1.0,53.03
2025,1,ATL,FLL,NK,1.0,54.49
2025,1,ATL,FLL,NK,1.0,55.0
2025,1,ATL,FLL,NK,1.0,55.0
2025,1,ATL,FLL,NK,1.0,55.34
2025,1,ATL,FLL,NK,1.0,55.93
2025,1,ATL,FLL,NK,1.0,56.45
2025,1,ATL,FLL,NK,1.0,56.8
2025,1,ATL,FLL,NK,1.0,57.0
2025,1,ATL,FLL,NK,1.0,57.41
2025,1,ATL,FLL,NK,1.0,57.59
2025,1,ATL,FLL,NK,1.0,57.99
2025,1,ATL,FLL,NK,1.0,58.22
2025,1,ATL,FLL,NK,1.0,58.63
2025,1,ATL,FLL,NK,1.0,59.11
2025,1,ATL,FLL,NK,1.0,59.87
2025,1,ATL,FLL,NK,1.0,59.9
2025,1,ATL,FLL,NK,1.0,60.5
2025,1,ATL,FLL,NK,1.0,60.65
2025,1,ATL,FLL,NK,1.0,61.0
2025,1,ATL,FLL,NK,1.0,61.0
2025,1,ATL,FLL,NK,1.0,61.31
2025,1,ATL,FLL,NK,1.0,62.15
2025,1,ATL,FLL,NK,1.0,62.44
2025,1,ATL,FLL,NK,1.0,63.99
2025,1,ATL,FLL,NK,1.0,64.5
2025,1,ATL,FLL,NK,1.0,64.5
2025,1,ATL,FLL,NK,1.0,65.0
2025,1,ATL,FLL,NK,1.0,65.14
2025,1,ATL,FLL,NK,1.0,65.5
2025,1,ATL,FLL,NK,1.0,66.18
2025,1,ATL,FLL,NK,1.0,66.24
2025,1,ATL,FLL,NK,1.0,66.43
2025,1,ATL,FLL,NK,1.0,66.86
2025,1,ATL,FLL,NK,1.0,66.93
2025,1,ATL,FLL,NK,1.0,67.0
2025,1,ATL,FLL,NK,1.0,67.0
2025,1,ATL,FLL,NK,1.0,67.13
2025,1,ATL,FLL,NK,1.0,67.44
2025,1,ATL,FLL,NK,1.0,67.57
2025,1,ATL,FLL,NK,1.0,68.52
2025,1,ATL,FLL,NK,1.0,68.98
2025,1,ATL,FLL,NK,1.0,69.5
2025,1,ATL,FLL,NK,1.0,70.0
2025,1,ATL,FLL,NK,1.0,70.01
2025,1,ATL,FLL,NK,1.0,70.35
2025,1,ATL,FLL,NK,1.0,70.5
2025,1,ATL,FLL,NK,1.0,71.0
2025,1,ATL,FLL,NK,1.0,72.0
2025,1,ATL,FLL,NK,1.0,73.0
2025,1,ATL,FLL,NK,1.0,73.0
2025,1,ATL,FLL,NK,1.0,73.52
2025,1,ATL,FLL,NK,1.0,74.01
2025,1,ATL,FLL,NK,1.0,74.5
2025,1,ATL,FLL,NK,1.0,74.81
2025,1,ATL,FLL,NK,1.0,75.0
2025,1,ATL,FLL,NK,1.0,76.0
2025,1,ATL,FLL,NK,1.0,77.0
2025,1,ATL,FLL,NK,1.0,77.93
2025,1,ATL,FLL,NK,1.0,78.0
2025,1,ATL,FLL,NK,1.0,78.0
2025,1,ATL,FLL,NK,1.0,78.5
2025,1,ATL,FLL,NK,1.0,79.0
2025,1,ATL,FLL,NK,1.0,79.09
2025,1,ATL,FLL,NK,1.0,79.2
2025,1,ATL,FLL,NK,1.0,79.5
2025,1,ATL,FLL,NK,1.0,79.5
2025,1,ATL,FLL,NK,1.0,80.0
2025,1,ATL,FLL,NK,1.0,81.32
2025,1,ATL,FLL,NK,1.0,82.0
2025,1,ATL,FLL,NK,1.0,82.0
2025,1,ATL,FLL,NK,1.0,82.18
2025,1,ATL,FLL,NK,1.0,83.0
2025,1,ATL,FLL,NK,1.0,83.0
2025,1,ATL,FLL,NK,1.0,83.24
2025,1,ATL,FLL,NK,1.0,84.0
2025,1,ATL,FLL,NK,1.0,84.5
2025,1,ATL,FLL,NK,1.0,84.52
2025,1,ATL,FLL,NK,1.0,85.0
2025,1,ATL,FLL,NK,1.0,85.0
2025,1,ATL,FLL,NK,1.0,85.5
2025,1,ATL,FLL,NK,1.0,85.5
2025,1,ATL,FLL,NK,1.0,86.11
2025,1,ATL,FLL,NK,1.0,87.5
2025,1,ATL,FLL,NK,1.0,88.0
2025,1,ATL,FLL,NK,1.0,89.5
2025,1,ATL,FLL,NK,1.0,89.5
2025,1,ATL,FLL,NK,1.0,89.5
2025,1,ATL,FLL,NK,1.0,90.0
2025,1,ATL,FLL,NK,1.0,90.0
2025,1,ATL,FLL,NK,1.0,90.0
2025,1,ATL,FLL,NK,1.0,90.35
2025,1,ATL,FLL,NK,1.0,90.5
2025,1,ATL,FLL,NK,1.0,92.22
2025,1,ATL,FLL,NK,1.0,92.5
2025,1,ATL,FLL,NK,1.0,92.5
2025,1,ATL,FLL,NK,1.0,93.0
2025,1,ATL,FLL,NK,1.0,93.5
2025,1,ATL,FLL,NK,1.0,94.5
2025,1,ATL,FLL,NK,1.0,95.0
2025,1,ATL,FLL,NK,1.0,95.5
2025,1,ATL,FLL,NK,1.0,95.71
2025,1,ATL,FLL,NK,1.0,96.0
2025,1,ATL,FLL,NK,1.0,96.5
2025,1,ATL,FLL,NK,1.0,96.5
2025,1,ATL,FLL,NK,1.0,97.0
2025,1,ATL,FLL,NK,1.0,97.0
2025,1,ATL,FLL,NK,1.0,97.5
2025,1,ATL,FLL,NK,1.0,98.0
2025,1,ATL,FLL,NK,1.0,98.5
2025,1,ATL,FLL,NK,1.0,99.5
2025,1,ATL,FLL,NK,1.0,101.0
2025,1,ATL,FLL,NK,1.0,101.69
2025,1,ATL,FLL,NK,1.0,105.0
2025,1,ATL,FLL,NK,1.0,105.0
2025,1,ATL,FLL,NK,1.0,105.5
2025,1,ATL,FLL,NK,1.0,106.5
2025,1,ATL,FLL,NK,1.0,107.5
2025,1,ATL,FLL,NK,1.0,108.0
2025,1,ATL,FLL,NK,1.0,108.5
2025,1,ATL,FLL,NK,1.0,108.59
2025,1,ATL,FLL,NK,1.0,109.4
2025,1,ATL,FLL,NK,1.0,109.5
2025,1,ATL,FLL,NK,1.0,109.5
2025,1,ATL,FLL,NK,1.0,110.0
2025,1,ATL,FLL,NK,1.0,110.0
2025,1,ATL,FLL,NK,1.0,110.5
2025,1,ATL,FLL,NK,1.0,110.5
2025,1,ATL,FLL,NK,1.0,111.0
2025,1,ATL,FLL,NK,1.0,112.0
2025,1,ATL,FLL,NK,1.0,112.5
2025,1,ATL,FLL,NK,1.0,113.0
2025,1,ATL,FLL,NK,1.0,113.0
2025,1,ATL,FLL,NK,1.0,113.0
2025,1,ATL,FLL,NK,1.0,114.0
2025,1,ATL,FLL,NK,1.0,114.0
2025,1,ATL,FLL,NK,1.0,114.5
2025,1,ATL,FLL,NK,1.0,115.0
2025,1,ATL,FLL,NK,1.0,115.4
2025,1,ATL,FLL,NK,1.0,116.0
2025,1,ATL,FLL,NK,1.0,116.0
2025,1,ATL,FLL,NK,1.0,116.62
2025,1,ATL,FLL,NK,1.0,117.0
2025,1,ATL,FLL,NK,1.0,118.0
2025,1,ATL,FLL,NK,1.0,119.5
2025,1,ATL,FLL,NK,1.0,120.5
2025,1,ATL,FLL,NK,1.0,122.0
2025,1,ATL,FLL,NK,1.0,122.0
2025,1,ATL,FLL,NK,1.0,123.0
2025,1,ATL,FLL,NK,1.0,124.5
2025,1,ATL,FLL,NK,1.0,125.5
2025,1,ATL,FLL,NK,1.0,126.5
2025,1,ATL,FLL,NK,1.0,127.0
2025,1,ATL,FLL,NK,1.0,127.0
2025,1,ATL,FLL,NK,1.0,128.0
2025,1,ATL,FLL,NK,1.0,128.5
2025,1,ATL,FLL,NK,1.0,130.83
2025,1,ATL,FLL,NK,1.0,131.0
2025,1,ATL,FLL,NK,1.0,134.0
2025,1,ATL,FLL,NK,1.0,136.0
2025,1,ATL,FLL,NK,1.0,137.05
2025,1,ATL,FLL,NK,1.0,137.5
2025,1,ATL,FLL,NK,1.0,138.0
2025,1,ATL,FLL,NK,1.0,138.42
2025,1,ATL,FLL,NK,1.0,138.5
2025,1,ATL,FLL,NK,1.0,139.0
2025,1,ATL,FLL,NK,1.0,139.5
2025,1,ATL,FLL,NK,1.0,140.0
2025,1,ATL,FLL,NK,1.0,140.65
2025,1,ATL,FLL,NK,1.0,141.0
2025,1,ATL,FLL,NK,1.0,141.0
2025,1,ATL,FLL,NK,1.0,141.0
2025,1,ATL,FLL,NK,1.0,141.5
2025,1,ATL,FLL,NK,1.0,143.0
2025,1,ATL,FLL,NK,1.0,144.0
2025,1,ATL,FLL,NK,1.0,145.5
2025,1,ATL,FLL,NK,1.0,146.0
2025,1,ATL,FLL,NK,1.0,146.5
2025,1,ATL,FLL,NK,1.0,147.0
2025,1,ATL,FLL,NK,1.0,147.5
2025,1,ATL,FLL,NK,1.0,147.5
2025,1,ATL,FLL,NK,1.0,148.0
2025,1,ATL,FLL,NK,1.0,148.5
2025,1,ATL,FLL,NK,1.0,150.5
2025,1,ATL,FLL,NK,1.0,151.0
2025,1,ATL,FLL,NK,1.0,151.0
2025,1,ATL,FLL,NK,1.0,152.0
2025,1,ATL,FLL,NK,1.0,152.5
2025,1,ATL,FLL,NK,1.0,153.5
2025,1,ATL,FLL,NK,1.0,154.0
2025,1,ATL,FLL,NK,1.0,155.0
2025,1,ATL,FLL,NK,1.0,155.5
2025,1,ATL,FLL,NK,1.0,157.0
2025,1,ATL,FLL,NK,1.0,160.0
2025,1,ATL,FLL,NK,1.0,161.5
2025,1,ATL,FLL,NK,1.0,162.0
2025,1,ATL,FLL,NK,1.0,162.0
2025,1,ATL,FLL,NK,1.0,163.0
2025,1,ATL,FLL,NK,1.0,163.5
2025,1,ATL,FLL,NK,1.0,164.0
2025,1,ATL,FLL,NK,1.0,166.16
2025,1,ATL,FLL,NK,1.0,166.5
2025,1,ATL,FLL,NK,1.0,168.0
2025,1,ATL,FLL,NK,1.0,168.0
2025,1,ATL,FLL,NK,1.0,170.0
2025,1,ATL,FLL,NK,1.0,170.5
2025,1,ATL,FLL,NK,1.0,171.0
2025,1,ATL,FLL,NK,1.0,173.0
2025,1,ATL,FLL,NK,1.0,174.0
2025,1,ATL,FLL,NK,1.0,174.0
2025,1,ATL,FLL,NK,1.0,175.0
2025,1,ATL,FLL,NK,1.0,176.0
2025,1,ATL,FLL,NK,1.0,177.0
2025,1,ATL,FLL,NK,1.0,178.5
2025,1,ATL,FLL,NK,1.0,179.0
2025,1,ATL,FLL,NK,1.0,181.0
2025,1,ATL,FLL,NK,1.0,183.5
2025,1,ATL,FLL,NK,1.0,185.5
2025,1,ATL,FLL,NK,1.0,185.64
2025,1,ATL,FLL,NK,1.0,189.0
2025,1,ATL,FLL,NK,1.0,192.0
2025,1,ATL,FLL,NK,1.0,193.0
2025,1,ATL,FLL,NK,1.0,193.0
2025,1,ATL,FLL,NK,1.0,193.63
2025,1,ATL,FLL,NK,1.0,195.5
2025,1,ATL,FLL,NK,1.0,196.5
2025,1,ATL,FLL,NK,1.0,197.0
2025,1,ATL,FLL,NK,1.0,198.0
2025,1,ATL,FLL,NK,1.0,198.5
2025,1,ATL,FLL,NK,1.0,202.0
2025,1,ATL,FLL,NK,1.0,203.0
2025,1,ATL,FLL,NK,1.0,204.0
2025,1,ATL,FLL,NK,1.0,210.5
2025,1,ATL,FLL,NK,1.0,211.0
2025,1,ATL,FLL,NK,1.0,216.0
2025,1,ATL,FLL,NK,1.0,216.53
2025,1,ATL,FLL,NK,1.0,217.5
2025,1,ATL,FLL,NK,1.0,220.0
2025,1,ATL,FLL,NK,1.0,223.0
2025,1,ATL,FLL,NK,1.0,224.0
2025,1,ATL,FLL,NK,1.0,236.0
2025,1,ATL,FLL,NK,1.0,241.0
2025,1,ATL,FLL,NK,1.0,245.31
2025,1,ATL,FLL,NK,1.0,246.5
2025,1,ATL,FLL,NK,1.0,247.0
2025,1,ATL,FLL,NK,1.0,248.5
2025,1,ATL,FLL,NK,1.0,251.0
2025,1,ATL,FLL,NK,1.0,251.0
2025,1,ATL,FLL,NK,1.0,257.0
2025,1,ATL,FLL,NK,1.0,259.82
2025,1,ATL,FLL,NK,1.0,263.0
2025,1,ATL,FLL,NK,1.0,285.0
2025,1,ATL,FLL,NK,1.0,286.0
2025,1,ATL,FLL,NK,1.0,293.0
2025,1,ATL,FLL,NK,1.0,295.0
2025,1,ATL,FLL,NK,1.0,299.0
2025,1,ATL,FLL,NK,1.0,304.0
2025,1,ATL,FLL,NK,1.0,319.0
2025,1,ATL,FLL,NK,1.0,322.5
2025,1,ATL,FLL,NK,1.0,376.0
2025,1,ATL,FLL,NK,1.0,379.0
2025,1,ATL,FLL,NK,1.0,382.0
2025,1,ATL,FLL,NK,1.0,386.0
2025,1,ATL,FLL,NK,1.0,525.0
2025,1,ATL,FLL,NK,2.0,11.0
2025,1,ATL,FLL,NK,2.0,12.02
2025,1,ATL,FLL,NK,2.0,15.0
2025,1,ATL,FLL,NK,2.0,17.33
2025,1,ATL,FLL,NK,2.0,19.5
2025,1,ATL,FLL,NK,2.0,19.5
2025,1,ATL,FLL,NK,2.0,20.0
2025,1,ATL,FLL,NK,2.0,20.0
2025,1,ATL,FLL,NK,2.0,23.5
2025,1,ATL,FLL,NK,2.0,27.0
2025,1,ATL,FLL,NK,2.0,27.0
2025,1,ATL,FLL,NK,2.0,27.5
2025,1,ATL,FLL,NK,2.0,29.5
2025,1,ATL,FLL,NK,2.0,32.0
2025,1,ATL,FLL,NK,2.0,32.0
2025,1,ATL,FLL,NK,2.0,36.5
2025,1,ATL,FLL,NK,2.0,40.5
2025,1,ATL,FLL,NK,2.0,42.0
2025,1,ATL,FLL,NK,2.0,48.09
2025,1,ATL,FLL,NK,2.0,48.53
2025,1,ATL,FLL,NK,2.0,49.5
2025,1,ATL,FLL,NK,2.0,49.5
2025,1,ATL,FLL,NK,2.0,50.5
2025,1,ATL,FLL,NK,2.0,52.0
2025,1,ATL,FLL,NK,2.0,53.0
2025,1,ATL,FLL,NK,2.0,54.5
2025,1,ATL,FLL,NK,2.0,54.5
2025,1,ATL,FLL,NK,2.0,55.5
2025,1,ATL,FLL,NK,2.0,57.0
2025,1,ATL,FLL,NK,2.0,58.5
2025,1,ATL,FLL,NK,2.0,62.0
2025,1,ATL,FLL,NK,2.0,62.5
2025,1,ATL,FLL,NK,2.0,63.0
2025,1,ATL,FLL,NK,2.0,65.0
2025,1,ATL,FLL,NK,2.0,66.0
2025,1,ATL,FLL,NK,2.0,66.0
2025,1,ATL,FLL,NK,2.0,67.0
2025,1,ATL,FLL,NK,2.0,70.0
2025,1,ATL,FLL,NK,2.0,70.0
2025,1,ATL,FLL,NK,2.0,70.5
2025,1,ATL,FLL,NK,2.0,71.0
2025,1,ATL,FLL,NK,2.0,72.0
2025,1,ATL,FLL,NK,2.0,73.0
2025,1,ATL,FLL,NK,2.0,75.5
2025,1,ATL,FLL,NK,2.0,75.5
2025,1,ATL,FLL,NK,2.0,77.0
2025,1,ATL,FLL,NK,2.0,80.0
2025,1,ATL,FLL,NK,2.0,80.5
2025,1,ATL,FLL,NK,2.0,83.0
2025,1,ATL,FLL,NK,2.0,85.0
2025,1,ATL,FLL,NK,2.0,87.0
2025,1,ATL,FLL,NK,2.0,91.5
2025,1,ATL,FLL,NK,2.0,94.5
2025,1,ATL,FLL,NK,2.0,96.0
2025,1,ATL,FLL,NK,2.0,96.0
2025,1,ATL,FLL,NK,2.0,98.0
2025,1,ATL,FLL,NK,2.0,98.15
2025,1,ATL,FLL,NK,2.0,100.0
2025,1,ATL,FLL,NK,2.0,100.0
2025,1,ATL,FLL,NK,2.0,101.0
2025,1,ATL,FLL,NK,2.0,101.0
2025,1,ATL,FLL,NK,2.0,101.5
2025,1,ATL,FLL,NK,2.0,102.0
2025,1,ATL,FLL,NK,2.0,102.5
2025,1,ATL,FLL,NK,2.0,102.5
2025,1,ATL,FLL,NK,2.0,105.0
2025,1,ATL,FLL,NK,2.0,105.5
2025,1,ATL,FLL,NK,2.0,108.0
2025,1,ATL,FLL,NK,2.0,112.5
2025,1,ATL,FLL,NK,2.0,113.5
2025,1,ATL,FLL,NK,2.0,114.0
2025,1,ATL,FLL,NK,2.0,114.5
2025,1,ATL,FLL,NK,2.0,117.0
2025,1,ATL,FLL,NK,2.0,118.0
2025,1,ATL,FLL,NK,2.0,119.0
2025,1,ATL,FLL,NK,2.0,121.0
2025,1,ATL,FLL,NK,2.0,121.5
2025,1,ATL,FLL,NK,2.0,122.0
2025,1,ATL,FLL,NK,2.0,123.5
2025,1,ATL,FLL,NK,2.0,125.0
2025,1,ATL,FLL,NK,2.0,126.0
2025,1,ATL,FLL,NK,2.0,128.0
2025,1,ATL,FLL,NK,2.0,128.5
2025,1,ATL,FLL,NK,2.0,130.0
2025,1,ATL,FLL,NK,2.0,130.5
2025,1,ATL,FLL,NK,2.0,131.0
2025,1,ATL,FLL,NK,2.0,132.0
2025,1,ATL,FLL,NK,2.0,133.0
2025,1,ATL,FLL,NK,2.0,135.0
2025,1,ATL,FLL,NK,2.0,136.0
2025,1,ATL,FLL,NK,2.0,137.0
2025,1,ATL,FLL,NK,2.0,137.5
2025,1,ATL,FLL,NK,2.0,140.5
2025,1,ATL,FLL,NK,2.0,143.5
2025,1,ATL,FLL,NK,2.0,144.0
2025,1,ATL,FLL,NK,2.0,146.5
2025,1,ATL,FLL,NK,2.0,150.0
2025,1,ATL,FLL,NK,2.0,151.5
2025,1,ATL,FLL,NK,2.0,151.5
2025,1,ATL,FLL,NK,2.0,156.0
2025,1,ATL,FLL,NK,2.0,158.0
2025,1,ATL,FLL,NK,2.0,158.5
2025,1,ATL,FLL,NK,2.0,159.0
2025,1,ATL,FLL,NK,2.0,162.0
2025,1,ATL,FLL,NK,2.0,171.0
2025,1,ATL,FLL,NK,2.0,174.0
2025,1,ATL,FLL,NK,2.0,181.0
2025,1,ATL,FLL,NK,2.0,182.0
2025,1,ATL,FLL,NK,2.0,184.0
2025,1,ATL,FLL,NK,2.0,194.0
2025,1,ATL,FLL,NK,2.0,208.0
2025,1,ATL,FLL,NK,2.0,298.0
2025,1,ATL,FLL,NK,2.0,322.0
2025,1,ATL,FLL,NK,3.0,16.0
2025,1,ATL,FLL,NK,3.0,24.0
2025,1,ATL,FLL,NK,3.0,25.0
2025,1,ATL,FLL,NK,3.0,31.5
2025,1,ATL,FLL,NK,3.0,34.5
2025,1,ATL,FLL,NK,3.0,35.0
2025,1,ATL,FLL,NK,3.0,37.5
2025,1,ATL,FLL,NK,3.0,39.5
2025,1,ATL,FLL,NK,3.0,40.0
2025,1,ATL,FLL,NK,3.0,42.0
2025,1,ATL,FLL,NK,3.0,45.5
2025,1,ATL,FLL,NK,3.0,50.0
2025,1,ATL,FLL,NK,3.0,52.5
2025,1,ATL,FLL,NK,3.0,53.0
2025,1,ATL,FLL,NK,3.0,55.0
2025,1,ATL,FLL,NK,3.0,58.0
2025,1,ATL,FLL,NK,3.0,59.5
2025,1,ATL,FLL,NK,3.0,59.5
2025,1,ATL,FLL,NK,3.0,60.5
2025,1,ATL,FLL,NK,3.0,60.5
2025,1,ATL,FLL,NK,3.0,62.0
2025,1,ATL,FLL,NK,3.0,62.0
2025,1,ATL,FLL,NK,3.0,63.0
2025,1,ATL,FLL,NK,3.0,63.0
2025,1,ATL,FLL,NK,3.0,67.5
2025,1,ATL,FLL,NK,3.0,68.0
2025,1,ATL,FLL,NK,3.0,72.5
2025,1,ATL,FLL,NK,3.0,73.5
2025,1,ATL,FLL,NK,3.0,75.0
2025,1,ATL,FLL,NK,3.0,77.0
2025,1,ATL,FLL,NK,3.0,77.5
2025,1,ATL,FLL,NK,3.0,80.0
2025,1,ATL,FLL,NK,3.0,84.0
2025,1,ATL,FLL,NK,3.0,86.0
2025,1,ATL,FLL,NK,3.0,87.0
2025,1,ATL,FLL,NK,3.0,87.5
2025,1,ATL,FLL,NK,3.0,88.0
2025,1,ATL,FLL,NK,3.0,91.5
2025,1,ATL,FLL,NK,3.0,92.0
2025,1,ATL,FLL,NK,3.0,95.5
2025,1,ATL,FLL,NK,3.0,96.0
2025,1,ATL,FLL,NK,3.0,99.0
2025,1,ATL,FLL,NK,3.0,101.5
2025,1,ATL,FLL,NK,3.0,103.5
2025,1,ATL,FLL,NK,3.0,106.5
2025,1,ATL,FLL,NK,3.0,108.0
2025,1,ATL,FLL,NK,3.0,109.0
2025,1,ATL,FLL,NK,3.0,111.0
2025,1,ATL,FLL,NK,3.0,111.5
2025,1,ATL,FLL,NK,3.0,113.5
2025,1,ATL,FLL,NK,3.0,116.5
2025,1,ATL,FLL,NK,3.0,119.0
2025,1,ATL,FLL,NK,3.0,123.0
2025,1,ATL,FLL,NK,3.0,124.0
2025,1,ATL,FLL,NK,3.0,125.5
2025,1,ATL,FLL,NK,3.0,126.5
2025,1,ATL,FLL,NK,3.0,129.0
2025,1,ATL,FLL,NK,3.0,129.5
2025,1,ATL,FLL,NK,3.0,132.0
2025,1,ATL,FLL,NK,3.0,133.5
2025,1,ATL,FLL,NK,3.0,133.5
2025,1,ATL,FLL,NK,3.0,134.0
2025,1,ATL,FLL,NK,3.0,136.0
2025,1,ATL,FLL,NK,3.0,143.0
2025,1,ATL,FLL,NK,3.0,146.0
2025,1,ATL,FLL,NK,3.0,158.5
2025,1,ATL,FLL,NK,3.0,159.0
2025,1,ATL,FLL,NK,3.0,161.5
2025,1,ATL,FLL,NK,3.0,164.0
2025,1,ATL,FLL,NK,3.0,196.0
2025,1,ATL,FLL,NK,3.0,207.0
2025,1,ATL,FLL,NK,4.0,15.5
2025,1,ATL,FLL,NK,4.0,20.0
2025,1,ATL,FLL,NK,4.0,26.0
2025,1,ATL,FLL,NK,4.0,28.5
2025,1,ATL,FLL,NK,4.0,29.0
2025,1,ATL,FLL,NK,4.0,30.0
2025,1,ATL,FLL,NK,4.0,33.0
2025,1,ATL,FLL,NK,4.0,34.5
2025,1,ATL,FLL,NK,4.0,35.0
2025,1,ATL,FLL,NK,4.0,37.5
2025,1,ATL,FLL,NK,4.0,42.0
2025,1,ATL,FLL,NK,4.0,48.0
2025,1,ATL,FLL,NK,4.0,51.5
2025,1,ATL,FLL,NK,4.0,53.0
2025,1,ATL,FLL,NK,4.0,55.5
2025,1,ATL,FLL,NK,4.0,57.0
2025,1,ATL,FLL,NK,4.0,58.5
2025,1,ATL,FLL,NK,4.0,60.0
2025,1,ATL,FLL,NK,4.0,68.0
2025,1,ATL,FLL,NK,4.0,68.5
2025,1,ATL,FLL,NK,4.0,77.5
2025,1,ATL,FLL,NK,4.0,79.0
2025,1,ATL,FLL,NK,4.0,81.0
2025,1,ATL,FLL,NK,4.0,81.5
2025,1,ATL,FLL,NK,4.0,88.0
2025,1,ATL,FLL,NK,4.0,103.0
2025,1,ATL,FLL,NK,4.0,108.5
2025,1,ATL,FLL,NK,4.0,116.0
2025,1,ATL,FLL,NK,4.0,118.5
2025,1,ATL,FLL,NK,4.0,120.0
2025,1,ATL,FLL,NK,4.0,120.5
2025,1,ATL,FLL,NK,4.0,123.5
2025,1,ATL,FLL,NK,4.0,136.5
2025,1,ATL,FLL,NK,4.0,142.0
2025,1,ATL,FLL,NK,4.0,143.5
2025,1,ATL,FLL,NK,4.0,152.0
2025,1,ATL,FLL,NK,4.0,155.0
2025,1,ATL,FLL,NK,4.0,172.0
2025,1,ATL,FLL,NK,5.0,19.0
2025,1,ATL,FLL,NK,5.0,21.0
2025,1,ATL,FLL,NK,5.0,25.0
2025,1,ATL,FLL,NK,5.0,29.5
2025,1,ATL,FLL,NK,5.0,36.5
2025,1,ATL,FLL,NK,5.0,37.0
2025,1,ATL,FLL,NK,5.0,40.5
2025,1,ATL,FLL,NK,5.0,44.5
2025,1,ATL,FLL,NK,5.0,47.0
2025,1,ATL,FLL,NK,5.0,47.5
2025,1,ATL,FLL,NK,5.0,48.0
2025,1,ATL,FLL,NK,5.0,56.0
2025,1,ATL,FLL,NK,5.0,58.0
2025,1,ATL,FLL,NK,5.0,64.0
2025,1,ATL,FLL,NK,5.0,71.5
2025,1,ATL,FLL,NK,5.0,72.5
2025,1,ATL,FLL,NK,5.0,76.5
2025,1,ATL,FLL,NK,5.0,78.5
2025,1,ATL,FLL,NK,5.0,81.0
2025,1,ATL,FLL,NK,5.0,82.0
2025,1,ATL,FLL,NK,5.0,83.0
2025,1,ATL,FLL,NK,5.0,83.5
2025,1,ATL,FLL,NK,5.0,86.5
2025,1,ATL,FLL,NK,5.0,93.5
2025,1,ATL,FLL,NK,5.0,98.5
2025,1,ATL,FLL,NK,5.0,99.0
2025,1,ATL,FLL,NK,5.0,104.0
2025,1,ATL,FLL,NK,5.0,111.0
2025,1,ATL,FLL,NK,5.0,112.0
2025,1,ATL,FLL,NK,5.0,121.0
2025,1,ATL,FLL,NK,5.0,121.5
2025,1,ATL,FLL,NK,5.0,124.0
2025,1,ATL,FLL,NK,5.0,131.5
2025,1,ATL,FLL,NK,5.0,136.5
2025,1,ATL,FLL,NK,5.0,151.0
2025,1,ATL,FLL,NK,5.0,153.0
2025,1,ATL,FLL,NK,5.0,379.0
2025,1,ATL,FLL,NK,6.0,21.0
2025,1,ATL,FLL,NK,6.0,25.0
2025,1,ATL,FLL,NK,6.0,28.0
2025,1,ATL,FLL,NK,6.0,32.0
2025,1,ATL,FLL,NK,6.0,33.0
2025,1,ATL,FLL,NK,6.0,34.0
2025,1,ATL,FLL,NK,6.0,35.5
2025,1,ATL,FLL,NK,6.0,37.0
2025,1,ATL,FLL,NK,6.0,39.5
2025,1,ATL,FLL,NK,6.0,46.0
2025,1,ATL,FLL,NK,6.0,47.5
2025,1,ATL,FLL,NK,6.0,48.0
2025,1,ATL,FLL,NK,6.0,48.5
2025,1,ATL,FLL,NK,6.0,61.0
2025,1,ATL,FLL,NK,6.0,68.0
2025,1,ATL,FLL,NK,6.0,71.5
2025,1,ATL,FLL,NK,6.0,73.0
2025,1,ATL,FLL,NK,6.0,76.0
2025,1,ATL,FLL,NK,6.0,100.0
2025,1,ATL,FLL,NK,6.0,106.0
2025,1,ATL,FLL,NK,6.0,109.0
2025,1,ATL,FLL,NK,6.0,116.5
2025,1,ATL,FLL,NK,6.0,118.5
2025,1,ATL,FLL,NK,6.0,126.0
2025,1,ATL,FLL,NK,6.0,126.0
2025,1,ATL,FLL,NK,6.0,131.5
2025,1,ATL,FLL,NK,6.0,139.0
2025,1,ATL,FLL,NK,6.0,139.0
2025,1,ATL,FLL,NK,6.0,149.0
2025,1,ATL,FLL,NK,7.0,26.0
2025,1,ATL,FLL,NK,7.0,28.0
2025,1,ATL,FLL,NK,7.0,29.0
2025,1,ATL,FLL,NK,7.0,35.5
2025,1,ATL,FLL,NK,7.0,40.0
2025,1,ATL,FLL,NK,7.0,53.5
2025,1,ATL,FLL,NK,7.0,60.0
2025,1,ATL,FLL,NK,7.0,73.5
2025,1,ATL,FLL,NK,7.0,78.0
2025,1,ATL,FLL,NK,7.0,79.0
2025,1,ATL,FLL,NK,7.0,91.0
2025,1,ATL,FLL,NK,7.0,94.0
2025,1,ATL,FLL,NK,7.0,97.0
2025,1,ATL,FLL,NK,7.0,106.0
2025,1,ATL,FLL,NK,7.0,149.0
2025,1,ATL,FLL,NK,8.0,24.0
2025,1,ATL,FLL,NK,8.0,26.5
2025,1,ATL,FLL,NK,8.0,30.0
2025,1,ATL,FLL,NK,8.0,32.5
2025,1,ATL,FLL,NK,8.0,33.5
2025,1,ATL,FLL,NK,8.0,40.0
2025,1,ATL,FLL,NK,8.0,47.0
2025,1,ATL,FLL,NK,8.0,53.5
2025,1,ATL,FLL,NK,8.0,65.0
2025,1,ATL,FLL,NK,8.0,66.0
2025,1,ATL,FLL,NK,8.0,66.5
2025,1,ATL,FLL,NK,8.0,83.5
2025,1,ATL,FLL,NK,8.0,86.0
2025,1,ATL,FLL,NK,8.0,86.5
2025,1,ATL,FLL,NK,8.0,92.0
2025,1,ATL,FLL,NK,8.0,103.0
2025,1,ATL,FLL,NK,8.0,104.0
2025,1,ATL,FLL,NK,8.0,106.0
2025,1,ATL,FLL,NK,8.0,166.0
2025,1,ATL,FLL,NK,8.0,199.0
2025,1,ATL,FLL,NK,9.0,21.0
2025,1,ATL,FLL,NK,9.0,29.0
2025,1,ATL,FLL,NK,9.0,43.0
2025,1,ATL,FLL,NK,9.0,48.5
2025,1,ATL,FLL,NK,9.0,61.0
2025,1,ATL,FLL,NK,9.0,66.5
2025,1,ATL,FLL,NK,9.0,68.5
2025,1,ATL,FLL,NK,9.0,76.5
2025,1,ATL,FLL,NK,9.0,84.0
2025,1,ATL,FLL,NK,9.0,91.0
2025,1,ATL,FLL,NK,9.0,107.0
2025,1,ATL,FLL,NK,9.0,223.0
2025,1,ATL,FLL,NK,10.0,32.5
2025,1,ATL,FLL,NK,10.0,33.5
2025,1,ATL,FLL,NK,10.0,42.5
2025,1,ATL,FLL,NK,10.0,42.5
2025,1,ATL,FLL,NK,10.0,44.5
2025,1,ATL,FLL,NK,10.0,45.0
2025,1,ATL,FLL,NK,10.0,46.0
2025,1,ATL,FLL,NK,10.0,49.0
2025,1,ATL,FLL,NK,10.0,50.0
2025,1,ATL,FLL,NK,10.0,61.5
2025,1,ATL,FLL,NK,10.0,76.0
2025,1,ATL,FLL,NK,10.0,81.0
2025,1,ATL,FLL,NK,10.0,84.0
2025,1,ATL,FLL,NK,10.0,134.0
2025,1,ATL,FLL,NK,11.0,56.0
2025,1,ATL,FLL,NK,11.0,63.5
2025,1,ATL,FLL,NK,11.0,71.0
2025,1,ATL,FLL,NK,11.0,93.0
2025,1,ATL,FLL,NK,11.0,94.0
2025,1,ATL,FLL,NK,12.0,26.5
2025,1,ATL,FLL,NK,12.0,28.0
2025,1,ATL,FLL,NK,12.0,31.0
2025,1,ATL,FLL,NK,12.0,33.0
2025,1,ATL,FLL,NK,12.0,41.5
2025,1,ATL,FLL,NK,12.0,63.5
2025,1,ATL,FLL,NK,12.0,89.0
2025,1,ATL,FLL,NK,12.0,109.0
2025,1,ATL,FLL,NK,13.0,41.0
2025,1,ATL,FLL,NK,13.0,58.0
2025,1,ATL,FLL,NK,13.0,59.0
2025,1,ATL,FLL,NK,13.0,119.0
2025,1,ATL,FLL,NK,14.0,43.0
2025,1,ATL,FLL,NK,14.0,59.0
2025,1,ATL,FLL,NK,15.0,34.0
2025,1,ATL,FLL,NK,15.0,41.5
2025,1,ATL,FLL,NK,15.0,43.0
2025,1,ATL,FLL,NK,15.0,46.0
2025,1,ATL,FLL,NK,15.0,59.0
2025,1,ATL,FLL,NK,15.0,74.0
2025,1,ATL,FLL,NK,15.0,81.5
2025,1,ATL,FLL,NK,15.0,91.0
2025,1,ATL,FLL,NK,15.0,183.0
2025,1,ATL,FLL,NK,16.0,38.5
2025,1,ATL,FLL,NK,16.0,71.0
2025,1,ATL,FLL,NK,16.0,89.0
2025,1,ATL,FLL,NK,16.0,104.0
2025,1,ATL,FLL,NK,17.0,24.0
2025,1,ATL,FLL,NK,17.0,41.0
2025,1,ATL,FLL,NK,17.0,61.5
2025,1,ATL,FLL,NK,17.0,74.0
2025,1,ATL,FLL,NK,17.0,121.0
2025,1,ATL,FLL,NK,18.0,41.0
2025,1,ATL,FLL,NK,18.0,56.0
2025,1,ATL,FLL,NK,18.0,64.0
2025,1,ATL,FLL,NK,19.0,51.0
2025,1,ATL,FLL,NK,19.0,79.0
2025,1,ATL,FLL,NK,20.0,31.0
2025,1,ATL,FLL,NK,20.0,49.0
2025,1,ATL,FLL,NK,21.0,169.0
2025,1,ATL,FLL,NK,22.0,5.5
2025,1,ATL,FLL,NK,22.0,36.0
2025,1,ATL,FLL,NK,22.0,51.0
2025,1,ATL,FLL,NK,23.0,36.0
2025,1,ATL,FLL,NK,23.0,56.5
2025,1,ATL,FLL,NK,23.0,99.0
2025,1,ATL,FLL,NK,24.0,38.5
2025,1,ATL,FLL,NK,24.0,146.0
2025,1,ATL,FLL,NK,25.0,5.5
2025,1,ATL,FLL,NK,25.0,69.0
2025,1,ATL,FLL,NK,25.0,89.0
2025,1,ATL,FLL,NK,25.0,123.0
2025,1,ATL,FLL,NK,25.0,124.0
2025,1,ATL,FLL,NK,26.0,31.0
2025,1,ATL,FLL,NK,26.0,34.0
2025,1,ATL,FLL,NK,27.0,43.5
2025,1,ATL,FLL,NK,27.0,74.0
2025,1,ATL,FLL,NK,28.0,64.0
2025,1,ATL,FLL,NK,28.0,129.0
2025,1,ATL,FLL,NK,32.0,69.0
2025,1,ATL,FLL,NK,34.0,56.5
2025,1,ATL,FLL,NK,34.0,84.0
2025,1,ATL,FLL,NK,36.0,49.0
2025,1,ATL,FLL,NK,37.0,36.0
2025,1,ATL,FLL,NK,37.0,94.0
2025,1,ATL,FLL,NK,38.0,26.0
2025,1,ATL,FLL,NK,38.0,39.0
2025,1,ATL,FLL,NK,44.0,44.0
2025,1,ATL,FLL,NK,45.0,98.0
2025,1,ATL,FLL,NK,46.0,54.0
2025,1,ATL,FLL,NK,48.0,39.0
2025,1,ATL,FLL,NK,48.0,46.5
2025,1,ATL,FLL,NK,49.0,43.5
2025,1,ATL,FLL,NK,50.0,6.0
2025,1,ATL,FLL,NK,50.0,51.0
2025,1,ATL,FLL,NK,54.0,46.5
2025,1,ATL,FLL,NK,61.0,149.0
2025,1,ATL,FLL,NK,62.0,54.0
2025,1,ATL,FLL,NK,64.0,44.0
2025,1,ATL,FLL,NK,68.0,39.0
2025,1,ATL,FLL,NK,69.0,69.0
2025,1,ATL,FLL,NK,77.0,38.0
2025,1,ATL,FLL,NK,91.0,44.0
2025,1,ATL,FLL,NK,93.0,54.0
2025,1,ORD,FLL,NK,1.0,3.37
2025,1,ORD,FLL,NK,1.0,5.5
2025,1,ORD,FLL,NK,1.0,5.5
2025,1,ORD,FLL,NK,1.0,6.0
2025,1,ORD,FLL,NK,1.0,14.62
2025,1,ORD,FLL,NK,1.0,15.5
2025,1,ORD,FLL,NK,1.0,17.41
2025,1,ORD,FLL,NK,1.0,18.5
2025,1,ORD,FLL,NK,1.0,21.0
2025,1,ORD,FLL,NK,1.0,22.5
2025,1,ORD,FLL,NK,1.0,22.5
2025,1,ORD,FLL,NK,1.0,25.0
2025,1,ORD,FLL,NK,1.0,25.0
2025,1,ORD,FLL,NK,1.0,25.5
2025,1,ORD,FLL,NK,1.0,26.5
2025,1,ORD,FLL,NK,1.0,26.5
2025,1,ORD,FLL,NK,1.0,29.5
2025,1,ORD,FLL,NK,1.0,31.0
2025,1,ORD,FLL,NK,1.0,31.0
2025,1,ORD,FLL,NK,1.0,31.5
2025,1,ORD,FLL,NK,1.0,32.0
2025,1,ORD,FLL,NK,1.0,33.0
2025,1,ORD,FLL,NK,1.0,33.0
2025,1,ORD,FLL,NK,1.0,33.23
2025,1,ORD,FLL,NK,1.0,33.5
2025,1,ORD,FLL,NK,1.0,34.5
2025,1,ORD,FLL,NK,1.0,35.0
2025,1,ORD,FLL,NK,1.0,35.08
2025,1,ORD,FLL,NK,1.0,36.91
2025,1,ORD,FLL,NK,1.0,37.0
2025,1,ORD,FLL,NK,1.0,38.0
2025,1,ORD,FLL,NK,1.0,38.26
2025,1,ORD,FLL,NK,1.0,40.0
2025,1,ORD,FLL,NK,1.0,40.0
2025,1,ORD,FLL,NK,1.0,41.0
2025,1,ORD,FLL,NK,1.0,42.16
2025,1,ORD,FLL,NK,1.0,42.5
2025,1,ORD,FLL,NK,1.0,42.83
2025,1,ORD,FLL,NK,1.0,44.5
2025,1,ORD,FLL,NK,1.0,44.5
2025,1,ORD,FLL,NK,1.0,44.61
2025,1,ORD,FLL,NK,1.0,44.72
2025,1,ORD,FLL,NK,1.0,44.88
2025,1,ORD,FLL,NK,1.0,45.0
2025,1,ORD,FLL,NK,1.0,45.0
2025,1,ORD,FLL,NK,1.0,45.19
2025,1,ORD,FLL,NK,1.0,45.33
2025,1,ORD,FLL,NK,1.0,45.97
2025,1,ORD,FLL,NK,1.0,46.0
2025,1,ORD,FLL,NK,1.0,46.0
2025,1,ORD,FLL,NK,1.0,46.5
2025,1,ORD,FLL,NK,1.0,46.5
2025,1,ORD,FLL,NK,1.0,46.69
2025,1,ORD,FLL,NK,1.0,47.5
2025,1,ORD,FLL,NK,1.0,47.82
2025,1,ORD,FLL,NK,1.0,47.93
2025,1,ORD,FLL,NK,1.0,48.22
2025,1,ORD,FLL,NK,1.0,48.46
2025,1,ORD,FLL,NK,1.0,48.69
2025,1,ORD,FLL,NK,1.0,51.05
2025,1,ORD,FLL,NK,1.0,51.48
2025,1,ORD,FLL,NK,1.0,51.5
2025,1,ORD,FLL,NK,1.0,52.21
2025,1,ORD,FLL,NK,1.0,54.5
2025,1,ORD,FLL,NK,1.0,55.74
2025,1,ORD,FLL,NK,1.0,55.86
2025,1,ORD,FLL,NK,1.0,56.5
2025,1,ORD,FLL,NK,1.0,56.91
2025,1,ORD,FLL,NK,1.0,57.04
2025,1,ORD,FLL,NK,1.0,57.3
2025,1,ORD,FLL,NK,1.0,57.5
2025,1,ORD,FLL,NK,1.0,57.74
2025,1,ORD,FLL,NK,1.0,58.5
2025,1,ORD,FLL,NK,1.0,58.81
2025,1,ORD,FLL,NK,1.0,59.28
2025,1,ORD,FLL,NK,1.0,59.36
2025,1,ORD,FLL,NK,1.0,59.5
2025,1,ORD,FLL,NK,1.0,60.0
2025,1,ORD,FLL,NK,1.0,60.0
2025,1,ORD,FLL,NK,1.0,60.04
2025,1,ORD,FLL,NK,1.0,60.44
2025,1,ORD,FLL,NK,1.0,60.5
2025,1,ORD,FLL,NK,1.0,60.5
2025,1,ORD,FLL,NK,1.0,61.16
2025,1,ORD,FLL,NK,1.0,61.18
2025,1,ORD,FLL,NK,1.0,61.33
2025,1,ORD,FLL,NK,1.0,61.95
2025,1,ORD,FLL,NK,1.0,62.0
2025,1,ORD,FLL,NK,1.0,62.06
2025,1,ORD,FLL,NK,1.0,62.49
2025,1,ORD,FLL,NK,1.0,64.42
2025,1,ORD,FLL,NK,1.0,64.5
2025,1,ORD,FLL,NK,1.0,64.5
2025,1,ORD,FLL,NK,1.0,65.0
2025,1,ORD,FLL,NK,1.0,65.23
2025,1,ORD,FLL,NK,1.0,65.5
2025,1,ORD,FLL,NK,1.0,65.5
2025,1,ORD,FLL,NK,1.0,66.58
2025,1,ORD,FLL,NK,1.0,67.0
2025,1,ORD,FLL,NK,1.0,67.26
2025,1,ORD,FLL,NK,1.0,68.0
2025,1,ORD,FLL,NK,1.0,68.22
2025,1,ORD,FLL,NK,1.0,68.5
2025,1,ORD,FLL,NK,1.0,68.56
2025,1,ORD,FLL,NK,1.0,69.0
2025,1,ORD,FLL,NK,1.0,69.17
2025,1,ORD,FLL,NK,1.0,70.06
2025,1,ORD,FLL,NK,1.0,70.36
2025,1,ORD,FLL,NK,1.0,71.0
2025,1,ORD,FLL,NK,1.0,71.1
2025,1,ORD,FLL,NK,1.0,72.0
2025,1,ORD,FLL,NK,1.0,72.64
2025,1,ORD,FLL,NK,1.0,73.0
2025,1,ORD,FLL,NK,1.0,73.17
2025,1,ORD,FLL,NK,1.0,73.5
2025,1,ORD,FLL,NK,1.0,73.5
2025,1,ORD,FLL,NK,1.0,73.53
2025,1,ORD,FLL,NK,1.0,74.0
2025,1,ORD,FLL,NK,1.0,74.5
2025,1,ORD,FLL,NK,1.0,74.65
2025,1,ORD,FLL,NK,1.0,74.84
2025,1,ORD,FLL,NK,1.0,75.0
2025,1,ORD,FLL,NK,1.0,75.09
2025,1,ORD,FLL,NK,1.0,75.39
2025,1,ORD,FLL,NK,1.0,75.73
2025,1,ORD,FLL,NK,1.0,76.03
2025,1,ORD,FLL,NK,1.0,76.93
2025,1,ORD,FLL,NK,1.0,77.0
2025,1,ORD,FLL,NK,1.0,77.24
2025,1,ORD,FLL,NK,1.0,77.5
2025,1,ORD,FLL,NK,1.0,77.5
2025,1,ORD,FLL,NK,1.0,78.5
2025,1,ORD,FLL,NK,1.0,79.0
2025,1,ORD,FLL,NK,1.0,79.33
2025,1,ORD,FLL,NK,1.0,79.45
2025,1,ORD,FLL,NK,1.0,79.5
2025,1,ORD,FLL,NK,1.0,79.92
2025,1,ORD,FLL,NK,1.0,79.94
2025,1,ORD,FLL,NK,1.0,80.0
2025,1,ORD,FLL,NK,1.0,80.0
2025,1,ORD,FLL,NK,1.0,80.15
2025,1,ORD,FLL,NK,1.0,80.5
2025,1,ORD,FLL,NK,1.0,80.92
2025,1,ORD,FLL,NK,1.0,81.0
2025,1,ORD,FLL,NK,1.0,81.5
2025,1,ORD,FLL,NK,1.0,82.22
2025,1,ORD,FLL,NK,1.0,83.0
2025,1,ORD,FLL,NK,1.0,83.0
2025,1,ORD,FLL,NK,1.0,83.22
2025,1,ORD,FLL,NK,1.0,83.47
2025,1,ORD,FLL,NK,1.0,83.5
2025,1,ORD,FLL,NK,1.0,84.17
2025,1,ORD,FLL,NK,1.0,84.18
2025,1,ORD,FLL,NK,1.0,84.5
2025,1,ORD,FLL,NK,1.0,84.62
2025,1,ORD,FLL,NK,1.0,85.0
2025,1,ORD,FLL,NK,1.0,85.28
2025,1,ORD,FLL,NK,1.0,85.5
2025,1,ORD,FLL,NK,1.0,86.0
2025,1,ORD,FLL,NK,1.0,86.0
2025,1,ORD,FLL,NK,1.0,86.0
2025,1,ORD,FLL,NK,1.0,86.0
2025,1,ORD,FLL,NK,1.0,86.0
2025,1,ORD,FLL,NK,1.0,86.04
2025,1,ORD,FLL,NK,1.0,86.61
2025,1,ORD,FLL,NK,1.0,86.7
2025,1,ORD,FLL,NK,1.0,87.0
2025,1,ORD,FLL,NK,1.0,87.0
2025,1,ORD,FLL,NK,1.0,87.5
2025,1,ORD,FLL,NK,1.0,87.5
2025,1,ORD,FLL,NK,1.0,88.0
2025,1,ORD,FLL,NK,1.0,88.0
2025,1,ORD,FLL,NK,1.0,88.08
2025,1,ORD,FLL,NK,1.0,88.5
2025,1,ORD,FLL,NK,1.0,88.92
2025,1,ORD,FLL,NK,1.0,89.0
2025,1,ORD,FLL,NK,1.0,89.0
2025,1,ORD,FLL,NK,1.0,89.48
2025,1,ORD,FLL,NK,1.0,89.93
2025,1,ORD,FLL,NK,1.0,90.0
2025,1,ORD,FLL,NK,1.0,90.0
2025,1,ORD,FLL,NK,1.0,90.0
2025,1,ORD,FLL,NK,1.0,90.0
2025,1,ORD,FLL,NK,1.0,90.0
2025,1,ORD,FLL,NK,1.0,90.5
2025,1,ORD,FLL,NK,1.0,90.5
2025,1,ORD,FLL,NK,1.0,90.78
2025,1,ORD,FLL,NK,1.0,91.0
2025,1,ORD,FLL,NK,1.0,91.33
2025,1,ORD,FLL,NK,1.0,91.71
2025,1,ORD,FLL,NK,1.0,92.0
2025,1,ORD,FLL,NK,1.0,92.31
2025,1,ORD,FLL,NK,1.0,92.5
2025,1,ORD,FLL,NK,1.0,94.05
2025,1,ORD,FLL,NK,1.0,95.0
2025,1,ORD,FLL,NK,1.0,95.0
2025,1,ORD,FLL,NK,1.0,95.5
2025,1,ORD,FLL,NK,1.0,95.61
2025,1,ORD,FLL,NK,1.0,96.0
2025,1,ORD,FLL,NK,1.0,96.0
2025,1,ORD,FLL,NK,1.0,96.5
2025,1,ORD,FLL,NK,1.0,96.5
2025,1,ORD,FLL,NK,1.0,97.0
2025,1,ORD,FLL,NK,1.0,97.0
2025,1,ORD,FLL,NK,1.0,97.29
2025,1,ORD,FLL,NK,1.0,97.52
2025,1,ORD,FLL,NK,1.0,97.98
2025,1,ORD,FLL,NK,1.0,98.0
2025,1,ORD,FLL,NK,1.0,98.0
2025,1,ORD,FLL,NK,1.0,98.29
2025,1,ORD,FLL,NK,1.0,98.5
2025,1,ORD,FLL,NK,1.0,98.54
2025,1,ORD,FLL,NK,1.0,98.75
2025,1,ORD,FLL,NK,1.0,98.87
2025,1,ORD,FLL,NK,1.0,99.42
2025,1,ORD,FLL,NK,1.0,99.59
2025,1,ORD,FLL,NK,1.0,100.0
2025,1,ORD,FLL,NK,1.0,100.0
2025,1,ORD,FLL,NK,1.0,100.0
2025,1,ORD,FLL,NK,1.0,100.0
2025,1,ORD,FLL,NK,1.0,101.0
2025,1,ORD,FLL,NK,1.0,101.0
2025,1,ORD,FLL,NK,1.0,101.39
2025,1,ORD,FLL,NK,1.0,101.56
2025,1,ORD,FLL,NK,1.0,101.58
2025,1,ORD,FLL,NK,1.0,102.0
2025,1,ORD,FLL,NK,1.0,102.0
2025,1,ORD,FLL,NK,1.0,102.2
2025,1,ORD,FLL,NK,1.0,102.5
2025,1,ORD,FLL,NK,1.0,102.52
2025,1,ORD,FLL,NK,1.0,102.77
2025,1,ORD,FLL,NK,1.0,103.12
2025,1,ORD,FLL,NK,1.0,104.31
2025,1,ORD,FLL,NK,1.0,104.78
2025,1,ORD,FLL,NK,1.0,105.0
2025,1,ORD,FLL,NK,1.0,105.0
2025,1,ORD,FLL,NK,1.0,105.43
2025,1,ORD,FLL,NK,1.0,105.92
2025,1,ORD,FLL,NK,1.0,106.0
2025,1,ORD,FLL,NK,1.0,107.0
2025,1,ORD,FLL,NK,1.0,107.0
2025,1,ORD,FLL,NK,1.0,107.1
2025,1,ORD,FLL,NK,1.0,107.57
2025,1,ORD,FLL,NK,1.0,107.73
2025,1,ORD,FLL,NK,1.0,108.0
2025,1,ORD,FLL,NK,1.0,108.31
2025,1,ORD,FLL,NK,1.0,108.39
2025,1,ORD,FLL,NK,1.0,108.47
2025,1,ORD,FLL,NK,1.0,108.81
2025,1,ORD,FLL,NK,1.0,110.0
2025,1,ORD,FLL,NK,1.0,110.0
2025,1,ORD,FLL,NK,1.0,110.5
2025,1,ORD,FLL,NK,1.0,110.5
2025,1,ORD,FLL,NK,1.0,111.0
2025,1,ORD,FLL,NK,1.0,111.16
2025,1,ORD,FLL,NK,1.0,111.28
2025,1,ORD,FLL,NK,1.0,111.66
2025,1,ORD,FLL,NK,1.0,111.89
2025,1,ORD,FLL,NK,1.0,112.0
2025,1,ORD,FLL,NK,1.0,112.22
2025,1,ORD,FLL,NK,1.0,112.43
2025,1,ORD,FLL,NK,1.0,112.5
2025,1,ORD,FLL,NK,1.0,113.22
2025,1,ORD,FLL,NK,1.0,113.5
2025,1,ORD,FLL,NK,1.0,113.5
2025,1,ORD,FLL,NK,1.0,113.6
2025,1,ORD,FLL,NK,1.0,114.12
2025,1,ORD,FLL,NK,1.0,114.26
2025,1,ORD,FLL,NK,1.0,115.0
2025,1,ORD,FLL,NK,1.0,115.58
2025,1,ORD,FLL,NK,1.0,116.0
2025,1,ORD,FLL,NK,1.0,116.0
2025,1,ORD,FLL,NK,1.0,116.18
2025,1,ORD,FLL,NK,1.0,117.0
2025,1,ORD,FLL,NK,1.0,117.5
2025,1,ORD,FLL,NK,1.0,118.0
2025,1,ORD,FLL,NK,1.0,118.0
2025,1,ORD,FLL,NK,1.0,118.32
2025,1,ORD,FLL,NK,1.0,118.53
2025,1,ORD,FLL,NK,1.0,120.5
2025,1,ORD,FLL,NK,1.0,121.0
2025,1,ORD,FLL,NK,1.0,121.15
2025,1,ORD,FLL,NK,1.0,121.5
2025,1,ORD,FLL,NK,1.0,121.83
2025,1,ORD,FLL,NK,1.0,122.28
2025,1,ORD,FLL,NK,1.0,122.6
2025,1,ORD,FLL,NK,1.0,122.75
2025,1,ORD,FLL,NK,1.0,123.07
2025,1,ORD,FLL,NK,1.0,123.21
2025,1,ORD,FLL,NK,1.0,123.47
2025,1,ORD,FLL,NK,1.0,125.0
2025,1,ORD,FLL,NK,1.0,125.64
2025,1,ORD,FLL,NK,1.0,126.24
2025,1,ORD,FLL,NK,1.0,126.5
2025,1,ORD,FLL,NK,1.0,127.0
2025,1,ORD,FLL,NK,1.0,127.1
2025,1,ORD,FLL,NK,1.0,127.5
2025,1,ORD,FLL,NK,1.0,127.5
2025,1,ORD,FLL,NK,1.0,128.0
2025,1,ORD,FLL,NK,1.0,128.0
2025,1,ORD,FLL,NK,1.0,128.02
2025,1,ORD,FLL,NK,1.0,128.19
2025,1,ORD,FLL,NK,1.0,129.0
2025,1,ORD,FLL,NK,1.0,129.02
2025,1,ORD,FLL,NK,1.0,129.5
2025,1,ORD,FLL,NK,1.0,129.59
2025,1,ORD,FLL,NK,1.0,131.5
2025,1,ORD,FLL,NK,1.0,132.0
2025,1,ORD,FLL,NK,1.0,132.0
2025,1,ORD,FLL,NK,1.0,132.49
2025,1,ORD,FLL,NK,1.0,133.5
2025,1,ORD,FLL,NK,1.0,133.5
2025,1,ORD,FLL,NK,1.0,133.7
2025,1,ORD,FLL,NK,1.0,133.9
2025,1,ORD,FLL,NK,1.0,133.97
2025,1,ORD,FLL,NK,1.0,135.5
2025,1,ORD,FLL,NK,1.0,136.0
2025,1,ORD,FLL,NK,1.0,136.5
2025,1,ORD,FLL,NK,1.0,138.0
2025,1,ORD,FLL,NK,1.0,139.0
2025,1,ORD,FLL,NK,1.0,139.5
2025,1,ORD,FLL,NK,1.0,139.89
2025,1,ORD,FLL,NK,1.0,140.16
2025,1,ORD,FLL,NK,1.0,141.0
2025,1,ORD,FLL,NK,1.0,141.0
2025,1,ORD,FLL,NK,1.0,141.5
2025,1,ORD,FLL,NK,1.0,141.67
2025,1,ORD,FLL,NK,1.0,142.0
2025,1,ORD,FLL,NK,1.0,142.32
2025,1,ORD,FLL,NK,1.0,142.5
2025,1,ORD,FLL,NK,1.0,144.0
2025,1,ORD,FLL,NK,1.0,145.5
2025,1,ORD,FLL,NK,1.0,145.5
2025,1,ORD,FLL,NK,1.0,146.0
2025,1,ORD,FLL,NK,1.0,146.44
2025,1,ORD,FLL,NK,1.0,147.0
2025,1,ORD,FLL,NK,1.0,147.0
2025,1,ORD,FLL,NK,1.0,147.07
2025,1,ORD,FLL,NK,1.0,148.0
2025,1,ORD,FLL,NK,1.0,148.5
2025,1,ORD,FLL,NK,1.0,148.56
2025,1,ORD,FLL,NK,1.0,148.75
2025,1,ORD,FLL,NK,1.0,149.0
2025,1,ORD,FLL,NK,1.0,149.91
2025,1,ORD,FLL,NK,1.0,150.0
2025,1,ORD,FLL,NK,1.0,150.0
2025,1,ORD,FLL,NK,1.0,150.5
2025,1,ORD,FLL,NK,1.0,150.57
2025,1,ORD,FLL,NK,1.0,151.0
2025,1,ORD,FLL,NK,1.0,151.0
2025,1,ORD,FLL,NK,1.0,151.81
2025,1,ORD,FLL,NK,1.0,152.0
2025,1,ORD,FLL,NK,1.0,152.03
2025,1,ORD,FLL,NK,1.0,152.5
2025,1,ORD,FLL,NK,1.0,153.0
2025,1,ORD,FLL,NK,1.0,153.02
2025,1,ORD,FLL,NK,1.0,153.74
2025,1,ORD,FLL,NK,1.0,154.06
2025,1,ORD,FLL,NK,1.0,154.46
2025,1,ORD,FLL,NK,1.0,154.5
2025,1,ORD,FLL,NK,1.0,154.91
2025,1,ORD,FLL,NK,1.0,155.0
2025,1,ORD,FLL,NK,1.0,155.23
2025,1,ORD,FLL,NK,1.0,155.5
2025,1,ORD,FLL,NK,1.0,155.51
2025,1,ORD,FLL,NK,1.0,157.59
2025,1,ORD,FLL,NK,1.0,158.46
2025,1,ORD,FLL,NK,1.0,158.5
2025,1,ORD,FLL,NK,1.0,159.28
2025,1,ORD,FLL,NK,1.0,160.0
2025,1,ORD,FLL,NK,1.0,160.0
2025,1,ORD,FLL,NK,1.0,160.0
2025,1,ORD,FLL,NK,1.0,160.34
2025,1,ORD,FLL,NK,1.0,160.5
2025,1,ORD,FLL,NK,1.0,161.0
2025,1,ORD,FLL,NK,1.0,161.5
2025,1,ORD,FLL,NK,1.0,162.0
2025,1,ORD,FLL,NK,1.0,162.5
2025,1,ORD,FLL,NK,1.0,163.5
2025,1,ORD,FLL,NK,1.0,164.0
2025,1,ORD,FLL,NK,1.0,164.0
2025,1,ORD,FLL,NK,1.0,164.18
2025,1,ORD,FLL,NK,1.0,164.38
2025,1,ORD,FLL,NK,1.0,166.5
2025,1,ORD,FLL,NK,1.0,167.0
2025,1,ORD,FLL,NK,1.0,168.0
2025,1,ORD,FLL,NK,1.0,168.5
2025,1,ORD,FLL,NK,1.0,168.89
2025,1,ORD,FLL,NK,1.0,169.62
2025,1,ORD,FLL,NK,1.0,170.0
2025,1,ORD,FLL,NK,1.0,170.0
2025,1,ORD,FLL,NK,1.0,171.0
2025,1,ORD,FLL,NK,1.0,171.5
2025,1,ORD,FLL,NK,1.0,172.63
2025,1,ORD,FLL,NK,1.0,172.9
2025,1,ORD,FLL,NK,1.0,173.63
2025,1,ORD,FLL,NK,1.0,174.07
2025,1,ORD,FLL,NK,1.0,174.51
2025,1,ORD,FLL,NK,1.0,174.58
2025,1,ORD,FLL,NK,1.0,175.4
2025,1,ORD,FLL,NK,1.0,175.5
2025,1,ORD,FLL,NK,1.0,175.99
2025,1,ORD,FLL,NK,1.0,176.98
2025,1,ORD,FLL,NK,1.0,177.0
2025,1,ORD,FLL,NK,1.0,177.97
2025,1,ORD,FLL,NK,1.0,178.88
2025,1,ORD,FLL,NK,1.0,179.0
2025,1,ORD,FLL,NK,1.0,179.26
2025,1,ORD,FLL,NK,1.0,180.52
2025,1,ORD,FLL,NK,1.0,181.0
2025,1,ORD,FLL,NK,1.0,181.5
2025,1,ORD,FLL,NK,1.0,181.5
2025,1,ORD,FLL,NK,1.0,184.0
2025,1,ORD,FLL,NK,1.0,184.0
2025,1,ORD,FLL,NK,1.0,185.17
2025,1,ORD,FLL,NK,1.0,185.5
2025,1,ORD,FLL,NK,1.0,185.72
2025,1,ORD,FLL,NK,1.0,186.0
2025,1,ORD,FLL,NK,1.0,186.0
2025,1,ORD,FLL,NK,1.0,186.5
2025,1,ORD,FLL,NK,1.0,187.0
2025,1,ORD,FLL,NK,1.0,187.0
2025,1,ORD,FLL,NK,1.0,188.0
2025,1,ORD,FLL,NK,1.0,189.0
2025,1,ORD,FLL,NK,1.0,189.31
2025,1,ORD,FLL,NK,1.0,189.5
2025,1,ORD,FLL,NK,1.0,190.0
2025,1,ORD,FLL,NK,1.0,190.5
2025,1,ORD,FLL,NK,1.0,190.67
2025,1,ORD,FLL,NK,1.0,191.0
2025,1,ORD,FLL,NK,1.0,192.0
2025,1,ORD,FLL,NK,1.0,192.0
2025,1,ORD,FLL,NK,1.0,192.0
2025,1,ORD,FLL,NK,1.0,192.0
2025,1,ORD,FLL,NK,1.0,192.32
2025,1,ORD,FLL,NK,1.0,193.5
2025,1,ORD,FLL,NK,1.0,193.5
2025,1,ORD,FLL,NK,1.0,194.0
2025,1,ORD,FLL,NK,1.0,194.5
2025,1,ORD,FLL,NK,1.0,195.69
2025,1,ORD,FLL,NK,1.0,196.0
2025,1,ORD,FLL,NK,1.0,196.0
2025,1,ORD,FLL,NK,1.0,197.0
2025,1,ORD,FLL,NK,1.0,197.0
2025,1,ORD,FLL,NK,1.0,197.17
2025,1,ORD,FLL,NK,1.0,198.0
2025,1,ORD,FLL,NK,1.0,198.5
2025,1,ORD,FLL,NK,1.0,199.0
2025,1,ORD,FLL,NK,1.0,200.0
2025,1,ORD,FLL,NK,1.0,201.0
2025,1,ORD,FLL,NK,1.0,201.5
2025,1,ORD,FLL,NK,1.0,201.5
2025,1,ORD,FLL,NK,1.0,202.67
2025,1,ORD,FLL,NK,1.0,203.21
2025,1,ORD,FLL,NK,1.0,204.0
2025,1,ORD,FLL,NK,1.0,204.0
2025,1,ORD,FLL,NK,1.0,205.5
2025,1,ORD,FLL,NK,1.0,206.0
2025,1,ORD,FLL,NK,1.0,206.5
2025,1,ORD,FLL,NK,1.0,207.0
2025,1,ORD,FLL,NK,1.0,207.0
2025,1,ORD,FLL,NK,1.0,207.5
2025,1,ORD,FLL,NK,1.0,208.09
2025,1,ORD,FLL,NK,1.0,209.0
2025,1,ORD,FLL,NK,1.0,210.45
2025,1,ORD,FLL,NK,1.0,211.5
2025,1,ORD,FLL,NK,1.0,213.0
2025,1,ORD,FLL,NK,1.0,214.0
2025,1,ORD,FLL,NK,1.0,215.0
2025,1,ORD,FLL,NK,1.0,215.5
2025,1,ORD,FLL,NK,1.0,216.5
2025,1,ORD,FLL,NK,1.0,217.52
2025,1,ORD,FLL,NK,1.0,218.5
2025,1,ORD,FLL,NK,1.0,219.0
2025,1,ORD,FLL,NK,1.0,219.5
2025,1,ORD,FLL,NK,1.0,219.5
2025,1,ORD,FLL,NK,1.0,220.0
2025,1,ORD,FLL,NK,1.0,220.14
2025,1,ORD,FLL,NK,1.0,221.5
2025,1,ORD,FLL,NK,1.0,223.24
2025,1,ORD,FLL,NK,1.0,223.5
2025,1,ORD,FLL,NK,1.0,224.0
2025,1,ORD,FLL,NK,1.0,225.0
2025,1,ORD,FLL,NK,1.0,226.0
2025,1,ORD,FLL,NK,1.0,227.0
2025,1,ORD,FLL,NK,1.0,228.0
2025,1,ORD,FLL,NK,1.0,228.5
2025,1,ORD,FLL,NK,1.0,229.0
2025,1,ORD,FLL,NK,1.0,229.0
2025,1,ORD,FLL,NK,1.0,229.0
2025,1,ORD,FLL,NK,1.0,229.5
2025,1,ORD,FLL,NK,1.0,229.5
2025,1,ORD,FLL,NK,1.0,230.5
2025,1,ORD,FLL,NK,1.0,231.0
2025,1,ORD,FLL,NK,1.0,231.0
2025,1,ORD,FLL,NK,1.0,231.5
2025,1,ORD,FLL,NK,1.0,231.5
2025,1,ORD,FLL,NK,1.0,232.0
2025,1,ORD,FLL,NK,1.0,232.5
2025,1,ORD,FLL,NK,1.0,233.0
2025,1,ORD,FLL,NK,1.0,233.0
2025,1,ORD,FLL,NK,1.0,233.02
2025,1,ORD,FLL,NK,1.0,235.5
2025,1,ORD,FLL,NK,1.0,236.0
2025,1,ORD,FLL,NK,1.0,238.0
2025,1,ORD,FLL,NK,1.0,239.0
2025,1,ORD,FLL,NK,1.0,239.1
2025,1,ORD,FLL,NK,1.0,240.0
2025,1,ORD,FLL,NK,1.0,240.5
2025,1,ORD,FLL,NK,1.0,241.5
2025,1,ORD,FLL,NK,1.0,241.5
2025,1,ORD,FLL,NK,1.0,242.0
2025,1,ORD,FLL,NK,1.0,242.0
2025,1,ORD,FLL,NK,1.0,244.0
2025,1,ORD,FLL,NK,1.0,246.0
2025,1,ORD,FLL,NK,1.0,247.0
2025,1,ORD,FLL,NK,1.0,247.0
2025,1,ORD,FLL,NK,1.0,250.0
2025,1,ORD,FLL,NK,1.0,251.6
2025,1,ORD,FLL,NK,1.0,252.0
2025,1,ORD,FLL,NK,1.0,252.0
2025,1,ORD,FLL,NK,1.0,254.0
2025,1,ORD,FLL,NK,1.0,256.0
2025,1,ORD,FLL,NK,1.0,257.0
2025,1,ORD,FLL,NK,1.0,258.0
2025,1,ORD,FLL,NK,1.0,258.0
2025,1,ORD,FLL,NK,1.0,258.04
2025,1,ORD,FLL,NK,1.0,259.0
2025,1,ORD,FLL,NK,1.0,260.0
2025,1,ORD,FLL,NK,1.0,261.5
2025,1,ORD,FLL,NK,1.0,262.0
2025,1,ORD,FLL,NK,1.0,263.09
2025,1,ORD,FLL,NK,1.0,264.0
2025,1,ORD,FLL,NK,1.0,264.0
2025,1,ORD,FLL,NK,1.0,264.45
2025,1,ORD,FLL,NK,1.0,265.5
2025,1,ORD,FLL,NK,1.0,266.0
2025,1,ORD,FLL,NK,1.0,267.93
2025,1,ORD,FLL,NK,1.0,268.0
2025,1,ORD,FLL,NK,1.0,269.0
2025,1,ORD,FLL,NK,1.0,269.79
2025,1,ORD,FLL,NK,1.0,272.81
2025,1,ORD,FLL,NK,1.0,274.0
2025,1,ORD,FLL,NK,1.0,274.0
2025,1,ORD,FLL,NK,1.0,274.0
2025,1,ORD,FLL,NK,1.0,274.5
2025,1,ORD,FLL,NK,1.0,275.0
2025,1,ORD,FLL,NK,1.0,277.0
2025,1,ORD,FLL,NK,1.0,281.5
2025,1,ORD,FLL,NK,1.0,282.0
2025,1,ORD,FLL,NK,1.0,283.0
2025,1,ORD,FLL,NK,1.0,283.5
2025,1,ORD,FLL,NK,1.0,284.0
2025,1,ORD,FLL,NK,1.0,286.0
2025,1,ORD,FLL,NK,1.0,286.5
2025,1,ORD,FLL,NK,1.0,288.0
2025,1,ORD,FLL,NK,1.0,288.5
2025,1,ORD,FLL,NK,1.0,288.5
2025,1,ORD,FLL,NK,1.0,289.0
2025,1,ORD,FLL,NK,1.0,289.0
2025,1,ORD,FLL,NK,1.0,290.0
2025,1,ORD,FLL,NK,1.0,291.0
2025,1,ORD,FLL,NK,1.0,294.0
2025,1,ORD,FLL,NK,1.0,294.0
2025,1,ORD,FLL,NK,1.0,298.5
2025,1,ORD,FLL,NK,1.0,299.0
2025,1,ORD,FLL,NK,1.0,299.0
2025,1,ORD,FLL,NK,1.0,308.0
2025,1,ORD,FLL,NK,1.0,309.0
2025,1,ORD,FLL,NK,1.0,309.0
2025,1,ORD,FLL,NK,1.0,311.0
2025,1,ORD,FLL,NK,1.0,311.0
2025,1,ORD,FLL,NK,1.0,315.0
2025,1,ORD,FLL,NK,1.0,317.0
2025,1,ORD,FLL,NK,1.0,318.0
2025,1,ORD,FLL,NK,1.0,318.0
2025,1,ORD,FLL,NK,1.0,319.0
2025,1,ORD,FLL,NK,1.0,319.0
2025,1,ORD,FLL,NK,1.0,319.0
2025,1,ORD,FLL,NK,1.0,325.24
2025,1,ORD,FLL,NK,1.0,326.5
2025,1,ORD,FLL,NK,1.0,327.0
2025,1,ORD,FLL,NK,1.0,328.0
2025,1,ORD,FLL,NK,1.0,329.0
2025,1,ORD,FLL,NK,1.0,334.0
2025,1,ORD,FLL,NK,1.0,335.0
2025,1,ORD,FLL,NK,1.0,342.0
2025,1,ORD,FLL,NK,1.0,345.0
2025,1,ORD,FLL,NK,1.0,346.0
2025,1,ORD,FLL,NK,1.0,348.37
2025,1,ORD,FLL,NK,1.0,348.5
2025,1,ORD,FLL,NK,1.0,349.0
2025,1,ORD,FLL,NK,1.0,356.0
2025,1,ORD,FLL,NK,1.0,356.0
2025,1,ORD,FLL,NK,1.0,359.0
2025,1,ORD,FLL,NK,1.0,359.0
2025,1,ORD,FLL,NK,1.0,363.5
2025,1,ORD,FLL,NK,1.0,364.0
2025,1,ORD,FLL,NK,1.0,367.5
2025,1,ORD,FLL,NK,1.0,370.0
2025,1,ORD,FLL,NK,1.0,371.0
2025,1,ORD,FLL,NK,1.0,373.0
2025,1,ORD,FLL,NK,1.0,374.0
2025,1,ORD,FLL,NK,1.0,374.38
2025,1,ORD,FLL,NK,1.0,376.0
2025,1,ORD,FLL,NK,1.0,378.0
2025,1,ORD,FLL,NK,1.0,378.0
2025,1,ORD,FLL,NK,1.0,379.0
2025,1,ORD,FLL,NK,1.0,379.0
2025,1,ORD,FLL,NK,1.0,383.0
2025,1,ORD,FLL,NK,1.0,384.0
2025,1,ORD,FLL,NK,1.0,384.0
2025,1,ORD,FLL,NK,1.0,385.0
2025,1,ORD,FLL,NK,1.0,385.0
2025,1,ORD,FLL,NK,1.0,394.0
2025,1,ORD,FLL,NK,1.0,394.0
2025,1,ORD,FLL,NK,1.0,398.0
2025,1,ORD,FLL,NK,1.0,399.0
2025,1,ORD,FLL,NK,1.0,399.0
2025,1,ORD,FLL,NK,1.0,402.0
2025,1,ORD,FLL,NK,1.0,414.0
2025,1,ORD,FLL,NK,1.0,417.0
2025,1,ORD,FLL,NK,1.0,423.0
2025,1,ORD,FLL,NK,1.0,424.0
2025,1,ORD,FLL,NK,1.0,426.0
2025,1,ORD,FLL,NK,1.0,429.0
2025,1,ORD,FLL,NK,1.0,430.0
2025,1,ORD,FLL,NK,1.0,431.0
2025,1,ORD,FLL,NK,1.0,432.0
2025,1,ORD,FLL,NK,1.0,438.0
2025,1,ORD,FLL,NK,1.0,439.0
2025,1,ORD,FLL,NK,1.0,441.0
2025,1,ORD,FLL,NK,1.0,448.0
2025,1,ORD,FLL,NK,1.0,450.5
2025,1,ORD,FLL,NK,1.0,453.0
2025,1,ORD,FLL,NK,1.0,462.0
2025,1,ORD,FLL,NK,1.0,464.0
2025,1,ORD,FLL,NK,1.0,474.5
2025,1,ORD,FLL,NK,1.0,478.0
2025,1,ORD,FLL,NK,1.0,483.0
2025,1,ORD,FLL,NK,1.0,485.0
2025,1,ORD,FLL,NK,1.0,521.0
2025,1,ORD,FLL,NK,1.0,560.0
2025,1,ORD,FLL,NK,1.0,586.0
2025,1,ORD,FLL,NK,1.0,789.0
2025,1,ORD,FLL,NK,2.0,15.0
2025,1,ORD,FLL,NK,2.0,15.5
2025,1,ORD,FLL,NK,2.0,16.0
2025,1,ORD,FLL,NK,2.0,21.0
2025,1,ORD,FLL,NK,2.0,26.0
2025,1,ORD,FLL,NK,2.0,32.58
2025,1,ORD,FLL,NK,2.0,34.0
2025,1,ORD,FLL,NK,2.0,38.0
2025,1,ORD,FLL,NK,2.0,40.5
2025,1,ORD,FLL,NK,2.0,41.0
2025,1,ORD,FLL,NK,2.0,42.0
2025,1,ORD,FLL,NK,2.0,43.0
2025,1,ORD,FLL,NK,2.0,43.72
2025,1,ORD,FLL,NK,2.0,47.0
2025,1,ORD,FLL,NK,2.0,50.0
2025,1,ORD,FLL,NK,2.0,50.18
2025,1,ORD,FLL,NK,2.0,50.5
2025,1,ORD,FLL,NK,2.0,50.5
2025,1,ORD,FLL,NK,2.0,51.5
2025,1,ORD,FLL,NK,2.0,52.13
2025,1,ORD,FLL,NK,2.0,53.0
2025,1,ORD,FLL,NK,2.0,53.5
2025,1,ORD,FLL,NK,2.0,55.0
2025,1,ORD,FLL,NK,2.0,55.0
2025,1,ORD,FLL,NK,2.0,55.15
2025,1,ORD,FLL,NK,2.0,60.0
2025,1,ORD,FLL,NK,2.0,62.0
2025,1,ORD,FLL,NK,2.0,65.0
2025,1,ORD,FLL,NK,2.0,66.5
2025,1,ORD,FLL,NK,2.0,67.5
2025,1,ORD,FLL,NK,2.0,68.5
2025,1,ORD,FLL,NK,2.0,69.0
2025,1,ORD,FLL,NK,2.0,69.5
2025,1,ORD,FLL,NK,2.0,72.5
2025,1,ORD,FLL,NK,2.0,73.0
2025,1,ORD,FLL,NK,2.0,74.0
2025,1,ORD,FLL,NK,2.0,74.0
2025,1,ORD,FLL,NK,2.0,76.86
2025,1,ORD,FLL,NK,2.0,78.0
2025,1,ORD,FLL,NK,2.0,78.5
2025,1,ORD,FLL,NK,2.0,81.48
2025,1,ORD,FLL,NK,2.0,81.5
2025,1,ORD,FLL,NK,2.0,81.5
2025,1,ORD,FLL,NK,2.0,82.0
2025,1,ORD,FLL,NK,2.0,82.5
2025,1,ORD,FLL,NK,2.0,83.0
2025,1,ORD,FLL,NK,2.0,83.5
2025,1,ORD,FLL,NK,2.0,85.0
2025,1,ORD,FLL,NK,2.0,86.5
2025,1,ORD,FLL,NK,2.0,87.0
2025,1,ORD,FLL,NK,2.0,87.0
2025,1,ORD,FLL,NK,2.0,89.27
2025,1,ORD,FLL,NK,2.0,89.71
2025,1,ORD,FLL,NK,2.0,90.0
2025,1,ORD,FLL,NK,2.0,90.12
2025,1,ORD,FLL,NK,2.0,91.5
2025,1,ORD,FLL,NK,2.0,92.0
2025,1,ORD,FLL,NK,2.0,92.5
2025,1,ORD,FLL,NK,2.0,96.0
2025,1,ORD,FLL,NK,2.0,98.5
2025,1,ORD,FLL,NK,2.0,100.0
2025,1,ORD,FLL,NK,2.0,100.0
2025,1,ORD,FLL,NK,2.0,101.0
2025,1,ORD,FLL,NK,2.0,103.0
2025,1,ORD,FLL,NK,2.0,104.0
2025,1,ORD,FLL,NK,2.0,106.0
2025,1,ORD,FLL,NK,2.0,109.0
2025,1,ORD,FLL,NK,2.0,111.0
2025,1,ORD,FLL,NK,2.0,111.5
2025,1,ORD,FLL,NK,2.0,112.0
2025,1,ORD,FLL,NK,2.0,113.0
2025,1,ORD,FLL,NK,2.0,114.26
2025,1,ORD,FLL,NK,2.0,116.0
2025,1,ORD,FLL,NK,2.0,116.5
2025,1,ORD,FLL,NK,2.0,121.5
2025,1,ORD,FLL,NK,2.0,124.0
2025,1,ORD,FLL,NK,2.0,125.5
2025,1,ORD,FLL,NK,2.0,128.5
2025,1,ORD,FLL,NK,2.0,129.0
2025,1,ORD,FLL,NK,2.0,130.46
2025,1,ORD,FLL,NK,2.0,135.0
2025,1,ORD,FLL,NK,2.0,142.0
2025,1,ORD,FLL,NK,2.0,142.5
2025,1,ORD,FLL,NK,2.0,143.5
2025,1,ORD,FLL,NK,2.0,147.04
2025,1,ORD,FLL,NK,2.0,148.0
2025,1,ORD,FLL,NK,2.0,153.0
2025,1,ORD,FLL,NK,2.0,154.0
2025,1,ORD,FLL,NK,2.0,154.0
2025,1,ORD,FLL,NK,2.0,156.0
2025,1,ORD,FLL,NK,2.0,156.5
2025,1,ORD,FLL,NK,2.0,157.0
2025,1,ORD,FLL,NK,2.0,157.5
2025,1,ORD,FLL,NK,2.0,161.5
2025,1,ORD,FLL,NK,2.0,166.5
2025,1,ORD,FLL,NK,2.0,169.5
2025,1,ORD,FLL,NK,2.0,171.0
2025,1,ORD,FLL,NK,2.0,175.0
2025,1,ORD,FLL,NK,2.0,190.63
2025,1,ORD,FLL,NK,2.0,194.0
2025,1,ORD,FLL,NK,2.0,196.0
2025,1,ORD,FLL,NK,2.0,198.0
2025,1,ORD,FLL,NK,2.0,199.0
2025,1,ORD,FLL,NK,2.0,199.0
2025,1,ORD,FLL,NK,2.0,201.0
2025,1,ORD,FLL,NK,2.0,208.0
2025,1,ORD,FLL,NK,2.0,216.0
2025,1,ORD,FLL,NK,2.0,217.0
2025,1,ORD,FLL,NK,2.0,218.0
2025,1,ORD,FLL,NK,2.0,225.0
2025,1,ORD,FLL,NK,2.0,239.0
2025,1,ORD,FLL,NK,2.0,241.5
2025,1,ORD,FLL,NK,2.0,254.0
2025,1,ORD,FLL,NK,2.0,268.5
2025,1,ORD,FLL,NK,2.0,269.0
2025,1,ORD,FLL,NK,2.0,269.0
2025,1,ORD,FLL,NK,2.0,271.0
2025,1,ORD,FLL,NK,2.0,277.0
2025,1,ORD,FLL,NK,2.0,282.0
2025,1,ORD,FLL,NK,2.0,296.0
2025,1,ORD,FLL,NK,2.0,298.0
2025,1,ORD,FLL,NK,2.0,304.0
2025,1,ORD,FLL,NK,2.0,314.0
2025,1,ORD,FLL,NK,2.0,326.0
2025,1,ORD,FLL,NK,2.0,344.0
2025,1,ORD,FLL,NK,2.0,348.0
2025,1,ORD,FLL,NK,2.0,354.0
2025,1,ORD,FLL,NK,2.0,372.0
2025,1,ORD,FLL,NK,2.0,404.0
2025,1,ORD,FLL,NK,2.0,506.0
2025,1,ORD,FLL,NK,3.0,11.0
2025,1,ORD,FLL,NK,3.0,31.0
2025,1,ORD,FLL,NK,3.0,32.5
2025,1,ORD,FLL,NK,3.0,32.5
2025,1,ORD,FLL,NK,3.0,39.0
2025,1,ORD,FLL,NK,3.0,40.0
2025,1,ORD,FLL,NK,3.0,42.0
2025,1,ORD,FLL,NK,3.0,47.5
2025,1,ORD,FLL,NK,3.0,48.5
2025,1,ORD,FLL,NK,3.0,52.05
2025,1,ORD,FLL,NK,3.0,57.0
2025,1,ORD,FLL,NK,3.0,58.0
2025,1,ORD,FLL,NK,3.0,61.0
2025,1,ORD,FLL,NK,3.0,62.0
2025,1,ORD,FLL,NK,3.0,64.0
2025,1,ORD,FLL,NK,3.0,70.0
2025,1,ORD,FLL,NK,3.0,72.0
2025,1,ORD,FLL,NK,3.0,73.0
2025,1,ORD,FLL,NK,3.0,75.5
2025,1,ORD,FLL,NK,3.0,83.0
2025,1,ORD,FLL,NK,3.0,85.0
2025,1,ORD,FLL,NK,3.0,86.0
2025,1,ORD,FLL,NK,3.0,93.0
2025,1,ORD,FLL,NK,3.0,105.5
2025,1,ORD,FLL,NK,3.0,106.0
2025,1,ORD,FLL,NK,3.0,106.5
2025,1,ORD,FLL,NK,3.0,111.5
2025,1,ORD,FLL,NK,3.0,113.0
2025,1,ORD,FLL,NK,3.0,119.0
2025,1,ORD,FLL,NK,3.0,120.0
2025,1,ORD,FLL,NK,3.0,125.0
2025,1,ORD,FLL,NK,3.0,128.0
2025,1,ORD,FLL,NK,3.0,130.0
2025,1,ORD,FLL,NK,3.0,132.0
2025,1,ORD,FLL,NK,3.0,134.0
2025,1,ORD,FLL,NK,3.0,141.0
2025,1,ORD,FLL,NK,3.0,144.0
2025,1,ORD,FLL,NK,3.0,146.5
2025,1,ORD,FLL,NK,3.0,151.5
2025,1,ORD,FLL,NK,3.0,161.0
2025,1,ORD,FLL,NK,3.0,163.0
2025,1,ORD,FLL,NK,3.0,163.5
2025,1,ORD,FLL,NK,3.0,166.0
2025,1,ORD,FLL,NK,3.0,186.5
2025,1,ORD,FLL,NK,3.0,191.5
2025,1,ORD,FLL,NK,3.0,194.0
2025,1,ORD,FLL,NK,3.0,227.0
2025,1,ORD,FLL,NK,3.0,228.0
2025,1,ORD,FLL,NK,3.0,236.5
2025,1,ORD,FLL,NK,3.0,254.0
2025,1,ORD,FLL,NK,3.0,259.0
2025,1,ORD,FLL,NK,3.0,299.0
2025,1,ORD,FLL,NK,3.0,304.0
2025,1,ORD,FLL,NK,3.0,309.0
2025,1,ORD,FLL,NK,3.0,312.0
2025,1,ORD,FLL,NK,3.0,324.0
2025,1,ORD,FLL,NK,3.0,369.0
2025,1,ORD,FLL,NK,3.0,369.0
2025,1,ORD,FLL,NK,4.0,35.0
2025,1,ORD,FLL,NK,4.0,36.0
2025,1,ORD,FLL,NK,4.0,43.5
2025,1,ORD,FLL,NK,4.0,45.0
2025,1,ORD,FLL,NK,4.0,49.5
2025,1,ORD,FLL,NK,4.0,53.5
2025,1,ORD,FLL,NK,4.0,60.5
2025,1,ORD,FLL,NK,4.0,61.5
2025,1,ORD,FLL,NK,4.0,63.5
2025,1,ORD,FLL,NK,4.0,65.0
2025,1,ORD,FLL,NK,4.0,66.0
2025,1,ORD,FLL,NK,4.0,66.0
2025,1,ORD,FLL,NK,4.0,71.0
2025,1,ORD,FLL,NK,4.0,76.5
2025,1,ORD,FLL,NK,4.0,76.5
2025,1,ORD,FLL,NK,4.0,78.0
2025,1,ORD,FLL,NK,4.0,82.0
2025,1,ORD,FLL,NK,4.0,86.5
2025,1,ORD,FLL,NK,4.0,91.0
2025,1,ORD,FLL,NK,4.0,91.5
2025,1,ORD,FLL,NK,4.0,92.0
2025,1,ORD,FLL,NK,4.0,96.0
2025,1,ORD,FLL,NK,4.0,97.5
2025,1,ORD,FLL,NK,4.0,98.0
2025,1,ORD,FLL,NK,4.0,106.0
2025,1,ORD,FLL,NK,4.0,111.0
2025,1,ORD,FLL,NK,4.0,127.5
2025,1,ORD,FLL,NK,4.0,134.0
2025,1,ORD,FLL,NK,4.0,139.0
2025,1,ORD,FLL,NK,4.0,139.5
2025,1,ORD,FLL,NK,4.0,141.5
2025,1,ORD,FLL,NK,4.0,151.0
2025,1,ORD,FLL,NK,4.0,171.5
2025,1,ORD,FLL,NK,4.0,179.0
2025,1,ORD,FLL,NK,4.0,183.0
2025,1,ORD,FLL,NK,4.0,219.0
2025,1,ORD,FLL,NK,4.0,224.0
2025,1,ORD,FLL,NK,4.0,349.0
2025,1,ORD,FLL,NK,4.0,369.0
2025,1,ORD,FLL,NK,4.0,408.0
2025,1,ORD,FLL,NK,5.0,41.0
2025,1,ORD,FLL,NK,5.0,43.0
2025,1,ORD,FLL,NK,5.0,43.0
2025,1,ORD,FLL,NK,5.0,52.0
2025,1,ORD,FLL,NK,5.0,52.5
2025,1,ORD,FLL,NK,5.0,61.0
2025,1,ORD,FLL,NK,5.0,61.5
2025,1,ORD,FLL,NK,5.0,76.0
2025,1,ORD,FLL,NK,5.0,81.0
2025,1,ORD,FLL,NK,5.0,101.5
2025,1,ORD,FLL,NK,5.0,104.0
2025,1,ORD,FLL,NK,5.0,109.5
2025,1,ORD,FLL,NK,5.0,118.0
2025,1,ORD,FLL,NK,5.0,136.5
2025,1,ORD,FLL,NK,5.0,154.0
2025,1,ORD,FLL,NK,5.0,167.0
2025,1,ORD,FLL,NK,5.0,169.0
2025,1,ORD,FLL,NK,5.0,169.0
2025,1,ORD,FLL,NK,5.0,176.5
2025,1,ORD,FLL,NK,5.0,184.0
2025,1,ORD,FLL,NK,5.0,184.5
2025,1,ORD,FLL,NK,5.0,196.5
2025,1,ORD,FLL,NK,5.0,209.0
2025,1,ORD,FLL,NK,5.0,212.0
2025,1,ORD,FLL,NK,5.0,249.0
2025,1,ORD,FLL,NK,5.0,259.0
2025,1,ORD,FLL,NK,5.0,329.0
2025,1,ORD,FLL,NK,5.0,379.0
2025,1,ORD,FLL,NK,6.0,21.0
2025,1,ORD,FLL,NK,6.0,36.0
2025,1,ORD,FLL,NK,6.0,36.0
2025,1,ORD,FLL,NK,6.0,47.0
2025,1,ORD,FLL,NK,6.0,49.0
2025,1,ORD,FLL,NK,6.0,52.0
2025,1,ORD,FLL,NK,6.0,52.5
2025,1,ORD,FLL,NK,6.0,64.0
2025,1,ORD,FLL,NK,6.0,82.5
2025,1,ORD,FLL,NK,6.0,89.0
2025,1,ORD,FLL,NK,6.0,91.0
2025,1,ORD,FLL,NK,6.0,94.0
2025,1,ORD,FLL,NK,6.0,97.0
2025,1,ORD,FLL,NK,6.0,109.0
2025,1,ORD,FLL,NK,6.0,113.0
2025,1,ORD,FLL,NK,6.0,124.0
2025,1,ORD,FLL,NK,6.0,131.5
2025,1,ORD,FLL,NK,6.0,152.0
2025,1,ORD,FLL,NK,6.0,174.0
2025,1,ORD,FLL,NK,6.0,212.0
2025,1,ORD,FLL,NK,6.0,284.0
2025,1,ORD,FLL,NK,6.0,339.0
2025,1,ORD,FLL,NK,7.0,63.0
2025,1,ORD,FLL,NK,7.0,66.0
2025,1,ORD,FLL,NK,7.0,70.5
2025,1,ORD,FLL,NK,7.0,93.0
2025,1,ORD,FLL,NK,7.0,114.0
2025,1,ORD,FLL,NK,7.0,139.0
2025,1,ORD,FLL,NK,7.0,149.0
2025,1,ORD,FLL,NK,7.0,159.0
2025,1,ORD,FLL,NK,7.0,164.0
2025,1,ORD,FLL,NK,7.0,189.0
2025,1,ORD,FLL,NK,7.0,224.0
2025,1,ORD,FLL,NK,8.0,46.0
2025,1,ORD,FLL,NK,8.0,48.5
2025,1,ORD,FLL,NK,8.0,50.0
2025,1,ORD,FLL,NK,8.0,53.0
2025,1,ORD,FLL,NK,8.0,56.0
2025,1,ORD,FLL,NK,8.0,56.0
2025,1,ORD,FLL,NK,8.0,71.5
2025,1,ORD,FLL,NK,8.0,98.0
2025,1,ORD,FLL,NK,8.0,127.0
2025,1,ORD,FLL,NK,8.0,179.0
2025,1,ORD,FLL,NK,8.0,214.0
2025,1,ORD,FLL,NK,8.0,239.0
2025,1,ORD,FLL,NK,9.0,38.5
2025,1,ORD,FLL,NK,9.0,48.0
2025,1,ORD,FLL,NK,9.0,54.0
2025,1,ORD,FLL,NK,9.0,88.0
2025,1,ORD,FLL,NK,9.0,99.0
2025,1,ORD,FLL,NK,9.0,154.5
2025,1,ORD,FLL,NK,9.0,169.0
2025,1,ORD,FLL,NK,9.0,174.0
2025,1,ORD,FLL,NK,9.0,239.0
2025,1,ORD,FLL,NK,9.0,259.0
2025,1,ORD,FLL,NK,10.0,63.0
2025,1,ORD,FLL,NK,10.0,85.5
2025,1,ORD,FLL,NK,10.0,94.0
2025,1,ORD,FLL,NK,10.0,161.0
2025,1,ORD,FLL,NK,10.0,204.0
2025,1,ORD,FLL,NK,11.0,38.5
2025,1,ORD,FLL,NK,11.0,76.0
2025,1,ORD,FLL,NK,11.0,81.0
2025,1,ORD,FLL,NK,11.0,89.0
2025,1,ORD,FLL,NK,11.0,112.0
2025,1,ORD,FLL,NK,11.0,139.5
2025,1,ORD,FLL,NK,11.0,149.0
2025,1,ORD,FLL,NK,11.0,182.0
2025,1,ORD,FLL,NK,11.0,189.0
2025,1,ORD,FLL,NK,11.0,197.0
2025,1,ORD,FLL,NK,11.0,319.0
2025,1,ORD,FLL,NK,12.0,53.0
2025,1,ORD,FLL,NK,12.0,58.0
2025,1,ORD,FLL,NK,12.0,94.0
2025,1,ORD,FLL,NK,12.0,124.5
2025,1,ORD,FLL,NK,12.0,144.0
2025,1,ORD,FLL,NK,12.0,159.0
2025,1,ORD,FLL,NK,12.0,289.0
2025,1,ORD,FLL,NK,13.0,54.0
2025,1,ORD,FLL,NK,13.0,56.0
2025,1,ORD,FLL,NK,13.0,96.0
2025,1,ORD,FLL,NK,13.0,167.0
2025,1,ORD,FLL,NK,13.0,209.0
2025,1,ORD,FLL,NK,14.0,46.0
2025,1,ORD,FLL,NK,14.0,55.5
2025,1,ORD,FLL,NK,14.0,84.0
2025,1,ORD,FLL,NK,14.0,101.5
2025,1,ORD,FLL,NK,14.0,109.5
2025,1,ORD,FLL,NK,14.0,114.0
2025,1,ORD,FLL,NK,14.0,119.0
2025,1,ORD,FLL,NK,14.0,127.0
2025,1,ORD,FLL,NK,14.0,134.0
2025,1,ORD,FLL,NK,15.0,48.0
2025,1,ORD,FLL,NK,15.0,104.0
2025,1,ORD,FLL,NK,15.0,116.5
2025,1,ORD,FLL,NK,15.0,119.0
2025,1,ORD,FLL,NK,15.0,194.0
2025,1,ORD,FLL,NK,17.0,38.0
2025,1,ORD,FLL,NK,17.0,48.0
2025,1,ORD,FLL,NK,17.0,97.0
2025,1,ORD,FLL,NK,18.0,64.0
2025,1,ORD,FLL,NK,18.0,74.0
2025,1,ORD,FLL,NK,18.0,89.0
2025,1,ORD,FLL,NK,19.0,71.5
2025,1,ORD,FLL,NK,20.0,5.5
2025,1,ORD,FLL,NK,20.0,58.0
2025,1,ORD,FLL,NK,20.0,69.0
2025,1,ORD,FLL,NK,21.0,66.5
2025,1,ORD,FLL,NK,21.0,109.0
2025,1,ORD,FLL,NK,21.0,129.0
2025,1,ORD,FLL,NK,22.0,99.0
2025,1,ORD,FLL,NK,22.0,114.0
2025,1,ORD,FLL,NK,23.0,79.0
2025,1,ORD,FLL,NK,24.0,79.0
2025,1,ORD,FLL,NK,24.0,249.0
2025,1,ORD,FLL,NK,26.0,44.0
2025,1,ORD,FLL,NK,26.0,82.0
2025,1,ORD,FLL,NK,26.0,84.0
2025,1,ORD,FLL,NK,26.0,152.0
2025,1,ORD,FLL,NK,27.0,67.0
2025,1,ORD,FLL,NK,27.0,70.5
2025,1,ORD,FLL,NK,27.0,219.0
2025,1,ORD,FLL,NK,28.0,49.0
2025,1,ORD,FLL,NK,28.0,182.0
2025,1,ORD,FLL,NK,29.0,97.0
2025,1,ORD,FLL,NK,31.0,44.0
2025,1,ORD,FLL,NK,31.0,63.0
2025,1,ORD,FLL,NK,32.0,129.0
2025,1,ORD,FLL,NK,36.0,159.0
2025,1,ORD,FLL,NK,37.0,49.0
2025,1,ORD,FLL,NK,39.0,55.5
2025,1,ORD,FLL,NK,41.0,67.0
2025,1,ORD,FLL,NK,42.0,84.0
2025,1,ORD,FLL,NK,46.0,69.0
2025,1,ORD,FLL,NK,48.0,5.5
2025,1,ORD,FLL,NK,48.0,99.0
2025,1,ORD,FLL,NK,49.0,67.0
2025,1,ORD,FLL,NK,53.0,54.0
2025,1,ORD,FLL,NK,55.0,69.0
2025,1,ORD,FLL,NK,56.0,44.0
2025,1,ORD,FLL,NK,56.0,59.0
2025,1,ORD,FLL,NK,59.0,6.0
2025,1,ORD,FLL,NK,59.0,189.0
2025,1,ORD,FLL,NK,95.0,59.0
2025,1,ORD,FLL,NK,102.0,59.0
